Date,net,gross,turnover,excess
2008-06-02,0.0031388389628703717,0.0036388389628703166,0.9999999999999998,0.0031042979000684393
2008-06-03,-0.00696756222351369,-0.00696756222351369,0.0,-0.007002257189440962
2008-06-04,-0.00440661598760228,-0.00440661598760228,0.0,-0.0044408584604875385
2008-06-05,0.006646703199860049,0.006646703199860049,0.0,0.006612438807622187
2008-06-06,0.011668618686413446,0.011668618686413446,0.0,0.011634293308570832
2008-06-09,-0.0036185658126703935,-0.0036185658126703935,0.0,-0.0036542838800508186
2008-06-10,-0.007037191839539769,-0.007037191839539769,0.0,-0.007075067036371213
2008-06-11,0.008123998573310143,0.008123998573310143,0.0,0.008087550786646434
2008-06-12,-0.003863207365798371,-0.003863207365798371,0.0,-0.0039007414212933176
2008-06-13,-0.002433179319370593,-0.002433179319370593,0.0,-0.0024703665980862397
2008-06-16,0.002153498737281101,0.002153498737281101,0.0,0.0021146976843643924
2008-06-17,0.0036866935631778563,0.0036866935631778563,0.0,0.0036493270944763824
2008-06-18,0.005879698187182036,0.005879698187182036,0.0,0.005843523099664959
2008-06-19,-0.005998948456292674,-0.005998948456292674,0.0,-0.006034965281525716
2008-06-20,0.0013085008445403723,0.0013085008445403723,0.0,0.0012734799822571793
2008-06-23,-0.0004198666742537549,-0.0004198666742537549,0.0,-0.00045531994814029575
2008-06-24,0.0011974129455059046,0.0011974129455059046,0.0,0.00116293338186791
2008-06-25,0.0022476633474901586,0.0022476633474901586,0.0,0.002213523190812003
2008-06-26,0.008737473189336376,0.008737473189336376,0.0,0.008704789256118188
2008-06-27,0.0026983480436841845,0.0026983480436841845,0.0,0.0026665270667752088
2008-06-30,-0.0023295572369392836,-0.0023295572369392836,0.0,-0.002365942965028399
2008-07-01,0.00028616130287906216,0.00040351408600858285,0.2347055662591547,0.00026383598632506456
2008-07-02,0.005242269681487777,0.005242269681487777,0.0,0.005220858029688223
2008-07-03,-0.0025122775814350184,-0.0025122775814350184,0.0,-0.0025341901261986084
2008-07-07,-0.0021922072802982306,-0.0021922072802982306,0.0,-0.00221435522204816
2008-07-08,-0.008461252920863305,-0.008461252920863305,0.0,-0.008483169342699222
2008-07-09,0.006907831046635726,0.006907831046635726,0.0,0.006886816883692637
2008-07-10,0.0051920653405621575,0.0051920653405621575,0.0,0.00517249775332224
2008-07-11,0.005562885516210203,0.005562885516210203,0.0,0.005543807337204827
2008-07-14,0.003932248773665936,0.003932248773665936,0.0,0.0039139074847602
2008-07-15,-0.0023198896733722663,-0.0023198896733722663,0.0,-0.0023367887097079285
2008-07-16,-0.009465749182127725,-0.009465749182127725,0.0,-0.00948231566982281
2008-07-17,-0.009160069145374705,-0.009160069145374705,0.0,-0.009176882482566335
2008-07-18,-0.003852503657694184,-0.003852503657694184,0.0,-0.0038695465175178387
2008-07-21,0.0027906314697057066,0.0027906314697057066,0.0,0.0027736287705658635
2008-07-22,-0.009785166016155089,-0.009785166016155089,0.0,-0.009802986051008355
2008-07-23,-0.00933343476846571,-0.00933343476846571,0.0,-0.009351292746512056
2008-07-24,0.00493266687692584,0.00493266687692584,0.0,0.004914552995358839
2008-07-25,-0.003002209263152311,-0.003002209263152311,0.0,-0.0030215686945280654
2008-07-28,0.005229212806717731,0.005229212806717731,0.0,0.005210111773080812
2008-07-29,-0.005536885670582303,-0.005536885670582303,0.0,-0.005556124430897564
2008-07-30,0.004232144837442053,0.004232144837442053,0.0,0.004213396877990136
2008-07-31,-0.0004222238806335099,-0.0004222238806335099,0.0,-0.0004409451870660557
2008-08-01,0.00140919482601376,0.0015163099233683752,0.21423019470924318,0.0013895247518938129
2008-08-04,-0.006168207705132933,-0.006168207705132933,0.0,-0.006189093103202309
2008-08-05,-0.011483371384517715,-0.011483371384517715,0.0,-0.011503962790000159
2008-08-06,-0.0024611890914316703,-0.0024611890914316703,0.0,-0.00247994532971455
2008-08-07,0.0050027898794060555,0.0050027898794060555,0.0,0.004983913381705167
2008-08-08,-0.013999100270574494,-0.013999100270574494,0.0,-0.014018673608009615
2008-08-11,-0.010925973530287791,-0.010925973530287791,0.0,-0.010946808882811906
2008-08-12,0.0020332199254737837,0.0020332199254737837,0.0,0.0020130710967843674
2008-08-13,0.008633706043960965,0.008633706043960965,0.0,0.00861356143292383
2008-08-14,-0.0061892787697639395,-0.0061892787697639395,0.0,-0.006210208556857818
2008-08-15,-0.006932715439675219,-0.006932715439675219,0.0,-0.006952872903591701
2008-08-18,0.005579124597036689,0.005579124597036689,0.0,0.0055595465816006525
2008-08-19,0.007200428827305538,0.007200428827305538,0.0,0.00718078727622131
2008-08-20,0.003391049390898626,0.003391049390898626,0.0,0.0033720632425721267
2008-08-21,0.00997845495271421,0.00997845495271421,0.0,0.009959193691872984
2008-08-22,-0.01235567224081524,-0.01235567224081524,0.0,-0.012375172248419565
2008-08-25,0.006340727888815234,0.006340727888815234,0.0,0.006321359931646092
2008-08-26,-0.0002923113321597892,-0.0002923113321597892,0.0,-0.00031163966013104136
2008-08-27,0.00029848589709735585,0.00029848589709735585,0.0,0.0002796312794286279
2008-08-28,-0.006390444096581072,-0.006390444096581072,0.0,-0.006410117866573422
2008-08-29,0.0002790037876496676,0.0002790037876496676,0.0,0.00025986638925266995
2008-09-02,-0.003140195913948318,-0.0030247544394870207,0.23088294892273592,-0.0031488189409428647
2008-09-03,-0.0011858485397833185,-0.0011858485397833185,0.0,-0.001195140580967624
2008-09-04,0.007761241943914365,0.007761241943914365,0.0,0.0077520727858822564
2008-09-05,-0.0059394557839616,-0.0059394557839616,0.0,-0.005949003778363171
2008-09-08,-0.007658118529183855,-0.007658118529183855,0.0,-0.007667555721255579
2008-09-09,0.0020326462193178685,0.0020326462193178685,0.0,0.0020239730015110405
2008-09-10,-0.006188837255780677,-0.006188837255780677,0.0,-0.006197570182825268
2008-09-11,-0.003660058589431414,-0.003660058589431414,0.0,-0.0036682384824017204
2008-09-12,0.0037006036762317063,0.0037006036762317063,0.0,0.0036932301042634447
2008-09-15,0.01610884252601119,0.01610884252601119,0.0,0.01610350910454562
2008-09-16,-0.01305227998866998,-0.01305227998866998,0.0,-0.013057089067826625
2008-09-17,0.032601703524226755,0.032601703524226755,0.0,0.03260154524390927
2008-09-18,-0.02430736631351449,-0.02430736631351449,0.0,-0.024308829644108926
2008-09-19,-0.007883004112518854,-0.007883004112518854,0.0,-0.00788837034862245
2008-09-22,0.029580896166614412,0.029580896166614412,0.0,0.029574109662511425
2008-09-23,-0.001382456951772415,-0.001382456951772415,0.0,-0.0013875193104593488
2008-09-24,-0.00501894745646847,-0.00501894745646847,0.0,-0.005022049227601824
2008-09-25,-0.0025564876809965886,-0.0025564876809965886,0.0,-0.0025610136800116603
2008-09-26,-0.00032865201423815105,-0.00032865201423815105,0.0,-0.0003337676593111992
2008-09-29,0.01718875703227485,0.01718875703227485,0.0,0.017183057191564047
2008-09-30,-0.01976917302764558,-0.01976917302764558,0.0,-0.019775029841147415
2008-10-01,-0.002201729183116674,-0.0019976963783858714,0.4080656094615346,-0.002200275732426921
2008-10-02,0.02331245690662942,0.02331245690662942,0.0,0.023313652354541515
2008-10-03,0.005910639168688947,0.005910639168688947,0.0,0.0059111292654773885
2008-10-06,0.01842242020625351,0.01842242020625351,0.0,0.01842282048830862
2008-10-07,0.0213016092087559,0.0213016092087559,0.0,0.021301617332950325
2008-10-08,0.007661058153584532,0.007661058153584532,0.0,0.007660510193715861
2008-10-09,0.013960301422792698,0.013960301422792698,0.0,0.013959655690524379
2008-10-10,-0.0005313555801501613,-0.0005313555801501613,0.0,-0.0005317502255917912
2008-10-13,-0.04896481794869845,-0.04896481794869845,0.0,-0.04896520774072891
2008-10-14,0.008427173548598788,0.008427173548598788,0.0,0.008427287562315835
2008-10-15,0.03951470760372344,0.03951470760372344,0.0,0.039514707805045755
2008-10-16,-0.016758934346388754,-0.016758934346388754,0.0,-0.01675961274754829
2008-10-17,0.007255333470656433,0.007255333470656433,0.0,0.0072546479654760675
2008-10-20,-0.01594642520353451,-0.01594642520353451,0.0,-0.015947834519975695
2008-10-21,0.011802711308733338,0.011802711308733338,0.0,0.011802153322401934
2008-10-22,0.019345018203583475,0.019345018203583475,0.0,0.019344020297684575
2008-10-23,-0.001031756650781701,-0.001031756650781701,0.0,-0.0010333920540024507
2008-10-24,0.014809967500557075,0.014809967500557075,0.0,0.014808536185812824
2008-10-27,0.013595382500416697,0.013595382500416697,0.0,0.013593518413544491
2008-10-28,-0.03186164877571285,-0.03186164877571285,0.0,-0.03186371722856649
2008-10-29,0.003306986672578338,0.003306986672578338,0.0,0.0033060684656069693
2008-10-30,-0.02294558843564176,-0.02294558843564176,0.0,-0.022946240872824684
2008-10-31,-0.0017607562692089074,-0.0017607562692089074,0.0,-0.0017610807584482596
2008-11-03,0.0002766311735342697,0.0005748987222400359,0.5965350974120365,0.0002876009747154487
2008-11-04,-0.03628037670408213,-0.03628037670408213,0.0,-0.03626968027894957
2008-11-05,0.039352193277555125,0.039352193277555125,0.0,0.03936179391991725
2008-11-06,0.030838298470901027,0.030838298470901027,0.0,0.0308451750478991
2008-11-07,-0.021004509844857244,-0.021004509844857244,0.0,-0.020998410314657306
2008-11-10,0.0013602060633965962,0.0013602060633965962,0.0,0.0013664756848136565
2008-11-11,0.021581457969987783,0.021581457969987783,0.0,0.02158770344310942
2008-11-12,0.029659197101397528,0.029659197101397528,0.0,0.029662840812095293
2008-11-13,-0.04063187394546175,-0.04063187394546175,0.0,-0.04062798543958574
2008-11-14,0.030364378345449472,0.030364378345449472,0.0,0.030367315768329354
2008-11-17,0.009321817905010521,0.009321817905010521,0.0,0.0093241211666643
2008-11-18,0.004269171338178612,0.004269171338178612,0.0,0.004271409347904188
2008-11-19,0.03231210756393499,0.03231210756393499,0.0,0.03231339571147641
2008-11-20,0.030932529775872686,0.030932529775872686,0.0,0.03093302729637405
2008-11-21,-0.03055231042218176,-0.03055231042218176,0.0,-0.03055201250675222
2008-11-24,-0.03394848170838449,-0.03394848170838449,0.0,-0.03394632165226211
2008-11-25,0.0032874633811144083,0.0032874633811144083,0.0,0.003289322803511502
2008-11-26,-0.021143818239937717,-0.021143818239937717,0.0,-0.021142898076487622
2008-11-28,0.009076876618671736,0.009076876618671736,0.0,0.009077073198207799
2008-12-01,0.052653161313015895,0.05276047819567653,0.21463376532124376,0.052654514851185816
2008-12-02,-0.021199190021785275,-0.021199190021785275,0.0,-0.02119816458938081
2008-12-03,-0.007160258014640597,-0.007160258014640597,0.0,-0.007159891611638252
2008-12-04,0.021660114221208282,0.021660114221208282,0.0,0.021660488990399185
2008-12-05,-0.01587393589032393,-0.01587393589032393,0.0,-0.015873585892688627
2008-12-08,-0.03126392340430051,-0.03126392340430051,0.0,-0.03126337073730436
2008-12-09,0.016169453299790915,0.016169453299790915,0.0,0.016170062223074388
2008-12-10,-0.021211749844676553,-0.021211749844676553,0.0,-0.021211749844676553
2008-12-11,0.009466941526866446,0.009466941526866446,0.0,0.009467147748872752
2008-12-12,-0.011646780901206522,-0.011646780901206522,0.0,-0.011646379768142822
2008-12-15,0.008643425283409112,0.008643425283409112,0.0,0.008644255708266692
2008-12-16,-0.03630686186745746,-0.03630686186745746,0.0,-0.03630605216096017
2008-12-17,0.004156379656677256,0.004156379656677256,0.0,0.004157504673036782
2008-12-18,0.014959915121385281,0.014959915121385281,0.0,0.014959915121385281
2008-12-19,0.001566054105736514,0.001566054105736514,0.0,0.0015664807096571773
2008-12-22,0.010479145559108227,0.010479145559108227,0.0,0.010479357907070119
2008-12-23,0.007247599499953905,0.007247599499953905,0.0,0.007248011561047323
2008-12-24,-0.0016031193461536475,-0.0016031193461536475,0.0,-0.0016031193461536475
2008-12-26,-0.006991270140157435,-0.006991270140157435,0.0,-0.006990662178866356
2008-12-29,0.0025699645426524587,0.0025699645426524587,0.0,0.002571205789004461
2008-12-30,-0.012589982298136904,-0.012589982298136904,0.0,-0.012587929029316958
2008-12-31,-0.018086263374951228,-0.018086263374951228,0.0,-0.018083920324007446
2009-01-02,-0.017950022896714102,-0.01782789632144044,0.2442531505470636,-0.017948784365257778
2009-01-05,-0.004854938000129705,-0.004854938000129705,0.0,-0.004852646969819818
2009-01-06,-0.011953161950780111,-0.011953161950780111,0.0,-0.011950832639932699
2009-01-07,0.0266939972764062,0.0266939972764062,0.0,0.02669590239794171
2009-01-08,-0.0004424049354546655,-0.0004424049354546655,0.0,-0.00044097958369347445
2009-01-09,0.013212413785167909,0.013212413785167909,0.0,0.013213524112210042
2009-01-12,0.02342870673254205,0.02342870673254205,0.0,0.023430523233707402
2009-01-13,-0.0014742284306367148,-0.0014742284306367148,0.0,-0.0014727013502512881
2009-01-14,0.01784373584353771,0.01784373584353771,0.0,0.017845411239464416
2009-01-15,-0.004912985751357679,-0.004912985751357679,0.0,-0.0049115534192373245
2009-01-16,-0.00831747992047227,-0.00831747992047227,0.0,-0.00831588615100404
2009-01-20,0.031920394416890874,0.031920394416890874,0.0,0.03192217874926466
2009-01-21,-0.02482798072196679,-0.02482798072196679,0.0,-0.024826652630523582
2009-01-22,0.011856788370399496,0.011856788370399496,0.0,0.011858127497819757
2009-01-23,-0.008134454672271252,-0.008134454672271252,0.0,-0.008133050042331155
2009-01-26,-0.003884471933697564,-0.003884471933697564,0.0,-0.003882492004214108
2009-01-27,0.0005281879457232908,0.0005281879457232908,0.0,0.0005299306932051484
2009-01-28,-0.01995018161625406,-0.01995018161625406,0.0,-0.019947639848681
2009-01-29,0.017659421613322568,0.017659421613322568,0.0,0.017662746915226225
2009-01-30,0.006031250944119604,0.006031250944119604,0.0,0.006034495345153414
2009-02-02,0.0033543121037040713,0.0034948526852152106,0.2810811630226758,0.003360419155127406
2009-02-03,-0.008708222403370103,-0.008708222403370103,0.0,-0.008700945946703393
2009-02-04,0.00030469738031113636,0.00030469738031113636,0.0,0.0003116835650005285
2009-02-05,-0.010579527077658524,-0.010579527077658524,0.0,-0.010572779328251786
2009-02-06,-0.019516285466662286,-0.019516285466662286,0.0,-0.01950958192769671
2009-02-09,0.0014353961462643117,0.0014353961462643117,0.0,0.0014434625864501054
2009-02-10,0.027287798475531977,0.027287798475531977,0.0,0.027295584006489824
2009-02-11,-0.0032072519176904457,-0.0032072519176904457,0.0,-0.003200233894051052
2009-02-12,0.00043102908252845573,0.00043102908252845573,0.0,0.0004378720279477885
2009-02-13,0.0032714278699992327,0.0032714278699992327,0.0,0.0032782629090626343
2009-02-17,0.03068782163009809,0.03068782163009809,0.0,0.030695297742663837
2009-02-18,0.00014789442049734092,0.00014789442049734092,0.0,0.0001545549970435272
2009-02-19,0.00024026840722290999,0.00024026840722290999,0.0,0.0002467114129286966
2009-02-20,0.0024886034105340293,0.0024886034105340293,0.0,0.0024943981490722755
2009-02-23,0.018629543013210403,0.018629543013210403,0.0,0.01863593607555839
2009-02-24,-0.017922176034022352,-0.017922176034022352,0.0,-0.017915713723043736
2009-02-25,0.004465583795350669,0.004465583795350669,0.0,0.00447197002628665
2009-02-26,0.005805982938163146,0.005805982938163146,0.0,0.005811657360854844
2009-02-27,0.006951720241257897,0.006951720241257897,0.0,0.006957093400675726
2009-03-02,0.0326879755256706,0.03273847123614182,0.10099142094229346,0.03269432877611847
2009-03-03,-0.002556625531230705,-0.002556625531230705,0.0,-0.002550912074441374
2009-03-04,-0.024120015427650743,-0.024120015427650743,0.0,-0.024114473032661128
2009-03-05,0.021241656304066492,0.021241656304066492,0.0,0.021246221219348636
2009-03-06,-0.005032151515630856,-0.005032151515630856,0.0,-0.005027846627868823
2009-03-09,0.00909670334141044,0.00909670334141044,0.0,0.009101725161262163
2009-03-10,-0.028832677121729766,-0.028832677121729766,0.0,-0.02882757005462877
2009-03-11,0.0035927134886413192,0.0035927134886413192,0.0,0.0035980240339030752
2009-03-12,-0.025025463764366873,-0.025025463764366873,0.0,-0.025020662195589603
2009-03-13,-0.0016295591760863148,-0.0016295591760863148,0.0,-0.0016249098643386847
2009-03-16,-0.00013272572986455788,-0.00013272572986455788,0.0,-0.00012682778436303338
2009-03-17,-0.017879370364829006,-0.017879370364829006,0.0,-0.01787347037219208
2009-03-18,-0.01709327072372424,-0.01709327072372424,0.0,-0.017087862540503082
2009-03-19,-0.0011202274252906097,-0.0011202274252906097,0.0,-0.0011148491819556888
2009-03-20,0.011683452560330876,0.011683452560330876,0.0,0.011689115394723478
2009-03-23,-0.044255178644012294,-0.044255178644012294,0.0,-0.044249415482854444
2009-03-24,0.022182377150848476,0.022182377150848476,0.0,0.022188518949696076
2009-03-25,-0.007139330079183548,-0.007139330079183548,0.0,-0.0071340574217177155
2009-03-26,-0.016832728634123106,-0.016832728634123106,0.0,-0.01682849327617722
2009-03-27,0.02234907512877604,0.02234907512877604,0.0,0.022352896939334014
2009-03-30,0.031921295756415446,0.031921295756415446,0.0,0.03192631566749043
2009-03-31,-0.012624416661940474,-0.012624416661940474,0.0,-0.01261899904710315
2009-04-01,-0.007044670323299584,-0.006936942973962634,0.21545469867400388,-0.007040474521039504
2009-04-02,-0.031140777235141193,-0.031140777235141193,0.0,-0.03113644748826945
2009-04-03,-0.011613776197698655,-0.011613776197698655,0.0,-0.011609242570346503
2009-04-06,0.009040963983449224,0.009040963983449224,0.0,0.009045425714153427
2009-04-07,0.017876040584820396,0.017876040584820396,0.0,0.01788039122783539
2009-04-08,-0.0069731707185113345,-0.0069731707185113345,0.0,-0.006969449349151724
2009-04-09,-0.029030237731036412,-0.029030237731036412,0.0,-0.029026440071586855
2009-04-13,-0.0013563659811971496,-0.0013563659811971496,0.0,-0.001352241220111763
2009-04-14,0.01465937443181331,0.01465937443181331,0.0,0.014663284493067101
2009-04-15,-0.009424577292464265,-0.009424577292464265,0.0,-0.009421263080866698
2009-04-16,-0.007107511731098914,-0.007107511731098914,0.0,-0.007104563005033191
2009-04-17,0.0005907000775726701,0.0005907000775726701,0.0,0.000593938129387919
2009-04-20,0.035144244097478516,0.035144244097478516,0.0,0.03514747695797572
2009-04-21,-0.01642924124143219,-0.01642924124143219,0.0,-0.016426097150940885
2009-04-22,0.0033942864709781695,0.0033942864709781695,0.0,0.0033973627702622426
2009-04-23,-0.0117074033774206,-0.0117074033774206,0.0,-0.011705226877842947
2009-04-24,-0.014905691603761984,-0.014905691603761984,0.0,-0.014903442312878738
2009-04-27,0.01687601514505621,0.01687601514505621,0.0,0.016879061526061008
2009-04-28,0.0011319505338565072,0.0011319505338565072,0.0,0.001134860743314135
2009-04-29,-0.021804485360938597,-0.021804485360938597,0.0,-0.021802030595739607
2009-04-30,-0.0014137846665637221,-0.0014137846665637221,0.0,-0.0014104669426546355
2009-05-01,-0.008741774030679661,-0.008664975650118922,0.15359676112147275,-0.008738937456547734
2009-05-04,-0.023660558339009707,-0.023660558339009707,0.0,-0.023656895049221787
2009-05-05,0.004791703285143223,0.004791703285143223,0.0,0.004795638067169413
2009-05-06,-0.013688660150834475,-0.013688660150834475,0.0,-0.013684780088835705
2009-05-07,0.009771204989006632,0.009771204989006632,0.0,0.009775030986134347
2009-05-08,-0.021430792580993674,-0.021430792580993674,0.0,-0.02142707272565634
2009-05-11,0.011348452414752686,0.011348452414752686,0.0,0.011352630039910749
2009-05-12,-0.0010982260957763668,-0.0010982260957763668,0.0,-0.00109417995181899
2009-05-13,0.02066066343861639,0.02066066343861639,0.0,0.020664295069703652
2009-05-14,-0.006923762580906989,-0.006923762580906989,0.0,-0.006920542287393735
2009-05-15,0.009974955615316583,0.009974955615316583,0.0,0.009978448065995918
2009-05-18,-0.02512721636046633,-0.02512721636046633,0.0,-0.025123426049419632
2009-05-19,-0.0032974890439823046,-0.0032974890439823046,0.0,-0.003293621563864135
2009-05-20,-0.0030489431780844622,-0.0030489431780844622,0.0,-0.0030450392713835465
2009-05-21,0.005897819781301772,0.005897819781301772,0.0,0.005901976232555633
2009-05-22,-0.0040456417045915405,-0.0040456417045915405,0.0,-0.00404176898183502
2009-05-26,-0.014277703761471416,-0.014277703761471416,0.0,-0.0142737862925987
2009-05-27,0.0040167063346827625,0.0040167063346827625,0.0,0.0040205574696022435
2009-05-28,-0.010253289557381029,-0.010253289557381029,0.0,-0.010249928904878431
2009-05-29,-0.013531992116097236,-0.013531992116097236,0.0,-0.01352876546054133
2009-06-01,-0.02490226510623139,-0.024715128859680968,0.37427249310073596,-0.02490072190666542
2009-06-02,0.0014125447571495808,0.0014125447571495808,0.0,0.0014142924899051266
2009-06-03,0.015778505174910418,0.015778505174910418,0.0,0.01578024260599592
2009-06-04,-0.013911403882473916,-0.013911403882473916,0.0,-0.013909779736348542
2009-06-05,0.001217148376977173,0.001217148376977173,0.0,0.001219490038660571
2009-06-08,0.003729597905616222,0.003729597905616222,0.0,0.00373192755485846
2009-06-09,-0.003601334586102012,-0.003601334586102012,0.0,-0.0035990416087275964
2009-06-10,-0.0017834468244541934,-0.0017834468244541934,0.0,-0.0017812408618716677
2009-06-11,-0.00575723273988038,-0.00575723273988038,0.0,-0.005754886592969907
2009-06-12,0.004101592442130153,0.004101592442130153,0.0,0.00410386933934246
2009-06-15,0.02042232231948171,0.02042232231948171,0.0,0.020424436381909147
2009-06-16,0.007777078050103192,0.007777078050103192,0.0,0.007779014790166119
2009-06-17,-0.001155718169627673,-0.001155718169627673,0.0,-0.0011538484350518922
2009-06-18,-0.0019179065011031282,-0.0019179065011031282,0.0,-0.001915916226814596
2009-06-19,-0.0002594759510951006,-0.0002594759510951006,0.0,-0.00025746812665487047
2009-06-22,0.019986356390162996,0.019986356390162996,0.0,0.01998858994509443
2009-06-23,-0.0038880275870963876,-0.0038880275870963876,0.0,-0.003885993311792288
2009-06-24,-0.004689963832928412,-0.004689963832928412,0.0,-0.004687994299294704
2009-06-25,-0.009521802147301361,-0.009521802147301361,0.0,-0.009519893823621882
2009-06-26,-0.0004553058056773196,-0.0004553058056773196,0.0,-0.00045319961794740223
2009-06-29,-0.003231980240940957,-0.003231980240940957,0.0,-0.0032297585761502366
2009-06-30,0.0050153444894094346,0.0050153444894094346,0.0,0.00501748636155406
2009-07-01,-0.005245673098597692,-0.005146079000616477,0.19918819596242326,-0.005242471334796993
2009-07-02,0.019519871672930567,0.019519871672930567,0.0,0.019523073513444008
2009-07-06,0.0040571491460024145,0.0040571491460024145,0.0,0.004060514802810468
2009-07-07,0.014992116474400907,0.014992116474400907,0.0,0.01499543806540229
2009-07-08,0.006529467703975778,0.006529467703975778,0.0,0.0065324624896758625
2009-07-09,-0.0040479725055448945,-0.0040479725055448945,0.0,-0.004044880760425022
2009-07-10,0.004834378155307073,0.004834378155307073,0.0,0.004837348113397602
2009-07-13,-0.008504654645903664,-0.008504654645903664,0.0,-0.00850173334177454
2009-07-14,-0.0034216761045692268,-0.0034216761045692268,0.0,-0.0034186684740480323
2009-07-15,-0.02207804910811706,-0.02207804910811706,0.0,-0.022075006626666182
2009-07-16,-0.0008331663283753787,-0.0008331663283753787,0.0,-0.0008297120959834801
2009-07-17,-0.0037353102058634846,-0.0037353102058634846,0.0,-0.0037322113744727866
2009-07-20,-0.013401768471796416,-0.013401768471796416,0.0,-0.013398263817984521
2009-07-21,0.002592813316685705,0.002592813316685705,0.0,0.002596467994726286
2009-07-22,-0.001643634188109644,-0.001643634188109644,0.0,-0.0016400084598947532
2009-07-23,-0.015863021983676506,-0.015863021983676506,0.0,-0.015859377873397387
2009-07-24,-0.001434745044072705,-0.001434745044072705,0.0,-0.0014311219485272633
2009-07-27,-0.005061021034761137,-0.005061021034761137,0.0,-0.005057180328172937
2009-07-28,0.005016802597960224,0.005016802597960224,0.0,0.005020701193916494
2009-07-29,0.011698075410569775,0.011698075410569775,0.0,0.011701916909385851
2009-07-30,-0.013253888578645068,-0.013253888578645068,0.0,-0.013250373936210945
2009-07-31,-0.0059167693652308895,-0.0059167693652308895,0.0,-0.005913111572182556
2009-08-03,-0.019428498935539884,-0.019296059765797624,0.2648783394843848,-0.01942623939949999
2009-08-04,-0.0031248151770740806,-0.0031248151770740806,0.0,-0.0031226031732019158
2009-08-05,-0.0010572523773784148,-0.0010572523773784148,0.0,-0.0010550110496629803
2009-08-06,0.005057382031250723,0.005057382031250723,0.0,0.005059508220936947
2009-08-07,-0.005642288795917549,-0.005642288795917549,0.0,-0.005640084806821998
2009-08-10,0.003830650216825271,0.003830650216825271,0.0,0.0038330326331064727
2009-08-11,0.00824842760686173,0.00824842760686173,0.0,0.008250648762554543
2009-08-12,-0.0073454410171264195,-0.0073454410171264195,0.0,-0.00734341560955432
2009-08-13,-0.004751623172112196,-0.004751623172112196,0.0,-0.0047495328576804404
2009-08-14,0.010573641722887661,0.010573641722887661,0.0,0.01057589966605245
2009-08-17,0.017926532770500492,0.017926532770500492,0.0,0.01792869235300134
2009-08-18,-0.008455702273888366,-0.008455702273888366,0.0,-0.008453706515085741
2009-08-19,-0.0024297416773740865,-0.0024297416773740865,0.0,-0.00242778319124894
2009-08-20,-0.004838969403000215,-0.004838969403000215,0.0,-0.004836989715631671
2009-08-21,-0.009405061537914983,-0.009405061537914983,0.0,-0.00940303942174696
2009-08-24,0.0006382134489497648,0.0006382134489497648,0.0,0.0006403188130403258
2009-08-25,0.0010404253785485373,0.0010404253785485373,0.0,0.0010425250971622527
2009-08-26,0.001276264245282377,0.001276264245282377,0.0,0.0012781088260200137
2009-08-27,-0.0029549470127289146,-0.0029549470127289146,0.0,-0.0029531123702908084
2009-08-28,0.0008795017238307778,0.0008795017238307778,0.0,0.0008813594447059487
2009-08-31,0.007833321793191628,0.007833321793191628,0.0,0.007835172651104765
2009-09-01,0.013628428171365226,0.013770528304829055,0.28420026692789646,0.013630605997237626
2009-09-02,0.004358223419407503,0.004358223419407503,0.0,0.004360306354663049
2009-09-03,-0.002446431427491569,-0.002446431427491569,0.0,-0.0024442352244957383
2009-09-04,-0.006128700652098917,-0.006128700652098917,0.0,-0.006126632211051249
2009-09-08,-0.010790992126855081,-0.010790992126855081,0.0,-0.010788876672483872
2009-09-09,-0.003541643380854942,-0.003541643380854942,0.0,-0.0035394442456770825
2009-09-10,-0.004563237054929781,-0.004563237054929781,0.0,-0.004561010357788169
2009-09-11,0.00508261699093171,0.00508261699093171,0.0,0.005084879363130946
2009-09-14,-0.004553610422313836,-0.004553610422313836,0.0,-0.004551387584707846
2009-09-15,-0.00428762114490755,-0.00428762114490755,0.0,-0.004285524041175445
2009-09-16,-0.010093138379689837,-0.010093138379689837,0.0,-0.010091501188949574
2009-09-17,0.002693764534568599,0.002693764534568599,0.0,0.00269545887869502
2009-09-18,-0.0011284521085822563,-0.0011284521085822563,0.0,-0.0011271088034622541
2009-09-21,0.00465275501655138,0.00465275501655138,0.0,0.004654609079095183
2009-09-22,-0.00586878494073384,-0.00586878494073384,0.0,-0.005866959680324476
2009-09-23,0.008358951340490028,0.008358951340490028,0.0,0.008360813145142542
2009-09-24,0.007340915393555525,0.007340915393555525,0.0,0.0073425610171105795
2009-09-25,0.0013605625103405572,0.0013605625103405572,0.0,0.0013621672232175103
2009-09-28,-0.008009410414042017,-0.008009410414042017,0.0,-0.008007653559151607
2009-09-29,0.002332922132001869,0.002332922132001869,0.0,0.0023350568311225964
2009-09-30,-0.001295550460336914,-0.001295550460336914,0.0,-0.0012932698347918354
2009-10-01,-0.0007792442487457585,-0.0004037445930221706,0.7509993114471636,-0.0007804548569134718
2009-10-02,0.002431900899219963,0.002431900899219963,0.0,0.002430700416326747
2009-10-05,0.002721698122049032,0.002721698122049032,0.0,0.0027207323640419103
2009-10-06,0.004344621270311544,0.004344621270311544,0.0,0.004343649516812597
2009-10-07,0.0028636152304912788,0.0028636152304912788,0.0,0.002862511287514564
2009-10-08,0.000856584088063217,0.000856584088063217,0.0,0.000855843428910071
2009-10-09,-0.0043998477996246566,-0.0043998477996246566,0.0,-0.004400713539790988
2009-10-12,-0.001504795484345789,-0.001504795484345789,0.0,-0.001505652774659577
2009-10-13,0.0009527576194083842,0.0009527576194083842,0.0,0.0009519032233907834
2009-10-14,0.001993737303212839,0.001993737303212839,0.0,0.001992881076422894
2009-10-15,-0.005163367959366116,-0.005163367959366116,0.0,-0.005164228009601001
2009-10-16,0.0004123966515261479,0.0004123966515261479,0.0,0.0004115465546168952
2009-10-19,0.0023851177875144902,0.0023851177875144902,0.0,0.0023841453400279982
2009-10-20,-0.0006309896683206473,-0.0006309896683206473,0.0,-0.0006319673557100563
2009-10-21,-0.0012670467930903095,-0.0012670467930903095,0.0,-0.0012679010558379316
2009-10-22,-0.0007862142065436784,-0.0007862142065436784,0.0,-0.0007869443400912169
2009-10-23,0.0007580494516816749,0.0007580494516816749,0.0,0.0007571991446144018
2009-10-26,-0.0028976146939567737,-0.0028976146939567737,0.0,-0.0028985881420466337
2009-10-27,-0.0014165876360979768,-0.0014165876360979768,0.0,-0.001417554687553538
2009-10-28,-0.003376343181589969,-0.003376343181589969,0.0,-0.0033771866114402273
2009-10-29,0.002438732228948526,0.002438732228948526,0.0,0.002438014906060973
2009-10-30,-0.0005118647316959546,-0.0005118647316959546,0.0,-0.0005124658734994476
2009-11-02,0.0008833108914552135,0.001108163609127244,0.4497054353440388,0.0008815466260245358
2009-11-03,0.003487628708970014,0.003487628708970014,0.0,0.0034858693540783256
2009-11-04,0.0019497953838456539,0.0019497953838456539,0.0,0.0019483274544636702
2009-11-05,0.0075619029483977585,0.0075619029483977585,0.0,0.0075607278012752984
2009-11-06,0.0016052135242095034,0.0016052135242095034,0.0,0.0016034461636043548
2009-11-09,0.012498277985076633,0.012498277985076633,0.0,0.012496214917108775
2009-11-10,-0.0023983260396950312,-0.0023983260396950312,0.0,-0.002400397930040249
2009-11-11,0.0035107371932725506,0.0035107371932725506,0.0,0.0035086669999455466
2009-11-12,-0.008006287612795981,-0.008006287612795981,0.0,-0.008008360281575371
2009-11-13,0.008326117982840664,0.008326117982840664,0.0,0.008324346287488188
2009-11-16,0.011100265827374445,0.011100265827374445,0.0,0.011098192980128443
2009-11-17,-0.0008867825101731563,-0.0008867825101731563,0.0,-0.0008885658698221948
2009-11-18,-0.0019432609695957392,-0.0019432609695957392,0.0,-0.001944449522425007
2009-11-19,-0.0056524018811136,-0.0056524018811136,0.0,-0.005652995769337429
2009-11-20,-0.0016099763310802873,-0.0016099763310802873,0.0,-0.0016105690837471664
2009-11-23,0.0076374585656193705,0.0076374585656193705,0.0,0.007635977493859177
2009-11-24,-6.889159273815171e-05,-6.889159273815171e-05,0.0,-7.037647744058624e-05
2009-11-25,0.00558651899857332,0.00558651899857332,0.0,0.005585034148266851
2009-11-27,-0.011780574985554071,-0.011780574985554071,0.0,-0.011781467559971864
2009-11-30,0.005530734752412725,0.005530734752412725,0.0,0.005528956706157965
2009-12-01,0.010071749511601169,0.010173630562639646,0.2037621020768503,0.010069977738380493
2009-12-02,0.002434013186487727,0.002434013186487727,0.0,0.002432544772992366
2009-12-03,-0.0030443391868627545,-0.0030443391868627545,0.0,-0.003046102785703844
2009-12-04,-0.00308440221719386,-0.00308440221719386,0.0,-0.0030861639308622712
2009-12-07,-0.0027347069251645317,-0.0027347069251645317,0.0,-0.002735880123683049
2009-12-08,-0.0063295392167149744,-0.0063295392167149744,0.0,-0.006330418263936905
2009-12-09,0.0008905329307129506,0.0008905329307129506,0.0,0.0008896558672491642
2009-12-10,0.0008053577249669264,0.0008053577249669264,0.0,0.0008047728300870531
2009-12-11,7.64454163904027e-05,7.64454163904027e-05,0.0,7.556782208874661e-05
2009-12-14,0.0061264718872129365,0.0061264718872129365,0.0,0.006125301729588651
2009-12-15,-0.005493644251860386,-0.005493644251860386,0.0,-0.005495110123964694
2009-12-16,0.003462272376643538,0.003462272376643538,0.0,0.0034611019692283636
2009-12-17,-0.012542558675944782,-0.012542558675944782,0.0,-0.012543730521780927
2009-12-18,0.0018626580110754354,0.0018626580110754354,0.0,0.0018611998001128122
2009-12-21,-0.00034215132942228,-0.00034215132942228,0.0,-0.00034448603141114937
2009-12-22,0.001673928379409606,0.001673928379409606,0.0,0.0016715939648924028
2009-12-23,0.0043834754371154805,0.0043834754371154805,0.0,0.004381431595855761
2009-12-24,0.0048433693971856595,0.0048433693971856595,0.0,0.00484190722260603
2009-12-28,0.0011107194458044312,0.0011107194458044312,0.0,0.001107497126918115
2009-12-29,-0.0029006223505364526,-0.0029006223505364526,0.0,-0.0029035528839585845
2009-12-30,-0.0015995494734847293,-0.0015995494734847293,0.0,-0.001601013230799903
2009-12-31,-0.002880372979383372,-0.002880372979383372,0.0,-0.0028821284877329095
2010-01-04,0.013346736290570371,0.013492083359945228,0.2906941387496606,0.013344644825233426
2010-01-05,0.0022487653084737325,0.0022487653084737325,0.0,0.002246950294358621
2010-01-06,0.005366180709352575,0.005366180709352575,0.0,0.00536462313139236
2010-01-07,-0.002323751937355234,-0.002323751937355234,0.0,-0.0023250535813159807
2010-01-08,0.003852264497943514,0.003852264497943514,0.0,0.0038509644435978864
2010-01-11,0.00098467118766421,0.00098467118766421,0.0,0.0009836290440948298
2010-01-12,-0.010705338252898766,-0.010705338252898766,0.0,-0.010706641602702167
2010-01-13,0.004600144979796772,0.004600144979796772,0.0,0.004598589800209771
2010-01-14,-0.0009933471406745609,-0.0009933471406745609,0.0,-0.0009946462747305084
2010-01-15,-0.008389493425641992,-0.008389493425641992,0.0,-0.008391051569174312
2010-01-19,0.008572188984996787,0.008572188984996787,0.0,0.008570637802816108
2010-01-20,-0.015346476951212051,-0.015346476951212051,0.0,-0.015347775480105684
2010-01-21,-0.013141711150788327,-0.013141711150788327,0.0,-0.013143256562860597
2010-01-22,-0.01050147696864867,-0.01050147696864867,0.0,-0.010503011254068294
2010-01-25,0.0037075104015313887,0.0037075104015313887,0.0,0.0037059851017275974
2010-01-26,-0.007349589138886392,-0.007349589138886392,0.0,-0.0073513723427174014
2010-01-27,-0.002270852418587266,-0.002270852418587266,0.0,-0.002272881950015837
2010-01-28,-0.005222762482116505,-0.005222762482116505,0.0,-0.00522478940733782
2010-01-29,-0.007434623069406454,-0.007434623069406454,0.0,-0.007436643969108558
2010-02-01,0.013673525977378809,0.013694340953768647,0.04162995277974194,0.0136709233069494
2010-02-02,0.008072853300385097,0.008072853300385097,0.0,0.008070254331754775
2010-02-03,-0.004075473091882942,-0.004075473091882942,0.0,-0.004078083026029915
2010-02-04,-0.026587716975192688,-0.026587716975192688,0.0,-0.026590060913320692
2010-02-05,-0.0026332928586839666,-0.0026332928586839666,0.0,-0.002635859981503315
2010-02-08,-0.0051348447223156235,-0.0051348447223156235,0.0,-0.00513792083050276
2010-02-09,0.012735285354758652,0.012735285354758652,0.0,0.01273221794755335
2010-02-10,-0.0005463907982846683,-0.0005463907982846683,0.0,-0.0005492221210508133
2010-02-11,0.009355479156117674,0.009355479156117674,0.0,0.009352648671840165
2010-02-12,-0.0032092715252706183,-0.0032092715252706183,0.0,-0.003211857623524603
2010-02-16,0.015679328256790415,0.015679328256790415,0.0,0.015676746608530648
2010-02-17,0.0009637509149789114,0.0009637509149789114,0.0,0.0009611478612957379
2010-02-18,0.00575660472815831,0.00575660472815831,0.0,0.005754000360028912
2010-02-19,-0.0009231278929233699,-0.0009231278929233699,0.0,-0.0009260012849202651
2010-02-22,-0.00044756705051141044,-0.00044756705051141044,0.0,-0.00045043906421775
2010-02-23,-0.011075446362156405,-0.011075446362156405,0.0,-0.011078578738694726
2010-02-24,0.005124899229052016,0.005124899229052016,0.0,0.005121785102391676
2010-02-25,-0.002837164834833983,-0.002837164834833983,0.0,-0.002840547573825117
2010-02-26,0.006000621756921065,0.006000621756921065,0.0,0.005997244071046143
2010-03-01,0.004424511505424222,0.004520930971755988,0.19283893266341465,0.004420233301644067
2010-03-02,0.006235125607694236,0.006235125607694236,0.0,0.00623053520328497
2010-03-03,0.0038607544021411755,0.0038607544021411755,0.0,0.0038561580171827575
2010-03-04,-0.0030777365960866776,-0.0030777365960866776,0.0,-0.0030823366699253402
2010-03-05,0.009768974276348041,0.009768974276348041,0.0,0.009764048786306352
2010-03-08,5.223449208191511e-05,5.223449208191511e-05,0.0,4.697003910961241e-05
2010-03-09,0.0006458138189266993,0.0006458138189266993,0.0,0.0006405493092958145
2010-03-10,0.0012119542986430698,0.0012119542986430698,0.0,0.001207018164557845
2010-03-11,0.0015973654673770987,0.0015973654673770987,0.0,0.0015920989455220655
2010-03-12,1.9006635897378388e-05,1.9006635897378388e-05,0.0,1.4067652891400441e-05
2010-03-15,-0.0036128103631100084,-0.0036128103631100084,0.0,-0.003618407899012492
2010-03-16,0.00882448716998896,0.00882448716998896,0.0,0.008819222820285601
2010-03-17,0.0036322797964389864,0.0036322797964389864,0.0,0.0036273355721267516
2010-03-18,-0.0028113256313938573,-0.0028113256313938573,0.0,-0.002816603362557908
2010-03-19,-0.008229870377080006,-0.008229870377080006,0.0,-0.008235145087486071
2010-03-22,0.0034099494066628377,0.0034099494066628377,0.0,0.0034050127247284116
2010-03-23,0.0024311078421492827,0.0024311078421492827,0.0,0.002426497050745858
2010-03-24,-0.009562911022045428,-0.009562911022045428,0.0,-0.009567524104702109
2010-03-25,-0.0032899185301323852,-0.0032899185301323852,0.0,-0.0032945225129839663
2010-03-26,0.004424159982594267,0.004424159982594267,0.0,0.004419559140672762
2010-03-29,0.009241657614025067,0.009241657614025067,0.0,0.009236723634964843
2010-03-30,0.0008352390018890876,0.0008352390018890876,0.0,0.0008299661436508001
2010-03-31,-0.00067467581443037,-0.00067467581443037,0.0,-0.0006799495709263195
2010-04-01,0.00904608699543652,0.009148539871016048,0.2049057511589897,0.009041916874936681
2010-04-05,0.005253756948472299,0.005253756948472299,0.0,0.005249093007333266
2010-04-06,0.0018485865590953665,0.0018485865590953665,0.0,0.0018441694899937152
2010-04-07,-0.003210276292734182,-0.003210276292734182,0.0,-0.0032146976591808604
2010-04-08,0.0012070024921619904,0.0012070024921619904,0.0,0.0012025886125680773
2010-04-09,0.005056202506044771,0.005056202506044771,0.0,0.005052045620290549
2010-04-12,-0.002038479876760868,-0.002038479876760868,0.0,-0.0020426477915668575
2010-04-13,0.0011215024594737333,0.0011215024594737333,0.0,0.001117339000269314
2010-04-14,0.00728011117703975,0.00728011117703975,0.0,0.0072759452692606145
2010-04-15,-0.0017606273701510355,-0.0017606273701510355,0.0,-0.0017648090577079571
2010-04-16,-0.013207543714807257,-0.013207543714807257,0.0,-0.013211721579440524
2010-04-19,-0.002414881997716445,-0.002414881997716445,0.0,-0.002419030800422403
2010-04-20,0.004184065446083629,0.004184065446083629,0.0,0.004179921969955875
2010-04-21,0.00039797715157630087,0.00039797715157630087,0.0,0.00039408402664457045
2010-04-22,0.00012998945496600633,0.00012998945496600633,0.0,0.00012583591454728773
2010-04-23,0.0056609379144336724,0.0056609379144336724,0.0,0.005656784088638632
2010-04-26,-0.0007549570755200907,-0.0007549570755200907,0.0,-0.0007591232592705284
2010-04-27,-0.014602700570180538,-0.014602700570180538,0.0,-0.014606865104597442
2010-04-28,0.002185943399401813,0.002185943399401813,0.0,0.0021818112398555214
2010-04-29,0.010364515917906436,0.010364515917906436,0.0,0.010360120360384886
2010-04-30,-0.0051865435406418525,-0.0051865435406418525,0.0,-0.005190703229247757
2010-05-03,0.004437557939683812,0.004493770534933494,0.1124251904991435,0.004432563858684557
2010-05-04,-0.020634896455340335,-0.020634896455340335,0.0,-0.02063959441262757
2010-05-05,-0.009420387437713118,-0.009420387437713118,0.0,-0.009424759155856508
2010-05-06,-0.014700517827594739,-0.014700517827594739,0.0,-0.014703712730719673
2010-05-07,-0.0023712032795292215,-0.0023712032795292215,0.0,-0.002374958440944074
2010-05-10,0.023934810878674773,0.023934810878674773,0.0,0.02393019324746545
2010-05-11,-0.0011027867340626107,-0.0011027867340626107,0.0,-0.0011074448414067953
2010-05-12,0.006591402508389521,0.006591402508389521,0.0,0.006586746268025767
2010-05-13,-0.006218075173768156,-0.006218075173768156,0.0,-0.006222742500080206
2010-05-14,-0.01141332144098528,-0.01141332144098528,0.0,-0.01141797824380496
2010-05-17,-0.003826341669141864,-0.003826341669141864,0.0,-0.0038309789330117383
2010-05-18,-0.00889371109247128,-0.00889371109247128,0.0,-0.008898631198718199
2010-05-19,-0.005048086661271212,-0.005048086661271212,0.0,-0.005052990382541013
2010-05-20,-0.01881893159132686,-0.01881893159132686,0.0,-0.018823825965267594
2010-05-21,0.009265358049456829,0.009265358049456829,0.0,0.009260499190083886
2010-05-24,-0.004205793413175618,-0.004205793413175618,0.0,-0.004210669597355757
2010-05-25,-0.002297384913470313,-0.002297384913470313,0.0,-0.002302253200243011
2010-05-26,-0.0007533904486440868,-0.0007533904486440868,0.0,-0.0007582544115802952
2010-05-27,0.022299381407468566,0.022299381407468566,0.0,0.022294518863534084
2010-05-28,-0.004858998983474527,-0.004858998983474527,0.0,-0.004863614163135357
2010-06-01,-0.0074803404031767995,-0.007244542852752445,0.4715951008484614,-0.0074844654427554756
2010-06-02,0.007415433388479276,0.007415433388479276,0.0,0.007411299275765813
2010-06-03,-0.002569007044093685,-0.002569007044093685,0.0,-0.002572638659567485
2010-06-04,-0.007575435410644871,-0.007575435410644871,0.0,-0.00757906207077273
2010-06-07,-0.001895856813531549,-0.001895856813531549,0.0,-0.0018989527589883153
2010-06-08,0.003016659621927653,0.003016659621927653,0.0,0.003013566840890473
2010-06-09,-0.0019956910903630165,-0.0019956910903630165,0.0,-0.001998272591256008
2010-06-10,0.0077364945516644745,0.0077364945516644745,0.0,0.007733915823836421
2010-06-11,0.004551459023273807,0.004551459023273807,0.0,0.004549387506985678
2010-06-14,-0.0011796025581318759,-0.0011796025581318759,0.0,-0.0011814195080526093
2010-06-15,0.008236756048812799,0.008236756048812799,0.0,0.008234421429286399
2010-06-16,-0.0003289589013234506,-0.0003289589013234506,0.0,-0.0003315641497634808
2010-06-17,0.00222715158607123,0.00222715158607123,0.0,0.002224807266143514
2010-06-18,0.001449407077964926,0.001449407077964926,0.0,0.0014465384651953215
2010-06-21,0.000495299213584488,0.000495299213584488,0.0,0.0004921674550902902
2010-06-22,-0.0043100240159250625,-0.0043100240159250625,0.0,-0.0043134176285551
2010-06-23,0.002057546772876284,0.002057546772876284,0.0,0.0020541608008764855
2010-06-24,-0.007168422711489875,-0.007168422711489875,0.0,-0.007171812323532943
2010-06-25,0.003945675784878144,0.003945675784878144,0.0,0.003942298946186337
2010-06-28,-0.0012399875523885218,-0.0012399875523885218,0.0,-0.0012444125763144687
2010-06-29,-0.010473522144693548,-0.010473522144693548,0.0,-0.010477424034986488
2010-06-30,-0.003274516068076938,-0.003274516068076938,0.0,-0.003279172292626941
2010-07-01,-0.0016826310563202718,-0.0016277777666106052,0.10970657941920513,-0.0016864467294595037
2010-07-02,-0.0012716015131768454,-0.0012716015131768454,0.0,-0.001275407835334236
2010-07-06,0.000881992352212535,0.000881992352212535,0.0,0.0008781897729537814
2010-07-07,0.0065378553408343976,0.0065378553408343976,0.0,0.006534274001470998
2010-07-08,0.00022675987245057705,0.00022675987245057705,0.0,0.00022338551207181428
2010-07-09,0.0044704900685419435,0.0044704900685419435,0.0,0.0044668901273815734
2010-07-12,-0.000680483783693675,-0.000680483783693675,0.0,-0.0006840959607164666
2010-07-13,0.0035443132003534217,0.0035443132003534217,0.0,0.0035409285316811224
2010-07-14,-0.0003876918023426601,-0.0003876918023426601,0.0,-0.0003910855396494076
2010-07-15,-0.001947982392304537,-0.001947982392304537,0.0,-0.0019513751372613921
2010-07-16,-0.00967900749084627,-0.00967900749084627,0.0,-0.009682395239945431
2010-07-19,0.0019411595076272992,0.0019411595076272992,0.0,0.0019373484664438898
2010-07-20,0.006877501086524296,0.006877501086524296,0.0,0.006873908872472218
2010-07-21,-0.0010089943061304396,-0.0010089943061304396,0.0,-0.001012605351884982
2010-07-22,0.007585429578991443,0.007585429578991443,0.0,0.007581821298815803
2010-07-23,0.0020708062895806734,0.0020708062895806734,0.0,0.0020671773748247185
2010-07-26,0.0034241774766750055,0.0034241774766750055,0.0,0.003420542940363263
2010-07-27,-0.0020565592727309623,-0.0020565592727309623,0.0,-0.002059975335327409
2010-07-28,-0.0020014934542970098,-0.0020014934542970098,0.0,-0.00200490429005512
2010-07-29,-0.002439527474448311,-0.002439527474448311,0.0,-0.002442933213118563
2010-07-30,0.0024170909170313504,0.0024170909170313504,0.0,0.002413691406157794
2010-08-02,0.003784856101883838,0.0039421121349814126,0.3145120661950213,0.0037806991776062433
2010-08-03,-0.0010059222950158375,-0.0010059222950158375,0.0,-0.0010100638292559173
2010-08-04,0.0025689770925061417,0.0025689770925061417,0.0,0.0025648377812488047
2010-08-05,-0.0007149722856671925,-0.0007149722856671925,0.0,-0.0007188581986797458
2010-08-06,-0.0005943103001080363,-0.0005943103001080363,0.0,-0.0005981947345961795
2010-08-09,0.0011005829253667443,0.0011005829253667443,0.0,0.0010966997206113278
2010-08-10,-0.0006637079319188333,-0.0006637079319188333,0.0,-0.0006675934114706397
2010-08-11,-0.006443896096416268,-0.006443896096416268,0.0,-0.006447780203238129
2010-08-12,0.0008564254459930698,0.0008564254459930698,0.0,0.0008522967071784971
2010-08-13,0.0008963600707621033,0.0008963600707621033,0.0,0.000892487596838137
2010-08-16,0.004333508700877564,0.004333508700877564,0.0,0.004329376075170951
2010-08-17,0.0034168395218250325,0.0034168395218250325,0.0,0.003412438445128646
2010-08-18,0.0005357295531189799,0.0005357295531189799,0.0,0.0005315798479445445
2010-08-19,-0.0035526003406055606,-0.0035526003406055606,0.0,-0.0035567512234868453
2010-08-20,-0.0010141895400829215,-0.0010141895400829215,0.0,-0.001018073645026071
2010-08-23,-0.00046183972482793934,-0.00046183972482793934,0.0,-0.0004659805303636266
2010-08-24,-0.0009992553837937512,-0.0009992553837937512,0.0,-0.0010033951689309539
2010-08-25,0.0018370097782873795,0.0018370097782873795,0.0,0.0018328722031345568
2010-08-26,-0.0007852954195448625,-0.0007852954195448625,0.0,-0.0007894370500361225
2010-08-27,0.002053268986786705,0.002053268986786705,0.0,0.002049387834727711
2010-08-30,-0.0007555902056500807,-0.0007555902056500807,0.0,-0.0007592165753759087
2010-08-31,0.004375469843965307,0.004375469843965307,0.0,0.004371844933015634
2010-09-01,0.005052971086817903,0.005198252803974679,0.2905634343134578,0.005050048678542246
2010-09-02,0.0021366419439778905,0.0021366419439778905,0.0,0.0021334943439047503
2010-09-03,0.0011382165672420008,0.0011382165672420008,0.0,0.0011350638331996316
2010-09-07,0.0006107812237474697,0.0006107812237474697,0.0,0.000607625757883251
2010-09-08,0.0010505456708724825,0.0010505456708724825,0.0,0.0010473887399733608
2010-09-09,-0.002355156904469191,-0.002355156904469191,0.0,-0.002358316352588607
2010-09-10,-0.0001463620884740724,-0.0001463620884740724,0.0,-0.00014951588006249794
2010-09-13,0.005272237032577953,0.005272237032577953,0.0,0.0052688583468531915
2010-09-14,0.0014458825734529057,0.0014458825734529057,0.0,0.001442490389761335
2010-09-15,-0.0003449422314807382,-0.0003449422314807382,0.0,-0.00034833811157235255
2010-09-16,-0.0002468673925173359,-0.0002468673925173359,0.0,-0.00025048872365569547
2010-09-17,0.001397356433873842,0.001397356433873842,0.0,0.0013937357763252102
2010-09-20,0.004629072808234547,0.004629072808234547,0.0,0.004625221814189568
2010-09-21,0.0021412309158150844,0.0021412309158150844,0.0,0.0021373665821797397
2010-09-22,-0.0008641446391836061,-0.0008641446391836061,0.0,-0.0008677874540847343
2010-09-23,-0.0008868013370374461,-0.0008868013370374461,0.0,-0.0008904418112021782
2010-09-24,0.0023247989936203695,0.0023247989936203695,0.0,0.002321388303065376
2010-09-27,0.00016548913086644745,0.00016548913086644745,0.0,0.0001618447727127582
2010-09-28,0.002934096777301942,0.002934096777301942,0.0,0.00293045197159934
2010-09-29,0.0001608429763260144,0.0001608429763260144,0.0,0.0001571902588640585
2010-09-30,0.0007285894859647701,0.0007285894859647701,0.0,0.0007249363348612642
2010-10-01,0.00022117667235632688,0.00037520875962737676,0.30806417454182927,0.00021592646941069355
2010-10-04,-0.00258165237793917,-0.00258165237793917,0.0,-0.002585914040088217
2010-10-05,0.012276571487560117,0.012276571487560117,0.0,0.012272639788879887
2010-10-06,0.001032755755150383,0.001032755755150383,0.0,0.001028485507395717
2010-10-07,-0.002051764484193308,-0.002051764484193308,0.0,-0.002056035648586626
2010-10-08,0.008914134633050796,0.008914134633050796,0.0,0.008910193704213903
2010-10-11,0.0011177091905922865,0.0011177091905922865,0.0,0.001113761008125301
2010-10-12,2.0906342449666937e-05,2.0906342449666937e-05,0.0,1.6628160580183774e-05
2010-10-13,0.006773542597730886,0.006773542597730886,0.0,0.006769264397452744
2010-10-14,-0.00015570104375683957,-0.00015570104375683957,0.0,-0.000160314716249121
2010-10-15,-0.0012521702390384526,-0.0012521702390384526,0.0,-0.0012567837648557205
2010-10-18,0.0024634937117773426,0.0024634937117773426,0.0,0.0024585519138236533
2010-10-19,-0.00896537428493549,-0.00896537428493549,0.0,-0.008969988947576045
2010-10-20,0.007008785694482045,0.007008785694482045,0.0,0.007004179543609822
2010-10-21,-0.004505814838408395,-0.004505814838408395,0.0,-0.004510098114374849
2010-10-22,0.000999502453481016,0.000999502453481016,0.0,0.0009952231400032925
2010-10-25,0.004506734573123561,0.004506734573123561,0.0,0.0045021251360382805
2010-10-26,-0.0009132384169389107,-0.0009132384169389107,0.0,-0.0009178520987989385
2010-10-27,-0.0050345390109935995,-0.0050345390109935995,0.0,-0.005039151831912139
2010-10-28,0.00231848101775034,0.00231848101775034,0.0,0.0023142021135584196
2010-10-29,0.0034876362800915217,0.0034876362800915217,0.0,0.0034836846437838725
2010-11-01,-0.0006844476287289902,-0.0006307898019861646,0.10731565348573592,-0.0006882712782323584
2010-11-02,0.006649842472963963,0.006649842472963963,0.0,0.006646033913474226
2010-11-03,0.0003886181714813919,0.0003886181714813919,0.0,0.00038480069288008195
2010-11-04,0.015718179579812253,0.015718179579812253,0.0,0.015714361580178696
2010-11-05,0.00020437901913639145,0.00020437901913639145,0.0,0.00020054027177616716
2010-11-08,0.002389904461883141,0.002389904461883141,0.0,0.002386065444801253
2010-11-09,-0.010435643384395843,-0.010435643384395843,0.0,-0.010439485547946143
2010-11-10,0.002986404704010237,0.002986404704010237,0.0,0.002982576424569167
2010-11-11,-0.003204803270038914,-0.003204803270038914,0.0,-0.0032086355109138213
2010-11-12,-0.01368098071954682,-0.01368098071954682,0.0,-0.013684808695616672
2010-11-15,-0.005000230637816516,-0.005000230637816516,0.0,-0.005004333195143295
2010-11-16,-0.00992501338296592,-0.00992501338296592,0.0,-0.009929401156704829
2010-11-17,0.002561799242381202,0.002561799242381202,0.0,0.0025577186256794155
2010-11-18,0.013324724638136942,0.013324724638136942,0.0,0.013320348510768363
2010-11-19,0.00041165040695645416,0.00041165040695645416,0.0,0.00040754667624616074
2010-11-22,0.0014727638614495664,0.0014727638614495664,0.0,0.001468366367047428
2010-11-23,-0.007886720562874094,-0.007886720562874094,0.0,-0.00789112034388931
2010-11-24,0.005611564878958086,0.005611564878958086,0.0,0.005606884944287797
2010-11-26,-0.0067178018163659425,-0.0067178018163659425,0.0,-0.006722491065991086
2010-11-29,0.0022186660337526476,0.0022186660337526476,0.0,0.002213403257938124
2010-11-30,6.576383340251013e-05,6.576383340251013e-05,0.0,6.07895032080722e-05
2010-12-01,0.007644624340404249,0.007703092467039818,0.11693625327134238,0.0076393465775208245
2010-12-02,0.004552706167525011,0.004552706167525011,0.0,0.004547459271179179
2010-12-03,0.0030154905846402347,0.0030154905846402347,0.0,0.0030108951790569316
2010-12-06,0.003244034791575867,0.003244034791575867,0.0,0.003239108049930939
2010-12-07,-0.006447390248371376,-0.006447390248371376,0.0,-0.006451991635927496
2010-12-08,-0.004096185058900748,-0.004096185058900748,0.0,-0.004101108482909627
2010-12-09,0.0005695961011222828,0.0005695961011222828,0.0,0.0005650048553720785
2010-12-10,0.0008995663748176952,0.0008995663748176952,0.0,0.0008953025654491127
2010-12-13,0.0045527962856339865,0.0045527962856339865,0.0,0.0045478755775351055
2010-12-14,-0.0020535346813848054,-0.0020535346813848054,0.0,-0.0020584600651924723
2010-12-15,-0.006534151072599137,-0.006534151072599137,0.0,-0.0065387461250598754
2010-12-16,0.0028679765657793066,0.0028679765657793066,0.0,0.0028637155974629834
2010-12-17,0.0042957738005025,0.0042957738005025,0.0,0.004292166193360718
2010-12-20,0.0016374330627622058,0.0016374330627622058,0.0,0.001632837439113239
2010-12-21,0.005457204358629397,0.005457204358629397,0.0,0.005452607165725738
2010-12-22,0.0009779533105593874,0.0009779533105593874,0.0,0.0009733509160610524
2010-12-23,-0.001425428501743764,-0.001425428501743764,0.0,-0.0014300318274784048
2010-12-27,0.0012839553411221338,0.0012839553411221338,0.0,0.0012783672389902307
2010-12-28,0.0012872622712709614,0.0012872622712709614,0.0,0.0012823302827809301
2010-12-29,0.005954742933276247,0.005954742933276247,0.0,0.00595046740633737
2010-12-30,-0.001182757761577502,-0.001182757761577502,0.0,-0.001186709227782045
2010-12-31,0.0033498702253187407,0.0033498702253187407,0.0,0.0033459197188017696
2011-01-03,0.004019740317169784,0.004078853936816174,0.11822723929314365,0.004015327424256789
2011-01-04,-0.0029847331756714945,-0.0029847331756714945,0.0,-0.002988841219415708
2011-01-05,-0.0027476700451589675,-0.0027476700451589675,0.0,-0.002751773755532701
2011-01-06,-0.002113861183292376,-0.002113861183292376,0.0,-0.002118253729925628
2011-01-07,-0.000961228864914121,-0.000961228864914121,0.0,-0.0009653254911310579
2011-01-10,0.0006934763544890199,0.0006934763544890199,0.0,0.0006890886160933191
2011-01-11,0.003234020273001015,0.003234020273001015,0.0,0.0032296314503146278
2011-01-12,0.00617431012744718,0.00617431012744718,0.0,0.006169916264482027
2011-01-13,-0.0016233000612051462,-0.0016233000612051462,0.0,-0.0016277034878942943
2011-01-14,-0.00024691147165301075,-0.00024691147165301075,0.0,-0.00025131237983631784
2011-01-18,0.0020544632840433508,0.0020544632840433508,0.0,0.002049769390696926
2011-01-19,-0.0031701918075861535,-0.0031701918075861535,0.0,-0.0031748890947399136
2011-01-20,-0.007234356317688984,-0.007234356317688984,0.0,-0.0072390483512872646
2011-01-21,-0.00019610447230400396,-0.00019610447230400396,0.0,-0.00020078442996247355
2011-01-24,0.0023985665932722,0.0023985665932722,0.0,0.0023938869630250707
2011-01-25,0.0008997489828856953,0.0008997489828856953,0.0,0.0008950653576313935
2011-01-26,0.003346447888768811,0.003346447888768811,0.0,0.0033417627662567693
2011-01-27,-0.0006014824075033509,-0.0006014824075033509,0.0,-0.0006058799131675155
2011-01-28,-0.006971405574467626,-0.006971405574467626,0.0,-0.006975802144338796
2011-01-31,0.002867753840620102,0.002867753840620102,0.0,0.002863368193082997
2011-02-01,0.007420558958336265,0.007476577937320927,0.11203795796947645,0.0074156229975223436
2011-02-02,-0.0007954498604147986,-0.0007954498604147986,0.0,-0.0008006991580891936
2011-02-03,0.0002595699788718875,0.0002595699788718875,0.0,0.00025497760957316536
2011-02-04,-0.0028419975320335134,-0.0028419975320335134,0.0,-0.0028469181955135983
2011-02-07,0.0005562859403334119,0.0005562859403334119,0.0,0.0005510403691497383
2011-02-08,0.0033616229037753964,0.0033616229037753964,0.0,0.003356704605545023
2011-02-09,-0.003084266619056364,-0.003084266619056364,0.0,-0.0030888602643177224
2011-02-10,-0.0021006151977348564,-0.0021006151977348564,0.0,-0.002104550057130462
2011-02-11,0.0031292375697471453,0.0031292375697471453,0.0,0.003125304451312695
2011-02-14,0.0031668408461960063,0.0031668408461960063,0.0,0.0031625771670647164
2011-02-15,-0.0022165845428532283,-0.0022165845428532283,0.0,-0.0022208510475206483
2011-02-16,0.004238529399731572,0.004238529399731572,0.0,0.004234592917349365
2011-02-17,0.0059937321924885545,0.0059937321924885545,0.0,0.005990777217843807
2011-02-18,0.0025120394741462437,0.0025120394741462437,0.0,0.0025087520880457555
2011-02-22,-0.006689002075885853,-0.006689002075885853,0.0,-0.006692948986503899
2011-02-23,0.002762722059543865,0.002762722059543865,0.0,0.0027587806371339747
2011-02-24,-0.002962153763934494,-0.002962153763934494,0.0,-0.0029664260871080073
2011-02-25,0.0114020031082962,0.0114020031082962,0.0,0.01139773341859723
2011-02-28,0.004406271821995711,0.004406271821995711,0.0,0.0044013336924606265
2011-03-01,-0.0022496521148047677,-0.0021940869937634444,0.11113024208265448,-0.0022547358753586097
2011-03-02,0.002464228142556868,0.002464228142556868,0.0,0.002459519723061675
2011-03-03,0.004825690073983591,0.004825690073983591,0.0,0.004820980547547942
2011-03-04,0.003090670544032559,0.003090670544032559,0.0,0.003086321297500467
2011-03-07,-0.004618090736001612,-0.004618090736001612,0.0,-0.004622078710828584
2011-03-08,0.0020970442617855856,0.0020970442617855856,0.0,0.002093058036541319
2011-03-09,0.0003006235110913913,0.0003006235110913913,0.0,0.0002969989492226946
2011-03-10,-0.012234538110729054,-0.012234538110729054,0.0,-0.01223743784285671
2011-03-11,0.0016100524093920487,0.0016100524093920487,0.0,0.001607156081838078
2011-03-14,-0.0030552671836754364,-0.0030552671836754364,0.0,-0.003058526055406547
2011-03-15,-0.01147907779355728,-0.01147907779355728,0.0,-0.011482697697846059
2011-03-16,-0.006770042385359165,-0.006770042385359165,0.0,-0.006773658244480078
2011-03-17,0.011090522080836829,0.011090522080836829,0.0,0.011087631315131798
2011-03-18,0.005449509732624591,0.005449509732624591,0.0,0.005446977588428033
2011-03-21,0.008961001452723272,0.008961001452723272,0.0,0.008957382201974605
2011-03-22,0.0015791544118435308,0.0015791544118435308,0.0,0.0015755320614524062
2011-03-23,0.001767871942791821,0.001767871942791821,0.0,0.0017646113366032719
2011-03-24,0.0024791031227684446,0.0024791031227684446,0.0,0.0024758419680554465
2011-03-25,-0.0009577355521306341,-0.0009577355521306341,0.0,-0.000960997474142311
2011-03-28,-0.003910493976610474,-0.003910493976610474,0.0,-0.003914480407535228
2011-03-29,0.0022283513020098233,0.0022283513020098233,0.0,0.0022247286252740964
2011-03-30,0.005913997800346404,0.005913997800346404,0.0,0.005910374355255367
2011-03-31,0.0039809549185683135,0.0039809549185683135,0.0,0.003977691993497357
2011-04-01,0.003848727671287744,0.003901719337353393,0.10598333213122808,0.003846431621242898
2011-04-04,0.004639463341293615,0.004639463341293615,0.0,0.004637494999536227
2011-04-05,0.0008472518549582642,0.0008472518549582642,0.0,0.0008449532332144576
2011-04-06,0.000632083042323428,0.000632083042323428,0.0,0.0006301124474383014
2011-04-07,0.0005004061314428654,0.0005004061314428654,0.0,0.0004990922287086688
2011-04-08,0.0032610815401283855,0.0032610815401283855,0.0,0.003259767500652153
2011-04-11,-0.005616477854701762,-0.005616477854701762,0.0,-0.005618121514338834
2011-04-12,-0.0056919173880928264,-0.0056919173880928264,0.0,-0.005693559124701939
2011-04-13,0.0032356553377774766,0.0032356553377774766,0.0,0.003233687605863302
2011-04-14,0.004022518427294619,0.004022518427294619,0.0,0.004020221185213523
2011-04-15,0.004978781231102403,0.004978781231102403,0.0,0.004976482063801843
2011-04-18,-0.006008439731828852,-0.006008439731828852,0.0,-0.006010741270221126
2011-04-19,0.004661164960644726,0.004661164960644726,0.0,0.0046591946809534535
2011-04-20,0.010288381727069362,0.010288381727069362,0.0,0.010286409542046005
2011-04-21,0.005461724697189085,0.005461724697189085,0.0,0.005459748349438839
2011-04-25,-7.21094103076636e-05,-7.21094103076636e-05,0.0,-7.44177134906062e-05
2011-04-26,0.001549575270532122,0.001549575270532122,0.0,0.0015472670012051568
2011-04-27,0.005447776490656864,0.005447776490656864,0.0,0.005445797351451134
2011-04-28,-0.0004575853166306487,-0.0004575853166306487,0.0,-0.0004589061941863776
2011-04-29,0.0026474497618302895,0.0026474497618302895,0.0,0.002646129006242096
2011-05-02,-0.007094811233689491,-0.007037530715821361,0.11456103573608477,-0.007096617957131083
2011-05-03,-0.007314144774082765,-0.007314144774082765,0.0,-0.007315231339900333
2011-05-04,-0.008592424231924967,-0.008592424231924967,0.0,-0.008593510032127202
2011-05-05,-0.017507010613613816,-0.017507010613613816,0.0,-0.017507733875604854
2011-05-06,0.0018655166242442789,0.0018655166242442789,0.0,0.0018647946165090252
2011-05-09,0.00971702626462645,0.00971702626462645,0.0,0.00971594305291989
2011-05-10,0.004593691026467894,0.004593691026467894,0.0,0.004592606782500039
2011-05-11,-0.014683790478010827,-0.014683790478010827,0.0,-0.014684875207745229
2011-05-12,0.000130388737080267,0.000130388737080267,0.0,0.00012966663452331566
2011-05-13,-0.005419860507734575,-0.005419860507734575,0.0,-0.0054209436755618045
2011-05-16,-0.004365820169727086,-0.004365820169727086,0.0,-0.004367263613809113
2011-05-17,0.0023499236244941546,0.0023499236244941546,0.0,0.0023484808112221285
2011-05-18,0.00710638186803747,0.00710638186803747,0.0,0.007104577928021823
2011-05-19,-0.0014355149916067678,-0.0014355149916067678,0.0,-0.0014373202030644671
2011-05-20,-0.0028497685596646782,-0.0028497685596646782,0.0,-0.002851573513917235
2011-05-23,-0.009310825382503163,-0.009310825382503163,0.0,-0.009312990713134147
2011-05-24,0.0058222486471495305,0.0058222486471495305,0.0,0.005820085343003253
2011-05-25,0.004575075660372185,0.004575075660372185,0.0,0.0045729110963590265
2011-05-26,0.005158656399334216,0.005158656399334216,0.0,0.005156851774752843
2011-05-27,0.005418993574615838,0.005418993574615838,0.0,0.005417188028795601
2011-05-31,0.00828389014551556,0.00828389014551556,0.0,0.00828172233551409
2011-06-01,-0.011543049051955356,-0.011527898438218331,0.030301227474143436,-0.011544859524516525
2011-06-02,0.000641128257292678,0.000641128257292678,0.0,0.0006396804829936813
2011-06-03,-0.0006097906820113908,-0.0006097906820113908,0.0,-0.0006112385457079592
2011-06-06,-0.007705737091982856,-0.007705737091982856,0.0,-0.007707546815253807
2011-06-07,0.004325968207292918,0.004325968207292918,0.0,0.004324159838367358
2011-06-08,-0.0011650673540096745,-0.0011650673540096745,0.0,-0.0011665146547891665
2011-06-09,0.0024332148528005693,0.0024332148528005693,0.0,0.002431405930951988
2011-06-10,-0.012052466419372965,-0.012052466419372965,0.0,-0.012054275766498495
2011-06-13,-0.0029308280718036706,-0.0029308280718036706,0.0,-0.002932635286702229
2011-06-14,0.007139043992162142,0.007139043992162142,0.0,0.007137237297286588
2011-06-15,-0.011046924807682656,-0.011046924807682656,0.0,-0.011048732760274944
2011-06-16,-0.0022119374813616144,-0.0022119374813616144,0.0,-0.0022137434660291252
2011-06-17,0.0021843308492011104,0.0021843308492011104,0.0,0.002182886377397654
2011-06-20,0.0015914823824036972,0.0015914823824036972,0.0,0.0015903987950704767
2011-06-21,0.008361939343996871,0.008361939343996871,0.0,0.008360855586822218
2011-06-22,-0.0035563764217773075,-0.0035563764217773075,0.0,-0.0035570995165456146
2011-06-23,-0.0050644610469396945,-0.0050644610469396945,0.0,-0.005064822468414173
2011-06-24,-0.004858834104716658,-0.004858834104716658,0.0,-0.0048595565872366665
2011-06-27,0.0012071179837258583,0.0012071179837258583,0.0,0.0012063958486890486
2011-06-28,0.007377941474342231,0.007377941474342231,0.0,0.007376858142451206
2011-06-29,0.007073752091982799,0.007073752091982799,0.0,0.007073029347578921
2011-06-30,0.0022080071382981625,0.0022080071382981625,0.0,0.002206922274615647
2011-07-01,0.0046112321189493155,0.004664887247042726,0.10731025618681787,0.004610577474106379
2011-07-05,0.004799662008023731,0.004799662008023731,0.0,0.0047990055022062595
2011-07-06,-0.000368398311027196,-0.000368398311027196,0.0,-0.0003687268914885555
2011-07-07,0.0070623499535127365,0.0070623499535127365,0.0,0.007061364287580411
2011-07-08,-0.0036631705692365957,-0.0036631705692365957,0.0,-0.0036641576714669982
2011-07-11,-0.011860004880046349,-0.011860004880046349,0.0,-0.011860991234544174
2011-07-12,0.0006886633597924519,0.0006886633597924519,0.0,0.0006876794552352044
2011-07-13,0.010337465862732209,0.010337465862732209,0.0,0.010337137847159655
2011-07-14,-0.005702425408622758,-0.005702425408622758,0.0,-0.0057027541282365195
2011-07-15,0.005230653361010251,0.005230653361010251,0.0,0.005229996702973708
2011-07-18,-0.002992473166415044,-0.002992473166415044,0.0,-0.0029931305372846305
2011-07-19,0.0049765667763903565,0.0049765667763903565,0.0,0.004975581333643053
2011-07-20,0.004066320674348534,0.004066320674348534,0.0,0.004065663035643756
2011-07-21,0.0043204595868227,0.0043204595868227,0.0,0.00431881411298845
2011-07-22,0.0037626769018543893,0.0037626769018543893,0.0,0.0037610299711771226
2011-07-25,-0.002094443303242266,-0.002094443303242266,0.0,-0.0020960914979242466
2011-07-26,0.003724166495239656,0.003724166495239656,0.0,0.0037218600097799225
2011-07-27,-0.012191843795389179,-0.012191843795389179,0.0,-0.01219448177723889
2011-07-28,-0.0010357142622143822,-0.0010357142622143822,0.0,-0.0010380167010750523
2011-07-29,0.0010974080971051237,0.0010974080971051237,0.0,0.0010941196027694842
2011-08-01,-0.00314013797936763,-0.003081946956349002,0.1163820460370272,-0.0031437825395949984
2011-08-02,-0.006051108799339455,-0.006051108799339455,0.0,-0.006053280974095492
2011-08-03,-0.0004279957531513334,-0.0004279957531513334,0.0,-0.0004287193877275966
2011-08-04,-0.030361255120164632,-0.030361255120164632,0.0,-0.03036197872476142
2011-08-05,-0.002692771102315583,-0.002692771102315583,0.0,-0.0026931318079733654
2011-08-08,-0.030093538128689312,-0.030093538128689312,0.0,-0.030095341169354216
2011-08-09,0.023456577747814622,0.023456577747814622,0.0,0.02345549929458286
2011-08-10,-0.010445040422103036,-0.010445040422103036,0.0,-0.01044576110255862
2011-08-11,0.014624439023461111,0.014624439023461111,0.0,0.01462335915811245
2011-08-12,0.003217291199424821,0.003217291199424821,0.0,0.003216570226321923
2011-08-15,0.013291933704958625,0.013291933704958625,0.0,0.013291212498780304
2011-08-16,-0.0015757044672186638,-0.0015757044672186638,0.0,-0.0015767877019327399
2011-08-17,0.005008293915848228,0.005008293915848228,0.0,0.005007932894026055
2011-08-18,-0.019548051451169446,-0.019548051451169446,0.0,-0.01954841265141286
2011-08-19,9.200524704944257e-05,9.200524704944257e-05,0.0,9.128426713673839e-05
2011-08-22,0.002914965693888494,0.002914965693888494,0.0,0.002914605200589398
2011-08-23,0.008283500591941717,0.008283500591941717,0.0,0.00828313999304362
2011-08-24,-0.008533285510216926,-0.008533285510216926,0.0,-0.008534007303246946
2011-08-25,-0.003687799080519527,-0.003687799080519527,0.0,-0.003688159667804382
2011-08-26,0.01183850337301462,0.01183850337301462,0.0,0.011838142919863298
2011-08-29,0.00946041620253335,0.00946041620253335,0.0,0.009459694445120674
2011-08-30,0.005666405416429265,0.005666405416429265,0.0,0.005666044200839333
2011-08-31,0.0034552694258254135,0.0034552694258254135,0.0,0.00345454659336019
2011-09-01,-0.002543173904771323,-0.0024331317484215242,0.22008431269947668,-0.0025437603003890647
2011-09-02,-0.0008374419154294488,-0.0008374419154294488,0.0,-0.0008380281629363147
2011-09-06,-0.006721849132672153,-0.006721849132672153,0.0,-0.0067224352063452375
2011-09-07,0.006642323094331548,0.006642323094331548,0.0,0.006641738425403033
2011-09-08,-0.0016103653025654197,-0.0016103653025654197,0.0,-0.0016109513504594698
2011-09-09,-0.009194598619200467,-0.009194598619200467,0.0,-0.009194891475719618
2011-09-12,-0.00040281127563712715,-0.00040281127563712715,0.0,-0.0004031031673330173
2011-09-13,0.004042075165593184,0.004042075165593184,0.0,0.004041783316182805
2011-09-14,0.002017500993877208,0.002017500993877208,0.0,0.002017208721854233
2011-09-15,0.001958219739488287,0.001958219739488287,0.0,0.0019579272569534845
2011-09-16,0.0010508739814085732,0.0010508739814085732,0.0,0.001050581294946852
2011-09-19,-0.005207631455930062,-0.005207631455930062,0.0,-0.005207924251713797
2011-09-20,0.0009611547697017109,0.0009611547697017109,0.0,0.0009608625185018535
2011-09-21,-0.007780564163128556,-0.007780564163128556,0.0,-0.0077808565147438865
2011-09-22,-0.013425835472550607,-0.013425835472550607,0.0,-0.013425835472550607
2011-09-23,-0.009296541495457,-0.009296541495457,0.0,-0.009296831594948787
2011-09-26,0.0033456700001801565,0.0033456700001801565,0.0,0.0033450918041810214
2011-09-27,0.006196471629320799,0.006196471629320799,0.0,0.006196182172102736
2011-09-28,-0.011671354782922028,-0.011671354782922028,0.0,-0.011671935019771602
2011-09-29,0.0070028593398407946,0.0070028593398407946,0.0,0.007002281623235745
2011-09-30,-0.01154655909905189,-0.01154655909905189,0.0,-0.011547138317297909
2011-10-03,0.0041887535486382355,0.004517435539897585,0.6573639825186967,0.004188650018531207
2011-10-04,-0.004128429068035788,-0.004128429068035788,0.0,-0.0041284823624717455
2011-10-05,-0.003051632015844019,-0.003051632015844019,0.0,-0.003051632015844019
2011-10-06,-0.003945563492675053,-0.003945563492675053,0.0,-0.003945614307090227
2011-10-07,-0.0016199312760012408,-0.0016199312760012408,0.0,-0.0016199807198002641
2011-10-10,-0.005957539417514757,-0.005957539417514757,0.0,-0.005957588297666395
2011-10-11,-7.787729073371885e-05,-7.787729073371885e-05,0.0,-7.79708803952061e-05
2011-10-12,-0.00627427590895957,-0.00627427590895957,0.0,-0.006274369444097947
2011-10-13,0.002279396003725509,0.002279396003725509,0.0,0.002279306889041069
2011-10-14,-0.0020006278590979365,-0.0020006278590979365,0.0,-0.0020007185760469726
2011-10-17,0.006120522297626829,0.006120522297626829,0.0,0.006120343681985104
2011-10-18,-0.0034851736868867222,-0.0034851736868867222,0.0,-0.0034853608719727126
2011-10-19,0.0014500921961320135,0.0014500921961320135,0.0,0.0014499554798538393
2011-10-20,0.0008461755097581847,0.0008461755097581847,0.0,0.0008460372676435886
2011-10-21,-0.002888825747735968,-0.002888825747735968,0.0,-0.0028889185022269847
2011-10-24,-0.007383613652817145,-0.007383613652817145,0.0,-0.00738370437667473
2011-10-25,0.008791453789372516,0.008791453789372516,0.0,0.008791411041817713
2011-10-26,-0.005092820922654284,-0.005092820922654284,0.0,-0.005092912589225743
2011-10-27,-0.010540964959412147,-0.010540964959412147,0.0,-0.010541053032603229
2011-10-28,0.0020474109133368223,0.0020474109133368223,0.0,0.0020473706350923205
2011-10-31,0.009573136347900801,0.009573136347900801,0.0,0.009573095341149323
2011-11-01,0.005490839582626084,0.005615253619666971,0.24882807408146643,0.005490718127200018
2011-11-02,-0.0008241842084670825,-0.0008241842084670825,0.0,-0.0008243049865635654
2011-11-03,0.0014390835193629492,0.0014390835193629492,0.0,0.0014389629689679601
2011-11-04,-0.0003455352202289541,-0.0003455352202289541,0.0,-0.00034565616763541256
2011-11-07,0.0012159197488470497,0.0012159197488470497,0.0,0.001215798896799103
2011-11-08,-0.0016340284953717532,-0.0016340284953717532,0.0,-0.0016341496825736245
2011-11-09,0.0005644492375345145,0.0005644492375345145,0.0,0.0005643285014704802
2011-11-10,-0.002864103280431296,-0.002864103280431296,0.0,-0.0028642241722458303
2011-11-11,0.0010714064531274214,0.0010714064531274214,0.0,0.001071286353885174
2011-11-14,0.00037673198380505646,0.00037673198380505646,0.0,0.0003766115883939386
2011-11-15,0.0006774719023749931,0.0006774719023749931,0.0,0.0006773514028630764
2011-11-16,-0.0003780069425488586,-0.0003780069425488586,0.0,-0.00037812762913705926
2011-11-17,-0.004095646406539366,-0.004095646406539366,0.0,-0.00409588757087205
2011-11-18,0.0006455334393826728,0.0006455334393826728,0.0,0.000645413993263774
2011-11-21,-0.0007555160666614658,-0.0007555160666614658,0.0,-0.0007557553167834357
2011-11-22,0.0015875103206326457,0.0015875103206326457,0.0,0.0015872714896859842
2011-11-23,-0.0002559842174876259,-0.0002559842174876259,0.0,-0.00025622392782048594
2011-11-25,-0.003346869187413559,-0.003346869187413559,0.0,-0.003347108755910096
2011-11-28,0.0005113233490607882,0.0005113233490607882,0.0,0.0005109667873185548
2011-11-29,-0.00020120700320647167,-0.00020120700320647167,0.0,-0.0002014449951559684
2011-11-30,-0.00045448936448277966,-0.00045448936448277966,0.0,-0.00045460830454505265
2011-12-01,-0.000794726204184637,-0.0006534816231266172,0.28248916211619884,-0.0007948813107154176
2011-12-02,0.0020985166984803794,0.0020985166984803794,0.0,0.0020982058729530633
2011-12-05,-0.0020261378020594023,-0.0020261378020594023,0.0,-0.0020262937203706023
2011-12-06,0.002531644363883201,0.002531644363883201,0.0,0.0025314889346739417
2011-12-07,-0.00030445197056161444,-0.00030445197056161444,0.0,-0.00030476404815221806
2011-12-08,-0.0009547784539311044,-0.0009547784539311044,0.0,-0.0009549344193961253
2011-12-09,0.000517746233058336,0.000517746233058336,0.0,0.0005175904977809666
2011-12-12,-7.38780280034046e-05,-7.38780280034046e-05,0.0,-7.403388803968176e-05
2011-12-13,-0.001675107847481594,-0.001675107847481594,0.0,-0.00167526368971451
2011-12-14,-0.004633235730870822,-0.004633235730870822,0.0,-0.0046333911687536184
2011-12-15,0.0006640496115681849,0.0006640496115681849,0.0,0.0006640496115681849
2011-12-16,0.00400562127227877,0.00400562127227877,0.0,0.00400562127227877
2011-12-19,0.00039571633746771084,0.00039571633746771084,0.0,0.0003955608953734813
2011-12-20,0.0013926303514364413,0.0013926303514364413,0.0,0.0013924748138606788
2011-12-21,-8.41275330010216e-05,-8.41275330010216e-05,0.0,-8.428340613421959e-05
2011-12-22,-0.0006537944241160609,-0.0006537944241160609,0.0,-0.000653950276976834
2011-12-23,-0.00024396479008692573,-0.00024396479008692573,0.0,-0.0002441204852981279
2011-12-27,0.002179939785440066,0.002179939785440066,0.0,0.0021796285127009224
2011-12-28,-0.0026877053500908854,-0.0026877053500908854,0.0,-0.0026878615110943432
2011-12-29,0.0007700236748102718,0.0007700236748102718,0.0,0.0007697126499596854
2011-12-30,-0.001134217180287389,-0.001134217180287389,0.0,-0.0011345285764854313
2012-01-03,-0.0012801340705936859,-0.0010565763325894872,0.4471154760084815,-0.0012800994900765343
2012-01-04,0.0008492568653499788,0.0008492568653499788,0.0,0.0008492940331003147
2012-01-05,0.003990200530922028,0.003990200530922028,0.0,0.00399023699369272
2012-01-06,0.004188477450942862,0.004188477450942862,0.0,0.0041885106145582605
2012-01-09,-0.003986539991075011,-0.003986539991075011,0.0,-0.003986525133591772
2012-01-10,-0.005510855751090005,-0.005510855751090005,0.0,-0.005510822740605281
2012-01-11,0.0018795553088801764,0.0018795553088801764,0.0,0.001879592900220394
2012-01-12,0.0008767223945773672,0.0008767223945773672,0.0,0.0008767764424359102
2012-01-13,0.003037816145717853,0.003037816145717853,0.0,0.0030378691034300474
2012-01-17,-0.0032719097572426747,-0.0032719097572426747,0.0,-0.0032718605654140044
2012-01-18,-0.005036438057471226,-0.005036438057471226,0.0,-0.00503638479624597
2012-01-19,-0.0032676533726802015,-0.0032676533726802015,0.0,-0.003267554111114058
2012-01-20,-0.002016421637429433,-0.002016421637429433,0.0,-0.002016315545753234
2012-01-23,-0.003028840656672638,-0.003028840656672638,0.0,-0.0030287524047092444
2012-01-24,0.00024339940809170457,0.00024339940809170457,0.0,0.00024349275045783346
2012-01-25,-0.0025966991509125403,-0.0025966991509125403,0.0,-0.0025966062175146122
2012-01-26,0.0029883268374277794,0.0029883268374277794,0.0,0.002988448472204967
2012-01-27,-0.00102079687501333,-0.00102079687501333,0.0,-0.0010206584420276099
2012-01-30,0.006042712045653875,0.006042712045653875,0.0,0.0060428295518158565
2012-01-31,0.0008679555757049595,0.0008679555757049595,0.0,0.0008680814351572761
2012-02-01,-0.004272180356051258,-0.004157514510314875,0.22933169147287716,-0.0042724896132027386
2012-02-02,0.0009214408659394824,0.0009214408659394824,0.0,0.0009210266440506303
2012-02-03,-0.004479517741821981,-0.004479517741821981,0.0,-0.004479934504897402
2012-02-06,0.0018844734173706357,0.0018844734173706357,0.0,0.0018840690636769133
2012-02-07,-0.0014130327079395766,-0.0014130327079395766,0.0,-0.0014134422722754884
2012-02-08,-0.0018260166179439041,-0.0018260166179439041,0.0,-0.0018264729761254565
2012-02-09,-0.0014344422645476973,-0.0014344422645476973,0.0,-0.0014348929241532573
2012-02-10,0.004127840228303148,0.004127840228303148,0.0,0.004127394051691086
2012-02-13,-0.0017124031107949023,-0.0017124031107949023,0.0,-0.0017129641402753445
2012-02-14,0.0004025702687344701,0.0004025702687344701,0.0,0.000401965355018386
2012-02-15,-0.0027558526554117835,-0.0027558526554117835,0.0,-0.0027564086930584753
2012-02-16,-0.0018409512460123567,-0.0018409512460123567,0.0,-0.001841447165539988
2012-02-17,-0.0021810485390659773,-0.0021810485390659773,0.0,-0.0021814891028714535
2012-02-21,-0.0004988398802261429,-0.0004988398802261429,0.0,-0.0004992254093918849
2012-02-22,-0.0006538721172578699,-0.0006538721172578699,0.0,-0.0006543042715741362
2012-02-23,0.0024706431631991155,0.0024706431631991155,0.0,0.002470213062909824
2012-02-24,-0.002581522143476289,-0.002581522143476289,0.0,-0.0025820086348794903
2012-02-27,0.003978653895078121,0.003978653895078121,0.0,0.003978080919206969
2012-02-28,-0.0003454587420005373,-0.0003454587420005373,0.0,-0.0003459500554361574
2012-02-29,-0.005305467036675893,-0.005305467036675893,0.0,-0.0053058591261807165
2012-03-01,-0.002278888992613748,-0.002173939018862203,0.20989994750303517,-0.002279302985835569
2012-03-02,0.0007347466083544862,0.0007347466083544862,0.0,0.0007343890148409052
2012-03-05,0.003802517744491807,0.003802517744491807,0.0,0.003802107035428747
2012-03-06,0.005375546677326426,0.005375546677326426,0.0,0.005375125498319112
2012-03-07,-0.0004297374865789294,-0.0004297374865789294,0.0,-0.0004301733876074649
2012-03-08,-0.0038406791816759656,-0.0038406791816759656,0.0,-0.0038411139052755387
2012-03-09,0.001241986597910305,0.001241986597910305,0.0,0.0012415094178767274
2012-03-12,0.0020061706915051047,0.0020061706915051047,0.0,0.0020056896732233652
2012-03-13,-0.003003803454872833,-0.003003803454872833,0.0,-0.0030042365266587457
2012-03-14,0.0002889033277135855,0.0002889033277135855,0.0,0.00028842541426585006
2012-03-15,-0.0009348857219277917,-0.0009348857219277917,0.0,-0.0009353113280757232
2012-03-16,0.0003350671062349875,0.0003350671062349875,0.0,0.0003345911932719088
2012-03-19,0.0010958773698055424,0.0010958773698055424,0.0,0.0010953474255598547
2012-03-20,0.0028497461856575868,0.0028497461856575868,0.0,0.002849212477570792
2012-03-21,0.0015316527665805157,0.0015316527665805157,0.0,0.0015311636455083615
2012-03-22,0.0020169058543533236,0.0020169058543533236,0.0,0.0020164668900181674
2012-03-23,0.00035835346638513066,0.00035835346638513066,0.0,0.00035790899562991466
2012-03-26,-0.00045154892202314834,-0.00045154892202314834,0.0,-0.00045205005187495535
2012-03-27,0.001331771841475815,0.001331771841475815,0.0,0.0013312720986403909
2012-03-28,0.0019864031118626,0.0019864031118626,0.0,0.001985899283683353
2012-03-29,0.001418050627576939,0.001418050627576939,0.0,0.0014176540312290998
2012-03-30,-0.003363248485738435,-0.003363248485738435,0.0,-0.003363648453940635
2012-04-02,-0.003634708465538816,-0.003446439134437762,0.3765386622021464,-0.0036351232468284133
2012-04-03,-0.00032109771002142296,-0.00032109771002142296,0.0,-0.0003214976170676215
2012-04-04,0.006024250325229241,0.006024250325229241,0.0,0.0060238513094177885
2012-04-05,-0.00018359900856912414,-0.00018359900856912414,0.0,-0.0001840146450863594
2012-04-09,0.004080019858774264,0.004080019858774264,0.0,0.004079552837658505
2012-04-10,0.004673441958439772,0.004673441958439772,0.0,0.004672962322747667
2012-04-11,-0.0019540340255509436,-0.0019540340255509436,0.0,-0.0019545280433437054
2012-04-12,-0.005872101065326318,-0.005872101065326318,0.0,-0.005872589057980382
2012-04-13,0.005066525558077961,0.005066525558077961,0.0,0.005066055778620966
2012-04-16,0.0012381068124149852,0.0012381068124149852,0.0,0.0012376753325709711
2012-04-17,-0.0015534011858749919,-0.0015534011858749919,0.0,-0.0015538360577989317
2012-04-18,0.0017749480965461029,0.0017749480965461029,0.0,0.00177457131332044
2012-04-19,-0.0009801538716786018,-0.0009801538716786018,0.0,-0.0009805349089941858
2012-04-20,-0.001872064517107197,-0.001872064517107197,0.0,-0.0018724973009201446
2012-04-23,0.005094741726920926,0.005094741726920926,0.0,0.00509431408559779
2012-04-24,-0.0012212997286749072,-0.0012212997286749072,0.0,-0.0012217964897999702
2012-04-25,0.00037648999283890205,0.00037648999283890205,0.0,0.00037599699139605604
2012-04-26,0.0001505927293765641,0.0001505927293765641,0.0,0.00015009856937289701
2012-04-27,-0.0003798910596289895,-0.0003798910596289895,0.0,-0.0003803856829771529
2012-04-30,0.0009113381637340101,0.0009113381637340101,0.0,0.0009107898814527188
2012-05-01,-0.002481508301997448,-0.002429236835676085,0.10454293264285631,-0.0024816635591313227
2012-05-02,0.0037057090881922328,0.0037057090881922328,0.0,0.0037055780111186288
2012-05-03,0.0030755745747428342,0.0030755745747428342,0.0,0.0030754144716551818
2012-05-04,0.0058102619431961156,0.0058102619431961156,0.0,0.005810129283315035
2012-05-07,0.00033005529901508623,0.00033005529901508623,0.0,0.00032984395626100606
2012-05-08,0.004383160207443559,0.004383160207443559,0.0,0.004382968883343495
2012-05-09,0.003462195656341871,0.003462195656341871,0.0,0.0034619895813578785
2012-05-10,-0.0010891669261998693,-0.0010891669261998693,0.0,-0.0010894087998620152
2012-05-11,0.00424551251430505,0.00424551251430505,0.0,0.004245274703718455
2012-05-14,0.006475764764491743,0.006475764764491743,0.0,0.006475511183215746
2012-05-15,0.0022531546416455495,0.0022531546416455495,0.0,0.0022529049079823083
2012-05-16,0.001999038508228468,0.001999038508228468,0.0,0.00199875272919493
2012-05-17,0.0010997368288760967,0.0010997368288760967,0.0,0.0010994437031197407
2012-05-18,0.00019279280280604105,0.00019279280280604105,0.0,0.00019255507241379573
2012-05-21,-0.0032131663474510574,-0.0032131663474510574,0.0,-0.0032134344310034784
2012-05-22,0.003725889100855584,0.003725889100855584,0.0,0.003725631665715332
2012-05-23,0.004053041552247061,0.004053041552247061,0.0,0.004052771815369711
2012-05-24,0.00035194192181897677,0.00035194192181897677,0.0,0.0003516274054272587
2012-05-25,-7.584787773085022e-05,-7.584787773085022e-05,0.0,-7.613209938931488e-05
2012-05-29,-0.00195556829362753,-0.00195556829362753,0.0,-0.0019558522659394143
2012-05-30,0.007456007381927421,0.007456007381927421,0.0,0.007455791524584105
2012-05-31,0.000946845933978091,0.000946845933978091,0.0,0.0009466111163054598
2012-06-01,0.007510766627877752,0.007564757718584003,0.10798218141247655,0.007510645233209727
2012-06-04,-0.0029528181400151343,-0.0029528181400151343,0.0,-0.0029529634580477333
2012-06-05,-0.0009955862032797747,-0.0009955862032797747,0.0,-0.000995722549893286
2012-06-06,-0.008868493730213256,-0.008868493730213256,0.0,-0.008868643713810045
2012-06-07,-0.0002054651187828327,-0.0002054651187828327,0.0,-0.00020558448781120699
2012-06-08,0.004465406318925558,0.004465406318925558,0.0,0.004465287659320769
2012-06-11,0.003912029528432948,0.003912029528432948,0.0,0.003911895519353439
2012-06-12,-0.005073339000006838,-0.005073339000006838,0.0,-0.005073502782190033
2012-06-13,0.0021618447586975176,0.0021618447586975176,0.0,0.00216170037631115
2012-06-14,-0.0015909931549743517,-0.0015909931549743517,0.0,-0.001591161049261917
2012-06-15,-0.001455075322903454,-0.001455075322903454,0.0,-0.0014552072186837896
2012-06-18,0.0007698989567161973,0.0007698989567161973,0.0,0.0007697579748183014
2012-06-19,-0.006390089136047439,-0.006390089136047439,0.0,-0.006390218669666878
2012-06-20,0.002820943588730751,0.002820943588730751,0.0,0.0028208361905744344
2012-06-21,0.009275329525891385,0.009275329525891385,0.0,0.009275212383388928
2012-06-22,-0.002170805113613117,-0.002170805113613117,0.0,-0.0021709540013100004
2012-06-25,0.004034161917730872,0.004034161917730872,0.0,0.004034004760103983
2012-06-26,-0.0021686434612722127,-0.0021686434612722127,0.0,-0.00216881593170449
2012-06-27,-0.0018556448654913904,-0.0018556448654913904,0.0,-0.0018557926642480285
2012-06-28,0.0020427698754146295,0.0020427698754146295,0.0,0.0020426284415099834
2012-06-29,-0.014459351834319234,-0.014459351834319234,0.0,-0.014459500260629782
2012-07-02,0.0010558736171435434,0.0010806379513752518,0.049528668463488704,0.0010557008701604445
2012-07-03,-0.007929149727340157,-0.007929149727340157,0.0,-0.007929304461687567
2012-07-05,0.0037270162311588972,0.0037270162311588972,0.0,0.0037269029633028618
2012-07-06,0.007598165540130708,0.007598165540130708,0.0,0.00759804090499429
2012-07-09,-0.0010269053818307006,-0.0010269053818307006,0.0,-0.001027071470693994
2012-07-10,0.004497295992924144,0.004497295992924144,0.0,0.004497133404617264
2012-07-11,-0.0020504331875109694,-0.0020504331875109694,0.0,-0.0020506307988811274
2012-07-12,0.0034953256401573096,0.0034953256401573096,0.0,0.003495135776123268
2012-07-13,-0.003351334312338583,-0.003351334312338583,0.0,-0.0033515373370749
2012-07-16,-0.0006488715593861993,-0.0006488715593861993,0.0,-0.0006490619231494443
2012-07-17,-0.0020679179367297795,-0.0020679179367297795,0.0,-0.0020681058475358616
2012-07-18,-0.0007189785816585914,-0.0007189785816585914,0.0,-0.0007191406511091867
2012-07-19,-0.0042859898422448195,-0.0042859898422448195,0.0,-0.004286149458675561
2012-07-20,0.005195667858417741,0.005195667858417741,0.0,0.0051955229279229504
2012-07-23,0.007644784797796733,0.007644784797796733,0.0,0.007644604085107149
2012-07-24,0.0027776196483337845,0.0027776196483337845,0.0,0.002777410200381114
2012-07-25,-0.0021820314446018285,-0.0021820314446018285,0.0,-0.0021822513041684388
2012-07-26,-0.004684475836636337,-0.004684475836636337,0.0,-0.0046847086654589875
2012-07-27,-0.007456427288014433,-0.007456427288014433,0.0,-0.007456640668303079
2012-07-30,0.0008663997636124687,0.0008663997636124687,0.0,0.0008662175727276294
2012-07-31,0.0035138744233951247,0.0035138744233951247,0.0,0.003513688611593856
2012-08-01,-0.0017903992348472508,-0.0016506369049500424,0.27952465979433166,-0.0017902269216937092
2012-08-02,0.004305324743222316,0.004305324743222316,0.0,0.004305481454474897
2012-08-03,-0.008869563038085504,-0.008869563038085504,0.0,-0.008869422308877661
2012-08-06,-0.002403610705140391,-0.002403610705140391,0.0,-0.0024034174283948987
2012-08-07,-0.002878859229328734,-0.002878859229328734,0.0,-0.0028786355954283646
2012-08-08,-0.0016957593498212464,-0.0016957593498212464,0.0,-0.001695522467521064
2012-08-09,-0.0008124146487683559,-0.0008124146487683559,0.0,-0.0008121699493927733
2012-08-10,0.00020729515863560088,0.00020729515863560088,0.0,0.000207521019974117
2012-08-13,0.0031661368357893682,0.0031661368357893682,0.0,0.003166384327098166
2012-08-14,-0.0009873708224236166,-0.0009873708224236166,0.0,-0.0009871378890523145
2012-08-15,-0.0010647651929064361,-0.0010647651929064361,0.0,-0.0010645708928866528
2012-08-16,-0.0024304795233638377,-0.0024304795233638377,0.0,-0.0024302812094534735
2012-08-17,0.0007119346218704692,0.0007119346218704692,0.0,0.0007121421203857379
2012-08-20,-0.0017456582681647514,-0.0017456582681647514,0.0,-0.0017454079447333567
2012-08-21,-0.002197536170768788,-0.002197536170768788,0.0,-0.0021972777763321237
2012-08-22,-0.0010006541775122724,-0.0010006541775122724,0.0,-0.0010003856004480016
2012-08-23,0.0002052394060358953,0.0002052394060358953,0.0,0.0002055126244321976
2012-08-24,0.0017050543291161624,0.0017050543291161624,0.0,0.001705301844234494
2012-08-27,0.003106484127674669,0.003106484127674669,0.0,0.003106748500836761
2012-08-28,-0.000399851722420963,-0.000399851722420963,0.0,-0.0003996244166225197
2012-08-29,0.0018449882446422983,0.0018449882446422983,0.0,0.0018452630255278617
2012-08-30,0.0026922051436841787,0.0026922051436841787,0.0,0.0026924263981616486
2012-08-31,-0.004279954090507743,-0.004279954090507743,0.0,-0.004279765085337083
2012-09-04,0.0013601968186822688,0.001465489341624382,0.21058504588435598,0.0013596792347020691
2012-09-05,0.0008772803884558034,0.0008772803884558034,0.0,0.0008767053101878674
2012-09-06,-0.0017508702311640478,-0.0017508702311640478,0.0,-0.001751448631411311
2012-09-07,-0.006210482753081115,-0.006210482753081115,0.0,-0.006211054511716034
2012-09-10,0.00172486838726571,0.00172486838726571,0.0,0.0017243701572121856
2012-09-11,-0.0020058182645273925,-0.0020058182645273925,0.0,-0.002006322469609333
2012-09-12,-0.0016643886600707924,-0.0016643886600707924,0.0,-0.0016648859029352646
2012-09-13,-0.00397187329871862,-0.00397187329871862,0.0,-0.0039723647548401825
2012-09-14,-0.002974263429018631,-0.002974263429018631,0.0,-0.002974788779837061
2012-09-17,0.004689926368089736,0.004689926368089736,0.0,0.004689412471704
2012-09-18,-0.0006936801460258879,-0.0006936801460258879,0.0,-0.000694163667696265
2012-09-19,-0.002044612391543965,-0.002044612391543965,0.0,-0.002045141604517021
2012-09-20,0.0014537038315938222,0.0014537038315938222,0.0,0.0014531824775491863
2012-09-21,-0.0009138399756390969,-0.0009138399756390969,0.0,-0.0009143669092109786
2012-09-24,0.0013735251866524578,0.0013735251866524578,0.0,0.001373001763739815
2012-09-25,-2.620020062582551e-05,-2.620020062582551e-05,0.0,-2.6728892912745898e-05
2012-09-26,0.001217889211193146,0.001217889211193146,0.0,0.0012173606194229704
2012-09-27,-0.0017375358370697036,-0.0017375358370697036,0.0,-0.0017379721394816274
2012-09-28,-6.293149210134796e-05,-6.293149210134796e-05,0.0,-6.341020936396013e-05
2012-10-01,-0.0017123614138568888,-0.0013911700162468899,0.6423827952199477,-0.0017143796037697061
2012-10-02,0.00026576618321350054,0.00026576618321350054,0.0,0.00026374872226322076
2012-10-03,-0.0021860349525800737,-0.0021860349525800737,0.0,-0.002188052826412667
2012-10-04,0.0047885838406698245,0.0047885838406698245,0.0,0.004786345540372801
2012-10-05,-0.0024547848181329934,-0.0024547848181329934,0.0,-0.0024572560174630506
2012-10-08,-0.0018152087510212578,-0.0018152087510212578,0.0,-0.001817675289842812
2012-10-09,-0.0017612864288669705,-0.0017612864288669705,0.0,-0.0017635255982370714
2012-10-10,-0.0003956381895225958,-0.0003956381895225958,0.0,-0.0003978743081061507
2012-10-11,0.0035385228397404322,0.0035385228397404322,0.0,0.0035362874067270227
2012-10-12,-0.0019985062567257073,-0.0019985062567257073,0.0,-0.0020009719540472004
2012-10-15,0.0015705051391110558,0.0015705051391110558,0.0,0.0015680432453178358
2012-10-16,0.0022093499283142304,0.0022093499283142304,0.0,0.0022073332098940406
2012-10-17,0.001065112265301149,0.001065112265301149,0.0,0.0010626431982772983
2012-10-18,-0.0021968268504509725,-0.0021968268504509725,0.0,-0.002199073290761137
2012-10-19,-0.00681156862970167,-0.00681156862970167,0.0,-0.006813811279157508
2012-10-22,0.0003560218921934144,0.0003560218921934144,0.0,0.00035379107742391797
2012-10-23,-0.006607089746785477,-0.006607089746785477,0.0,-0.006609544323212794
2012-10-24,-0.0015067903172700792,-0.0015067903172700792,0.0,-0.0015092321868779282
2012-10-25,0.0024407554755716543,0.0024407554755716543,0.0,0.002438316508210723
2012-10-26,-0.0004162420183764226,-0.0004162420183764226,0.0,-0.00041890782610320884
2012-10-31,0.0014897112410641178,0.0014897112410641178,0.0,0.0014872683840909586
2012-11-01,0.0028737203401101308,0.0031808440424871964,0.6142474047538553,0.0028732534836312437
2012-11-02,0.003951700884296638,0.003951700884296638,0.0,0.003951231820053286
2012-11-05,-0.00031062945701254563,-0.00031062945701254563,0.0,-0.00031121768275023967
2012-11-06,-0.00436854109355389,-0.00436854109355389,0.0,-0.004369074777345852
2012-11-07,0.0012227623177425428,0.0012227623177425428,0.0,0.0012222437038449877
2012-11-08,-0.002612746584804704,-0.002612746584804704,0.0,-0.0026132694116407246
2012-11-09,-0.0006141125994395535,-0.0006141125994395535,0.0,-0.0006145750205433292
2012-11-12,0.0016928495844310554,0.0016928495844310554,0.0,0.0016923890737811711
2012-11-13,-0.00025542086272056785,-0.00025542086272056785,0.0,-0.0002559901348012104
2012-11-14,-0.0023410592906879524,-0.0023410592906879524,0.0,-0.0023415759291466527
2012-11-15,-0.00010895964419932458,-0.00010895964419932458,0.0,-0.00010936647544810326
2012-11-16,0.00046511038240693026,0.00046511038240693026,0.0,0.0004648054851765768
2012-11-19,-0.0011617750885688505,-0.0011617750885688505,0.0,-0.001162233882133239
2012-11-20,0.0006617493600240554,0.0006617493600240554,0.0,0.0006613447616449432
2012-11-21,0.0007977143207102966,0.0007977143207102966,0.0,0.0007972062829405515
2012-11-23,-0.0007844910064809252,-0.0007844910064809252,0.0,-0.0007850018023145375
2012-11-26,0.0007924640414029849,0.0007924640414029849,0.0,0.0007919559600436651
2012-11-27,0.0007685959641052786,0.0007685959641052786,0.0,0.0007680851428548544
2012-11-28,0.0021055791020894166,0.0021055791020894166,0.0,0.0021050656255110337
2012-11-29,-0.001147683215551476,-0.001147683215551476,0.0,-0.001148151877592386
2012-11-30,0.0019372232837302494,0.0019372232837302494,0.0,0.0019368098642135799
2012-12-03,-0.002969021504147018,-0.0027014124258494254,0.5352181565951485,-0.0029709159905199766
2012-12-04,-5.21158090565077e-05,-5.21158090565077e-05,0.0,-5.401226133491538e-05
2012-12-05,0.0014048730373779073,0.0014048730373779073,0.0,0.0014029766930787483
2012-12-06,0.0021732491667874054,0.0021732491667874054,0.0,0.002171349915801742
2012-12-07,-0.0003712415115808554,-0.0003712415115808554,0.0,-0.0003729548755053982
2012-12-10,0.0005197277815374157,0.0005197277815374157,0.0,0.0005180151076597751
2012-12-11,0.00043299603370949846,0.00043299603370949846,0.0,0.0004314727986674774
2012-12-12,-0.0001329623401699065,-0.0001329623401699065,0.0,-0.00013429579621725558
2012-12-13,-0.003220425588143283,-0.003220425588143283,0.0,-0.0032215683858416383
2012-12-14,0.000532789942042422,0.000532789942042422,0.0,0.0005320307437552426
2012-12-17,0.0017193621627922262,0.0017193621627922262,0.0,0.0017184126137205458
2012-12-18,0.0022143936844933876,0.0022143936844933876,0.0,0.0022132520946942422
2012-12-19,-0.001145331606592026,-0.001145331606592026,0.0,-0.0011462852134020126
2012-12-20,0.0008311755412937494,0.0008311755412937494,0.0,0.000830032631090602
2012-12-21,-0.001402390357728489,-0.001402390357728489,0.0,-0.001403534296107419
2012-12-24,-0.0007760395700654454,-0.0007760395700654454,0.0,-0.0007771817712316163
2012-12-26,-0.0010125867153217838,-0.0010125867153217838,0.0,-0.0010142985739711972
2012-12-27,0.0010862923189645102,0.0010862923189645102,0.0,0.0010847723422845053
2012-12-28,-0.0015964769723523231,-0.0015964769723523231,0.0,-0.0015966671938695313
2012-12-31,0.0039162281203029,0.0039162281203029,0.0,0.003915278664545647
2013-01-02,0.008187381093067714,0.008377964030879426,0.38116587562336185,0.008185296310160146
2013-01-03,-0.005492466169340626,-0.005492466169340626,0.0,-0.005494538517901643
2013-01-04,0.0011791824376807813,0.0011791824376807813,0.0,0.0011773744592801622
2013-01-07,-0.0019496115075346987,-0.0019496115075346987,0.0,-0.0019514206281588216
2013-01-08,-0.0019918520077690793,-0.0019918520077690793,0.0,-0.0019936592361990252
2013-01-09,0.002552884543687295,0.002552884543687295,0.0,0.0025513371510750404
2013-01-10,0.0048722876213693755,0.0048722876213693755,0.0,0.00487073810619393
2013-01-11,-0.0003093077257508847,-0.0003093077257508847,0.0,-0.0003111201967080442
2013-01-14,0.0017088026111653498,0.0017088026111653498,0.0,0.001706731557122011
2013-01-15,0.00024925868501712856,0.00024925868501712856,0.0,0.0002469266313712634
2013-01-16,-0.0015046112951780932,-0.0015046112951780932,0.0,-0.0015066845062837344
2013-01-17,0.0030812530568535834,0.0030812530568535834,0.0,0.003079440449342232
2013-01-18,0.001461943296734436,0.001461943296734436,0.0,0.0014598683569517037
2013-01-22,0.0007089022818453916,0.0007089022818453916,0.0,0.0007068257367639906
2013-01-23,-0.00021602375106333227,-0.00021602375106333227,0.0,-0.00021810107400919117
2013-01-24,-0.0005681242806836462,-0.0005681242806836462,0.0,-0.000570201366539697
2013-01-25,-0.00019300551310619252,-0.00019300551310619252,0.0,-0.0001950819750815645
2013-01-28,-0.00286578160945139,-0.00286578160945139,0.0,-0.0028675983281901476
2013-01-29,0.0031336848020453445,0.0031336848020453445,0.0,0.0031318708454074846
2013-01-30,-8.040978977774671e-05,-8.040978977774671e-05,0.0,-8.222675729212673e-05
2013-01-31,-0.00033588509931226085,-0.00033588509931226085,0.0,-0.00033770198956187676
2013-02-01,0.005161482619046476,0.005300158567641544,0.2773518971902226,0.005160546398300826
2013-02-04,-0.003153853548519381,-0.003153853548519381,0.0,-0.0031549413669249115
2013-02-05,0.001559999030818826,0.001559999030818826,0.0,0.001558916559160516
2013-02-06,0.0010951659892830534,0.0010951659892830534,0.0,0.001094080877068106
2013-02-07,-0.0014209934219715503,-0.0014209934219715503,0.0,-0.0014220803859083108
2013-02-08,0.0025027879161685362,0.0025027879161685362,0.0,0.002501703358286109
2013-02-11,0.0015517720525151102,0.0015517720525151102,0.0,0.001550372185992734
2013-02-12,0.00037253051209540367,0.00037253051209540367,0.0,0.0003711272810247414
2013-02-13,0.00043817873092333315,0.00043817873092333315,0.0,0.00043661868815711164
2013-02-14,0.0003702157415801377,0.0003702157415801377,0.0,0.0003684985342960659
2013-02-15,0.001732318732393212,0.001732318732393212,0.0,0.0017307567440248343
2013-02-19,0.001708713361763703,0.001708713361763703,0.0,0.0017068339822691324
2013-02-20,-0.000389016492619243,-0.000389016492619243,0.0,-0.0003909007891214968
2013-02-21,-0.003022078665544603,-0.003022078665544603,0.0,-0.0030241187735599298
2013-02-22,0.0028179766964593345,0.0028179766964593345,0.0,0.002815946041734039
2013-02-25,-0.005543056975849114,-0.005543056975849114,0.0,-0.005544939540278729
2013-02-26,0.00076867184535101,0.00076867184535101,0.0,0.000766494244377838
2013-02-27,0.003829391322125675,0.003829391322125675,0.0,0.0038276783113620023
2013-02-28,0.0012529957775808676,0.0012529957775808676,0.0,0.0012512726497509131
2013-03-01,0.0013432440380491961,0.0014851735420760015,0.28385900805340214,0.0013419166511597868
2013-03-04,0.0006306958749369151,0.0006306958749369151,0.0,0.000629360134073198
2013-03-05,0.0017756989736446016,0.0017756989736446016,0.0,0.0017747261370985863
2013-03-06,-1.1078736002145817e-05,-1.1078736002145817e-05,0.0,-1.2299660115468745e-05
2013-03-07,-0.002397085434536317,-0.002397085434536317,0.0,-0.0023983063282123603
2013-03-08,0.0015698194975286572,0.0015698194975286572,0.0,0.0015686052053342692
2013-03-11,-0.00015297270234948535,-0.00015297270234948535,0.0,-0.00015419131099071913
2013-03-12,-0.0028646475483877776,-0.0028646475483877776,0.0,-0.002865865736343982
2013-03-13,0.0012846249884883587,0.0012846249884883587,0.0,0.001283535729869845
2013-03-14,0.0019513717002777042,0.0019513717002777042,0.0,0.0019501578745164964
2013-03-15,-0.0004922568914806913,-0.0004922568914806913,0.0,-0.0004933541626664826
2013-03-18,-0.0011353617979306119,-0.0011353617979306119,0.0,-0.001136214283336678
2013-03-19,0.0005180084636808857,0.0005180084636808857,0.0,0.0005171581666628403
2013-03-20,0.0019920145819196655,0.0019920145819196655,0.0,0.0019911632869672115
2013-03-21,-0.001986367543119094,-0.001986367543119094,0.0,-0.001987222668024107
2013-03-22,0.001538548537706852,0.001538548537706852,0.0,0.0015376972394983283
2013-03-25,-0.001069256981757749,-0.001069256981757749,0.0,-0.0010702332762007464
2013-03-26,0.0020778579054658852,0.0020778579054658852,0.0,0.002077005706767137
2013-03-27,0.00043135919625547636,0.00043135919625547636,0.0,0.00043025837863573104
2013-03-28,0.0008916274328918394,0.0008916274328918394,0.0,0.0008907704128732921
2013-04-01,-0.0025758552767577436,-0.002524217592336564,0.10327536884243035,-0.0025765445167752372
2013-04-02,0.003832961958191383,0.003832961958191383,0.0,0.0038323607495578138
2013-04-03,0.0008592814535217652,0.0008592814535217652,0.0,0.0008587590082488047
2013-04-04,0.006949914318093331,0.006949914318093331,0.0,0.006949302937063664
2013-04-05,-0.0005893026875787299,-0.0005893026875787299,0.0,-0.0005899290209625949
2013-04-08,0.0018092839244570058,0.0018092839244570058,0.0,0.0018086588596726934
2013-04-09,-0.0030835439966643285,-0.0030835439966643285,0.0,-0.0030840830989092957
2013-04-10,0.0040914055671250615,0.0040914055671250615,0.0,0.0040907832609976
2013-04-11,0.002095369627320487,0.002095369627320487,0.0,0.0020947385382190245
2013-04-12,0.00664308011715109,0.00664308011715109,0.0,0.006642535336177753
2013-04-15,0.007417187135860592,0.007417187135860592,0.0,0.007416630237549928
2013-04-16,-0.0004866186414084206,-0.0004866186414084206,0.0,-0.00048718896945857895
2013-04-17,0.00017454708245945305,0.00017454708245945305,0.0,0.0001739776359218071
2013-04-18,-0.0033524043720861707,-0.0033524043720861707,0.0,-0.003352879174315775
2013-04-19,0.0036697209899305694,0.0036697209899305694,0.0,0.0036692512645876483
2013-04-22,-0.00031037787802778993,-0.00031037787802778993,0.0,-0.0003108531404825453
2013-04-23,0.003851750978308033,0.003851750978308033,0.0,0.003851276184316849
2013-04-24,-0.001199273362103792,-0.001199273362103792,0.0,-0.0011998500644151832
2013-04-25,-0.0032998525240731658,-0.0032998525240731658,0.0,-0.003300331304010044
2013-04-26,0.0017300565710380855,0.0017300565710380855,0.0,0.0017295827749704946
2013-04-29,-0.001497492602083761,-0.001497492602083761,0.0,-0.0014979690065965207
2013-04-30,0.0006338358487067985,0.0006338358487067985,0.0,0.0006333617053834
2013-05-01,0.0005403349925932055,0.0006044242791316545,0.12817857307698205,0.0005396078231372402
2013-05-02,0.0007757527960814414,0.0007757527960814414,0.0,0.0007751528786771875
2013-05-03,0.00020765188790061728,0.00020765188790061728,0.0,0.00020705089752427256
2013-05-06,0.0013346509168072895,0.0013346509168072895,0.0,0.0013341698947851735
2013-05-07,0.0016410776626107904,0.0016410776626107904,0.0,0.00164059516605962
2013-05-08,0.0005146555278032761,0.0005146555278032761,0.0,0.0005141712211517546
2013-05-09,0.0004403331516233955,0.0004403331516233955,0.0,0.0004398482776014335
2013-05-10,0.0015914741340856686,0.0015914741340856686,0.0,0.0015909887748419616
2013-05-13,4.7779564150252085e-05,4.7779564150252085e-05,0.0,4.7170676437889084e-05
2013-05-14,0.0031975704621574064,0.0031975704621574064,0.0,0.0031969615087398496
2013-05-15,0.005287591868587738,0.005287591868587738,0.0,0.00528710119929466
2013-05-16,-0.0011280194619299744,-0.0011280194619299744,0.0,-0.001128391789933483
2013-05-17,0.004346368411099144,0.004346368411099144,0.0,0.00434587320566685
2013-05-20,-0.003563814874719684,-0.003563814874719684,0.0,-0.003564439789148566
2013-05-21,0.00358807170232045,0.00358807170232045,0.0,0.00358757565982272
2013-05-22,-0.003996920113745084,-0.003996920113745084,0.0,-0.003997420057759751
2013-05-23,-0.006790793849558496,-0.006790793849558496,0.0,-0.006791413325174327
2013-05-24,-0.0014546022504984268,-0.0014546022504984268,0.0,-0.0014550903666493912
2013-05-28,-0.0006253028876368472,-0.0006253028876368472,0.0,-0.0006259110313171422
2013-05-29,-0.0030325544921181447,-0.0030325544921181447,0.0,-0.0030331617748537553
2013-05-30,-0.0016594127718764229,-0.0016594127718764229,0.0,-0.001659895247620337
2013-05-31,-0.0019177500138383152,-0.0019177500138383152,0.0,-0.0019182306531727528
2013-06-03,-0.0033097543038815846,-0.003082301018637601,0.4549065704880445,-0.00330984034780978
2013-06-04,0.0005265327190451252,0.0005265327190451252,0.0,0.0005264644572054463
2013-06-05,-0.006559455636933054,-0.006559455636933054,0.0,-0.006559541963486674
2013-06-06,0.0013173304569285005,0.0013173304569285005,0.0,0.0013172566611073966
2013-06-07,0.007406272725516638,0.007406272725516638,0.0,0.007406211678278416
2013-06-10,0.0007996922420330232,0.0007996922420330232,0.0,0.0007996019070452352
2013-06-11,-0.004421514004515625,-0.004421514004515625,0.0,-0.0044216058527440545
2013-06-12,-0.0009665721370640812,-0.0009665721370640812,0.0,-0.0009666555813975519
2013-06-13,0.004325143846400259,0.004325143846400259,0.0,0.004325062240991133
2013-06-14,-0.005458861309847407,-0.005458861309847407,0.0,-0.005458951108499063
2013-06-17,0.005349657438749711,0.005349657438749711,0.0,0.005349578037732943
2013-06-18,0.003930326787076499,0.003930326787076499,0.0,0.003930237250649266
2013-06-19,-0.004465789440173951,-0.004465789440173951,0.0,-0.004465886393809149
2013-06-20,-0.0012545726429944448,-0.0012545726429944448,0.0,-0.001254661131105582
2013-06-21,0.0034159215850428915,0.0034159215850428915,0.0,0.003415835478135819
2013-06-24,-0.004450294291607704,-0.004450294291607704,0.0,-0.004450405373595462
2013-06-25,0.004858975240060515,0.004858975240060515,0.0,0.004858874304820021
2013-06-26,0.0054240465112078695,0.0054240465112078695,0.0,0.0054239345509906325
2013-06-27,0.004146538935656974,0.004146538935656974,0.0,0.004146414734714968
2013-06-28,-0.0023292283135257774,-0.0023292283135257774,0.0,-0.0023293173268643416
2013-07-01,0.0013503619194112915,0.001459748092937252,0.21877234705221663,0.0013500161736816681
2013-07-02,0.0023152896488780605,0.0023152896488780605,0.0,0.0023150312972304455
2013-07-03,-0.00017818036937411463,-0.00017818036937411463,0.0,-0.00017861454404202677
2013-07-05,0.007824405561465353,0.007824405561465353,0.0,0.007824058442707258
2013-07-08,-8.42744459771394e-05,-8.42744459771394e-05,0.0,-8.472037987132582e-05
2013-07-09,0.001325687046351609,0.001325687046351609,0.0,0.0013253304029492968
2013-07-10,0.0024608135356882777,0.0024608135356882777,0.0,0.002460455262978303
2013-07-11,0.00506001142604573,0.00506001142604573,0.0,0.005059650136349099
2013-07-12,0.0004937434401766083,0.0004937434401766083,0.0,0.0004933759780782263
2013-07-15,0.0010281681006150123,0.0010281681006150123,0.0,0.0010278000365261135
2013-07-16,-0.0014559597554616444,-0.0014559597554616444,0.0,-0.0014562367427484696
2013-07-17,0.003782247268614425,0.003782247268614425,0.0,0.0037819716132699347
2013-07-18,0.0019417236171812569,0.0019417236171812569,0.0,0.0019414445147956827
2013-07-19,-0.0015331796808312204,-0.0015331796808312204,0.0,-0.0015334605494233507
2013-07-22,-0.0035611540507555217,-0.0035611540507555217,0.0,-0.0035615266799005883
2013-07-23,0.0012124179002646063,0.0012124179002646063,0.0,0.001212233756239571
2013-07-24,-0.0005074909511225689,-0.0005074909511225689,0.0,-0.0005077682742832008
2013-07-25,-1.7057743871506936e-05,-1.7057743871506936e-05,0.0,-1.7242316877128885e-05
2013-07-26,-0.0019223257207209299,-0.0019223257207209299,0.0,-0.0019226025646448576
2013-07-29,-0.0023200607135763773,-0.0023200607135763773,0.0,-0.002320335797818819
2013-07-30,0.0008554951308048508,0.0008554951308048508,0.0,0.0008551311900864192
2013-07-31,4.6930768575759174e-05,4.6930768575759174e-05,0.0,4.656578217263922e-05
2013-08-01,0.008226649231611427,0.008326640267384944,0.19998207154722286,0.008226579805228023
2013-08-02,2.261316844043293e-05,2.261316844043293e-05,0.0,2.2540627170302543e-05
2013-08-05,0.0006307136658223467,0.0006307136658223467,0.0,0.0006306229464187391
2013-08-06,-0.0008592127577741193,-0.0008592127577741193,0.0,-0.0008592862880532563
2013-08-07,-0.004259867813808604,-0.004259867813808604,0.0,-0.004259958099444878
2013-08-08,-0.002241958769151675,-0.002241958769151675,0.0,-0.002242040952760581
2013-08-09,-0.0007493897096555457,-0.0007493897096555457,0.0,-0.000749467619604454
2013-08-12,-0.0016124694256474115,-0.0016124694256474115,0.0,-0.001612561202101218
2013-08-13,0.004595250242969584,0.004595250242969584,0.0,0.004595162163703572
2013-08-14,-0.002295942906952231,-0.002295942906952231,0.0,-0.002296025046449037
2013-08-15,-0.006968933820620471,-0.006968933820620471,0.0,-0.0069690115832134756
2013-08-16,-0.00056615435111107,-0.00056615435111107,0.0,-0.0005662187351424844
2013-08-19,-0.001677138391738553,-0.001677138391738553,0.0,-0.001677214347592437
2013-08-20,0.0008069216723252115,0.0008069216723252115,0.0,0.0008068736166176479
2013-08-21,-0.0019087323566635561,-0.0019087323566635561,0.0,-0.0019087816534205495
2013-08-22,0.0037741946921352465,0.0037741946921352465,0.0,0.0037741599255077395
2013-08-23,-0.003360027937196808,-0.003360027937196808,0.0,-0.003360067049296555
2013-08-26,-0.0034684525975869906,-0.0034684525975869906,0.0,-0.0034684995715093337
2013-08-27,-0.006933306111405413,-0.006933306111405413,0.0,-0.006933358127372867
2013-08-28,0.0014910560853118593,0.0014910560853118593,0.0,0.0014910329693975236
2013-08-29,0.0021487237118908986,0.0021487237118908986,0.0,0.0021487071426092245
2013-08-30,-0.0009525331344819588,-0.0009525331344819588,0.0,-0.0009525604876345216
2013-09-03,0.0028186100093288147,0.0028786199568227033,0.1200198949879674,0.002818644627127617
2013-09-04,0.005165619823092493,0.005165619823092493,0.0,0.005165654616781252
2013-09-05,0.0011243217508984937,0.0011243217508984937,0.0,0.0011243522871503128
2013-09-06,-0.0022041245095251183,-0.0022041245095251183,0.0,-0.002204094898884037
2013-09-09,0.003112183494138776,0.003112183494138776,0.0,0.0031122149233589382
2013-09-10,0.004683124754049972,0.004683124754049972,0.0,0.0046831536234364065
2013-09-11,-0.0009841113325096407,-0.0009841113325096407,0.0,-0.000984086297132678
2013-09-12,0.0024656004909278106,0.0024656004909278106,0.0,0.0024656134118522903
2013-09-13,-0.00027106285930467156,-0.00027106285930467156,0.0,-0.0002710509461661255
2013-09-16,0.0031722732630914408,0.0031722732630914408,0.0,0.0031722973110162858
2013-09-17,-3.7095057754066296e-05,-3.7095057754066296e-05,0.0,-3.708432667216454e-05
2013-09-18,-0.003602423802103738,-0.003602423802103738,0.0,-0.0036024130559029442
2013-09-19,0.0005960476658735114,0.0005960476658735114,0.0,0.0005960598856282954
2013-09-20,0.0027773509801323204,0.0027773509801323204,0.0,0.0027773629562219326
2013-09-23,-0.0019275964053803163,-0.0019275964053803163,0.0,-0.001927574717682251
2013-09-24,-0.001984184938509048,-0.001984184938509048,0.0,-0.0019841616761320916
2013-09-25,-0.0008566130419346285,-0.0008566130419346285,0.0,-0.0008565881554282897
2013-09-26,0.002494893074592497,0.002494893074592497,0.0,0.002494893074592497
2013-09-27,-0.0011076389784858698,-0.0011076389784858698,0.0,-0.0011076154290358868
2013-09-30,-0.0010177970208045117,-0.0010177970208045117,0.0,-0.0010177725651879803
2013-10-01,0.004831544600377491,0.00489272627875148,0.1223633567476442,0.004831510023597924
2013-10-02,-0.0025396367318722968,-0.0025396367318722968,0.0,-0.0025396733994704373
2013-10-03,-0.0028022001308612987,-0.0028022001308612987,0.0,-0.0028022522412228363
2013-10-04,0.0021343874102957017,0.0021343874102957017,0.0,0.002134338498826977
2013-10-07,-0.006200272224744396,-0.006200272224744396,0.0,-0.006200323567565044
2013-10-08,-0.0029242259910764457,-0.0029242259910764457,0.0,-0.002924299717440288
2013-10-09,0.002639475915481304,0.002639475915481304,0.0,0.0026394077919445415
2013-10-10,0.007795659409520095,0.007795659409520095,0.0,0.007795586242051715
2013-10-11,0.00340299570767999,0.00340299570767999,0.0,0.0034028549886034654
2013-10-14,0.001839587643709173,0.001839587643709173,0.0,0.0018394366353524612
2013-10-15,-0.0035533743842574017,-0.0035533743842574017,0.0,-0.003553648364801777
2013-10-16,0.0029657229276647268,0.0029657229276647268,0.0,0.0029655406803750376
2013-10-17,-0.0009037632145646457,-0.0009037632145646457,0.0,-0.0009038599357321943
2013-10-18,0.0019010962000143294,0.0019010962000143294,0.0,0.0019010201889290528
2013-10-21,-0.0013959814601357534,-0.0013959814601357534,0.0,-0.0013960603388779688
2013-10-22,-0.0016105330922060457,-0.0016105330922060457,0.0,-0.0016106098622742655
2013-10-23,-0.003032343673602389,-0.003032343673602389,0.0,-0.003032418006985248
2013-10-24,0.0009841057376522855,0.0009841057376522855,0.0,0.0009840534389604786
2013-10-25,0.0003854408110006702,0.0003854408110006702,0.0,0.00038536958743051893
2013-10-28,0.00012171528255899844,0.00012171528255899844,0.0,0.00012164347485565552
2013-10-29,0.0015138117324864364,0.0015138117324864364,0.0,0.001513739740346776
2013-10-30,-0.001583614932148314,-0.001583614932148314,0.0,-0.001583689214713921
2013-10-31,0.0010012831683423595,0.0010012831683423595,0.0,0.0010012112856166901
2013-11-01,0.0014026556320350103,0.0014126427166956113,0.019974169321044555,0.0014025865517647577
2013-11-04,0.0017292549908818344,0.0017292549908818344,0.0,0.0017291678906387663
2013-11-05,-0.00184582425196822,-0.00184582425196822,0.0,-0.0018459146269913182
2013-11-06,0.0014883975047206288,0.0014883975047206288,0.0,0.0014883106316948991
2013-11-07,-0.005092898987587358,-0.005092898987587358,0.0,-0.005092988680284353
2013-11-08,0.005234456785717878,0.005234456785717878,0.0,0.005234360791542817
2013-11-11,0.0013762172114102356,0.0013762172114102356,0.0,0.0013761093190009812
2013-11-12,0.0013835192869389168,0.0013835192869389168,0.0,0.0013833712651598361
2013-11-13,0.0013721525346979124,0.0013721525346979124,0.0,0.0013720003313703506
2013-11-14,-0.00029231249542371884,-0.00029231249542371884,0.0,-0.0002924688402621072
2013-11-15,0.003979413358898842,0.003979413358898842,0.0,0.003979257896593056
2013-11-18,0.0005206543209632652,0.0005206543209632652,0.0,0.0005204659632319597
2013-11-19,0.00072862602795154,0.00072862602795154,0.0,0.0007284570339736307
2013-11-20,0.0010931316226205912,0.0010931316226205912,0.0,0.001092960440272095
2013-11-21,0.0029273560253924025,0.0029273560253924025,0.0,0.0029272033712318293
2013-11-22,0.00048426689576830384,0.00048426689576830384,0.0,0.00048410657936640066
2013-11-25,-0.0024080129461497846,-0.0024080129461497846,0.0,-0.002408197612822085
2013-11-26,0.0012752568912006712,0.0012752568912006712,0.0,0.0012751016228991785
2013-11-27,0.0033298875460643362,0.0033298875460643362,0.0,0.003329728937649065
2013-11-29,-0.0005578018790249883,-0.0005578018790249883,0.0,-0.0005579452798901472
2013-12-02,0.0028397055545590355,0.002858073713231768,0.03673631734558854,0.0028396191161380105
2013-12-03,-0.000557269342491562,-0.000557269342491562,0.0,-0.0005573748259528915
2013-12-04,-0.0008076124932222539,-0.0008076124932222539,0.0,-0.0008077167079274757
2013-12-05,0.0010623839469110496,0.0010623839469110496,0.0,0.0010622815724137934
2013-12-06,0.003654322206906535,0.003654322206906535,0.0,0.0036542174142537233
2013-12-09,-0.0010776237030557523,-0.0010776237030557523,0.0,-0.0010777556299423673
2013-12-10,-0.0032980985398993745,-0.0032980985398993745,0.0,-0.003298227612478485
2013-12-11,-0.003936851408059661,-0.003936851408059661,0.0,-0.003936971716041518
2013-12-12,0.002119931166381095,0.002119931166381095,0.0,0.0021198213618133267
2013-12-13,-0.0011588945890846913,-0.0011588945890846913,0.0,-0.0011590100376072231
2013-12-16,0.0011361498945494652,0.0011361498945494652,0.0,0.001136037534965656
2013-12-17,-0.001045506241574734,-0.001045506241574734,0.0,-0.0010456216260364285
2013-12-18,0.006523337269271234,0.006523337269271234,0.0,0.006523224671271633
2013-12-19,0.00025918977548311517,0.00025918977548311517,0.0,0.00025907845732253096
2013-12-20,9.769273453597016e-05,9.769273453597016e-05,0.0,9.756217721614574e-05
2013-12-23,0.002163320501259891,0.002163320501259891,0.0,0.0021631896853511233
2013-12-24,0.0009960436132823158,0.0009960436132823158,0.0,0.0009959070835075944
2013-12-26,0.0010361367183440162,0.0010361367183440162,0.0,0.0010359975603888725
2013-12-27,0.0009100405773687648,0.0009100405773687648,0.0,0.0009098986882725725
2013-12-30,0.0022517861840001263,0.0022517861840001263,0.0,0.0022516418983192657
2013-12-31,0.0016856561342326604,0.0016856561342326604,0.0,0.001685505931813909
2014-01-02,-0.004905790582019787,-0.004814251581001461,0.1830780020365367,-0.004905430244484045
2014-01-03,-0.0013949928195282624,-0.0013949928195282624,0.0,-0.001394632531577982
2014-01-06,8.291757945677602e-05,8.291757945677602e-05,0.0,8.31780592029621e-05
2014-01-07,0.002493219334513075,0.002493219334513075,0.0,0.002493427569428483
2014-01-08,0.001384871495049067,0.001384871495049067,0.0,0.0013851262067773626
2014-01-09,0.001252171348523623,0.001252171348523623,0.0,0.0012523726409334167
2014-01-10,-0.003749673074858295,-0.003749673074858295,0.0,-0.003749424255377639
2014-01-13,-0.003293546827862759,-0.003293546827862759,0.0,-0.003293392493574723
2014-01-14,0.003245579333555737,0.003245579333555737,0.0,0.003245791037716125
2014-01-15,0.0028443278589809218,0.0028443278589809218,0.0,0.0028445337432144685
2014-01-16,-5.318718080737916e-06,-5.318718080737916e-06,0.0,-5.117919789490553e-06
2014-01-17,-0.0017598198036172796,-0.0017598198036172796,0.0,-0.0017595687938651583
2014-01-21,0.003928815011766451,0.003928815011766451,0.0,0.003929018971865938
2014-01-22,-0.0001810922240053081,-0.0001810922240053081,0.0,-0.00018089527390065328
2014-01-23,-0.0004378752755106463,-0.0004378752755106463,0.0,-0.00043767800223336035
2014-01-24,-0.003554675279971664,-0.003554675279971664,0.0,-0.003554477224930853
2014-01-27,-0.00039769292116242916,-0.00039769292116242916,0.0,-0.000397437391107904
2014-01-28,0.0011703324665346404,0.0011703324665346404,0.0,0.00117058888763928
2014-01-29,-0.0027818870552005492,-0.0027818870552005492,0.0,-0.0027816840136135807
2014-01-30,0.0041430029464690765,0.0041430029464690765,0.0,0.004143106964475777
2014-01-31,-0.0037500808382322504,-0.0037500808382322504,0.0,-0.003749980523925595
2014-02-03,-0.004829112710759698,-0.004638496682225379,0.3812320570684598,-0.0048288541415186575
2014-02-04,-0.0007619446148431352,-0.0007619446148431352,0.0,-0.000761623854087713
2014-02-05,-0.0005687029077546812,-0.0005687029077546812,0.0,-0.0005683262833936325
2014-02-06,0.0003109320842462626,0.0003109320842462626,0.0,0.00031131050354576663
2014-02-07,0.00031885040690804445,0.00031885040690804445,0.0,0.0003192817648984569
2014-02-10,0.0017829189197708928,0.0017829189197708928,0.0,0.0017832953522912665
2014-02-11,-0.0009977411821969762,-0.0009977411821969762,0.0,-0.0009974763116056085
2014-02-12,0.0008202589505839075,0.0008202589505839075,0.0,0.0008205260673338599
2014-02-13,-0.0020099693373993865,-0.0020099693373993865,0.0,-0.0020098101744030383
2014-02-14,-0.0036341356839905137,-0.0036341356839905137,0.0,-0.0036340277631950317
2014-02-18,-3.2682995227295564e-05,-3.2682995227295564e-05,0.0,-3.240497227879817e-05
2014-02-19,-0.0015004804069654876,-0.0015004804069654876,0.0,-0.0015001466907037884
2014-02-20,-0.0004961888561800798,-0.0004961888561800798,0.0,-0.0004959073597718207
2014-02-21,-0.000228500333921966,-0.000228500333921966,0.0,-0.00022821771277854621
2014-02-24,0.0007238648078844445,0.0007238648078844445,0.0,0.0007241479470989477
2014-02-25,0.0014214818238331706,0.0014214818238331706,0.0,0.001421763323040606
2014-02-26,0.001735493420659262,0.001735493420659262,0.0,0.0017357717038916966
2014-02-27,-0.00311065917098452,-0.00311065917098452,0.0,-0.003110439680075063
2014-02-28,0.0012359363912382015,0.0012359363912382015,0.0,0.0012362178021913847
2014-03-03,-0.0036479891348891735,-0.0034509097258923482,0.39415881799363406,-0.0036480750096856444
2014-03-04,0.00501078552020906,0.00501078552020906,0.0,0.005010697163465958
2014-03-05,-0.000631399568391644,-0.000631399568391644,0.0,-0.0006315169388071024
2014-03-06,-0.0002611130376458659,-0.0002611130376458659,0.0,-0.00026120965455236623
2014-03-07,0.003277413291228548,0.003277413291228548,0.0,0.0032772979425194047
2014-03-10,0.000791649226849378,0.000791649226849378,0.0,0.0007915469353723887
2014-03-11,-0.0007379442148732762,-0.0007379442148732762,0.0,-0.0007380479949254604
2014-03-12,-0.002567770715242945,-0.002567770715242945,0.0,-0.002567873106679268
2014-03-13,-0.002296626486916975,-0.002296626486916975,0.0,-0.002296724034048801
2014-03-14,-0.0019955094327264167,-0.0019955094327264167,0.0,-0.0019956026371153257
2014-03-17,0.0028952750484796397,0.0028952750484796397,0.0,0.0028951677402913817
2014-03-18,0.0010275098513108372,0.0010275098513108372,0.0,0.0010274149579695953
2014-03-19,0.0008158902835690984,0.0008158902835690984,0.0,0.0008157740845032662
2014-03-20,-0.0014581040940783163,-0.0014581040940783163,0.0,-0.001458222139428008
2014-03-21,-0.0033628437141393075,-0.0033628437141393075,0.0,-0.003362958455116874
2014-03-24,-0.0010314678305058944,-0.0010314678305058944,0.0,-0.001031574924854269
2014-03-25,-0.00013826499153379856,-0.00013826499153379856,0.0,-0.00013835228029650574
2014-03-26,-0.0013410046299489053,-0.0013410046299489053,0.0,-0.0013410916564090246
2014-03-27,-0.0019963473248187924,-0.0019963473248187924,0.0,-0.0019964149080375195
2014-03-28,0.0004659015812795708,0.0004659015812795708,0.0,0.0004658370380153485
2014-03-31,0.002253857451727459,0.002253857451727459,0.0,0.002253775886240771
2014-04-01,0.0016055682012552364,0.001661026700929602,0.11091699934901939,0.0016053610772888524
2014-04-02,-0.0010537617886857698,-0.0010537617886857698,0.0,-0.0010538661769308535
2014-04-03,-0.0003661305521571734,-0.0003661305521571734,0.0,-0.000366234213317547
2014-04-04,-0.004322352803126761,-0.004322352803126761,0.0,-0.004322507915789101
2014-04-07,-0.002875279272632203,-0.002875279272632203,0.0,-0.002875429890660702
2014-04-08,0.00017238979222344852,0.00017238979222344852,0.0,0.00017224217269910604
2014-04-09,0.004656415218664112,0.004656415218664112,0.0,0.004656218152969178
2014-04-10,-0.006881713726699101,-0.006881713726699101,0.0,-0.006881917235905934
2014-04-11,-0.0038743918158152812,-0.0038743918158152812,0.0,-0.003874585736171369
2014-04-14,0.0023012577071104268,0.0023012577071104268,0.0,0.0023010692062564522
2014-04-15,0.0026312632569531758,0.0026312632569531758,0.0,0.0026310715444889756
2014-04-16,0.002435911166298599,0.002435911166298599,0.0,0.0024357157913090857
2014-04-17,0.0006725909806084562,0.0006725909806084562,0.0,0.00067244191258853
2014-04-21,0.001462955101439345,0.001462955101439345,0.0,0.0014627554107848452
2014-04-22,0.001070376103863735,0.001070376103863735,0.0,0.0010702248155875995
2014-04-23,-0.0012122330331866271,-0.0012122330331866271,0.0,-0.0012123346327924383
2014-04-24,-0.0009188032830860227,-0.0009188032830860227,0.0,-0.000918853662916168
2014-04-25,-0.002554534483611093,-0.002554534483611093,0.0,-0.0025546846672773425
2014-04-28,0.0013068958066804193,0.0013068958066804193,0.0,0.001306748287283263
2014-04-29,0.0016379492315203859,0.0016379492315203859,0.0,0.001637849977751056
2014-04-30,0.0011809197808674288,0.0011809197808674288,0.0,0.001180769196922729
2014-05-01,0.0004412619170879317,0.000578473666623891,0.27442349907183405,0.0004412100698356938
2014-05-02,-0.0034291888019405414,-0.0034291888019405414,0.0,-0.003429222470617416
2014-05-05,0.0008791320140133507,0.0008791320140133507,0.0,0.0008790854336327405
2014-05-06,-0.0023181125415397963,-0.0023181125415397963,0.0,-0.0023181601266725237
2014-05-07,0.0023424428346134896,0.0023424428346134896,0.0,0.002342397904986618
2014-05-08,-0.00043557429576068785,-0.00043557429576068785,0.0,-0.0004356219024939304
2014-05-09,-0.0003950266334884489,-0.0003950266334884489,0.0,-0.0003950737422002071
2014-05-12,-0.00018612005444440527,-0.00018612005444440527,0.0,-0.00018616671131706905
2014-05-13,-0.0009241690780298351,-0.0009241690780298351,0.0,-0.0009242155219751551
2014-05-14,-0.003782299971927583,-0.003782299971927583,0.0,-0.003782345357615669
2014-05-15,0.00040865745168394696,0.00040865745168394696,0.0,0.0004086164135152583
2014-05-16,0.000337635221142607,0.000337635221142607,0.0,0.0003375937134393843
2014-05-19,0.0018197683981515667,0.0018197683981515667,0.0,0.00181972650264705
2014-05-20,0.0002193464316739835,0.0002193464316739835,0.0,0.0002193024498153132
2014-05-21,0.00045148392555627304,0.00045148392555627304,0.0,0.0004514249478456572
2014-05-22,-0.0009218032299405099,-0.0009218032299405099,0.0,-0.0009218479805001772
2014-05-23,0.001462205723054666,0.001462205723054666,0.0,0.001462147465119153
2014-05-27,0.0037300586984656547,0.0037300586984656547,0.0,0.003729998208018155
2014-05-28,-0.0032142396728214173,-0.0032142396728214173,0.0,-0.0032143058371999936
2014-05-29,0.0013756811389555867,0.0013756811389555867,0.0,0.0013756198796426309
2014-05-30,0.0014358913716885358,0.0014358913716885358,0.0,0.0014358280159120712
2014-06-02,-0.0011997648453918597,-0.0008835556947957013,0.6324183011923596,-0.0012005238086051054
2014-06-03,-0.0012445386541173331,-0.0012445386541173331,0.0,-0.0012452975038074639
2014-06-04,0.00036884014699900547,0.00036884014699900547,0.0,0.00036808232963405247
2014-06-05,0.0029786020754101195,0.0029786020754101195,0.0,0.002977843952210888
2014-06-06,0.0001923684414575355,0.0001923684414575355,0.0,0.00019160785580051826
2014-06-09,-0.0013397344952287282,-0.0013397344952287282,0.0,-0.0013404952398892132
2014-06-10,-0.001713373174691668,-0.001713373174691668,0.0,-0.0017141328104997582
2014-06-11,-0.00112218418321397,-0.00112218418321397,0.0,-0.0011229423984878111
2014-06-12,-0.0008062687395909984,-0.0008062687395909984,0.0,-0.0008070260234320529
2014-06-13,0.0009246701712719574,0.0009246701712719574,0.0,0.0009239135571882694
2014-06-16,0.0004354819878857885,0.0004354819878857885,0.0,0.0004347246063997384
2014-06-17,-0.0007562745683898919,-0.0007562745683898919,0.0,-0.0007570323111338762
2014-06-18,0.002920277189238485,0.002920277189238485,0.0,0.0029197093530673084
2014-06-19,-0.0029451234470420085,-0.0029451234470420085,0.0,-0.002945503213147473
2014-06-20,0.0008968888376870154,0.0008968888376870154,0.0,0.0008965102941235875
2014-06-23,-0.001759178841019171,-0.001759178841019171,0.0,-0.0017597472143214494
2014-06-24,-0.00034456778976743596,-0.00034456778976743596,0.0,-0.0003451350667508555
2014-06-25,0.0017773026271681314,0.0017773026271681314,0.0,0.0017767355649931011
2014-06-26,0.000384571586002469,0.000384571586002469,0.0,0.0003838140283962713
2014-06-27,0.0012281041910888746,0.0012281041910888746,0.0,0.0012275357836542583
2014-06-30,-0.00041891981983133153,-0.00041891981983133153,0.0,-0.00041967871378171076
2014-07-01,0.0016036027094059602,0.001790363128348904,0.37352083788607177,0.001602946312115162
2014-07-02,-0.0008135790083715344,-0.0008135790083715344,0.0,-0.0008142348394924147
2014-07-03,0.0006105144774435356,0.0006105144774435356,0.0,0.0006101866179923412
2014-07-07,-0.0023392989851359625,-0.0023392989851359625,0.0,-0.002340610591256814
2014-07-08,-0.0015638348492715837,-0.0015638348492715837,0.0,-0.0015648180690274551
2014-07-09,0.0012939486995693361,0.0012939486995693361,0.0,0.0012929658044359559
2014-07-10,-0.002258780669949889,-0.002258780669949889,0.0,-0.002259436112206899
2014-07-11,2.4622669257290397e-05,2.4622669257290397e-05,0.0,2.3967539889800383e-05
2014-07-14,0.0018892276563780008,0.0018892276563780008,0.0,0.0018882449572107409
2014-07-15,-0.003251884331497923,-0.003251884331497923,0.0,-0.003252539725474698
2014-07-16,0.001637346325563005,0.001637346325563005,0.0,0.0016366913826482074
2014-07-17,-0.002005013244530951,-0.002005013244530951,0.0,-0.0020056684141873298
2014-07-18,0.003936824602250422,0.003936824602250422,0.0,0.003936169710808381
2014-07-21,0.0013040467693554714,0.0013040467693554714,0.0,0.0013030636159987773
2014-07-22,0.002517808893514051,0.002517808893514051,0.0,0.0025168254701507862
2014-07-23,0.0014630181930666009,0.0014630181930666009,0.0,0.0014620342496931727
2014-07-24,-0.0015832754620885847,-0.0015832754620885847,0.0,-0.0015842597071818601
2014-07-25,0.0005690642613207508,0.0005690642613207508,0.0,0.0005680803432659031
2014-07-28,0.0011858667522883781,0.0011858667522883781,0.0,0.0011845547049112474
2014-07-29,-0.002195419197064896,-0.002195419197064896,0.0,-0.002196075383767557
2014-07-30,-0.0030509558051419194,-0.0030509558051419194,0.0,-0.0030522675736365996
2014-07-31,-0.009331242797911754,-0.009331242797911754,0.0,-0.009332225991873846
2014-08-01,0.0004126879914567727,0.0005495860688113918,0.27379615470898944,0.00041201485321795813
2014-08-04,0.0022042367190024947,0.0022042367190024947,0.0,0.0022033393135984436
2014-08-05,-0.0049039434105493385,-0.0049039434105493385,0.0,-0.004904617602614803
2014-08-06,-0.00037131498060694046,-0.00037131498060694046,0.0,-0.00037198662836714286
2014-08-07,-0.00258901301047465,-0.00258901301047465,0.0,-0.002589684465514524
2014-08-08,0.0027234503890014583,0.0027234503890014583,0.0,0.0027227802812021195
2014-08-11,0.004260009996296388,0.004260009996296388,0.0,0.0042591146347661845
2014-08-12,-0.001539868517395404,-0.001539868517395404,0.0,-0.0015405422399188437
2014-08-13,0.0029135378239839582,0.0029135378239839582,0.0,0.002912640589899261
2014-08-14,0.003038732221702478,0.003038732221702478,0.0,0.0030378329829207715
2014-08-15,0.0016073773554650117,0.0016073773554650117,0.0,0.0016067013630004564
2014-08-18,0.0036877177047842657,0.0036877177047842657,0.0,0.0036870408866773383
2014-08-19,0.0010081093776006522,0.0010081093776006522,0.0,0.0010074306722274212
2014-08-20,-0.0011854677135898495,-0.0011854677135898495,0.0,-0.0011863733412893294
2014-08-21,0.0006738175361817866,0.0006738175361817866,0.0,0.0006733651268627974
2014-08-22,-0.0011164214766621328,-0.0011164214766621328,0.0,-0.0011171004353101067
2014-08-25,0.002254621636895493,0.002254621636895493,0.0,0.0022537171209747763
2014-08-26,0.0014000058131125037,0.0014000058131125037,0.0,0.0013993262742017204
2014-08-27,0.0015759717999921374,0.0015759717999921374,0.0,0.0015750647956909378
2014-08-28,-0.001771273703357168,-0.001771273703357168,0.0,-0.0017719547594148314
2014-08-29,0.0008516840831838124,0.0008516840831838124,0.0,0.0008510039310497303
2014-09-02,0.0022691910712981933,0.0023639800641532815,0.18957798571077694,0.002268724807333564
2014-09-03,0.0004103499750358619,0.0004103499750358619,0.0,0.0004098830436404927
2014-09-04,-0.0014884030931655579,-0.0014884030931655579,0.0,-0.00148887032134573
2014-09-05,0.0015993781643728333,0.0015993781643728333,0.0,0.001598912014281868
2014-09-08,-0.0018024283969897414,-0.0018024283969897414,0.0,-0.001802739934798033
2014-09-09,-0.004100969027796997,-0.004100969027796997,0.0,-0.004101279695062061
2014-09-10,-0.0002926247077404964,-0.0002926247077404964,0.0,-0.0002929333861488294
2014-09-11,-8.515637039963053e-08,-8.515637039963053e-08,0.0,-3.936928222901184e-07
2014-09-12,-0.004894409635404218,-0.004894409635404218,0.0,-0.004894718171814798
2014-09-15,-0.0020383512983402907,-0.0020383512983402907,0.0,-0.0020386574487241678
2014-09-16,0.0021487709793541754,0.0021487709793541754,0.0,0.0021484658246970325
2014-09-17,-0.00039687701130586284,-0.00039687701130586284,0.0,-0.0003971832133786711
2014-09-18,0.0011938132648765531,0.0011938132648765531,0.0,0.0011935072563377456
2014-09-19,0.0008509643302712089,0.0008509643302712089,0.0,0.0008506577402727632
2014-09-22,-0.0031773912486673384,-0.0031773912486673384,0.0,-0.0031775447507260426
2014-09-23,-0.002254004834814971,-0.002254004834814971,0.0,-0.0022541575612758523
2014-09-24,0.003032382581333426,0.003032382581333426,0.0,0.0030320782312979375
2014-09-25,-0.005579412446550136,-0.005579412446550136,0.0,-0.005579565361198585
2014-09-26,0.003114928192341271,0.003114928192341271,0.0,0.003114776646206992
2014-09-29,-0.004280648439386914,-0.004280648439386914,0.0,-0.00428095305496505
2014-09-30,0.0019047730588213074,0.0019047730588213074,0.0,0.001904470545630584
2014-10-01,-0.0030747843682231712,-0.002978560888636239,0.1924469591738786,-0.003075094370511409
2014-10-02,-0.00173147923043393,-0.00173147923043393,0.0,-0.001731634237584862
2014-10-03,0.006542739285753552,0.006542739285753552,0.0,0.006542584698032123
2014-10-06,-0.0043007769889319425,-0.0043007769889319425,0.0,-0.00430108931356637
2014-10-07,-0.0031594589065905287,-0.0031594589065905287,0.0,-0.003159769152207095
2014-10-08,0.005773564309507817,0.005773564309507817,0.0,0.005773409952769296
2014-10-09,-0.0051448582194622006,-0.0051448582194622006,0.0,-0.005145013968073049
2014-10-10,-0.0020628089358811774,-0.0020628089358811774,0.0,-0.002062963437771944
2014-10-13,-0.004179121813624342,-0.004179121813624342,0.0,-0.004179275814614754
2014-10-14,0.005381080483340961,0.005381080483340961,0.0,0.005380774519463167
2014-10-15,0.0002027101387001018,0.0002027101387001018,0.0,0.0002024015645856568
2014-10-16,-0.00011733078077080794,-0.00011733078077080794,0.0,-0.00011779378940752417
2014-10-17,0.0010231991416285169,0.0010231991416285169,0.0,0.0010228905261136074
2014-10-20,0.004752621912641697,0.004752621912641697,0.0,0.004752312801346388
2014-10-21,0.0052225126632179375,0.0052225126632179375,0.0,0.005222201259982318
2014-10-22,0.0009373591713832674,0.0009373591713832674,0.0,0.0009370452626884612
2014-10-23,0.003566524057768472,0.003566524057768472,0.0,0.003566366878786304
2014-10-24,6.822594866373599e-05,6.822594866373599e-05,0.0,6.806791801435657e-05
2014-10-27,0.0017744435012894133,0.0017744435012894133,0.0,0.001774127407408881
2014-10-28,0.0023857232287800567,0.0023857232287800567,0.0,0.0023854062890027593
2014-10-29,0.0005598595779430227,0.0005598595779430227,0.0,0.000559382466386499
2014-10-30,0.0035205626250576216,0.0035205626250576216,0.0,0.0035204034548185974
2014-10-31,0.008909758689099823,0.008909758689099823,0.0,0.008909598685116182
2014-11-03,0.0032561027759208105,0.0032746499925431216,0.03709443324476078,0.0032557917398996065
2014-11-04,-0.0007274974023336878,-0.0007274974023336878,0.0,-0.0007279645052657158
2014-11-05,0.0021635697445769875,0.0021635697445769875,0.0,0.0021631031682802517
2014-11-06,0.0006105655384975872,0.0006105655384975872,0.0,0.0006100973993742277
2014-11-07,-0.0021344308776021226,-0.0021344308776021226,0.0,-0.0021348994574904865
2014-11-10,0.003786370770430425,0.003786370770430425,0.0,0.003786059413260585
2014-11-11,-0.00028924424475951227,-0.00028924424475951227,0.0,-0.00028955742118346155
2014-11-12,0.0004406160027345951,0.0004406160027345951,0.0,0.0004403029653253012
2014-11-13,0.003810487146769237,0.003810487146769237,0.0,0.003810173897687261
2014-11-14,-0.00265912088974396,-0.00265912088974396,0.0,-0.0026594359624416194
2014-11-17,-0.0016055184122462096,-0.0016055184122462096,0.0,-0.0016059891073076625
2014-11-18,0.0009023786999646788,0.0009023786999646788,0.0,0.0009020656749105177
2014-11-19,-0.0024671670605899143,-0.0024671670605899143,0.0,-0.0024673237897747027
2014-11-20,-0.0015022177281847071,-0.0015022177281847071,0.0,-0.0015025299989092334
2014-11-21,0.0014286898573612206,0.0014286898573612206,0.0,0.0014285340841117666
2014-11-24,0.003510223270283941,0.003510223270283941,0.0,0.0035099110359901623
2014-11-25,0.000897495338337162,0.000897495338337162,0.0,0.0008971814200750878
2014-11-26,0.0031434498484528284,0.0031434498484528284,0.0,0.0031431355000191203
2014-11-28,0.009323791962920547,0.009323791962920547,0.0,0.009323476112545186
2014-12-01,-0.008964351964475203,-0.00890719524504291,0.11431343886453467,-0.008964713451598237
2014-12-02,0.005033650162791892,0.005033650162791892,0.0,0.005033293348073778
2014-12-03,0.0005120277451655664,0.0005120277451655664,0.0,0.0005119074151451984
2014-12-04,0.002969277167113482,0.002969277167113482,0.0,0.0029690362240710425
2014-12-05,0.0024911979293038566,0.0024911979293038566,0.0,0.002490955349977492
2014-12-08,0.001776959114067278,0.001776959114067278,0.0,0.0017765931909528151
2014-12-09,-0.004809291106262936,-0.004809291106262936,0.0,-0.004809780953879722
2014-12-10,-0.001517406558756651,-0.001517406558756651,0.0,-0.001517769966858035
2014-12-11,0.003068865108363239,0.003068865108363239,0.0,0.003068502957167635
2014-12-12,-0.0007638695050757871,-0.0007638695050757871,0.0,-0.0007641126286998119
2014-12-15,0.004310455167410909,0.004310455167410909,0.0,0.004309969761867646
2014-12-16,-0.0001755140156741719,-0.0001755140156741719,0.0,-0.0001758816167977042
2014-12-17,0.00557884375529083,0.00557884375529083,0.0,0.005578476298618758
2014-12-18,0.003632849996308085,0.003632849996308085,0.0,0.003632353966046436
2014-12-19,-0.0005374777421726096,-0.0005374777421726096,0.0,-0.0005379777225092602
2014-12-22,0.007224176294463591,0.007224176294463591,0.0,0.0072235520499493375
2014-12-23,-0.003882300855392873,-0.003882300855392873,0.0,-0.003882681254242944
2014-12-24,0.001010436172105944,0.001010436172105944,0.0,0.0010103104248963316
2014-12-26,0.0018646238612580746,0.0018646238612580746,0.0,0.0018644978404177427
2014-12-29,0.003516894621927058,0.003516894621927058,0.0,0.00351651504737951
2014-12-30,-0.004009144325266556,-0.004009144325266556,0.0,-0.004009526741675205
2014-12-31,0.0015508419043446242,0.0015508419043446242,0.0,0.0015503363526913683
2015-01-02,0.0050516561965325835,0.0051597708067372405,0.21622922040902587,0.005051552202402074
2015-01-05,0.004357665988257375,0.004357665988257375,0.0,0.004357510098290218
2015-01-06,0.0005866788721979876,0.0005866788721979876,0.0,0.0005865184934104136
2015-01-07,0.0007462862466696141,0.0007462862466696141,0.0,0.000746125263900001
2015-01-08,0.00020518418903048286,0.00020518418903048286,0.0,0.0002050224385370304
2015-01-09,-0.0001794483519795831,-0.0001794483519795831,0.0,-0.00017955632633184928
2015-01-12,0.0027657129500653355,0.0027657129500653355,0.0,0.002765551173135323
2015-01-13,-0.0024934832516723127,-0.0024934832516723127,0.0,-0.0024936478658422003
2015-01-14,-0.0017170593729998185,-0.0017170593729998185,0.0,-0.0017172754394077147
2015-01-15,0.001668523726158666,0.001668523726158666,0.0,0.0016683634452592244
2015-01-16,-0.007032395573443595,-0.007032395573443595,0.0,-0.007032557570385066
2015-01-20,0.00199811907977554,0.00199811907977554,0.0,0.0019979643667302266
2015-01-21,-0.00421753872344921,-0.00421753872344921,0.0,-0.004217695501945609
2015-01-22,0.0030761472261389144,0.0030761472261389144,0.0,0.0030759948257674807
2015-01-23,0.005187716228699957,0.005187716228699957,0.0,0.005187612506131538
2015-01-26,0.0019378335831279347,0.0019378335831279347,0.0,0.001937672658255227
2015-01-27,-0.00603548888987282,-0.00603548888987282,0.0,-0.006035597500614909
2015-01-28,0.004287341375368792,0.004287341375368792,0.0,0.004287236924283887
2015-01-29,0.0040300699448274635,0.0040300699448274635,0.0,0.004029908854869919
2015-01-30,-0.0030334108404869164,-0.0030334108404869164,0.0,-0.0030335209883565373
2015-02-02,-0.0015042696219755847,-0.0013574539401519647,0.2936313636473443,-0.0015044418469697396
2015-02-03,-0.00552087229995557,-0.00552087229995557,0.0,-0.005521045123398922
2015-02-04,0.005329105600559547,0.005329105600559547,0.0,0.005329020912106076
2015-02-05,-0.002902069215343528,-0.002902069215343528,0.0,-0.0029022419014369328
2015-02-06,-0.0027984042058315506,-0.0027984042058315506,0.0,-0.0027985750845974256
2015-02-09,-0.0036451261165840743,-0.0036451261165840743,0.0,-0.0036452106821377533
2015-02-10,0.005012271977747673,0.005012271977747673,0.0,0.005012188554584662
2015-02-11,0.002589452314239349,0.002589452314239349,0.0,0.002589367328053399
2015-02-12,-0.003151063640659091,-0.003151063640659091,0.0,-0.003151235223845396
2015-02-13,-0.003716856860143225,-0.003716856860143225,0.0,-0.003716941668550988
2015-02-17,-0.0008381810511038923,-0.0008381810511038923,0.0,-0.0008383483398212381
2015-02-18,0.0027082205450725816,0.0027082205450725816,0.0,0.0027080537818004774
2015-02-19,-0.00035667679672812813,-0.00035667679672812813,0.0,-0.0003568452531644355
2015-02-20,0.003057625917756157,0.003057625917756157,0.0,0.003057457684391735
2015-02-23,0.0030106097837179213,0.0030106097837179213,0.0,0.00301043964389021
2015-02-24,0.0002802608979639576,0.0002802608979639576,0.0,0.00028008888662242956
2015-02-25,-0.001574657772606014,-0.001574657772606014,0.0,-0.0015748299581199595
2015-02-26,0.0023394375027110392,0.0023394375027110392,0.0,0.002339180694647895
2015-02-27,-0.0007115361865968062,-0.0007115361865968062,0.0,-0.0007117088447457177
2015-03-02,0.0023176333700896112,0.002418252238803875,0.20123773742848922,0.002317460762657156
2015-03-03,-0.0023535898845543635,-0.0023535898845543635,0.0,-0.00235376366507944
2015-03-04,-0.0008606264245047957,-0.0008606264245047957,0.0,-0.0008607125835862366
2015-03-05,0.0024142896067387287,0.0024142896067387287,0.0,0.002414117823771731
2015-03-06,-3.689258326711187e-05,-3.689258326711187e-05,0.0,-3.6979223627121296e-05
2015-03-09,0.003203503688317566,0.003203503688317566,0.0,0.0032033304304854462
2015-03-10,0.0008058085546114313,0.0008058085546114313,0.0,0.0008056333156945833
2015-03-11,0.003396370478317534,0.003396370478317534,0.0,0.003396106873061734
2015-03-12,0.0038005619674703617,0.0038005619674703617,0.0,0.0038002952248730555
2015-03-13,0.004057748288899932,0.004057748288899932,0.0,0.0040574780488880045
2015-03-16,0.0028974449730432283,0.0028974449730432283,0.0,0.0028969883746966345
2015-03-17,0.002035065517112855,0.002035065517112855,0.0,0.002034604505622929
2015-03-18,-0.0022149862530054243,-0.0022149862530054243,0.0,-0.002215264715906177
2015-03-19,0.003487050869581454,0.003487050869581454,0.0,0.0034867744312620202
2015-03-20,-0.0033411232600834007,-0.0033411232600834007,0.0,-0.0033412164649301817
2015-03-23,-0.0047824954226854954,-0.0047824954226854954,0.0,-0.004782771983722661
2015-03-24,0.0008647110952810788,0.0008647110952810788,0.0,0.0008645296491221646
2015-03-25,-0.0063699472575289295,-0.0063699472575289295,0.0,-0.006370311207692308
2015-03-26,-0.003929441159021052,-0.003929441159021052,0.0,-0.003929708239662641
2015-03-27,0.007060539284388545,0.007060539284388545,0.0,0.007060188033856316
2015-03-30,0.005319892822862826,0.005319892822862826,0.0,0.005319532906330202
2015-03-31,0.00023158903425612998,0.00023158903425612998,0.0,0.0002313142256034991
2015-04-01,-0.0038173015033549085,-0.0038035364611029854,0.02753008450413672,-0.003817560091789799
2015-04-02,-0.000895126209667918,-0.000895126209667918,0.0,-0.0008952968810421943
2015-04-06,-0.0025172580868678684,-0.0025172580868678684,0.0,-0.002517513256712058
2015-04-07,0.00014502863591903115,0.00014502863591903115,0.0,0.00014486009625561903
2015-04-08,0.00825923565340192,0.00825923565340192,0.0,0.008258982707938
2015-04-09,0.003110430117219787,0.003110430117219787,0.0,0.0031101694918984155
2015-04-10,-0.0021622499281450658,-0.0021622499281450658,0.0,-0.0021624256005379427
2015-04-13,0.0020752760218609723,0.0020752760218609723,0.0,0.002075014521950552
2015-04-14,-0.0017942775753577722,-0.0017942775753577722,0.0,-0.0017944531912244507
2015-04-15,-0.003913498368366075,-0.003913498368366075,0.0,-0.0039136728733132455
2015-04-16,-0.0008418847728384193,-0.0008418847728384193,0.0,-0.0008420568452395646
2015-04-17,-0.002977177261358488,-0.002977177261358488,0.0,-0.002977263035689905
2015-04-20,0.0036681418303203817,0.0036681418303203817,0.0,0.0036678872937843878
2015-04-21,0.0026457695464598974,0.0026457695464598974,0.0,0.0026455115893117965
2015-04-22,0.0010678976250357852,0.0010678976250357852,0.0,0.0010676372071676985
2015-04-23,-0.003973135424001573,-0.003973135424001573,0.0,-0.0039733968340172204
2015-04-24,0.0009488969871034314,0.0009488969871034314,0.0,0.0009486392831180738
2015-04-27,-0.0018380933370338859,-0.0018380933370338859,0.0,-0.0018382657292012297
2015-04-28,-0.003031600770787901,-0.003031600770787901,0.0,-0.0030317720189210616
2015-04-29,-0.006038553546464209,-0.006038553546464209,0.0,-0.006038638224223772
2015-04-30,-0.004382765065045313,-0.004382765065045313,0.0,-0.004382847846433313
2015-05-01,0.0032177482014850156,0.003285676997026421,0.1358575910830139,0.0032176272170300014
2015-05-04,6.672613310265696e-05,6.672613310265696e-05,0.0,6.64837264268462e-05
2015-05-05,-0.009569840677260966,-0.009569840677260966,0.0,-0.009569961898988838
2015-05-06,-0.00443265055136477,-0.00443265055136477,0.0,-0.0044328876688857636
2015-05-07,0.0056623178539472185,0.0056623178539472185,0.0,0.005662200534137315
2015-05-08,0.004310642227593808,0.004310642227593808,0.0,0.004310523334045437
2015-05-11,-0.003068139765196709,-0.003068139765196709,0.0,-0.003068379938138451
2015-05-12,-0.003709431582613276,-0.003709431582613276,0.0,-0.0037097892869654967
2015-05-13,-0.0033720862167661014,-0.0033720862167661014,0.0,-0.0033723226192598054
2015-05-14,0.0016454597305910479,0.0016454597305910479,0.0,0.001645342472067797
2015-05-15,0.0028274867758346645,0.0028274867758346645,0.0,0.0028272513402674863
2015-05-18,0.0004033754552834612,0.0004033754552834612,0.0,0.0004031384458202824
2015-05-19,0.0064332424774344865,0.0064332424774344865,0.0,0.006433005243526393
2015-05-20,0.00012670445975193623,0.00012670445975193623,0.0,0.00012646366916010848
2015-05-21,-0.00011657678238286007,-0.00011657678238286007,0.0,-0.0001168176430156665
2015-05-22,0.004444762346624387,0.004444762346624387,0.0,0.004444521550441592
2015-05-26,0.004572043052339714,0.004572043052339714,0.0,0.004571799809723377
2015-05-27,0.003991570651162846,0.003991570651162846,0.0,0.003991447777336304
2015-05-28,-0.003287809669623276,-0.003287809669623276,0.0,-0.003287933632599448
2015-05-29,-0.003979143295812726,-0.003979143295812726,0.0,-0.003979266358709904
2015-06-01,0.001340780079323034,0.001480166504125302,0.27877284960461757,0.0013407455576840293
2015-06-02,-0.007425942124568263,-0.007425942124568263,0.0,-0.007425959775637496
2015-06-03,0.001619946080909651,0.001619946080909651,0.0,0.0016199164523561227
2015-06-04,0.0034229325463090987,0.0034229325463090987,0.0,0.0034229016820824603
2015-06-05,8.273031830330346e-05,8.273031830330346e-05,0.0,8.268011887291222e-05
2015-06-08,-0.0028249402007129998,-0.0028249402007129998,0.0,-0.002824973729885031
2015-06-09,-0.0037219495217448717,-0.0037219495217448717,0.0,-0.0037219808975356033
2015-06-10,-0.002710546784217338,-0.002710546784217338,0.0,-0.0027105753122598115
2015-06-11,0.004838758205927274,0.004838758205927274,0.0,0.004838744981674885
2015-06-12,0.0010341486935443456,0.0010341486935443456,0.0,0.001034118550609651
2015-06-15,-0.0008085794090716414,-0.0008085794090716414,0.0,-0.0008086103407712905
2015-06-16,-7.45077707923203e-05,-7.45077707923203e-05,0.0,-7.452292803313279e-05
2015-06-17,-0.0018856596432227368,-0.0018856596432227368,0.0,-0.001885674772024187
2015-06-18,-0.0006241479916130332,-0.0006241479916130332,0.0,-0.0006241623993048501
2015-06-19,0.00296606284426959,0.00296606284426959,0.0,0.0029660486754120837
2015-06-22,-0.0017723458728711172,-0.0017723458728711172,0.0,-0.0017723611733554906
2015-06-23,0.0015185740008001325,0.0015185740008001325,0.0,0.0015185593777104409
2015-06-24,0.00042793670826268837,0.00042793670826268837,0.0,0.0004279215056505577
2015-06-25,-0.0005830297315002619,-0.0005830297315002619,0.0,-0.0005830450973529342
2015-06-26,-0.0025131840219861923,-0.0025131840219861923,0.0,-0.002513199165306866
2015-06-29,-0.001401699702218262,-0.001401699702218262,0.0,-0.0014017280655513919
2015-06-30,-0.001322610494866927,-0.001322610494866927,0.0,-0.00132262413942903
2015-07-01,0.005402889798967969,0.005458181597280065,0.11058359662427951,0.0054029070885836675
2015-07-02,-0.001053068002480173,-0.001053068002480173,0.0,-0.0010530521288090095
2015-07-06,0.006619562827862913,0.006619562827862913,0.0,0.006619595445321898
2015-07-07,0.00368655251861294,0.00368655251861294,0.0,0.003686579702505151
2015-07-08,-0.002418723791812516,-0.002418723791812516,0.0,-0.0024186996228557655
2015-07-09,-0.0024761620494437864,-0.0024761620494437864,0.0,-0.0024761228216944845
2015-07-10,-0.0014799068684197003,-0.0014799068684197003,0.0,-0.0014798927750016917
2015-07-13,0.00278913871641584,0.00278913871641584,0.0,0.002789168121297604
2015-07-14,0.000569742609745516,0.000569742609745516,0.0,0.0005697561675706653
2015-07-15,0.0038051435415396018,0.0038051435415396018,0.0,0.003805170189830559
2015-07-16,0.003887375846597596,0.003887375846597596,0.0,0.0038873993853649727
2015-07-17,0.003955092240863767,0.003955092240863767,0.0,0.003955122802382334
2015-07-20,0.004012605092179378,0.004012605092179378,0.0,0.004012639427148639
2015-07-21,-0.0015073277435103671,-0.0015073277435103671,0.0,-0.0015073068530195354
2015-07-22,0.004244142896296488,0.004244142896296488,0.0,0.0042441731885283045
2015-07-23,0.002455300095328461,0.002455300095328461,0.0,0.0024553176872884647
2015-07-24,0.0008742693819474567,0.0008742693819474567,0.0,0.0008742888926876673
2015-07-27,0.0013360486887583622,0.0013360486887583622,0.0,0.0013360713227339614
2015-07-28,-0.0013482122039262245,-0.0013482122039262245,0.0,-0.001348192247503633
2015-07-29,-0.0009393423944801249,-0.0009393423944801249,0.0,-0.0009393152000801363
2015-07-30,0.0022422332082288055,0.0022422332082288055,0.0,0.0022422675765968866
2015-07-31,0.0017479895990588634,0.0017479895990588634,0.0,0.0017480216870444053
2015-08-03,0.004424877617272838,0.004501428808565189,0.1531023825848718,0.004424739298835255
2015-08-04,-0.0014950493296436163,-0.0014950493296436163,0.0,-0.001495194574749753
2015-08-05,0.001231197138818585,0.001231197138818585,0.0,0.001231056429533474
2015-08-06,1.4722078129247862e-05,1.4722078129247862e-05,0.0,1.4649858122585209e-05
2015-08-07,0.0015993477358171582,0.0015993477358171582,0.0,0.0015992393723499327
2015-08-10,-0.005070746218501454,-0.005070746218501454,0.0,-0.005070970203148167
2015-08-11,0.0029003016128590353,0.0029003016128590353,0.0,0.002900134232250993
2015-08-12,-0.0010678641033352587,-0.0010678641033352587,0.0,-0.0010680424757429038
2015-08-13,0.0026833248955120403,0.0026833248955120403,0.0,0.0026831505745092197
2015-08-14,0.0020880995367906774,0.0020880995367906774,0.0,0.0020879335100885237
2015-08-17,0.0028000514922064124,0.0028000514922064124,0.0,0.002799859133647453
2015-08-18,-0.0005151394917710661,-0.0005151394917710661,0.0,-0.0005152815229884271
2015-08-19,-0.00012790502984638685,-0.00012790502984638685,0.0,-0.00012800551037525282
2015-08-20,-0.006561252111049631,-0.006561252111049631,0.0,-0.0065612922068777075
2015-08-21,-0.0023571724448039344,-0.0023571724448039344,0.0,-0.002357225123167656
2015-08-24,-0.0041199759140641,-0.0041199759140641,0.0,-0.004120075894146493
2015-08-25,-0.0015923635909567135,-0.0015923635909567135,0.0,-0.0015924692252192504
2015-08-26,0.007506512045316827,0.007506512045316827,0.0,0.0075064251546435624
2015-08-27,-0.0028473116840243007,-0.0028473116840243007,0.0,-0.0028474156667973533
2015-08-28,-0.0029779085359095125,-0.0029779085359095125,0.0,-0.0029780060169278745
2015-08-31,-0.007089566980373663,-0.007089566980373663,0.0,-0.007089687861359439
2015-09-01,0.0023584171585122604,0.0025475211604639725,0.3782080039038155,0.0023587789756750158
2015-09-02,0.0001768451127690529,0.0001768451127690529,0.0,0.00017720140850455133
2015-09-03,-0.0013202082562738804,-0.0013202082562738804,0.0,-0.001319970908110675
2015-09-04,0.0054464620917862305,0.0054464620917862305,0.0,0.005446700802882126
2015-09-08,-0.004721946709042579,-0.004721946709042579,0.0,-0.004721247352540456
2015-09-09,0.002627847244753845,0.002627847244753845,0.0,0.0026282042300355126
2015-09-10,-0.0019681326894481765,-0.0019681326894481765,0.0,-0.0019678974031499003
2015-09-11,0.0005119452813817649,0.0005119452813817649,0.0,0.0005124199121347602
2015-09-14,0.00015319433011251604,0.00015319433011251604,0.0,0.00015402308758155598
2015-09-15,0.00016502286506892005,0.00016502286506892005,0.0,0.00016585107012183584
2015-09-16,-0.008500593266895118,-0.008500593266895118,0.0,-0.008499883886825276
2015-09-17,-0.0006489023373987823,-0.0006489023373987823,0.0,-0.0006487796915735697
2015-09-18,0.006228480419567584,0.006228480419567584,0.0,0.006228357436437403
2015-09-21,-0.0014240159563828625,-0.0014240159563828625,0.0,-0.0014238961908293012
2015-09-22,0.005328375792440498,0.005328375792440498,0.0,0.005328255290204133
2015-09-23,0.004281952186989235,0.004281952186989235,0.0,0.00428206994731947
2015-09-24,-0.003478235781743888,-0.003478235781743888,0.0,-0.0034781202154503727
2015-09-25,-0.0005863503729960362,-0.0005863503729960362,0.0,-0.0005864677277292783
2015-09-28,0.005535597504298773,0.005535597504298773,0.0,0.005535715160698608
2015-09-29,-0.0029830444968543812,-0.0029830444968543812,0.0,-0.0029829296727403014
2015-09-30,-0.0015900159884637555,-0.0015900159884637555,0.0,-0.0015901323434176565
2015-10-01,0.00053501800651512,0.0007161388909309174,0.3622417688319386,0.0005347771179706508
2015-10-02,-0.008760038762520295,-0.008760038762520295,0.0,-0.008760038762520295
2015-10-05,-0.006840262779494344,-0.006840262779494344,0.0,-0.00684013920428157
2015-10-06,-0.005216426153429765,-0.005216426153429765,0.0,-0.005216426153429765
2015-10-07,-0.004573918281085332,-0.004573918281085332,0.0,-0.004573918281085332
2015-10-08,-0.0034646777577046484,-0.0034646777577046484,0.0,-0.0034648100850736816
2015-10-09,-0.0019423274431649151,-0.0019423274431649151,0.0,-0.0019421932760780342
2015-10-12,0.004660748015112626,0.004660748015112626,0.0,0.00466088321556792
2015-10-13,0.004444833713772134,0.004444833713772134,0.0,0.0044449664460923495
2015-10-14,-0.003204070133260295,-0.003204070133260295,0.0,-0.003204070133260295
2015-10-15,-0.0027074063393445202,-0.0027074063393445202,0.0,-0.0027072742557428388
2015-10-16,0.001193141068310588,0.001193141068310588,0.0,0.0011932745877712989
2015-10-19,0.005564299330409694,0.005564299330409694,0.0,0.00556456510528684
2015-10-20,-0.00043977126260608124,-0.00043977126260608124,0.0,-0.00043951135007066285
2015-10-21,0.003940203966161571,0.003940203966161571,0.0,0.003940334154194642
2015-10-22,-0.0023796261453700174,-0.0023796261453700174,0.0,-0.0023796261453700174
2015-10-23,0.00031431187384667325,0.00031431187384667325,0.0,0.0003144412456418134
2015-10-26,0.0030120140777514237,0.0030120140777514237,0.0,0.0030122724906655888
2015-10-27,0.0026057912140231565,0.0026057912140231565,0.0,0.0026061740944222068
2015-10-28,-0.0009698218477164344,-0.0009698218477164344,0.0,-0.0009693167927619938
2015-10-29,0.0022185198756772273,0.0022185198756772273,0.0,0.0022194072764177013
2015-10-30,-0.0013758340827781934,-0.0013758340827781934,0.0,-0.0013748291828141494
2015-11-02,0.0007941076354971432,0.0009020617530721697,0.21590823515003196,0.0007945217954034751
2015-11-03,-0.004493040768238199,-0.004493040768238199,0.0,-0.004492732074130421
2015-11-04,0.005174718358279318,0.005174718358279318,0.0,0.005174985719396963
2015-11-05,0.0018636054099032684,0.0018636054099032684,0.0,0.00186386118018342
2015-11-06,0.003955958358020872,0.003955958358020872,0.0,0.003956360924037258
2015-11-09,0.0031630047115578375,0.0031630047115578375,0.0,0.0031636845351861154
2015-11-10,0.0022032893508927565,0.0022032893508927565,0.0,0.0022039023596530484
2015-11-11,-0.0005407825663847898,-0.0005407825663847898,0.0,-0.0005401822464781781
2015-11-12,0.0010882331786419286,0.0010882331786419286,0.0,0.0010888830327802747
2015-11-13,0.003209205272353355,0.003209205272353355,0.0,0.0032098024445750186
2015-11-16,-0.001432907403497441,-0.001432907403497441,0.0,-0.0014322396041438323
2015-11-17,0.0029435839047602386,0.0029435839047602386,0.0,0.0029442160505600227
2015-11-18,8.947450147034353e-05,8.947450147034353e-05,0.0,9.000077453217388e-05
2015-11-19,-0.0028054317573484866,-0.0028054317573484866,0.0,-0.002804949774063656
2015-11-20,0.0007212524716269098,0.0007212524716269098,0.0,0.0007217480912711036
2015-11-23,0.0023068534288965825,0.0023068534288965825,0.0,0.002307479758834456
2015-11-24,-0.0027002490087547626,-0.0027002490087547626,0.0,-0.0026995494635481745
2015-11-25,0.003034698297580185,0.003034698297580185,0.0,0.0030355516708536483
2015-11-27,0.0065503511119193725,0.0065503511119193725,0.0,0.006551091936078338
2015-11-30,0.0008150151238759396,0.0008150151238759396,0.0,0.0008159107849936815
2015-12-01,-0.0007062040002590031,-0.0006420699834829291,0.12826803355216862,-0.0007043936896268341
2015-12-02,0.0024023014224672234,0.0024023014224672234,0.0,0.002404112458217924
2015-12-03,-0.009966794825642666,-0.009966794825642666,0.0,-0.009965008101320866
2015-12-04,0.0029187423666341417,0.0029187423666341417,0.0,0.002920720904447806
2015-12-07,0.007577734300373562,0.007577734300373562,0.0,0.007580301291857482
2015-12-08,0.0017376563723112692,0.0017376563723112692,0.0,0.0017399477762392445
2015-12-09,-0.0036813538487376896,-0.0036813538487376896,0.0,-0.0036791690362758247
2015-12-10,0.004940883830667486,0.004940883830667486,0.0,0.00494294322249516
2015-12-11,0.0035192931844532094,0.0035192931844532094,0.0,0.0035211287562481337
2015-12-14,0.0013025889712543481,0.0013025889712543481,0.0,0.0013047144928740961
2015-12-15,-0.0008591156093979979,-0.0008591156093979979,0.0,-0.0008570874030386492
2015-12-16,0.00034916444820454196,0.00034916444820454196,0.0,0.00035136600727650295
2015-12-17,0.005974231063091695,0.005974231063091695,0.0,0.0059761026249628615
2015-12-18,-0.003704730351085539,-0.003704730351085539,0.0,-0.0037032382362797017
2015-12-21,5.866929895770312e-05,5.866929895770312e-05,0.0,6.059649845522187e-05
2015-12-22,-0.0005953642671241433,-0.0005953642671241433,0.0,-0.0005936785553741656
2015-12-23,-0.004324572345361544,-0.004324572345361544,0.0,-0.004322961221280721
2015-12-24,-0.0011612942914447366,-0.0011612942914447366,0.0,-0.0011596416986038756
2015-12-28,0.004528885383829007,0.004528885383829007,0.0,0.0045307986866181685
2015-12-29,-0.00012439909171257924,-0.00012439909171257924,0.0,-0.00012253556369323782
2015-12-30,0.0034278765825372925,0.0034278765825372925,0.0,0.003429579313119144
2015-12-31,-0.0012933154614587217,-0.0012933154614587217,0.0,-0.0012920442647214579
2016-01-04,0.002722785700427055,0.0028265299213368067,0.20748844181932927,0.0027261961458003472
2016-01-05,0.0027746762337774733,0.0027746762337774733,0.0,0.0027777326329564947
2016-01-06,0.0031323140216632517,0.0031323140216632517,0.0,0.0031354913025734466
2016-01-07,0.0013027196920603057,0.0013027196920603057,0.0,0.0013057114431405882
2016-01-08,0.0017423258846793743,0.0017423258846793743,0.0,0.0017453034178234214
2016-01-11,0.007086766125968591,0.007086766125968591,0.0,0.007089872603890574
2016-01-12,-0.00014738351767884517,-0.00014738351767884517,0.0,-0.00014435754053357595
2016-01-13,-0.0003981881913295293,-0.0003981881913295293,0.0,-0.00039501636587818933
2016-01-14,0.0005948352064324425,0.0005948352064324425,0.0,0.00059844494116966
2016-01-15,0.004861523915691945,0.004861523915691945,0.0,0.004864837471578998
2016-01-19,0.0012515389352325546,0.0012515389352325546,0.0,0.0012552166561531036
2016-01-20,0.0012429134053584256,0.0012429134053584256,0.0,0.0012465736326586967
2016-01-21,-0.0010223824949617821,-0.0010223824949617821,0.0,-0.0010184593979341708
2016-01-22,-0.004705011825130834,-0.004705011825130834,0.0,-0.004700792021413333
2016-01-25,0.003974798500540722,0.003974798500540722,0.0,0.0039792377301235415
2016-01-26,-0.00495695448213429,-0.00495695448213429,0.0,-0.004952581530483894
2016-01-27,-0.0025773480045101493,-0.0025773480045101493,0.0,-0.0025727482436443063
2016-01-28,-0.003118679177320005,-0.003118679177320005,0.0,-0.0031137444391194746
2016-01-29,-0.0030159242820750887,-0.0030159242820750887,0.0,-0.0030112255665306403
2016-02-01,0.002858010715454551,0.0030064913408989202,0.2969612508889696,0.0028671041264420175
2016-02-02,0.010341317142646744,0.010341317142646744,0.0,0.010350137757391747
2016-02-03,-0.013515433698479962,-0.013515433698479962,0.0,-0.01350709417722472
2016-02-04,-0.0029602148424067165,-0.0029602148424067165,0.0,-0.0029526280993368887
2016-02-05,0.005890424423318441,0.005890424423318441,0.0,0.005898067858563184
2016-02-08,0.004458260949538051,0.004458260949538051,0.0,0.0044665713342471715
2016-02-09,0.006926571723144814,0.006926571723144814,0.0,0.00693427528976427
2016-02-10,-0.0014841765904545223,-0.0014841765904545223,0.0,-0.0014763556186301245
2016-02-11,0.0020506444134513746,0.0020506444134513746,0.0,0.0020577355323583885
2016-02-12,-0.006237005124009154,-0.006237005124009154,0.0,-0.006229699331124536
2016-02-16,-0.001811950580166588,-0.001811950580166588,0.0,-0.0018042707139635367
2016-02-17,-0.008670914940763108,-0.008670914940763108,0.0,-0.008663199523765512
2016-02-18,-0.00030959470201907813,-0.00030959470201907813,0.0,-0.00030170767207785985
2016-02-19,0.0009779658900692656,0.0009779658900692656,0.0,0.0009858590493419914
2016-02-22,-0.00818724511166169,-0.00818724511166169,0.0,-0.008178583913514226
2016-02-23,0.006060517376087038,0.006060517376087038,0.0,0.006069090267061593
2016-02-24,-0.0011660418233236935,-0.0011660418233236935,0.0,-0.001157333172354723
2016-02-25,-0.0033929436715970374,-0.0033929436715970374,0.0,-0.003384474236546493
2016-02-26,0.0041956012294464,0.0041956012294464,0.0,0.004204142730327308
2016-02-29,-0.0037430941014352515,-0.0037430941014352515,0.0,-0.0037343771937176037
2016-03-01,-0.01408401844283158,-0.013892635687332344,0.3827655109985582,-0.014077778354683653
2016-03-02,-0.005271328982383139,-0.005271328982383139,0.0,-0.005264471854769923
2016-03-03,-0.006958062096748097,-0.006958062096748097,0.0,-0.006952687502811733
2016-03-04,-0.011265299260040385,-0.011265299260040385,0.0,-0.011259608699998126
2016-03-07,-0.002107609248937492,-0.002107609248937492,0.0,-0.0021008869718642264
2016-03-08,0.009632102808804,0.009632102808804,0.0,0.009638232044669265
2016-03-09,-0.006315138092969574,-0.006315138092969574,0.0,-0.006308971568630426
2016-03-10,-0.0023042792797246525,-0.0023042792797246525,0.0,-0.0022977885283604347
2016-03-11,-0.012345700383266323,-0.012345700383266323,0.0,-0.012338955449926435
2016-03-14,0.004129774248987417,0.004129774248987417,0.0,0.004137198973053217
2016-03-15,0.008739607879728162,0.008739607879728162,0.0,0.008746946577452702
2016-03-16,-0.009524447459329899,-0.009524447459329899,0.0,-0.009517920844858103
2016-03-17,-0.012939794401459426,-0.012939794401459426,0.0,-0.01293351948705989
2016-03-18,-0.0007928759503286198,-0.0007928759503286198,0.0,-0.0007863679129308021
2016-03-21,-0.0014348846069780485,-0.0014348846069780485,0.0,-0.001427912457732683
2016-03-22,2.8941410275651336e-05,2.8941410275651336e-05,0.0,3.5715453410672065e-05
2016-03-23,0.0130199151573549,0.0130199151573549,0.0,0.013026688659914605
2016-03-24,0.0021601371841739603,0.0021601371841739603,0.0,0.0021664528416337502
2016-03-28,-0.004447987863545277,-0.004447987863545277,0.0,-0.004441710624504517
2016-03-29,-0.004912717513287257,-0.004912717513287257,0.0,-0.004907675992018332
2016-03-30,-0.0021972095256446167,-0.0021972095256446167,0.0,-0.0021927647684483673
2016-03-31,0.002361242735725355,0.002361242735725355,0.0,0.0023659383581270672
2016-04-01,0.007333295949287999,0.007683354206525994,0.7001165144758835,0.007333696920856996
2016-04-04,0.006244064679148176,0.006244064679148176,0.0,0.0062444877840716305
2016-04-05,0.004531322836134111,0.004531322836134111,0.0,0.004531686679715496
2016-04-06,-0.004765251374453272,-0.004765251374453272,0.0,-0.004764930342881181
2016-04-07,0.004753317846501348,0.004753317846501348,0.0,0.004753684115812434
2016-04-08,-0.010613918580448578,-0.010613918580448578,0.0,-0.010613597222112343
2016-04-11,-0.004261110898947318,-0.004261110898947318,0.0,-0.004260688180849198
2016-04-12,-0.008975619865999263,-0.008975619865999263,0.0,-0.008975176437275405
2016-04-13,-0.00752520740859286,-0.00752520740859286,0.0,-0.007524656963088264
2016-04-14,-7.2947519455413e-05,-7.2947519455413e-05,0.0,-7.235081982039198e-05
2016-04-15,0.003592845599895478,0.003592845599895478,0.0,0.003593442979951316
2016-04-18,0.00027321307831718045,0.00027321307831718045,0.0,0.00027377706594018875
2016-04-19,-0.009071233544173385,-0.009071233544173385,0.0,-0.009070697615549784
2016-04-20,-0.005121221391677699,-0.005121221391677699,0.0,-0.005120545498039188
2016-04-21,0.00169594868928713,0.00169594868928713,0.0,0.0016966750440555727
2016-04-22,-0.00153388676373456,-0.00153388676373456,0.0,-0.001533177091430698
2016-04-25,0.003382252210841319,0.003382252210841319,0.0,0.0033830400193198894
2016-04-26,-0.005617608840048138,-0.005617608840048138,0.0,-0.005616887196614627
2016-04-27,-0.0030598793713721983,-0.0030598793713721983,0.0,-0.0030590998478438507
2016-04-28,0.005060400849217439,0.005060400849217439,0.0,0.005061144400862706
2016-04-29,0.001085015629887165,0.001085015629887165,0.0,0.0010857114821384562
2016-05-02,0.0005632494808525124,0.0006879853106664946,0.2494716596281253,0.0005636290070095577
2016-05-03,0.009177356458726305,0.009177356458726305,0.0,0.009177711791275306
2016-05-04,0.001623347978719547,0.001623347978719547,0.0,0.001623597981355844
2016-05-05,0.0012365275351040594,0.0012365275351040594,0.0,0.0012367774064316146
2016-05-06,-0.0010223806950862002,-0.0010223806950862002,0.0,-0.0010221529219977847
2016-05-09,0.0017000397250008792,0.0017000397250008792,0.0,0.0017003374797534315
2016-05-10,-0.008982747603646368,-0.008982747603646368,0.0,-0.008982466517605776
2016-05-11,0.0011494519348131949,0.0011494519348131949,0.0,0.0011498527240207403
2016-05-12,-0.0024336609580436486,-0.0024336609580436486,0.0,-0.002433257533140562
2016-05-13,0.005599580314319397,0.005599580314319397,0.0,0.005600026808177543
2016-05-16,-0.006085376645528218,-0.006085376645528218,0.0,-0.006084994509033115
2016-05-17,0.0010516051785500746,0.0010516051785500746,0.0,0.0010520576840073806
2016-05-18,-0.0025462207115487523,-0.0025462207115487523,0.0,-0.002545748899542285
2016-05-19,0.0014173456212489555,0.0014173456212489555,0.0,0.0014178490271893826
2016-05-20,-0.0029583117281917204,-0.0029583117281917204,0.0,-0.002957793494411279
2016-05-23,0.003007066730686292,0.003007066730686292,0.0,0.0030076764402575166
2016-05-24,-0.006152841325334779,-0.006152841325334779,0.0,-0.006152275083306823
2016-05-25,-0.0037951861364329265,-0.0037951861364329265,0.0,-0.003794567874100133
2016-05-26,0.0003303803337306732,0.0003303803337306732,0.0,0.0003309898845429799
2016-05-27,-0.0018493904809471218,-0.0018493904809471218,0.0,-0.0018487648826622932
2016-05-31,-0.00041951155846375876,-0.00041951155846375876,0.0,-0.0004187991487919745
2016-06-01,-0.0003072235623104991,-0.00021023845230683236,0.19397022000719627,-0.00030670417719031747
2016-06-02,-0.0010577844607095876,-0.0010577844607095876,0.0,-0.0010572588476651151
2016-06-03,0.0008033595882852573,0.0008033595882852573,0.0,0.0008039167354822354
2016-06-06,-0.005463444725202549,-0.005463444725202549,0.0,-0.005462916140838845
2016-06-07,-0.0029044610704195284,-0.0029044610704195284,0.0,-0.0029038685438784275
2016-06-08,-0.006039457822340721,-0.006039457822340721,0.0,-0.00603892072092419
2016-06-09,0.003838001280463965,0.003838001280463965,0.0,0.0038386244399075354
2016-06-10,0.00856644598356171,0.00856644598356171,0.0,0.008567028830627965
2016-06-13,0.004871456853911438,0.004871456853911438,0.0,0.004871989978410942
2016-06-14,0.0015781321679038118,0.0015781321679038118,0.0,0.0015786107667491132
2016-06-15,0.0007582803829833118,0.0007582803829833118,0.0,0.0007587242731121445
2016-06-16,0.004087581030752574,0.004087581030752574,0.0,0.004088033526027704
2016-06-17,-0.005481963842616455,-0.005481963842616455,0.0,-0.0054815718820512395
2016-06-20,-0.006446255163291448,-0.006446255163291448,0.0,-0.006445769478698785
2016-06-21,-0.0017742451716864505,-0.0017742451716864505,0.0,-0.0017737042792216463
2016-06-22,0.0020771044622245327,0.0020771044622245327,0.0,0.002077665359628544
2016-06-23,-0.008810567134195701,-0.008810567134195701,0.0,-0.00880996988284543
2016-06-24,0.01906125802951042,0.01906125802951042,0.0,0.019061871959091897
2016-06-27,0.005151654038697551,0.005151654038697551,0.0,0.005152079248163293
2016-06-28,-0.0066786705006746105,-0.0066786705006746105,0.0,-0.006678316017866503
2016-06-29,-0.008507364516684213,-0.008507364516684213,0.0,-0.008506938280265646
2016-06-30,-0.001346885350046012,-0.001346885350046012,0.0,-0.0013463669288334094
2016-07-01,0.0005109937969074441,0.0006680187580325736,0.3140499222501164,0.0005105274923722478
2016-07-05,0.010601587046980665,0.010601587046980665,0.0,0.010601107410148166
2016-07-06,0.0015109812983027382,0.0015109812983027382,0.0,0.0015104112463795532
2016-07-07,0.0034868691932745666,0.0034868691932745666,0.0,0.0034862404769847076
2016-07-08,-0.0016735733085980753,-0.0016735733085980753,0.0,-0.0016741938606726792
2016-07-11,-0.00431716848956798,-0.00431716848956798,0.0,-0.004317861547558459
2016-07-12,-0.008945124765395662,-0.008945124765395662,0.0,-0.008945726024001234
2016-07-13,0.004056841682824608,0.004056841682824608,0.0,0.00405630418939575
2016-07-14,-0.005350582562835937,-0.005350582562835937,0.0,-0.005351167588500424
2016-07-15,-0.0006503756887441536,-0.0006503756887441536,0.0,-0.0006508976867435226
2016-07-18,-0.0009646296645736685,-0.0009646296645736685,0.0,-0.000965160587778819
2016-07-19,0.00359386319872268,0.00359386319872268,0.0,0.003593360248182712
2016-07-20,-0.0029963186724057955,-0.0029963186724057955,0.0,-0.0029968814609298436
2016-07-21,0.005060457005830132,0.005060457005830132,0.0,0.005059947136191273
2016-07-22,-0.0014701451863772252,-0.0014701451863772252,0.0,-0.0014707327896541728
2016-07-25,0.0020437985684993443,0.0020437985684993443,0.0,0.002043228796084527
2016-07-26,-0.00018886260046124814,-0.00018886260046124814,0.0,-0.00018943853236581744
2016-07-27,0.004045402612803617,0.004045402612803617,0.0,0.00404482889585514
2016-07-28,0.002023332470402206,0.002023332470402206,0.0,0.0020228316883463657
2016-07-29,-2.811096549537595e-05,-2.811096549537595e-05,0.0,-2.867235280469492e-05
2016-08-01,0.0005570250577915381,0.0007494079956236188,0.3847658756640699,0.0005525230487033797
2016-08-02,-0.0003527096292398335,-0.0003527096292398335,0.0,-0.00035722055194217686
2016-08-03,-0.0017037989153974031,-0.0017037989153974031,0.0,-0.0017081519053866498
2016-08-04,0.0001938982770768316,0.0001938982770768316,0.0,0.00018986692520871784
2016-08-05,-0.0032832559519876403,-0.0032832559519876403,0.0,-0.003287443621350347
2016-08-08,-0.0016450781826374827,-0.0016450781826374827,0.0,-0.0016498615632645189
2016-08-09,0.0024734422302681303,0.0024734422302681303,0.0,0.0024689790440077727
2016-08-10,0.003087056685377121,0.003087056685377121,0.0,0.0030827306196734134
2016-08-11,-0.004436455968730102,-0.004436455968730102,0.0,-0.004440802915791659
2016-08-12,-0.0014147252758788254,-0.0014147252758788254,0.0,-0.0014190420802979056
2016-08-15,-0.0021912344436068043,-0.0021912344436068043,0.0,-0.002196003105765471
2016-08-16,-0.0013625469584291894,-0.0013625469584291894,0.0,-0.0013666859012236919
2016-08-17,-0.00020520274287738616,-0.00020520274287738616,0.0,-0.00020979159994072142
2016-08-18,-0.0005582228823864943,-0.0005582228823864943,0.0,-0.0005626573260475845
2016-08-19,-0.0020355382166533653,-0.0020355382166533653,0.0,-0.0020399687095234683
2016-08-22,0.00020816842980186934,0.00020816842980186934,0.0,0.0002037523727233731
2016-08-23,-0.0007012143475949584,-0.0007012143475949584,0.0,-0.0007057842093983845
2016-08-24,-5.9812175337459195e-05,-5.9812175337459195e-05,0.0,-6.452904735648755e-05
2016-08-25,-0.0004607599641945903,-0.0004607599641945903,0.0,-0.00046578066758194123
2016-08-26,-0.002097633238015373,-0.002097633238015373,0.0,-0.002102650219265389
2016-08-29,0.004759159357591747,0.004759159357591747,0.0,0.004754159357181368
2016-08-30,-0.0018404551063720964,-0.0018404551063720964,0.0,-0.0018454934508232545
2016-08-31,0.0018101093989963957,0.0018101093989963957,0.0,0.001805085910237521
2016-09-01,0.002311781789533729,0.0024972953435413725,0.37102710801549316,0.0023043882609642477
2016-09-02,0.004124690216110283,0.004124690216110283,0.0,0.004117491719424053
2016-09-06,0.007001898852033506,0.007001898852033506,0.0,0.0069946777630836
2016-09-07,-0.0016793938589682034,-0.0016793938589682034,0.0,-0.0016871067312895023
2016-09-08,-0.00580466407910063,-0.00580466407910063,0.0,-0.005812367229556926
2016-09-09,-0.012826464066706178,-0.012826464066706178,0.0,-0.012834133418275735
2016-09-12,0.004929153081257409,0.004929153081257409,0.0,0.004920889352848574
2016-09-13,-0.009388432778993816,-0.009388432778993816,0.0,-0.009396503796582972
2016-09-14,0.0023037428502588053,0.0023037428502588053,0.0,0.0022963984084329457
2016-09-15,0.004639593087897964,0.004639593087897964,0.0,0.0046331272657101205
2016-09-16,-0.0020347232753351596,-0.0020347232753351596,0.0,-0.002041212382847321
2016-09-19,0.00218002700393205,0.00218002700393205,0.0,0.0021733247196942815
2016-09-20,0.0007550384017407374,0.0007550384017407374,0.0,0.0007483248006322513
2016-09-21,0.009568284216591616,0.009568284216591616,0.0,0.00956335803696176
2016-09-22,0.00423223146281182,0.00423223146281182,0.0,0.004228171454630512
2016-09-23,-0.0020951696993948277,-0.0020951696993948277,0.0,-0.0020992426999198992
2016-09-26,-0.005190914128643032,-0.005190914128643032,0.0,-0.005196562121907407
2016-09-27,0.004513802378477427,0.004513802378477427,0.0,0.004507951651913828
2016-09-28,-0.000302654698941085,-0.000302654698941085,0.0,-0.00030875129677995284
2016-09-29,-0.00659713193188316,-0.00659713193188316,0.0,-0.006603001383591363
2016-09-30,0.0009894380368977718,0.0009894380368977718,0.0,0.0009831489001050728
2016-10-03,-0.00239458700479378,-0.0023866275082039534,0.015918993179530275,-0.0024017530201839226
2016-10-04,-0.008772442819174442,-0.008772442819174442,0.0,-0.00877983993734103
2016-10-05,0.0007121903484570424,0.0007121903484570424,0.0,0.0007050662860556451
2016-10-06,-0.002325550879171301,-0.002325550879171301,0.0,-0.0023326789087457964
2016-10-07,0.0008410403879637318,0.0008410403879637318,0.0,0.0008339253427945025
2016-10-10,0.0013625059161332942,0.0013625059161332942,0.0,0.0013553861790725423
2016-10-11,-0.00665614076094545,-0.00665614076094545,0.0,-0.006663936275614072
2016-10-12,0.001144649878181081,0.001144649878181081,0.0,0.0011366736312245973
2016-10-13,-0.0013626579136560846,-0.0013626579136560846,0.0,-0.0013690890348803592
2016-10-14,-0.0009229623718671753,-0.0009229623718671753,0.0,-0.0009298296135390461
2016-10-17,0.0007162037880992234,0.0007162037880992234,0.0,0.0007086774808211606
2016-10-18,0.005364711076551121,0.005364711076551121,0.0,0.0053571804996337905
2016-10-19,0.0006610188004423367,0.0006610188004423367,0.0,0.0006534564125287503
2016-10-20,0.0012321287876149167,0.0012321287876149167,0.0,0.001224562482663528
2016-10-21,-0.00035375320311237246,-0.00035375320311237246,0.0,-0.00036110404751567326
2016-10-24,0.001288143538820341,0.001288143538820341,0.0,0.0012807947272338242
2016-10-25,0.000780647871318596,0.000780647871318596,0.0,0.0007730687517513695
2016-10-26,-0.003739653464583381,-0.003739653464583381,0.0,-0.0037470141455390425
2016-10-27,-0.0050480698183488215,-0.0050480698183488215,0.0,-0.005054519378979406
2016-10-28,0.00012827642492641012,0.00012827642492641012,0.0,0.0001218525288870697
2016-10-31,0.004981220399405073,0.004981220399405073,0.0,0.004973688170576804
2016-11-01,-0.0014886153834116067,-0.0013475926049854037,0.282045556852722,-0.0014952608951407107
2016-11-02,-8.941729715350455e-05,-8.941729715350455e-05,0.0,-9.623713023258685e-05
2016-11-03,-0.001053786612673857,-0.001053786612673857,0.0,-0.0010607951993765578
2016-11-04,0.0014289206356785655,0.0014289206356785655,0.0,0.0014219201442154364
2016-11-07,0.003913211097126057,0.003913211097126057,0.0,0.003905441649387294
2016-11-08,0.0005384649264372765,0.0005384649264372765,0.0,0.0005302817307734253
2016-11-09,-0.004940216181003154,-0.004940216181003154,0.0,-0.004948594573840783
2016-11-10,-0.005116077468512281,-0.005116077468512281,0.0,-0.005124978951705746
2016-11-11,-0.002325233145685557,-0.002325233145685557,0.0,-0.0023340844941583424
2016-11-14,-0.0007953156074591572,-0.0007953156074591572,0.0,-0.0008054590012054962
2016-11-15,0.000842867389884594,0.000842867389884594,0.0,0.0008334836756952095
2016-11-16,0.001264869898425669,0.001264869898425669,0.0,0.0012562287790146218
2016-11-17,-0.001957856378464351,-0.001957856378464351,0.0,-0.0019659452982757532
2016-11-18,-0.002473447492079117,-0.002473447492079117,0.0,-0.002481518806498162
2016-11-21,-0.0008105063346474095,-0.0008105063346474095,0.0,-0.0008191169116039028
2016-11-22,0.003236501269699099,0.003236501269699099,0.0,0.003227524482304304
2016-11-23,-0.00316755717041306,-0.00316755717041306,0.0,-0.003176941833437212
2016-11-25,0.00038118387173446955,0.00038118387173446955,0.0,0.0003722064932941269
2016-11-28,0.0021411083937663555,0.0021411083937663555,0.0,0.0021321271781753687
2016-11-29,0.00203501684648133,0.00203501684648133,0.0,0.002026014123678679
2016-11-30,-0.008122743514202169,-0.008122743514202169,0.0,-0.008131766637023518
2016-12-01,-0.008651047800005807,-0.008503036020592103,0.296023558827588,-0.008661532100748938
2016-12-02,0.0015556289686236013,0.0015556289686236013,0.0,0.0015448868205393052
2016-12-05,0.001998777851976774,0.001998777851976774,0.0,0.0019877987402239575
2016-12-06,0.002073438209826639,0.002073438209826639,0.0,0.002062442211506825
2016-12-07,0.006005383516419549,0.006005383516419549,0.0,0.005993920507243049
2016-12-08,0.0017990900363598072,0.0017990900363598072,0.0,0.0017878004360140944
2016-12-09,-0.0014201855488296111,-0.0014201855488296111,0.0,-0.0014321688042453781
2016-12-12,-0.003411453614181159,-0.003411453614181159,0.0,-0.0034229722880831743
2016-12-13,0.0014057976955068607,0.0014057976955068607,0.0,0.00139363305602591
2016-12-14,-0.006431531624669917,-0.006431531624669917,0.0,-0.006443709269082748
2016-12-15,-0.002096138496670452,-0.002096138496670452,0.0,-0.0021073586463419875
2016-12-16,-0.0015146597102122517,-0.0015146597102122517,0.0,-0.0015258617508628989
2016-12-19,0.0010538855069754938,0.0010538855069754938,0.0,0.001042249014255038
2016-12-20,0.0013935794404564827,0.0013935794404564827,0.0,0.0013819334744070663
2016-12-21,-0.0013827549096528946,-0.0013827549096528946,0.0,-0.0013941891836410367
2016-12-22,-0.0012388698959651112,-0.0012388698959651112,0.0,-0.0012500680171462608
2016-12-23,0.0016466849880827361,0.0016466849880827361,0.0,0.0016352738399169648
2016-12-27,0.0013172730608035366,0.0013172730608035366,0.0,0.00130584740133208
2016-12-28,0.0008355830808381981,0.0008355830808381981,0.0,0.0008239215683992053
2016-12-29,0.0030319870872361765,0.0030319870872361765,0.0,0.0030216645065914657
2016-12-30,-0.0021751109869492247,-0.0021751109869492247,0.0,-0.002186357243272173
2017-01-03,0.003165613670246481,0.0033072684377770667,0.28330953506114004,0.003148178215115733
2017-01-04,0.005209441210556998,0.005209441210556998,0.0,0.005192393376667768
2017-01-05,0.0048046151022635986,0.0048046151022635986,0.0,0.004787876878956708
2017-01-06,-0.0024641639736616705,-0.0024641639736616705,0.0,-0.0024812474606970662
2017-01-09,-0.0013993270719492301,-0.0013993270719492301,0.0,-0.0014157450662787689
2017-01-10,0.0007814531587113649,0.0007814531587113649,0.0,0.0007647116974297914
2017-01-11,0.004588867234015526,0.004588867234015526,0.0,0.004572123042411921
2017-01-12,0.001428735371780343,0.001428735371780343,0.0,0.0014119752203543372
2017-01-13,-0.000745380418892938,-0.000745380418892938,0.0,-0.0007624742600046309
2017-01-17,0.0012739232987419857,0.0012739232987419857,0.0,0.0012561747452162061
2017-01-18,-0.003736359740440509,-0.003736359740440509,0.0,-0.003753455448816956
2017-01-19,-0.0021699157098993282,-0.0021699157098993282,0.0,-0.0021866696365458967
2017-01-20,0.0033067784332232453,0.0033067784332232453,0.0,0.0032906888029719363
2017-01-23,0.00380380933519886,0.00380380933519886,0.0,0.003787051476972763
2017-01-24,0.0008031165931610129,0.0008031165931610129,0.0,0.0007866743909850134
2017-01-25,0.0010011030516632324,0.0010011030516632324,0.0,0.0009849870204268764
2017-01-26,2.861982048973921e-05,2.861982048973921e-05,0.0,1.217149397080886e-05
2017-01-27,-0.0005011418999606443,-0.0005011418999606443,0.0,-0.000517919292054656
2017-01-30,-0.0030447859371680597,-0.0030447859371680597,0.0,-0.0030615615940891546
2017-01-31,0.0024741281613063215,0.0024741281613063215,0.0,0.0024570343518613464
2017-02-01,0.0010594371228473953,0.0012026242559812772,0.2863742662675019,0.0010447517277196838
2017-02-02,0.0012249587270034556,0.0012249587270034556,0.0,0.0012099988841999265
2017-02-03,0.0024559133717976245,0.0024559133717976245,0.0,0.002441240528136391
2017-02-06,-0.0007672138964550657,-0.0007672138964550657,0.0,-0.0007827805325724904
2017-02-07,-0.0017489203833086497,-0.0017489203833086497,0.0,-0.0017644828232984751
2017-02-08,0.002424243160349171,0.002424243160349171,0.0,0.0024086903024985633
2017-02-09,0.0024260957291186713,0.0024260957291186713,0.0,0.002410529621232173
2017-02-10,0.005041663122114404,0.005041663122114404,0.0,0.0050257898364241
2017-02-13,-6.544776215200443e-05,-6.544776215200443e-05,0.0,-8.075998362835462e-05
2017-02-14,0.0014387991428648217,0.0014387991428648217,0.0,0.0014228983515740669
2017-02-15,0.0036888773891179394,0.0036888773891179394,0.0,0.003673263262059626
2017-02-16,-0.0009848372562247798,-0.0009848372562247798,0.0,-0.0010001763129049797
2017-02-17,-0.0005413955736996989,-0.0005413955736996989,0.0,-0.000556729409674227
2017-02-21,0.0047219411163126335,0.0047219411163126335,0.0,0.004706315325637358
2017-02-22,-0.0005077807827196246,-0.0005077807827196246,0.0,-0.000523136674419526
2017-02-23,0.00036899294532433125,0.00036899294532433125,0.0,0.000353934989609345
2017-02-24,-0.0023626510341294704,-0.0023626510341294704,0.0,-0.0023777109005743507
2017-02-27,-0.0006945926321493268,-0.0006945926321493268,0.0,-0.0007093451842310107
2017-02-28,-0.0023626495692653515,-0.0023626495692653515,0.0,-0.00237828352520671
2017-03-01,0.006364167116319486,0.006414560190662666,0.10078614868642852,0.006348063093994366
2017-03-02,-0.008909861538088149,-0.008909861538088149,0.0,-0.008926968216102942
2017-03-03,0.0020467805440633757,0.0020467805440633757,0.0,0.002028723709946085
2017-03-06,-0.002135484595948256,-0.002135484595948256,0.0,-0.0021543360013536648
2017-03-07,-0.00284837148721917,-0.00284837148721917,0.0,-0.0028677171257088293
2017-03-08,-0.007200408205792819,-0.007200408205792819,0.0,-0.007218951454762044
2017-03-09,-0.0040427429700357065,-0.0040427429700357065,0.0,-0.004061213488327669
2017-03-10,0.0009487448640177476,0.0009487448640177476,0.0,0.0009300593813508986
2017-03-13,0.002610486495955966,0.002610486495955966,0.0,0.0025905107716625666
2017-03-14,-0.0034508605069166753,-0.0034508605069166753,0.0,-0.0034706083455796725
2017-03-15,0.009060868401405964,0.009060868401405964,0.0,0.009042437884801486
2017-03-16,0.00043222414070043236,0.00043222414070043236,0.0,0.00041370256371329615
2017-03-17,-0.0004755608564539493,-0.0004755608564539493,0.0,-0.0004940867753528717
2017-03-20,0.0014391515258180831,0.0014391515258180831,0.0,0.0014198586723026827
2017-03-21,-0.007469315827872469,-0.007469315827872469,0.0,-0.007488881164932583
2017-03-22,0.001135957537927279,0.001135957537927279,0.0,0.0011164719217261817
2017-03-23,-0.0002874686357867695,-0.0002874686357867695,0.0,-0.00030670981340031906
2017-03-24,0.001908391321536973,0.001908391321536973,0.0,0.0018886401517757736
2017-03-27,-0.0008971539362404579,-0.0008971539362404579,0.0,-0.000916925685723579
2017-03-28,0.0037286656620474368,0.0037286656620474368,0.0,0.0037089035959859008
2017-03-29,0.002978823004181841,0.002978823004181841,0.0,0.002959020842310524
2017-03-30,0.0006822044011525197,0.0006822044011525197,0.0,0.0006623703019603494
2017-03-31,-0.0002681821416303798,-0.0002681821416303798,0.0,-0.0002875081888029385
2017-04-03,0.00043217103634418663,0.00048379851253543826,0.10325495238219436,0.00041466084715783186
2017-04-04,0.002301769857937508,0.002301769857937508,0.0,0.0022842794374196202
2017-04-05,-0.0025895446864115934,-0.0025895446864115934,0.0,-0.002607290654613505
2017-04-06,0.000579061041614759,0.000579061041614759,0.0,0.0005615745765125701
2017-04-07,0.0007712824706149757,0.0007712824706149757,0.0,0.0007531153563544718
2017-04-10,0.0006139229115205147,0.0006139229115205147,0.0,0.0005957450263219476
2017-04-11,0.0006035470709442325,0.0006035470709442325,0.0,0.0005853606175896174
2017-04-12,-0.0011423092334020835,-0.0011423092334020835,0.0,-0.0011602794769778096
2017-04-13,-0.0021342293809809565,-0.0021342293809809565,0.0,-0.0021521838703504833
2017-04-17,0.0038400468105501684,0.0038400468105501684,0.0,0.0038216736936470125
2017-04-18,-0.0037674881670557436,-0.0037674881670557436,0.0,-0.0037856907528521634
2017-04-19,-0.003871109867593314,-0.003871109867593314,0.0,-0.0038890356625296504
2017-04-20,0.0032341828454129917,0.0032341828454129917,0.0,0.0032167575602239534
2017-04-21,-0.0021561260428228923,-0.0021561260428228923,0.0,-0.0021735949360765423
2017-04-24,0.0034825469245003404,0.0034825469245003404,0.0,0.0034646599928735504
2017-04-25,0.002327151568229935,0.002327151568229935,0.0,0.0023089923512746814
2017-04-26,-0.0013664528768742024,-0.0013664528768742024,0.0,-0.0013848691490097717
2017-04-27,-0.0011814392026862075,-0.0011814392026862075,0.0,-0.0011993874434213952
2017-04-28,-0.0013961421402570728,-0.0013961421402570728,0.0,-0.0014138499114568044
2017-05-01,0.0020806496151808407,0.0022152042213585688,0.2691092123554274,0.00207073992118466
2017-05-02,0.0016605076463853674,0.0016605076463853674,0.0,0.0016506885171472044
2017-05-03,-0.0006611683568732429,-0.0006611683568732429,0.0,-0.0006713895354743285
2017-05-04,-0.0004920934715747505,-0.0004920934715747505,0.0,-0.0005022993590404531
2017-05-05,0.002459948962939107,0.002459948962939107,0.0,0.0024492690095132903
2017-05-08,-0.0006120123821963253,-0.0006120123821963253,0.0,-0.0006229958982675011
2017-05-09,0.0034381593314991576,0.0034381593314991576,0.0,0.0034271909602340334
2017-05-10,0.0017376475978707617,0.0017376475978707617,0.0,0.0017267172506171236
2017-05-11,-0.0007555128775196263,-0.0007555128775196263,0.0,-0.000766238951071031
2017-05-12,-0.00023472411962233153,-0.00023472411962233153,0.0,-0.00024530911869912814
2017-05-15,0.0017059010677435982,0.0017059010677435982,0.0,0.0016949525444902582
2017-05-16,-0.0009160328882726887,-0.0009160328882726887,0.0,-0.0009270229117265496
2017-05-17,-0.00964055706383915,-0.00964055706383915,0.0,-0.009651524782128492
2017-05-18,-0.005335104283662795,-0.005335104283662795,0.0,-0.00534607611083027
2017-05-19,0.003680240069756424,0.003680240069756424,0.0,0.0036695221704464436
2017-05-22,-0.0008421560724380939,-0.0008421560724380939,0.0,-0.0008532058394637278
2017-05-23,0.0026720713947545605,0.0026720713947545605,0.0,0.002661162958477902
2017-05-24,0.0007545787130942561,0.0007545787130942561,0.0,0.0007434825019470529
2017-05-25,0.002936523350118403,0.002936523350118403,0.0,0.0029254079782824274
2017-05-26,-0.0008728683898614475,-0.0008728683898614475,0.0,-0.0008840581092332268
2017-05-30,-0.001340267479403301,-0.001340267479403301,0.0,-0.001351435079996872
2017-05-31,-0.0008185993491385268,-0.0008185993491385268,0.0,-0.0008302170105490284
2017-06-01,0.0051526338012137796,0.005334544601714342,0.36382160100123057,0.005134367451147481
2017-06-02,0.003897795336799348,0.003897795336799348,0.0,0.0038795179818194962
2017-06-05,-0.0011138721052262879,-0.0011138721052262879,0.0,-0.001132035215701674
2017-06-06,-0.0005514063352967113,-0.0005514063352967113,0.0,-0.0005697386230095324
2017-06-07,0.0025771313784561656,0.0025771313784561656,0.0,0.0025584282986656805
2017-06-08,0.00010969490698964357,0.00010969490698964357,0.0,9.074856221879973e-05
2017-06-09,-0.00410980067572797,-0.00410980067572797,0.0,-0.004128749251379345
2017-06-12,-0.0011452785929482179,-0.0011452785929482179,0.0,-0.001163762138069162
2017-06-13,0.0016791184369011614,0.0016791184369011614,0.0,0.0016602772023821255
2017-06-14,0.0014326175024119703,0.0014326175024119703,0.0,0.001413741996735358
2017-06-15,-0.0027806539671570984,-0.0027806539671570984,0.0,-0.002799749627630687
2017-06-16,-0.00025022183047285207,-0.00025022183047285207,0.0,-0.00026945046889537974
2017-06-19,0.0037754452996545673,0.0037754452996545673,0.0,0.003756221879844841
2017-06-20,-0.003451081976307946,-0.003451081976307946,0.0,-0.003470192732870353
2017-06-21,0.0020591028323193594,0.0020591028323193594,0.0,0.0020406345019984696
2017-06-22,0.0019212724457482455,0.0019212724457482455,0.0,0.0019033354272627021
2017-06-23,0.0010098956017481342,0.0010098956017481342,0.0,0.0009917302356128566
2017-06-26,0.0012979998781388336,0.0012979998781388336,0.0,0.0012792405401175556
2017-06-27,-0.003932238302222335,-0.003932238302222335,0.0,-0.003951215422612558
2017-06-28,0.0036233067343336423,0.0036233067343336423,0.0,0.0036042189091839787
2017-06-29,-0.005389081524604045,-0.005389081524604045,0.0,-0.005408626944857405
2017-06-30,-0.0020737290991251767,-0.0020737290991251767,0.0,-0.0020929706006659384
2017-07-03,-0.0018201593625396528,-0.0015562866552124577,0.5277454146544053,-0.0018183656001144355
2017-07-05,0.003020811383429578,0.003020811383429578,0.0,0.003022641662114775
2017-07-06,-0.0019410830155442982,-0.0019410830155442982,0.0,-0.0019393978680048924
2017-07-07,0.0046413565840650595,0.0046413565840650595,0.0,0.0046431410543806995
2017-07-10,0.0010691482835785138,0.0010691482835785138,0.0,0.0010707356799800813
2017-07-11,0.0009961531347260077,0.0009961531347260077,0.0,0.000997695183134401
2017-07-12,0.003502062164843389,0.003502062164843389,0.0,0.003503562003400015
2017-07-13,0.0014327427397149428,0.0014327427397149428,0.0,0.001434094703766962
2017-07-14,0.0003425593784966985,0.0003425593784966985,0.0,0.000343838392218475
2017-07-17,-0.0006817917405370633,-0.0006817917405370633,0.0,-0.0006804898280544146
2017-07-18,-0.00028873253120353937,-0.00028873253120353937,0.0,-0.0002874013031113836
2017-07-19,-0.00016971645956309622,-0.00016971645956309622,0.0,-0.0001683216264583792
2017-07-20,0.001851469710964615,0.001851469710964615,0.0,0.001852923587653649
2017-07-21,0.00012369460132921617,0.00012369460132921617,0.0,0.00012507503139606792
2017-07-24,0.0004882186701391511,0.0004882186701391511,0.0,0.0004896053929182411
2017-07-25,-0.0001053414502540928,-0.0001053414502540928,0.0,-0.00010396581418509826
2017-07-26,-0.0012587012222826655,-0.0012587012222826655,0.0,-0.0012573801016629845
2017-07-27,-0.002213707619454053,-0.002213707619454053,0.0,-0.002212354155379907
2017-07-28,-0.0009882857316688698,-0.0009882857316688698,0.0,-0.0009868732758624543
2017-07-31,-0.00021972532846314952,-0.00021972532846314952,0.0,-0.0002182835942940505
2017-08-01,0.0022475563081842953,0.002389898847970473,0.28468507957248657,0.0022383804109812368
2017-08-02,0.0010192569594424938,0.0010192569594424938,0.0,0.0010101466457617704
2017-08-03,-0.002158721998895663,-0.002158721998895663,0.0,-0.0021678658661330925
2017-08-04,0.002168797086335994,0.002168797086335994,0.0,0.002159724437156861
2017-08-07,0.0015673215918929895,0.0015673215918929895,0.0,0.0015586088699795092
2017-08-08,-0.0015315970704372628,-0.0015315970704372628,0.0,-0.0015406191287175158
2017-08-09,-0.0031282856224569278,-0.0031282856224569278,0.0,-0.0031372582143646744
2017-08-10,-0.008979927318340741,-0.008979927318340741,0.0,-0.008988713257786444
2017-08-11,0.0017553195329604865,0.0017553195329604865,0.0,0.0017469892991721335
2017-08-14,0.002075414438938994,0.002075414438938994,0.0,0.0020670285729326504
2017-08-15,0.002210959011692104,0.002210959011692104,0.0,0.0022024238264859285
2017-08-16,2.140811057582681e-05,2.140811057582681e-05,0.0,1.2971199138975407e-05
2017-08-17,-0.005940366190162916,-0.005940366190162916,0.0,-0.005948635018888664
2017-08-18,0.004621993537131219,0.004621993537131219,0.0,0.004613742672458351
2017-08-21,-0.0016741993987243742,-0.0016741993987243742,0.0,-0.0016825109172829826
2017-08-22,0.004687978631977785,0.004687978631977785,0.0,0.00467971905736356
2017-08-23,0.0010341062337786422,0.0010341062337786422,0.0,0.001025786780350792
2017-08-24,-6.93146646435494e-05,-6.93146646435494e-05,0.0,-7.783612669985782e-05
2017-08-25,0.0014282086887453804,0.0014282086887453804,0.0,0.0014196041937385728
2017-08-28,-0.0022741590081691854,-0.0022741590081691854,0.0,-0.002282465841903927
2017-08-29,0.0005274731416036182,0.0005274731416036182,0.0,0.0005188953977197589
2017-08-30,-0.0003395315897321005,-0.0003395315897321005,0.0,-0.0003481259411150477
2017-08-31,0.002439029771116541,0.002439029771116541,0.0,0.0024306160869389548
2017-09-01,0.0004448737213338383,0.000583866717911885,0.27798599315609657,0.0004327859975482177
2017-09-05,-0.0043791141075517626,-0.0043791141075517626,0.0,-0.004391306075984158
2017-09-06,0.002193773021071266,0.002193773021071266,0.0,0.002181225719426092
2017-09-07,0.001292927284470391,0.001292927284470391,0.0,0.0012805564517266394
2017-09-08,-0.0005783114799404743,-0.0005783114799404743,0.0,-0.0005905986538605842
2017-09-11,0.004002421914639065,0.004002421914639065,0.0,0.003989910447037766
2017-09-12,0.001393636592718961,0.001393636592718961,0.0,0.0013812532906715483
2017-09-13,-0.0017601159512058429,-0.0017601159512058429,0.0,-0.001772538350043847
2017-09-14,-0.0001362407263084675,-0.0001362407263084675,0.0,-0.00014873496342921607
2017-09-15,0.0017219690846250746,0.0017219690846250746,0.0,0.0017094787143765804
2017-09-18,0.0023204782348411612,0.0023204782348411612,0.0,0.002307817335149158
2017-09-19,0.0016417924351035396,0.0016417924351035396,0.0,0.0016291876789502357
2017-09-20,-0.0011931408369718621,-0.0011931408369718621,0.0,-0.0012056691015451572
2017-09-21,-0.0007891924562352104,-0.0007891924562352104,0.0,-0.0008016873351630251
2017-09-22,0.0002868428195978989,0.0002868428195978989,0.0,0.00027449232289684613
2017-09-25,-0.004822771801160419,-0.004822771801160419,0.0,-0.004835497332028616
2017-09-26,0.0005166797602396134,0.0005166797602396134,0.0,0.0005039715284206733
2017-09-27,0.0006913435051130179,0.0006913435051130179,0.0,0.0006786203187835966
2017-09-28,0.0005434539536401939,0.0005434539536401939,0.0,0.0005308321348896069
2017-09-29,0.002373790154333477,0.002373790154333477,0.0,0.0023611527751581625
2017-10-02,0.0016975484791055262,0.0017913120387604842,0.18752711930978622,0.0016923712632444284
2017-10-03,0.004418096922929937,0.004418096922929937,0.0,0.004412605451328604
2017-10-04,0.0003693786373968333,0.0003693786373968333,0.0,0.00036367422811420903
2017-10-05,0.000859071506989828,0.000859071506989828,0.0,0.0008534076142335458
2017-10-06,-0.001257562447881888,-0.001257562447881888,0.0,-0.0012632572430480295
2017-10-09,-0.0018866944440512068,-0.0018866944440512068,0.0,-0.0018923439453827435
2017-10-10,0.0014337453498596275,0.0014337453498596275,0.0,0.0014281107739872853
2017-10-11,-0.00015239954152868052,-0.00015239954152868052,0.0,-0.00015819356922234804
2017-10-12,-0.0008582667547065714,-0.0008582667547065714,0.0,-0.0008640015370409524
2017-10-13,0.0005943625971478461,0.0005943625971478461,0.0,0.0005886593621953817
2017-10-16,0.000887876763011386,0.000887876763011386,0.0,0.0008820446833655422
2017-10-17,-0.00029673098714144697,-0.00029673098714144697,0.0,-0.0003024886435914389
2017-10-18,0.001959487805038407,0.001959487805038407,0.0,0.001953741042637849
2017-10-19,-0.002570607058911989,-0.002570607058911989,0.0,-0.002576479999465757
2017-10-20,0.0028311298435337307,0.0028311298435337307,0.0,0.002825298723338144
2017-10-23,-0.0032272519934258836,-0.0032272519934258836,0.0,-0.0032331342976749575
2017-10-24,0.0019285772552470881,0.0019285772552470881,0.0,0.0019227079498210342
2017-10-25,1.2854282178009768e-05,1.2854282178009768e-05,0.0,6.912252487458595e-06
2017-10-26,-0.0013537314264836509,-0.0013537314264836509,0.0,-0.0013596199180288511
2017-10-27,0.0025171129872629816,0.0025171129872629816,0.0,0.0025113287052728195
2017-10-30,-0.0033952983257622416,-0.0033952983257622416,0.0,-0.003401284530112443
2017-10-31,0.0016847998406475106,0.0016847998406475106,0.0,0.0016787821939613658
2017-11-01,-0.0021080686540655424,-0.002010382395934429,0.19537251626228866,-0.0021220992839399763
2017-11-02,0.0013621530161747053,0.0013621530161747053,0.0,0.0013483743383102419
2017-11-03,0.0008461951612839247,0.0008461951612839247,0.0,0.0008322529579619458
2017-11-06,0.0028996290169069905,0.0028996290169069905,0.0,0.0028855392572310367
2017-11-07,-0.0013243401047309256,-0.0013243401047309256,0.0,-0.0013388870371608592
2017-11-08,0.0018673382487945922,0.0018673382487945922,0.0,0.001852714314210983
2017-11-09,-0.001924002932493285,-0.001924002932493285,0.0,-0.0019388104782273484
2017-11-10,0.00025967251771241706,0.00025967251771241706,0.0,0.00024505059536305255
2017-11-13,-0.0008257722839302151,-0.0008257722839302151,0.0,-0.0008405237894997401
2017-11-14,-0.003982607229539359,-0.003982607229539359,0.0,-0.003997572287559813
2017-11-15,-0.002770175798600727,-0.002770175798600727,0.0,-0.0027848843599296937
2017-11-16,0.00651022351311803,0.00651022351311803,0.0,0.006495372056558502
2017-11-17,4.943285444758416e-05,4.943285444758416e-05,0.0,3.4236009914528876e-05
2017-11-20,0.002517233052342416,0.002517233052342416,0.0,0.0025017932404136967
2017-11-21,0.004955320773519789,0.004955320773519789,0.0,0.004939792191195127
2017-11-22,0.0004967584793855728,0.0004967584793855728,0.0,0.00048117868455548236
2017-11-24,0.00269658305719922,0.00269658305719922,0.0,0.002681108786969952
2017-11-27,-0.003890617430855059,-0.003890617430855059,0.0,-0.0039060610036193997
2017-11-28,0.0027897840690394027,0.0027897840690394027,0.0,0.002774106473666039
2017-11-29,-0.0032625120318880985,-0.0032625120318880985,0.0,-0.00327816407648357
2017-11-30,0.0010033699327998136,0.0010033699327998136,0.0,0.0009880763124291015
2017-12-01,0.00037719778402589554,0.0006013613252728867,0.44832708249391756,0.0003405389975921269
2017-12-04,-0.0020852514582003767,-0.0020852514582003767,0.0,-0.0021228125696661692
2017-12-05,-8.107222139541737e-05,-8.107222139541737e-05,0.0,-0.00011860568203034556
2017-12-06,-0.0022881413134663298,-0.0022881413134663298,0.0,-0.002325673698981023
2017-12-07,6.984579776525557e-05,6.984579776525557e-05,0.0,3.2636809647709585e-05
2017-12-08,0.0026633690297306334,0.0026633690297306334,0.0,0.002626452111973177
2017-12-11,0.0022099111861264564,0.0022099111861264564,0.0,0.0021714931797297064
2017-12-12,-0.0003372344059187071,-0.0003372344059187071,0.0,-0.00037597582170435524
2017-12-13,0.0013065097576356877,0.0013065097576356877,0.0,0.0012689467859867956
2017-12-14,-0.0014869010390148318,-0.0014869010390148318,0.0,-0.0015250684652937745
2017-12-15,0.0015204144144080889,0.0015204144144080889,0.0,0.0014825604137352114
2017-12-18,0.003348292291150745,0.003348292291150745,0.0,0.0033083628526007756
2017-12-19,-0.00316600888950358,-0.00316600888950358,0.0,-0.003205691233953975
2017-12-20,-0.0008914222176611419,-0.0008914222176611419,0.0,-0.0009313540660188228
2017-12-21,0.003039743704004838,0.003039743704004838,0.0,0.003000704952516566
2017-12-22,0.0012680023316919975,0.0012680023316919975,0.0,0.0012295096186576739
2017-12-26,0.001971586517022006,0.001971586517022006,0.0,0.0019289611675215098
2017-12-27,0.001006040265919994,0.001006040265919994,0.0,0.0009642680803446506
2017-12-28,0.0018351662802977842,0.0018351662802977842,0.0,0.0017948508118529002
2017-12-29,0.0007907911987068417,0.0007907911987068417,0.0,0.0007504499941198457
2018-01-02,0.00544055916120656,0.005492708433062932,0.10429854371258467,0.0053937967384506645
2018-01-03,0.0039401333211308565,0.0039401333211308565,0.0,0.003894556318057117
2018-01-04,0.0021175140036231443,0.0021175140036231443,0.0,0.0020718993954364022
2018-01-05,0.0014788266338772171,0.0014788266338772171,0.0,0.0014338484740545438
2018-01-08,0.0005069653437461685,0.0005069653437461685,0.0,0.00046000286932276096
2018-01-09,-0.0018505665851641373,-0.0018505665851641373,0.0,-0.0018972055734195468
2018-01-10,0.0006295392318822479,0.0006295392318822479,0.0,0.0005835748799462952
2018-01-11,0.0044515402899203416,0.0044515402899203416,0.0,0.004405241543842963
2018-01-12,0.005648350212612563,0.005648350212612563,0.0,0.00560200868344126
2018-01-16,-0.000606018543379272,-0.000606018543379272,0.0,-0.0006530721454427455
2018-01-17,0.0024082164064525013,0.0024082164064525013,0.0,0.0023614976868108306
2018-01-18,-0.0018322888819288785,-0.0018322888819288785,0.0,-0.0018793599061503019
2018-01-19,0.0031352152977057735,0.0031352152977057735,0.0,0.0030884910772405226
2018-01-22,0.0029472409815982648,0.0029472409815982648,0.0,0.0029001574233920645
2018-01-23,0.004184589008811024,0.004184589008811024,0.0,0.0041378065108615605
2018-01-24,0.006227169559702261,0.006227169559702261,0.0,0.006180676930789299
2018-01-25,-0.0016286675978849363,-0.0016286675978849363,0.0,-0.0016748886195662642
2018-01-26,0.0051835556741404165,0.0051835556741404165,0.0,0.005137679921498649
2018-01-29,-0.00722567625291215,-0.00722567625291215,0.0,-0.007272921419361781
2018-01-30,-0.005975278571771048,-0.005975278571771048,0.0,-0.006022124686175517
2018-01-31,0.0036006731179092366,0.0036006731179092366,0.0,0.0035532251286126333
2018-02-01,-0.00263778751826238,-0.002536224956578681,0.20312512336733077,-0.002675508985930338
2018-02-02,-0.010070304345274561,-0.010070304345274561,0.0,-0.01010807542919789
2018-02-05,-0.014916849283282518,-0.014916849283282518,0.0,-0.014955187132452565
2018-02-06,0.006234165174701545,0.006234165174701545,0.0,0.006195886941591661
2018-02-07,-0.009490829824054137,-0.009490829824054137,0.0,-0.009530007882225957
2018-02-08,-0.014447503238877335,-0.014447503238877335,0.0,-0.014486474941896865
2018-02-09,0.002834747393269943,0.002834747393269943,0.0,0.0027960944211500214
2018-02-12,0.005723805658570225,0.005723805658570225,0.0,0.005683065993809905
2018-02-13,0.0017108972768937747,0.0017108972768937747,0.0,0.0016710413033863179
2018-02-14,0.008435565779076448,0.008435565779076448,0.0,0.008395925572905085
2018-02-15,0.006792902994314787,0.006792902994314787,0.0,0.006753076545084566
2018-02-16,0.0018480711795825222,0.0018480711795825222,0.0,0.0018073270084680549
2018-02-20,-0.004413028548909681,-0.004413028548909681,0.0,-0.004455096509979294
2018-02-21,-0.0034065519200831007,-0.0034065519200831007,0.0,-0.0034480061010287856
2018-02-22,0.003098276038784098,0.003098276038784098,0.0,0.0030571553087595468
2018-02-23,0.007551369086899129,0.007551369086899129,0.0,0.007510178032717173
2018-02-26,0.004374920671508908,0.004374920671508908,0.0,0.004332531895510843
2018-02-27,-0.010054783373550702,-0.010054783373550702,0.0,-0.010097015204027478
2018-02-28,-0.005480257873566208,-0.005480257873566208,0.0,-0.005522001547556166
2018-03-01,-0.004600002052249086,-0.004460360879126712,0.2792823462447057,-0.004624821089580165
2018-03-02,0.003333366193145837,0.003333366193145837,0.0,0.003308342089212208
2018-03-05,0.0020525123101511333,0.0020525123101511333,0.0,0.002026581392924989
2018-03-06,0.0024533149246812602,0.0024533149246812602,0.0,0.0024276129203553163
2018-03-07,-0.0013016168756763147,-0.0013016168756763147,0.0,-0.0013274162198015757
2018-03-08,-0.0014616001198645145,-0.0014616001198645145,0.0,-0.0014871917063694349
2018-03-09,0.006870203211012393,0.006870203211012393,0.0,0.006844669424329598
2018-03-12,0.0005900403532228538,0.0005900403532228538,0.0,0.0005636073776215636
2018-03-13,-0.0033333374663730986,-0.0033333374663730986,0.0,-0.0033601091282040962
2018-03-14,0.0004884756057041972,0.0004884756057041972,0.0,0.000461369986869827
2018-03-15,-0.0008215931789030684,-0.0008215931789030684,0.0,-0.0008488758787592931
2018-03-16,0.0008520007087540193,0.0008520007087540193,0.0,0.0008245957511277985
2018-03-19,-0.0035735685852036347,-0.0035735685852036347,0.0,-0.0036013229385238083
2018-03-20,0.002003442324249871,0.002003442324249871,0.0,0.0019756843905271086
2018-03-21,0.0040409655656907795,0.0040409655656907795,0.0,0.0040142168776848485
2018-03-22,-0.008984089404538764,-0.008984089404538764,0.0,-0.009010688756589018
2018-03-23,-0.0036308888281845197,-0.0036308888281845197,0.0,-0.0036574317952168525
2018-03-26,0.008566268224903695,0.008566268224903695,0.0,0.008539104103706448
2018-03-27,-0.00637383154393556,-0.00637383154393556,0.0,-0.0064010453416716104
2018-03-28,-0.0028552347522549093,-0.0028552347522549093,0.0,-0.0028815607622991574
2018-03-29,0.006290235840898051,0.006290235840898051,0.0,0.006264027615259977
2018-04-02,-0.008252406656100497,-0.00819986677111284,0.10507976997512336,-0.008285336843670457
2018-04-03,0.0030273798410007657,0.0030273798410007657,0.0,0.0029949286691998466
2018-04-04,0.0016861132232131038,0.0016861132232131038,0.0,0.0016543111813638234
2018-04-05,0.0002715818987168994,0.0002715818987168994,0.0,0.00023953152292114372
2018-04-06,-0.005914346104392343,-0.005914346104392343,0.0,-0.005946595689979573
2018-04-09,0.0017516874716263509,0.0017516874716263509,0.0,0.0017190819599784233
2018-04-10,0.008961854459022867,0.008961854459022867,0.0,0.008929563588712096
2018-04-11,0.0015180442019449014,0.0015180442019449014,0.0,0.0014856281059208833
2018-04-12,0.0010663937997585915,0.0010663937997585915,0.0,0.001033542594939232
2018-04-13,-0.002353165639000232,-0.002353165639000232,0.0,-0.0023862457715289223
2018-04-16,-0.0001723056602527251,-0.0001723056602527251,0.0,-0.00020587408067521696
2018-04-17,0.0027590388825207146,0.0027590388825207146,0.0,0.00272528601904868
2018-04-18,0.002530683480023832,0.002530683480023832,0.0,0.002496638968047671
2018-04-19,-0.002606035267636475,-0.002606035267636475,0.0,-0.0026403639248164957
2018-04-20,-0.0036997319805309736,-0.0036997319805309736,0.0,-0.003733773493793108
2018-04-23,-0.0006295955934670916,-0.0006295955934670916,0.0,-0.000664644104404702
2018-04-24,-0.003893288472331946,-0.003893288472331946,0.0,-0.003928313064126309
2018-04-25,-0.0017497142819471456,-0.0017497142819471456,0.0,-0.001784211296540811
2018-04-26,0.0037623685359549075,0.0037623685359549075,0.0,0.0037285051875460867
2018-04-27,-0.00014320381641519386,-0.00014320381641519386,0.0,-0.00017701652284678946
2018-04-30,-0.001978417353269535,-0.001978417353269535,0.0,-0.0020133643622438926
2018-05-01,-0.0026233120305547697,-0.002527918535684459,0.1907869897406226,-0.00264523822728204
2018-05-02,-0.0019790308499727516,-0.0019790308499727516,0.0,-0.002000890369543703
2018-05-03,-0.00017009642920218226,-0.00017009642920218226,0.0,-0.00019173664525551755
2018-05-04,0.00355391568230079,0.00355391568230079,0.0,0.003532283936509681
2018-05-07,-4.6307064831996314e-05,-4.6307064831996314e-05,0.0,-6.847862583344647e-05
2018-05-08,0.0009366198039335583,0.0009366198039335583,0.0,0.0009143294358103057
2018-05-09,0.003172955014567602,0.003172955014567602,0.0,0.0031504957791168428
2018-05-10,0.004380177723094958,0.004380177723094958,0.0,0.004357435053540206
2018-05-11,-0.0006480156156574157,-0.0006480156156574157,0.0,-0.0006712279311423703
2018-05-14,0.002054637869516318,0.002054637869516318,0.0,0.002031212292685564
2018-05-15,-0.002909387427027843,-0.002909387427027843,0.0,-0.0029327957136370477
2018-05-16,0.0032710952465051513,0.0032710952465051513,0.0,0.0032479605550219267
2018-05-17,-0.002415975660134295,-0.002415975660134295,0.0,-0.0024392781610075003
2018-05-18,-0.003147343909106648,-0.003147343909106648,0.0,-0.0031703988800221906
2018-05-21,0.002084461075055666,0.002084461075055666,0.0,0.002061200328466639
2018-05-22,-0.00030122651839437076,-0.00030122651839437076,0.0,-0.00032459571455137543
2018-05-23,-0.002565493160186838,-0.002565493160186838,0.0,-0.0025886008530006553
2018-05-24,-0.00250546999316692,-0.00250546999316692,0.0,-0.0025283230261395387
2018-05-25,-0.005264881556610201,-0.005264881556610201,0.0,-0.005287484083255511
2018-05-29,-0.00867742227685675,-0.00867742227685675,0.0,-0.008700234025141253
2018-05-30,0.005698944049678856,0.005698944049678856,0.0,0.005676592598506331
2018-05-31,-0.0013026212541479287,-0.0013026212541479287,0.0,-0.0013251540736299722
2018-06-01,0.0026215843858627963,0.002677653269868019,0.11213776801057086,0.0025923361834624026
2018-06-04,0.004153959680942343,0.004153959680942343,0.0,0.004124264153305857
2018-06-05,-0.0013002717659106322,-0.0013002717659106322,0.0,-0.00133015799114196
2018-06-06,0.0024667866064649324,0.0024667866064649324,0.0,0.0024369601510799525
2018-06-07,-0.00313500407346734,-0.00313500407346734,0.0,-0.0031647868894275877
2018-06-08,0.0013090628552616668,0.0013090628552616668,0.0,0.0012795794857864736
2018-06-11,0.0004279806377358586,0.0004279806377358586,0.0,0.0003981251390043816
2018-06-12,-0.0001874740879826975,-0.0001874740879826975,0.0,-0.00021703641013714981
2018-06-13,-0.0019306963271172872,-0.0019306963271172872,0.0,-0.0019604064986108996
2018-06-14,-0.0025582806968378335,-0.0025582806968378335,0.0,-0.002587902490646084
2018-06-15,-0.002498874963837161,-0.002498874963837161,0.0,-0.002528379351908872
2018-06-18,-0.0002988988323260333,-0.0002988988323260333,0.0,-0.0003284429348123995
2018-06-19,-0.0021324290654184397,-0.0021324290654184397,0.0,-0.0021619593398356273
2018-06-20,0.0016637042926979095,0.0016637042926979095,0.0,0.0016344269736230676
2018-06-21,-0.003943659235790209,-0.003943659235790209,0.0,-0.0039730131566429894
2018-06-22,0.005016286291857686,0.005016286291857686,0.0,0.004987268202311022
2018-06-25,-0.005126935843520641,-0.005126935843520641,0.0,-0.0051563381894096875
2018-06-26,0.0018692334337877536,0.0018692334337877536,0.0,0.001840068113861203
2018-06-27,-0.005147680478663208,-0.005147680478663208,0.0,-0.005176778099168377
2018-06-28,0.003665584003176292,0.003665584003176292,0.0,0.0036367238960972
2018-06-29,0.0030150576778058547,0.0030150576778058547,0.0,0.0029860290587681035
2018-07-02,-0.003397060996746859,-0.0032986626546661624,0.19679668416132365,-0.003427187407647408
2018-07-03,-0.0013936257204377744,-0.0013936257204377744,0.0,-0.0014238355461780195
2018-07-05,0.0021343230358883414,0.0021343230358883414,0.0,0.002104489255534205
2018-07-06,0.0021252196772023613,0.0021252196772023613,0.0,0.002095131268916431
2018-07-09,0.003922217431465036,0.003922217431465036,0.0,0.0038917175935351284
2018-07-10,-0.00041482217823773926,-0.00041482217823773926,0.0,-0.0004455051757004408
2018-07-11,-0.006171294894006141,-0.006171294894006141,0.0,-0.006201644013435528
2018-07-12,0.002268115461408815,0.002268115461408815,0.0,0.002237897701699534
2018-07-13,-9.678909877974817e-05,-9.678909877974817e-05,0.0,-0.00012711268997169707
2018-07-16,-0.0031306920279386974,-0.0031306920279386974,0.0,-0.003161636238019461
2018-07-17,-0.00014853646764312334,-0.00014853646764312334,0.0,-0.0001793311032991866
2018-07-18,0.0014211227988818464,0.0014211227988818464,0.0,0.0013906462461084795
2018-07-19,-0.001015095160282642,-0.001015095160282642,0.0,-0.0010456388385117622
2018-07-20,0.0007039015237451096,0.0007039015237451096,0.0,0.0006735614315585138
2018-07-23,0.0011914551011955599,0.0011914551011955599,0.0,0.001160926160264371
2018-07-24,0.0013280466865130958,0.0013280466865130958,0.0,0.0012971494241479648
2018-07-25,0.002920433746062878,0.002920433746062878,0.0,0.0028896296202718416
2018-07-26,8.483106770440507e-05,8.483106770440507e-05,0.0,5.42031350583376e-05
2018-07-27,-0.0033685557185836323,-0.0033685557185836323,0.0,-0.0033993447036604167
2018-07-30,-0.0009543657621990942,-0.0009543657621990942,0.0,-0.0009857773096961938
2018-07-31,0.0015481414390696724,0.0015481414390696724,0.0,0.0015170881727076544
2018-08-01,-0.00107601000130908,-0.0009335763192270807,0.28486736416419894,-0.0010862937982402039
2018-08-02,0.0010372640901019636,0.0010372640901019636,0.0,0.0010269690668049892
2018-08-03,-0.0017944403367713413,-0.0017944403367713413,0.0,-0.001804753754971445
2018-08-06,0.0007739329690432672,0.0007739329690432672,0.0,0.0007634828769518817
2018-08-07,0.003958942268283749,0.003958942268283749,0.0,0.003948438268100386
2018-08-08,-0.002581065082344791,-0.002581065082344791,0.0,-0.0025918437541736527
2018-08-09,0.0008750599194053965,0.0008750599194053965,0.0,0.0008644607854213636
2018-08-10,-0.000349564194875307,-0.000349564194875307,0.0,-0.0003601713724290402
2018-08-13,-0.0009849869023037527,-0.0009849869023037527,0.0,-0.0009956752008212924
2018-08-14,0.000816059764552568,0.000816059764552568,0.0,0.0008053880398440788
2018-08-15,-0.004050120313804251,-0.004050120313804251,0.0,-0.004060796751673044
2018-08-16,0.0021897379117836735,0.0021897379117836735,0.0,0.002179345643670634
2018-08-17,0.0010487850854814518,0.0010487850854814518,0.0,0.001038343411109834
2018-08-20,0.00092442804168269,0.00092442804168269,0.0,0.0009138091215534792
2018-08-21,0.003420492269894382,0.003420492269894382,0.0,0.003409756129951625
2018-08-22,0.0019907766640068214,0.0019907766640068214,0.0,0.0019797473672200122
2018-08-23,0.0012093672585762327,0.0012093672585762327,0.0,0.0011982527316670706
2018-08-24,0.0009389401473529624,0.0009389401473529624,0.0,0.0009276863663563578
2018-08-27,0.0018956073950360253,0.0018956073950360253,0.0,0.0018841222086423402
2018-08-28,0.0024538731598058305,0.0024538731598058305,0.0,0.0024421976732507595
2018-08-29,0.0019791854743504977,0.0019791854743504977,0.0,0.0019673355503351205
2018-08-30,-0.0013936053453840191,-0.0013936053453840191,0.0,-0.0014054809449328878
2018-08-31,-0.0002697974181083973,-0.0002697974181083973,0.0,-0.00028157495617246806
2018-09-04,0.0006273432232064557,0.0007270817606408464,0.1994770748689493,0.0006309583060127697
2018-09-05,-0.001237432535669325,-0.001237432535669325,0.0,-0.0012336517145442685
2018-09-06,-0.003243412906846155,-0.003243412906846155,0.0,-0.0032395426721435606
2018-09-07,-0.0003684886191686054,-0.0003684886191686054,0.0,-0.000364316048819191
2018-09-10,0.0014553170107229896,0.0014553170107229896,0.0,0.0014595418608747922
2018-09-11,0.005155052266694327,0.005155052266694327,0.0,0.005159149300438917
2018-09-12,-0.001564186920325783,-0.001564186920325783,0.0,-0.0015605230358757079
2018-09-13,-0.0002506864408156062,-0.0002506864408156062,0.0,-0.0002469029511351583
2018-09-14,0.0014061068871975557,0.0014061068871975557,0.0,0.0014099303560947535
2018-09-17,-0.002568398289096163,-0.002568398289096163,0.0,-0.002564680861579456
2018-09-18,0.002535090138712004,0.002535090138712004,0.0,0.002539034788468165
2018-09-19,-0.0011352348816934255,-0.0011352348816934255,0.0,-0.0011315314095432746
2018-09-20,-0.000908181684967535,-0.000908181684967535,0.0,-0.0009043604512343987
2018-09-21,-0.0008066403277345868,-0.0008066403277345868,0.0,-0.0008027204706292341
2018-09-24,0.0030080279548312383,0.0030080279548312383,0.0,0.003012094141033728
2018-09-25,-0.0005229280064555919,-0.0005229280064555919,0.0,-0.0005191508588783348
2018-09-26,-0.0022975038337496034,-0.0022975038337496034,0.0,-0.0022936972794279633
2018-09-27,0.0016822008368593266,0.0016822008368593266,0.0,0.0016861763846281528
2018-09-28,0.001928404266825945,0.001928404266825945,0.0,0.0019322484042065301
2018-10-01,0.0021645873317710507,0.0022176462714802447,0.10611787941870414,0.0021608024922507765
2018-10-02,-0.006270187308464847,-0.006270187308464847,0.0,-0.006274010050286273
2018-10-03,0.0012556599283204406,0.0012556599283204406,0.0,0.0012523614133273084
2018-10-04,-0.003688061745112381,-0.003688061745112381,0.0,-0.0036914495689878857
2018-10-05,-0.0021240325189713083,-0.0021240325189713083,0.0,-0.0021271126559709677
2018-10-08,-0.00254786989460698,-0.00254786989460698,0.0,-0.0025507724510606435
2018-10-09,-0.0007029375019743656,-0.0007029375019743656,0.0,-0.0007056635032164427
2018-10-10,-0.007083756702320976,-0.007083756702320976,0.0,-0.0070864470600208165
2018-10-11,-0.00929641483504251,-0.00929641483504251,0.0,-0.009298483738735146
2018-10-12,0.0011860346800907084,0.0011860346800907084,0.0,0.0011847673341704866
2018-10-15,-0.0013945725697258604,-0.0013945725697258604,0.0,-0.0013959678307313328
2018-10-16,0.0044126291374919635,0.0044126291374919635,0.0,0.004411363326555358
2018-10-17,-0.0014196580959019434,-0.0014196580959019434,0.0,-0.001421319662724756
2018-10-18,-0.0029251555801477203,-0.0029251555801477203,0.0,-0.0029266914454742694
2018-10-19,0.0008662497900273625,0.0008662497900273625,0.0,0.0008649793096560084
2018-10-22,-0.0007989922209523659,-0.0007989922209523659,0.0,-0.0008003630626914411
2018-10-23,-0.005863719002397461,-0.005863719002397461,0.0,-0.00586501231046537
2018-10-24,-0.0050199068266642,-0.0050199068266642,0.0,-0.005020671766293168
2018-10-25,0.005125230034107808,0.005125230034107808,0.0,0.005124919710757275
2018-10-26,-0.006934314371201178,-0.006934314371201178,0.0,-0.006935083110749687
2018-10-29,0.0015457162143517333,0.0015457162143517333,0.0,0.0015455726295839068
2018-10-30,0.0020901656433247595,0.0020901656433247595,0.0,0.002089882656361987
2018-10-31,0.002152906803626564,0.002152906803626564,0.0,0.0021524348634412694
2018-11-01,-0.0055111406749490666,-0.005144381070416926,0.7335192090641267,-0.005499410949683012
2018-11-02,-0.0006406186548626458,-0.0006406186548626458,0.0,-0.0006284569264480241
2018-11-05,-0.0007136420716014058,-0.0007136420716014058,0.0,-0.0007012000313368416
2018-11-06,-0.0006974302385881481,-0.0006974302385881481,0.0,-0.0006849675166949163
2018-11-07,-0.0011664035681837603,-0.0011664035681837603,0.0,-0.0011538139068397516
2018-11-08,0.0014511416389080267,0.0014511416389080267,0.0,0.0014637439255093087
2018-11-09,0.0012275452171797152,0.0012275452171797152,0.0,0.0012400511271678215
2018-11-12,-0.0013050267333569732,-0.0013050267333569732,0.0,-0.0012926485431353123
2018-11-13,-0.005967098704919294,-0.005967098704919294,0.0,-0.005954422034532912
2018-11-14,-0.0008217855888488224,-0.0008217855888488224,0.0,-0.0008085322886766439
2018-11-15,0.0006604856617027366,0.0006604856617027366,0.0,0.0006737686529801417
2018-11-16,-0.0018008134105439444,-0.0018008134105439444,0.0,-0.0017876569077397366
2018-11-19,-0.0018249062207051914,-0.0018249062207051914,0.0,-0.0018113872907697557
2018-11-20,-0.0030991938732461977,-0.0030991938732461977,0.0,-0.0030854804620437147
2018-11-21,-0.00041226902389268627,-0.00041226902389268627,0.0,-0.000398104262740561
2018-11-23,-0.002170125719968774,-0.002170125719968774,0.0,-0.0021559164914706002
2018-11-26,-0.0009017621690798894,-0.0009017621690798894,0.0,-0.000887257159134236
2018-11-27,0.00201282014945825,0.00201282014945825,0.0,0.0020273615204313418
2018-11-28,-0.0015090472677139477,-0.0015090472677139477,0.0,-0.0014947839257280218
2018-11-29,0.001406757788821933,0.001406757788821933,0.0,0.0014209994651148694
2018-11-30,-0.0001869717602827059,-0.0001869717602827059,0.0,-0.00017287941953440637
2018-12-03,-6.779012957647268e-05,0.00011759571724234696,0.370771693637795,-3.951903882325313e-05
2018-12-04,-0.0038699391043017783,-0.0038699391043017783,0.0,-0.003841159744358346
2018-12-06,0.00350434217008333,0.00350434217008333,0.0,0.0035333543850395526
2018-12-07,-0.005152771719263094,-0.005152771719263094,0.0,-0.005124308974431562
2018-12-10,0.0034709275471922485,0.0034709275471922485,0.0,0.00350026832036794
2018-12-11,-0.00035115612237102134,-0.00035115612237102134,0.0,-0.0003222421400049236
2018-12-12,-0.0015089486720006873,-0.0015089486720006873,0.0,-0.001479747131391073
2018-12-13,-0.0023283576305886955,-0.0023283576305886955,0.0,-0.002299091599399444
2018-12-14,0.0020765423457560495,0.0020765423457560495,0.0,0.0021059729118021735
2018-12-17,-0.002728024835264131,-0.002728024835264131,0.0,-0.002698973245516629
2018-12-18,0.003292835228406288,0.003292835228406288,0.0,0.0033219734245552705
2018-12-19,-0.0030273831285102526,-0.0030273831285102526,0.0,-0.0029985225133576485
2018-12-20,-0.002217998768698659,-0.002217998768698659,0.0,-0.0021888917323760323
2018-12-21,0.0009279382900277966,0.0009279382900277966,0.0,0.0009573164440884786
2018-12-24,-0.004053579863612433,-0.004053579863612433,0.0,-0.004023439587504263
2018-12-26,0.003035609956793639,0.003035609956793639,0.0,0.003066007772765517
2018-12-27,0.0008247827440974742,0.0008247827440974742,0.0,0.0008544247287403828
2018-12-28,-0.0014567328322406814,-0.0014567328322406814,0.0,-0.0014273176246470873
2018-12-31,-0.00037689657280448596,-0.00037689657280448596,0.0,-0.00034667274522801717
2019-01-02,-0.007791411963917416,-0.007433643820667912,0.7155362864989006,-0.007729921591927827
2019-01-03,0.0028059195369309897,0.0028059195369309897,0.0,0.0028685713842660976
2019-01-04,-0.014435737603232579,-0.014435737603232579,0.0,-0.014373259480604686
2019-01-07,-0.004611460465304029,-0.004611460465304029,0.0,-0.004545596504112547
2019-01-08,-0.005923323535292457,-0.005923323535292457,0.0,-0.005856711378116036
2019-01-09,-0.009506059540851042,-0.009506059540851042,0.0,-0.009438761025737612
2019-01-10,-0.000541848935528777,-0.000541848935528777,0.0,-0.00047356432933018736
2019-01-11,0.0023158288469382615,0.0023158288469382615,0.0,0.002384201675502917
2019-01-14,0.004573654157475016,0.004573654157475016,0.0,0.00464222220064362
2019-01-15,-0.004884534758122117,-0.004884534758122117,0.0,-0.004816712496631981
2019-01-16,-0.0033730688840876155,-0.0033730688840876155,0.0,-0.0033050180944911964
2019-01-17,-0.002570026671042558,-0.002570026671042558,0.0,-0.0025017141572213223
2019-01-18,-0.004999791151584665,-0.004999791151584665,0.0,-0.004931350296357602
2019-01-22,0.009118520229720817,0.009118520229720817,0.0,0.009188362491415242
2019-01-23,-0.0027071890818375355,-0.0027071890818375355,0.0,-0.0026394057700613502
2019-01-24,-0.002828118332162566,-0.002828118332162566,0.0,-0.0027610530985286877
2019-01-25,-0.008084256358454778,-0.008084256358454778,0.0,-0.008016157774413182
2019-01-28,0.005498191567129274,0.005498191567129274,0.0,0.005568491840434385
2019-01-29,-0.0027414614914668123,-0.0027414614914668123,0.0,-0.0026720598932696103
2019-01-30,-0.01059943286323961,-0.01059943286323961,0.0,-0.010529581943509843
2019-01-31,-0.004269147951057484,-0.004269147951057484,0.0,-0.004197843327072167
2019-02-01,-0.00032376007997803047,9.399243623642306e-05,0.8355050324289524,-0.00031158677333613974
2019-02-04,6.613099754537721e-05,6.613099754537721e-05,0.0,7.847841651488588e-05
2019-02-05,0.00032746223981527933,0.00032746223981527933,0.0,0.00033980262324005765
2019-02-06,0.00045131305605861094,0.00045131305605861094,0.0,0.0004636186128342227
2019-02-07,0.004343120121845567,0.004343120121845567,0.0,0.004355377701696989
2019-02-08,0.001115956475829849,0.001115956475829849,0.0,0.001127804136048922
2019-02-11,0.0004010793891255915,0.0004010793891255915,0.0,0.00041290712870287015
2019-02-12,-0.0026161736721108664,-0.0026161736721108664,0.0,-0.002604487064007788
2019-02-13,-0.0008963504968805269,-0.0008963504968805269,0.0,-0.0008843352301243182
2019-02-14,0.0010761104130960764,0.0010761104130960764,0.0,0.0010881708724931015
2019-02-15,-0.004162069779461097,-0.004162069779461097,0.0,-0.00415012380789859
2019-02-19,-0.0029705399970297863,-0.0029705399970297863,0.0,-0.0029579931860780765
2019-02-20,-0.0021417394416951563,-0.0021417394416951563,0.0,-0.0021289237139968126
2019-02-21,0.0007179411510953582,0.0007179411510953582,0.0,0.0007309887986399927
2019-02-22,-0.0011507893252415968,-0.0011507893252415968,0.0,-0.001137765323210875
2019-02-25,0.00037469499139830553,0.00037469499139830553,0.0,0.00038789874197466353
2019-02-26,0.00014420321756003496,0.00014420321756003496,0.0,0.0001572572697055708
2019-02-27,0.0001640605216202129,0.0001640605216202129,0.0,0.0001770989599412233
2019-02-28,0.0011975930493048903,0.0011975930493048903,0.0,0.001210613726635203
2019-03-01,0.0016835684777367632,0.001823774344433371,0.28041173339351405,0.0016876850243320177
2019-03-04,0.00018515412779618323,0.00018515412779618323,0.0,0.00018896225182303032
2019-03-05,-0.0018634352312516533,-0.0018634352312516533,0.0,-0.0018596455161065256
2019-03-06,0.0019449059644631728,0.0019449059644631728,0.0,0.0019488812968631998
2019-03-07,0.0037866037143627906,0.0037866037143627906,0.0,0.0037903699974018118
2019-03-08,-0.0010437551882601648,-0.0010437551882601648,0.0,-0.0010403482446661146
2019-03-11,-0.0011677118759675365,-0.0011677118759675365,0.0,-0.0011642014489024325
2019-03-12,-0.0011430984311631143,-0.0011430984311631143,0.0,-0.0011394720955502664
2019-03-13,-0.00220914426029184,-0.00220914426029184,0.0,-0.0022054198478274312
2019-03-14,0.0023249294418021815,0.0023249294418021815,0.0,0.002328872960760318
2019-03-15,-0.002474919633621897,-0.002474919633621897,0.0,-0.0024712061700561355
2019-03-18,-0.002842651094770554,-0.002842651094770554,0.0,-0.0028387086221459386
2019-03-19,-0.0007151314952423826,-0.0007151314952423826,0.0,-0.0007108720664332421
2019-03-20,-0.0008838616203086236,-0.0008838616203086236,0.0,-0.0008795127321680129
2019-03-21,0.004415963059918315,0.004415963059918315,0.0,0.004420419086695512
2019-03-22,0.0054611263668717935,0.0054611263668717935,0.0,0.005465105825114123
2019-03-25,-0.0013005630541079727,-0.0013005630541079727,0.0,-0.0012971246478235357
2019-03-26,-9.074375241335808e-05,-9.074375241335808e-05,0.0,-8.717632722306004e-05
2019-03-27,0.004672257616312958,0.004672257616312958,0.0,0.004675804364412895
2019-03-28,0.0013645597066653803,0.0013645597066653803,0.0,0.0013676359729317418
2019-03-29,-0.0009625058100437567,-0.0009625058100437567,0.0,-0.0009595995366340949
2019-04-01,-0.004474555618775855,-0.004466244603998026,0.01662202955593594,-0.004470463429465847
2019-04-02,0.00037298296824639365,0.00037298296824639365,0.0,0.0003771740276931106
2019-04-03,-0.0013953654815511696,-0.0013953654815511696,0.0,-0.0013911759913010316
2019-04-04,-0.0013440388118983737,-0.0013440388118983737,0.0,-0.0013397109444572366
2019-04-05,4.611402069687465e-05,4.611402069687465e-05,0.0,5.0575354691690043e-05
2019-04-08,-0.0025940243000351915,-0.0025940243000351915,0.0,-0.002589586192581855
2019-04-09,0.000665707068092436,0.000665707068092436,0.0,0.0006703826183355808
2019-04-10,0.0006491140067486079,0.0006491140067486079,0.0,0.0006537433309438044
2019-04-11,0.004219725809589514,0.004219725809589514,0.0,0.004224290865331338
2019-04-12,-0.0006084413945638412,-0.0006084413945638412,0.0,-0.0006042749433514174
2019-04-15,0.00048620502251339737,0.00048620502251339737,0.0,0.0004904140657411778
2019-04-16,-0.0020318370711195355,-0.0020318370711195355,0.0,-0.00202767597040306
2019-04-17,0.00035550764565139836,0.00035550764565139836,0.0,0.0003598878318168947
2019-04-18,0.00017635861167808464,0.00017635861167808464,0.0,0.0001806671771904373
2019-04-22,-0.0011474651633475164,-0.0011474651633475164,0.0,-0.0011431377278877167
2019-04-23,0.0022850455998504327,0.0022850455998504327,0.0,0.0022895055417592306
2019-04-24,0.005489983103974305,0.005489983103974305,0.0,0.005494198114673829
2019-04-25,-0.0004906405269953229,-0.0004906405269953229,0.0,-0.0004869817374210385
2019-04-26,0.0018275168101105077,0.0018275168101105077,0.0,0.0018312081813290461
2019-04-29,-0.001253548567643703,-0.001253548567643703,0.0,-0.0012500058440151058
2019-04-30,-0.00023234136974581432,-0.00023234136974581432,0.0,-0.00022869050199053332
2019-05-01,0.0022510119268031037,0.0022582224205511814,0.014420987495888125,0.0022551211990001156
2019-05-02,0.001660465764523611,0.001660465764523611,0.0,0.0016644715358248754
2019-05-03,-0.001367320340035505,-0.001367320340035505,0.0,-0.0013635275526675114
2019-05-06,0.003093937281250403,0.003093937281250403,0.0,0.003097881075527235
2019-05-07,0.0024114162733654965,0.0024114162733654965,0.0,0.0024150401491788895
2019-05-08,-0.0012783921872319137,-0.0012783921872319137,0.0,-0.0012750042260734542
2019-05-09,0.0028171073886684717,0.0028171073886684717,0.0,0.002820620578100759
2019-05-10,-0.00023127985266013784,-0.00023127985266013784,0.0,-0.0002280418451848967
2019-05-13,0.0026545374909601183,0.0026545374909601183,0.0,0.0026577706956053596
2019-05-14,-0.002389557129415021,-0.002389557129415021,0.0,-0.0023865804260831775
2019-05-15,0.001313362591057965,0.001313362591057965,0.0,0.0013165843382470842
2019-05-16,0.0011347373999763821,0.0011347373999763821,0.0,0.001137805453685168
2019-05-17,0.003144808510077368,0.003144808510077368,0.0,0.0031477547965042024
2019-05-20,-0.003031457322529074,-0.003031457322529074,0.0,-0.0030288113750335196
2019-05-21,-0.0010143773454623917,-0.0010143773454623917,0.0,-0.0010114410041076726
2019-05-22,0.002786355963646958,0.002786355963646958,0.0,0.0027893766102612297
2019-05-23,0.0028000722928256394,0.0028000722928256394,0.0,0.0028028158092179454
2019-05-24,-0.0021631342429858647,-0.0021631342429858647,0.0,-0.0021606768207106755
2019-05-28,-0.0013048854197141857,-0.0013048854197141857,0.0,-0.0013022016775628888
2019-05-29,-0.0019290727846767997,-0.0019290727846767997,0.0,-0.001926265246701652
2019-05-30,0.0011925709952773644,0.0011925709952773644,0.0,0.001195574791933757
2019-05-31,0.0020370405140026637,0.0020370405140026637,0.0,0.00203989338714642
2019-06-03,-0.0025812634194978257,-0.0024330462983629397,0.2964342422697633,-0.00258522181260149
2019-06-04,-0.0010986158426801174,-0.0010986158426801174,0.0,-0.001102589228274782
2019-06-05,0.00413004425435437,0.00413004425435437,0.0,0.004126166879507849
2019-06-06,-0.0015785437038778882,-0.0015785437038778882,0.0,-0.0015827436869759657
2019-06-07,-0.0005075157407391506,-0.0005075157407391506,0.0,-0.0005114902042193607
2019-06-10,-0.0006933616813941113,-0.0006933616813941113,0.0,-0.0006973108593401933
2019-06-11,-0.0004291363989838981,-0.0004291363989838981,0.0,-0.0004329919078122798
2019-06-12,0.003549138664355578,0.003549138664355578,0.0,0.0035453709341242445
2019-06-13,-0.0010229585846973643,-0.0010229585846973643,0.0,-0.001026927602205839
2019-06-14,0.0007712734670775045,0.0007712734670775045,0.0,0.0007673691850679002
2019-06-17,7.113312370488067e-05,7.113312370488067e-05,0.0,6.71107444199507e-05
2019-06-18,-0.002828971064502195,-0.002828971064502195,0.0,-0.002832980832630988
2019-06-19,-0.0004247813164278691,-0.0004247813164278691,0.0,-0.0004284885440082447
2019-06-20,-0.00476603910044604,-0.00476603910044604,0.0,-0.004769643009723438
2019-06-21,-0.0009963547800626582,-0.0009963547800626582,0.0,-0.0009995479247534213
2019-06-24,-0.0005968165403953396,-0.0005968165403953396,0.0,-0.0005999459901408345
2019-06-25,-0.001258058807270812,-0.001258058807270812,0.0,-0.001261126017931075
2019-06-26,-0.0028523979471409833,-0.0028523979471409833,0.0,-0.0028554085594230134
2019-06-27,4.956959180146825e-05,4.956959180146825e-05,0.0,4.680198938994429e-05
2019-06-28,0.0012811010135487244,0.0012811010135487244,0.0,0.0012783426985241808
2019-07-01,-0.0032784067089335345,-0.0030775769207611603,0.4016595763448078,-0.00331187137834912
2019-07-02,0.005166039749195717,0.005166039749195717,0.0,0.005132690679830901
2019-07-03,0.0008042850794875989,0.0008042850794875989,0.0,0.000770512564917873
2019-07-05,-0.0016175151001347476,-0.0016175151001347476,0.0,-0.001651642452095318
2019-07-08,-0.00046119997867022366,-0.00046119997867022366,0.0,-0.0004957109415858055
2019-07-09,-0.0002977819342144805,-0.0002977819342144805,0.0,-0.0003322683557608781
2019-07-10,-0.0005067608532193235,-0.0005067608532193235,0.0,-0.0005402955718628353
2019-07-11,-0.002640051940820065,-0.002640051940820065,0.0,-0.0026730928447313254
2019-07-12,0.00012914740884073517,0.00012914740884073517,0.0,9.655216275586085e-05
2019-07-15,0.0020660984286049455,0.0020660984286049455,0.0,0.002033341384016912
2019-07-16,-2.0058450334037303e-07,-2.0058450334037303e-07,0.0,-3.290698266576008e-05
2019-07-17,0.0017340693178249378,0.0017340693178249378,0.0,0.001701518674522296
2019-07-18,0.0024384560451822246,0.0024384560451822246,0.0,0.0024070674767995453
2019-07-19,-0.0034927919802116847,-0.0034927919802116847,0.0,-0.0035244549653686836
2019-07-22,0.0004683418603466105,0.0004683418603466105,0.0,0.0004365370425013346
2019-07-23,-0.00048273451159353,-0.00048273451159353,0.0,-0.0005142502990254358
2019-07-24,0.0013828282812833326,0.0013828282812833326,0.0,0.0013508682794759707
2019-07-25,-0.0018862731521048781,-0.0018862731521048781,0.0,-0.0019184575915316055
2019-07-26,0.0014640098288170034,0.0014640098288170034,0.0,0.00143160749183342
2019-07-29,-0.0008285447479098318,-0.0008285447479098318,0.0,-0.000860864246314046
2019-07-30,-0.0022438789168798268,-0.0022438789168798268,0.0,-0.00227568930041258
2019-07-31,-0.0005430169584551559,-0.0005430169584551559,0.0,-0.000574716825309922
2019-08-01,0.01132127991125853,0.011498960836509031,0.3553618505009677,0.011303729177483294
2019-08-02,0.0002822752168822884,0.0002822752168822884,0.0,0.00026426998395756265
2019-08-05,0.003567328473408349,0.003567328473408349,0.0,0.00354948414433341
2019-08-06,0.0032533844781021948,0.0032533844781021948,0.0,0.00323523114935446
2019-08-07,0.004229935603264012,0.004229935603264012,0.0,0.004211856415205138
2019-08-08,0.0007753176563809472,0.0007753176563809472,0.0,0.0007569836678298817
2019-08-09,-0.0010517961062076475,-0.0010517961062076475,0.0,-0.0010699910985407385
2019-08-12,0.0035197398261683777,0.0035197398261683777,0.0,0.0035016075687613656
2019-08-13,-0.0037845288982140124,-0.0037845288982140124,0.0,-0.003802870356003608
2019-08-14,0.005323626707512963,0.005323626707512963,0.0,0.00530588075015894
2019-08-15,0.002090446820653735,0.002090446820653735,0.0,0.0020728615680238632
2019-08-16,-0.00172987393017221,-0.00172987393017221,0.0,-0.001747198617585107
2019-08-19,-0.004017637523985762,-0.004017637523985762,0.0,-0.004035525421164131
2019-08-20,0.0018150494978861342,0.0018150494978861342,0.0,0.00179739358275552
2019-08-21,-0.00018922426205902898,-0.00018922426205902898,0.0,-0.0002072652193098597
2019-08-22,-0.00034018098513599604,-0.00034018098513599604,0.0,-0.0003584911190531195
2019-08-23,0.004486243760862152,0.004486243760862152,0.0,0.004468233810998037
2019-08-26,-0.0013152765565405122,-0.0013152765565405122,0.0,-0.0013338321390160208
2019-08-27,0.0029636218236110956,0.0029636218236110956,0.0,0.0029453327840864283
2019-08-28,-0.0002623080292115665,-0.0002623080292115665,0.0,-0.00028086567217935947
2019-08-29,-0.0011184884959897223,-0.0011184884959897223,0.0,-0.001137030705082722
2019-08-30,0.0023327522103255838,0.0023327522103255838,0.0,0.0023142758853807316
2019-09-03,0.003433349259081897,0.003461494724293912,0.05629093042441614,0.0034165473321257807
2019-09-04,-0.0020692940627600187,-0.0020692940627600187,0.0,-0.002085914259241686
2019-09-05,-0.0057339913041232204,-0.0057339913041232204,0.0,-0.005750487153720061
2019-09-06,-0.0009147474886043172,-0.0009147474886043172,0.0,-0.0009308131120953179
2019-09-09,-0.005319747890893511,-0.005319747890893511,0.0,-0.005335758464970189
2019-09-10,-0.004034387382265137,-0.004034387382265137,0.0,-0.00404999439016859
2019-09-11,0.000689396455965996,0.000689396455965996,0.0,0.0006739528122336603
2019-09-12,-0.0008331846858868897,-0.0008331846858868897,0.0,-0.0008485895258069823
2019-09-13,-0.007169028081876694,-0.007169028081876694,0.0,-0.007184462954770685
2019-09-16,-0.0032544663578063515,-0.0032544663578063515,0.0,-0.0032696968421385684
2019-09-17,0.005351241398709572,0.005351241398709572,0.0,0.0053362138414039225
2019-09-18,0.0008689773302965609,0.0008689773302965609,0.0,0.0008539329465837246
2019-09-19,-0.0003517975699568465,-0.0003517975699568465,0.0,-0.00036673661246643097
2019-09-20,0.003023652068483429,0.003023652068483429,0.0,0.0030088920241453615
2019-09-23,0.0017117604912531004,0.0017117604912531004,0.0,0.0016965815767490463
2019-09-24,0.003245452179320596,0.003245452179320596,0.0,0.00323033122355182
2019-09-25,-0.0031126984717348982,-0.0031126984717348982,0.0,-0.003127767487288983
2019-09-26,0.0014725744526979945,0.0014725744526979945,0.0,0.001458170426991204
2019-09-27,0.0009204247784411201,0.0009204247784411201,0.0,0.0009061802905855945
2019-09-30,-0.00031086057155171876,-0.00031086057155171876,0.0,-0.0003258059856172635
2019-10-01,0.0018051985867486575,0.0018234609173255478,0.03652466115400119,0.0017898681788104964
2019-10-02,0.0020842652921144733,0.0020842652921144733,0.0,0.0020689811184030574
2019-10-03,0.0012304324480783002,0.0012304324480783002,0.0,0.0012157394795650725
2019-10-04,0.0013513092837631469,0.0013513092837631469,0.0,0.0013364645699901713
2019-10-07,-0.001862430300526019,-0.001862430300526019,0.0,-0.001877611280261771
2019-10-08,0.0018894968413751823,0.0018894968413751823,0.0,0.0018746787589916589
2019-10-09,-0.0014858439982632365,-0.0014858439982632365,0.0,-0.0015005822937966653
2019-10-10,-0.004375966807005582,-0.004375966807005582,0.0,-0.0043905406847302595
2019-10-11,-0.004855869233918009,-0.004855869233918009,0.0,-0.004870219385794801
2019-10-14,0.0032770847388110536,0.0032770847388110536,0.0,0.0032629840596992725
2019-10-15,-0.003613786283135134,-0.003613786283135134,0.0,-0.003627968298513583
2019-10-16,0.0002466565968901602,0.0002466565968901602,0.0,0.00023274453085649936
2019-10-17,-0.0010224216662122476,-0.0010224216662122476,0.0,-0.0010363462520300737
2019-10-18,0.0012636473172011886,0.0012636473172011886,0.0,0.0012497746805290584
2019-10-21,-0.0012295928343044604,-0.0012295928343044604,0.0,-0.001243615097347046
2019-10-22,0.001207479995084304,0.001207479995084304,0.0,0.001193690825439002
2019-10-23,-0.0010212169599143062,-0.0010212169599143062,0.0,-0.0010350670295915124
2019-10-24,0.0009905977209097028,0.0009905977209097028,0.0,0.00097662885762923
2019-10-25,-0.0003803889651681214,-0.0003803889651681214,0.0,-0.0003943229238816288
2019-10-28,-0.002001126715781343,-0.002001126715781343,0.0,-0.00201495599701521
2019-10-29,-0.0002008784335199021,-0.0002008784335199021,0.0,-0.0002144370597513718
2019-10-30,0.002903588634959986,0.002903588634959986,0.0,0.002890124720004909
2019-10-31,0.003406909304978667,0.003406909304978667,0.0,0.003393986357754998
2019-11-01,-0.002871324316277235,-0.0026416304555799686,0.4593877213944838,-0.00290979747996125
2019-11-04,-7.256618436668472e-05,-7.256618436668472e-05,0.0,-0.00011138749036298398
2019-11-05,-0.0036357688435414426,-0.0036357688435414426,0.0,-0.0036753650431987413
2019-11-06,0.0008540095265554548,0.0008540095265554548,0.0,0.0008144903875522021
2019-11-07,-0.0025207971894934955,-0.0025207971894934955,0.0,-0.002560334413908842
2019-11-08,-0.003692661968883071,-0.003692661968883071,0.0,-0.003731887611873104
2019-11-11,0.00014805543801044152,0.00014805543801044152,0.0,0.00010890796864086304
2019-11-12,-0.001433843739154561,-0.001433843739154561,0.0,-0.0014740246214250115
2019-11-13,-0.0006045804744104766,-0.0006045804744104766,0.0,-0.0006442154237044765
2019-11-14,0.0018058016931721266,0.0018058016931721266,0.0,0.0017661797358008893
2019-11-15,0.0012609245950585546,0.0012609245950585546,0.0,0.0012212639024852027
2019-11-18,0.0013612307500776577,0.0013612307500776577,0.0,0.0013215430442057297
2019-11-19,0.0030542562313093935,0.0030542562313093935,0.0,0.0030145394028820004
2019-11-20,-0.002464108519179442,-0.002464108519179442,0.0,-0.0025038904922595746
2019-11-21,-0.00293971017680994,-0.00293971017680994,0.0,-0.0029796974451287692
2019-11-22,0.0012864756217194628,0.0012864756217194628,0.0,0.0012465518044556326
2019-11-25,0.0028087414754502937,0.0028087414754502937,0.0,0.0027680166706317887
2019-11-26,0.000866289334381598,0.000866289334381598,0.0,0.0008257611257007313
2019-11-27,0.0008743619646016665,0.0008743619646016665,0.0,0.0008332983872149772
2019-11-29,-0.00045351454707509564,-0.00045351454707509564,0.0,-0.000493822223652747
2019-12-02,-0.004353400541357022,-0.00421448221187104,0.2778366589719159,-0.004399370674398356
2019-12-03,0.0028062084480007243,0.0028062084480007243,0.0,0.0027610731221421343
2019-12-04,0.003252449775314803,0.003252449775314803,0.0,0.0032078564971864147
2019-12-05,0.00023401235860576186,0.00023401235860576186,0.0,0.00018966181636273456
2019-12-06,0.002082561115055892,0.002082561115055892,0.0,0.002038500666395602
2019-12-09,-0.0009930490145115822,-0.0009930490145115822,0.0,-0.0010374355502072775
2019-12-10,-0.0003288227116670095,-0.0003288227116670095,0.0,-0.000373781502519101
2019-12-11,0.0016276773891217289,0.0016276773891217289,0.0,0.0015824299663044165
2019-12-12,0.00041572206001316836,0.00041572206001316836,0.0,0.00037074284001904545
2019-12-13,0.0028037184130464965,0.0028037184130464965,0.0,0.0027584386297901183
2019-12-16,0.0013913592615444337,0.0013913592615444337,0.0,0.0013460352158021927
2019-12-17,0.0003968381672641019,0.0003968381672641019,0.0,0.00035178664098180304
2019-12-18,0.0011311019101052366,0.0011311019101052366,0.0,0.0010860441707077916
2019-12-19,0.0026418768748799337,0.0026418768748799337,0.0,0.002596506835697222
2019-12-20,1.3681628895589881e-05,1.3681628895589881e-05,0.0,-3.2024766656803326e-05
2019-12-23,0.0018047629734725401,0.0018047629734725401,0.0,0.0017587614803662192
2019-12-24,0.0015850610186562974,0.0015850610186562974,0.0,0.0015393259406450421
2019-12-26,0.003601308009257398,0.003601308009257398,0.0,0.003555547969868294
2019-12-27,-0.001353677095948358,-0.001353677095948358,0.0,-0.0013991980542191766
2019-12-30,-0.0011328227729805462,-0.0011328227729805462,0.0,-0.0011783225986117724
2019-12-31,-0.0004947575734320919,-0.0004947575734320919,0.0,-0.0005396490172942016
2020-01-02,0.005392641656231767,0.005450518719511965,0.11575412656030903,0.0053429704870027505
2020-01-03,0.0007016095604457373,0.0007016095604457373,0.0,0.0006527424103924317
2020-01-06,-2.9703013107895693e-05,-2.9703013107895693e-05,0.0,-7.988941942212833e-05
2020-01-07,-0.0007188797227301036,-0.0007188797227301036,0.0,-0.0007684097889580501
2020-01-08,-0.0024424441037507183,-0.0024424441037507183,0.0,-0.0024919666950359394
2020-01-09,0.00023653162386616522,0.00023653162386616522,0.0,0.00018703449140306205
2020-01-10,0.00018001736636574783,0.00018001736636574783,0.0,0.00013051776899771
2020-01-13,0.0019413650273214511,0.0019413650273214511,0.0,0.0018908800813498515
2020-01-14,-0.000490046268341815,-0.000490046268341815,0.0,-0.0005405518036074555
2020-01-15,-0.0005145363674928793,-0.0005145363674928793,0.0,-0.0005650367029875248
2020-01-16,0.0030576497479903875,0.0030576497479903875,0.0,0.0030078106525084393
2020-01-17,0.0015908413248975073,0.0015908413248975073,0.0,0.001540642188984354
2020-01-21,-0.004711519427332056,-0.004711519427332056,0.0,-0.004761735264610828
2020-01-22,0.00029013281111489597,0.00029013281111489597,0.0,0.00024029455489660975
2020-01-23,-0.00026212841672434983,-0.00026212841672434983,0.0,-0.00031196971242172697
2020-01-24,-0.002345401810315839,-0.002345401810315839,0.0,-0.002394912474002772
2020-01-27,-0.00850381848873727,-0.00850381848873727,0.0,-0.008553632402577258
2020-01-28,0.002425827183699658,0.002425827183699658,0.0,0.002375449095301922
2020-01-29,0.0006591248397871396,0.0006591248397871396,0.0,0.0006090480770411612
2020-01-30,-0.000633718698375807,-0.000633718698375807,0.0,-0.000684129812858264
2020-01-31,-0.006763906226310068,-0.006763906226310068,0.0,-0.0068136559540243015
2020-02-03,0.002531816126757569,0.002752838260166479,0.4420442668179965,0.002507889397464809
2020-02-04,0.0027024683893044354,0.0027024683893044354,0.0,0.0026784691674830003
2020-02-05,0.00015690024937198288,0.00015690024937198288,0.0,0.00013280100415294507
2020-02-06,0.002175923168521665,0.002175923168521665,0.0,0.0021518181170426427
2020-02-07,0.00043897748157251115,0.00043897748157251115,0.0,0.00041494913062637323
2020-02-10,0.004043381621444908,0.004043381621444908,0.0,0.0040190228667536946
2020-02-11,-0.0014475611828085322,-0.0014475611828085322,0.0,-0.0014719114224756582
2020-02-12,-0.001142261444790016,-0.001142261444790016,0.0,-0.0011667161661005209
2020-02-13,0.000578980947803176,0.000578980947803176,0.0,0.0005544111003304196
2020-02-14,0.00037473307128133015,0.00037473307128133015,0.0,0.00035029925762005033
2020-02-18,0.0010465353145974188,0.0010465353145974188,0.0,0.0010220876132403984
2020-02-19,-0.000204439137504564,-0.000204439137504564,0.0,-0.0002289255831591614
2020-02-20,0.0016111435853860545,0.0016111435853860545,0.0,0.0015866647099207593
2020-02-21,-0.0003756775708066984,-0.0003756775708066984,0.0,-0.0003998993844267065
2020-02-24,-0.001691643454581615,-0.001691643454581615,0.0,-0.0017153768850369955
2020-02-25,-0.0061519426707306035,-0.0061519426707306035,0.0,-0.006175615454032135
2020-02-26,0.0009844429482315231,0.0009844429482315231,0.0,0.0009609920836190506
2020-02-27,-0.008109527204092082,-0.008109527204092082,0.0,-0.008131760940658875
2020-02-28,-0.0036363676855047933,-0.0036363676855047933,0.0,-0.0036556941065513378
2020-03-02,-0.0011134376178869587,-0.0009257194196610197,0.3754363964518544,-0.0011229295092168431
2020-03-03,0.004495120584091961,0.004495120584091961,0.0,0.004487130955300043
2020-03-04,0.003800568250994507,0.003800568250994507,0.0,0.003794369856210111
2020-03-05,0.005356434754725692,0.005356434754725692,0.0,0.005351037886574694
2020-03-06,0.010002078962145777,0.010002078962145777,0.0,0.009998023736897649
2020-03-09,0.01503430486027435,0.01503430486027435,0.0,0.015031323949322562
2020-03-10,-0.013239866462747774,-0.013239866462747774,0.0,-0.013244065470419454
2020-03-11,-0.0004678869360752458,-0.0004678869360752458,0.0,-0.0004717260600271973
2020-03-12,0.0023571244388285173,0.0023571244388285173,0.0,0.0023540390957321458
2020-03-13,-0.004961927058768412,-0.004961927058768412,0.0,-0.0049644706896429195
2020-03-16,0.006740763248088255,0.006740763248088255,0.0,0.0067385384600788245
2020-03-17,-0.00639366690499199,-0.00639366690499199,0.0,-0.006395466885472154
2020-03-18,0.001092616366040744,0.001092616366040744,0.0,0.0010924307821887338
2020-03-19,-0.0060965108732211615,-0.0060965108732211615,0.0,-0.006096883368242717
2020-03-20,0.0037855083963187486,0.0037855083963187486,0.0,0.003785052091928862
2020-03-23,0.008054595320124092,0.008054595320124092,0.0,0.00805441049365853
2020-03-24,0.0007489651804855058,0.0007489651804855058,0.0,0.0007488703349273304
2020-03-25,-0.00033914110393717944,-0.00033914110393717944,0.0,-0.0003387608176920145
2020-03-26,0.004975271100211565,0.004975271100211565,0.0,0.0049757459461587834
2020-03-27,0.008578059841996666,0.008578059841996666,0.0,0.008577770451283799
2020-03-30,0.0018518689814888134,0.0018518689814888134,0.0,0.0018506807633397238
2020-03-31,-0.002635633793194647,-0.002635633793194647,0.0,-0.002636729048450489
2020-04-01,0.005915463005238042,0.006170982708030293,0.5110394055847877,0.005916241991298907
2020-04-02,-0.014275241711635078,-0.014275241711635078,0.0,-0.014274477378871806
2020-04-03,0.0009340841201779249,0.0009340841201779249,0.0,0.0009350031459027141
2020-04-06,-0.016271131674433614,-0.016271131674433614,0.0,-0.016269759977151604
2020-04-07,-0.0019977410694780318,-0.0019977410694780318,0.0,-0.0019963477526641774
2020-04-08,-0.012955728486636509,-0.012955728486636509,0.0,-0.0129535171304725
2020-04-09,-0.003390749422977346,-0.003390749422977346,0.0,-0.0033880733183075675
2020-04-13,0.006710795003557202,0.006710795003557202,0.0,0.0067136227244293046
2020-04-14,-0.0038966289164038548,-0.0038966289164038548,0.0,-0.0038945211515578402
2020-04-15,0.01722649441114643,0.01722649441114643,0.0,0.017227997350875473
2020-04-16,0.0038060371808248394,0.0038060371808248394,0.0,0.0038074205865757174
2020-04-17,-0.009295575796334776,-0.009295575796334776,0.0,-0.009294412571241412
2020-04-20,0.012718188957746124,0.012718188957746124,0.0,0.012719407777113953
2020-04-21,0.02224219407938066,0.02224219407938066,0.0,0.02224324248079635
2020-04-22,-0.004241319079476558,-0.004241319079476558,0.0,-0.0042403038646562285
2020-04-23,0.0012493767207530926,0.0012493767207530926,0.0,0.0012503298907308009
2020-04-24,0.00382827076462533,0.00382827076462533,0.0,0.003829303346921954
2020-04-27,-0.005994584893119215,-0.005994584893119215,0.0,-0.0059935744090898425
2020-04-28,-0.0045910832227156195,-0.0045910832227156195,0.0,-0.0045901250349117415
2020-04-29,-0.01318260547232264,-0.01318260547232264,0.0,-0.013181712072242597
2020-04-30,0.005051733001464331,0.005051733001464331,0.0,0.005052595512411735
2020-05-01,0.012672892275649161,0.012799929254831532,0.254073958364667,0.0126731011838396
2020-05-04,-0.0024504366633253394,-0.0024504366633253394,0.0,-0.002450232400514305
2020-05-05,-0.005406504547703417,-0.005406504547703417,0.0,-0.005406287110935838
2020-05-06,0.003739409928299242,0.003739409928299242,0.0,0.0037396376154127885
2020-05-07,0.0021359330077261873,0.0021359330077261873,0.0,0.002136124681346251
2020-05-08,-0.011100877613304916,-0.011100877613304916,0.0,-0.011100679109909814
2020-05-11,0.003278889944021479,0.003278889944021479,0.0,0.0032791441304307685
2020-05-12,0.006425152126886546,0.006425152126886546,0.0,0.006425409735916511
2020-05-13,0.005180584995694071,0.005180584995694071,0.0,0.005180808026093737
2020-05-14,0.0003008008585199118,0.0003008008585199118,0.0,0.00030098112937414526
2020-05-15,0.0017246323739548153,0.0017246323739548153,0.0,0.0017248111586454199
2020-05-18,-0.019566073112264992,-0.019566073112264992,0.0,-0.01956588864390332
2020-05-19,0.004920139386711764,0.004920139386711764,0.0,0.004920430486851506
2020-05-20,-0.005996612507506827,-0.005996612507506827,0.0,-0.0059963684298169565
2020-05-21,-0.004014401288260694,-0.004014401288260694,0.0,-0.004014127010535934
2020-05-22,0.005954103700031466,0.005954103700031466,0.0,0.005954398276500995
2020-05-26,-0.015074288050371476,-0.015074288050371476,0.0,-0.015073979294541809
2020-05-27,-0.0017694215553955006,-0.0017694215553955006,0.0,-0.0017689945813430818
2020-05-28,0.000899101258507562,0.000899101258507562,0.0,0.0008995395403364592
2020-05-29,-0.0005968046961518647,-0.0005968046961518647,0.0,-0.0005964009910902813
2020-06-01,-0.003677866886347414,-0.003544779520750607,0.2661747311937169,-0.0036785908974897807
2020-06-02,-0.007717390623518061,-0.007717390623518061,0.0,-0.007718153201091387
2020-06-03,-0.010007445909994472,-0.010007445909994472,0.0,-0.010008216271951283
2020-06-04,-0.0014861100119463178,-0.0014861100119463178,0.0,-0.001486779356580634
2020-06-05,-0.01081732044141781,-0.01081732044141781,0.0,-0.010817981923193888
2020-06-08,-0.0005578051873380563,-0.0005578051873380563,0.0,-0.0005584892928861023
2020-06-09,0.003341117493500745,0.003341117493500745,0.0,0.0033403566862388405
2020-06-10,0.00709891858544931,0.00709891858544931,0.0,0.0070982176657327905
2020-06-11,0.014920124434934401,0.014920124434934401,0.0,0.01491938090395364
2020-06-12,-0.005560851078115658,-0.005560851078115658,0.0,-0.005561633922788761
2020-06-15,-0.00038316753185840824,-0.00038316753185840824,0.0,-0.0003840132144658444
2020-06-16,-0.0022477394086697355,-0.0022477394086697355,0.0,-0.0022485358292122517
2020-06-17,0.00147564072235018,0.00147564072235018,0.0,0.001474857705110364
2020-06-18,0.0008519430272395656,0.0008519430272395656,0.0,0.0008511978003770481
2020-06-19,0.000583293192120582,0.000583293192120582,0.0,0.0005825900698676247
2020-06-22,-0.0026408276627757354,-0.0026408276627757354,0.0,-0.002641580923922297
2020-06-23,-0.0005228843385383097,-0.0005228843385383097,0.0,-0.0005236227826286886
2020-06-24,0.00715009247733045,0.00715009247733045,0.0,0.007149402937853103
2020-06-25,-0.0022756073583581893,-0.0022756073583581893,0.0,-0.0022763827206346006
2020-06-26,0.0065573889491044035,0.0065573889491044035,0.0,0.00655672163082125
2020-06-29,-0.0058374523867245065,-0.0058374523867245065,0.0,-0.005838151550259031
2020-06-30,0.001492863600129235,0.001492863600129235,0.0,0.001492097145135
2020-07-01,-0.004662322581875489,-0.004557047740993081,0.21054968176494918,-0.0046620816237781856
2020-07-02,-0.002461079262865651,-0.002461079262865651,0.0,-0.00246082532320543
2020-07-06,-0.0065751240608078465,-0.0065751240608078465,0.0,-0.006574836625919097
2020-07-07,0.00607454805379537,0.00607454805379537,0.0,0.006074876787794164
2020-07-08,-0.004869891948491745,-0.004869891948491745,0.0,-0.004869601139052991
2020-07-09,0.0050684621391541285,0.0050684621391541285,0.0,0.0050687406527908305
2020-07-10,-0.0009769078127157549,-0.0009769078127157549,0.0,-0.0009766567185687264
2020-07-13,0.004614884367829086,0.004614884367829086,0.0,0.004615160473906312
2020-07-14,-0.0014064943600892166,-0.0014064943600892166,0.0,-0.0014062272344530632
2020-07-15,-0.0037112291992740243,-0.0037112291992740243,0.0,-0.0037109349212388096
2020-07-16,0.0018314368340173193,0.0018314368340173193,0.0,0.0018316561639602146
2020-07-17,-0.0014613881870761958,-0.0014613881870761958,0.0,-0.0014611772378406332
2020-07-20,0.001944692693840011,0.001944692693840011,0.0,0.0019449499122853515
2020-07-21,-0.001579606019749935,-0.001579606019749935,0.0,-0.0015793593132178343
2020-07-22,0.003341981741255662,0.003341981741255662,0.0,0.003342236999756841
2020-07-23,0.0018768695787052536,0.0018768695787052536,0.0,0.001877088555920488
2020-07-24,0.0005041471053444102,0.0005041471053444102,0.0,0.000504339281084905
2020-07-27,0.0008273804993119693,0.0008273804993119693,0.0,0.0008275703786832023
2020-07-28,0.0017335104327260709,0.0017335104327260709,0.0,0.0017336965465288281
2020-07-29,-0.004717903752551544,-0.004717903752551544,0.0,-0.004717725514636691
2020-07-30,0.0004092407579123769,0.0004092407579123769,0.0,0.00040940420973987
2020-07-31,0.0061814914276376864,0.0061814914276376864,0.0,0.006181653351625149
2020-08-03,0.001443199037881815,0.0017281376162066042,0.5698771566494034,0.0014419912409148038
2020-08-04,0.005999279002092406,0.005999279002092406,0.0,0.005998187587632783
2020-08-05,0.00010916425837859123,0.00010916425837859123,0.0,0.00010793514279031004
2020-08-06,0.005405035061476049,0.005405035061476049,0.0,0.005403805646904397
2020-08-07,-0.00429713926690789,-0.00429713926690789,0.0,-0.0042983834054191
2020-08-10,0.0001315104493111452,0.0001315104493111452,0.0,0.0001301548290135457
2020-08-11,-0.009799853174156437,-0.009799853174156437,0.0,-0.009801209190177308
2020-08-12,0.00014386775061403512,0.00014386775061403512,0.0,0.00014254151481391908
2020-08-13,0.0037829761114294147,0.0037829761114294147,0.0,0.0037817700451304916
2020-08-14,-0.0013200662369126093,-0.0013200662369126093,0.0,-0.0013212827131210618
2020-08-17,0.004869830265980868,0.004869830265980868,0.0,0.004868617427102845
2020-08-18,0.0028815824747425722,0.0028815824747425722,0.0,0.002880478901714733
2020-08-19,-0.004692759410476421,-0.004692759410476421,0.0,-0.004694116888605903
2020-08-20,0.0037075663918544333,0.0037075663918544333,0.0,0.003706223094219603
2020-08-21,0.0011416047130776708,0.0011416047130776708,0.0,0.0011403733860712226
2020-08-24,-0.00086441795957104,-0.00086441795957104,0.0,-0.0008658992970898042
2020-08-25,-0.001369278901781401,-0.001369278901781401,0.0,-0.0013706341927918267
2020-08-26,0.00547589906639856,0.00547589906639856,0.0,0.005474547902278691
2020-08-27,-0.004520682518132424,-0.004520682518132424,0.0,-0.004522050096266485
2020-08-28,0.0014405276214826124,0.0014405276214826124,0.0,0.001439296743440963
2020-08-31,0.0026817550296125425,0.0026817550296125425,0.0,0.0026803967324139657
2020-09-01,0.0021264819202042595,0.0022749236639203474,0.29688348743212023,0.0021246153273688667
2020-09-02,0.0018680937583959167,0.0018680937583959167,0.0,0.0018662285757963153
2020-09-03,-0.00899016742854264,-0.00899016742854264,0.0,-0.008991882130412597
2020-09-04,-0.0001180101923942134,-0.0001180101923942134,0.0,-0.00011970085077171807
2020-09-08,-0.0018858626852353844,-0.0018858626852353844,0.0,-0.0018878603630087625
2020-09-09,0.00320132005557916,0.00320132005557916,0.0,0.0031994815584722213
2020-09-10,-0.0017569143191137337,-0.0017569143191137337,0.0,-0.0017587621451194383
2020-09-11,0.0011364103740203468,0.0011364103740203468,0.0,0.0011347212349128734
2020-09-14,0.0029719464428197284,0.0029719464428197284,0.0,0.0029702542661978488
2020-09-15,0.0003710854699794375,0.0003710854699794375,0.0,0.00036938537317212516
2020-09-16,-0.0035134910814985654,-0.0035134910814985654,0.0,-0.0035153468110005
2020-09-17,-0.002907732516602257,-0.002907732516602257,0.0,-0.0029091166286114743
2020-09-18,2.003741645717483e-06,2.003741645717483e-06,0.0,4.7292683434752353e-07
2020-09-21,-0.004298498581061572,-0.004298498581061572,0.0,-0.004300029400756931
2020-09-22,0.0006626277307739681,0.0006626277307739681,0.0,0.0006611074336174915
2020-09-23,-0.005680308038141013,-0.005680308038141013,0.0,-0.005681982148124072
2020-09-24,-0.001780157975154184,-0.001780157975154184,0.0,-0.0017816659179955311
2020-09-25,0.0009137889926276177,0.0009137889926276177,0.0,0.000912285437339282
2020-09-28,0.007519121436691423,0.007519121436691423,0.0,0.007517465050700064
2020-09-29,0.003550334941778699,0.003550334941778699,0.0,0.003548963177334982
2020-09-30,-0.003360094577058992,-0.003360094577058992,0.0,-0.0033616274063475713
2020-10-01,0.005555592512929808,0.0056143111046309535,0.11743718340228147,0.005553877237870255
2020-10-02,-0.000652814656462386,-0.000652814656462386,0.0,-0.0006545254226690981
2020-10-05,-0.0009273273363646917,-0.0009273273363646917,0.0,-0.0009292268371931125
2020-10-06,-0.00390992994329975,-0.00390992994329975,0.0,-0.003911827523936186
2020-10-07,0.0035710777174176034,0.0035710777174176034,0.0,0.003569188264748614
2020-10-08,-0.0005248990171637935,-0.0005248990171637935,0.0,-0.0005266061819965805
2020-10-09,0.0063669414947697955,0.0063669414947697955,0.0,0.006365045732804603
2020-10-12,0.005987986935850342,0.005987986935850342,0.0,0.005986078061932852
2020-10-13,-0.0037581893306696257,-0.0037581893306696257,0.0,-0.003760302575932054
2020-10-14,-0.0023816313976124937,-0.0023816313976124937,0.0,-0.002383927489087411
2020-10-15,-0.001787846431633322,-0.001787846431633322,0.0,-0.0017899457860302735
2020-10-16,0.0014225844011699351,0.0014225844011699351,0.0,0.0014204891047964055
2020-10-19,-0.0017889207142214314,-0.0017889207142214314,0.0,-0.001791019234965899
2020-10-20,-0.00010448351643232989,-0.00010448351643232989,0.0,-0.00010638756987258117
2020-10-21,0.0034889323643447767,0.0034889323643447767,0.0,0.003487028526601992
2020-10-22,-0.00263754434286978,-0.00263754434286978,0.0,-0.0026392642566481703
2020-10-23,0.0035197149495427293,0.0035197149495427293,0.0,0.0035178093746409092
2020-10-26,-0.0030668597956311494,-0.0030668597956311494,0.0,-0.0030689638860597122
2020-10-27,0.0022659931659250176,0.0022659931659250176,0.0,0.0022640866795967892
2020-10-28,-0.004723646333049336,-0.004723646333049336,0.0,-0.004725557480766271
2020-10-29,0.0024382480212910007,0.0024382480212910007,0.0,0.0024365367751898633
2020-10-30,-0.0019875994606377567,-0.0019875994606377567,0.0,-0.0019893152312931363
2020-11-02,0.0007708834350030891,0.0008676532983238339,0.19353972664124003,0.0007697916835787848
2020-11-03,-0.0014448932439996565,-0.0014448932439996565,0.0,-0.0014460913154331534
2020-11-04,0.0043217305544920315,0.0043217305544920315,0.0,0.004320536491468288
2020-11-05,0.004961908842056939,0.004961908842056939,0.0,0.004960702841319011
2020-11-06,0.0003089334676822375,0.0003089334676822375,0.0,0.0003077138285679618
2020-11-09,-0.014633880473406857,-0.014633880473406857,0.0,-0.01463522301019712
2020-11-10,-0.008619964862052742,-0.008619964862052742,0.0,-0.008621144542390692
2020-11-11,0.0018813410811577835,0.0018813410811577835,0.0,0.0018801856472297433
2020-11-12,0.004322373393215839,0.004322373393215839,0.0,0.004321212677351028
2020-11-13,0.0013743905102234777,0.0013743905102234777,0.0,0.0013733349912444656
2020-11-16,-0.0026488350310759357,-0.0026488350310759357,0.0,-0.0026498940031513133
2020-11-17,-0.003116207037836216,-0.003116207037836216,0.0,-0.0031172593371537782
2020-11-18,0.00031859089129060436,0.00031859089129060436,0.0,0.00031754646664044627
2020-11-19,-0.00023147157713709898,-0.00023147157713709898,0.0,-0.0002322845333947946
2020-11-20,0.0017596645418471724,0.0017596645418471724,0.0,0.0017588520404951105
2020-11-23,-0.004596509619179678,-0.004596509619179678,0.0,-0.004597442137470733
2020-11-24,-0.0053635464558218215,-0.0053635464558218215,0.0,-0.005364583891375979
2020-11-25,-0.0020019407764267916,-0.0020019407764267916,0.0,-0.0020029645475016125
2020-11-27,0.0018496224215651669,0.0018496224215651669,0.0,0.001848603760980672
2020-11-30,-8.621525317697998e-05,-8.621525317697998e-05,0.0,-8.71249185318614e-05
2020-12-01,0.0031917575775808338,0.0033277383731562526,0.2719615911509285,0.0031900464027108857
2020-12-02,-0.00045092538569380114,-0.00045092538569380114,0.0,-0.00045263650135698834
2020-12-03,0.001476424873620319,0.001476424873620319,0.0,0.0014749046279114864
2020-12-04,-0.0005189033436886481,-0.0005189033436886481,0.0,-0.000520616363911396
2020-12-07,0.0012699961467366183,0.0012699961467366183,0.0,0.0012684743197252531
2020-12-08,0.001367809793972441,0.001367809793972441,0.0,0.0013660953801830375
2020-12-09,-0.0038073459639107465,-0.0038073459639107465,0.0,-0.003808872142011066
2020-12-10,-0.0008025340549658866,-0.0008025340549658866,0.0,-0.0008040539329549498
2020-12-11,-0.0006959082128227267,-0.0006959082128227267,0.0,-0.0006974267617718771
2020-12-14,0.0002740883302898567,0.0002740883302898567,0.0,0.00027238126014440274
2020-12-15,0.002969855817708922,0.002969855817708922,0.0,0.0029683379679273027
2020-12-16,0.001153852736563099,0.001153852736563099,0.0,0.0011521396365907763
2020-12-17,0.002135262383210268,0.002135262383210268,0.0,0.0021337377238870863
2020-12-18,-0.0013385153710209208,-0.0013385153710209208,0.0,-0.0013400435459005075
2020-12-21,0.001236866820903737,0.001236866820903737,0.0,0.0012351501067279294
2020-12-22,-0.0012447125354244637,-0.0012447125354244637,0.0,-0.0012464315408010594
2020-12-23,0.0012033963480182486,0.0012033963480182486,0.0,0.0012016796512495777
2020-12-24,-0.001136139416798465,-0.001136139416798465,0.0,-0.001137858342861889
2020-12-28,0.003408742489268146,0.003408742489268146,0.0,0.003406644154973495
2020-12-29,0.0007414247924673045,0.0007414247924673045,0.0,0.0007395102153801596
2020-12-30,0.002701516731392628,0.002701516731392628,0.0,0.0026999838525078213
2020-12-31,-0.0012709085000460751,-0.0012709085000460751,0.0,-0.0012726379648873183
2021-01-04,0.003622387801148541,0.003639998177929593,0.03522075356206694,0.003620673114685319
2021-01-05,0.0012379263288881948,0.0012379263288881948,0.0,0.001236218653237507
2021-01-06,-0.0013967692831620138,-0.0013967692831620138,0.0,-0.0013984792631489143
2021-01-07,0.00042349238609418194,0.00042349238609418194,0.0,0.00042178500975818605
2021-01-08,-0.0037422637110920975,-0.0037422637110920975,0.0,-0.00374378208034877
2021-01-11,-0.0021693169691585634,-0.0021693169691585634,0.0,-0.00217082911706923
2021-01-12,-0.00026218634528685225,-0.00026218634528685225,0.0,-0.0002638834456744174
2021-01-13,0.0009487458050780884,0.0009487458050780884,0.0,0.0009470491962426578
2021-01-14,-0.0012720679637340249,-0.0012720679637340249,0.0,-0.0012737663496108546
2021-01-15,-0.00244825874487542,-0.00244825874487542,0.0,-0.002449954745079906
2021-01-19,0.006522054477039019,0.006522054477039019,0.0,0.006520363079637285
2021-01-20,0.0059596435218796096,0.0059596435218796096,0.0,0.0059581292288890435
2021-01-21,0.0008498139306458707,0.0008498139306458707,0.0,0.0008480992852655674
2021-01-22,0.001143047136934694,0.001143047136934694,0.0,0.0011415216063029381
2021-01-25,0.001777619770362504,0.001777619770362504,0.0,0.0017759014302343391
2021-01-26,-0.002593852766909266,-0.002593852766909266,0.0,-0.0025951918111967133
2021-01-27,-0.008002774573733551,-0.008002774573733551,0.0,-0.008004300633984439
2021-01-28,0.0035029904046590676,0.0035029904046590676,0.0,0.003501666738869992
2021-01-29,-0.005078110370110633,-0.005078110370110633,0.0,-0.005079249291609247
2021-02-01,0.005652650892382871,0.005754260153688406,0.203218522611149,0.00565082720287926
2021-02-02,-0.0022043232473973884,-0.0022043232473973884,0.0,-0.0022061341384940493
2021-02-03,-7.329112283172012e-05,-7.329112283172012e-05,0.0,-7.432469715020646e-05
2021-02-04,-0.00010897548127675183,-0.00010897548127675183,0.0,-0.00011000901500897029
2021-02-05,0.002526167408580804,0.002526167408580804,0.0,0.0025253923035469116
2021-02-08,0.004346969694120073,0.004346969694120073,0.0,0.004345676107975157
2021-02-09,0.0024066232410127064,0.0024066232410127064,0.0,0.0024055859810823603
2021-02-10,-0.00012713076415082902,-0.00012713076415082902,0.0,-0.00012842898976992762
2021-02-11,0.0013170804987352458,0.0013170804987352458,0.0,0.0013157823603263989
2021-02-12,-0.0002647892003373453,-0.0002647892003373453,0.0,-0.0002658284329154268
2021-02-16,-0.001634930155058112,-0.001634930155058112,0.0,-0.0016359692424750016
2021-02-17,-0.0007231595442341865,-0.0007231595442341865,0.0,-0.0007241977338914232
2021-02-18,-0.002554344845432044,-0.002554344845432044,0.0,-0.002555123189637793
2021-02-19,0.0017840187364337456,0.0017840187364337456,0.0,0.0017829823513902472
2021-02-22,-0.0011814883365726114,-0.0011814883365726114,0.0,-0.0011822663611765934
2021-02-23,-0.002620548469053463,-0.002620548469053463,0.0,-0.002621585184681216
2021-02-24,-7.543715773183912e-05,-7.543715773183912e-05,0.0,-7.62136094815396e-05
2021-02-25,-0.009969803406702171,-0.009969803406702171,0.0,-0.00997083863405486
2021-02-26,-0.0011905643914431607,-0.0011905643914431607,0.0,-0.0011915940592971562
2021-03-01,0.00629880789527637,0.006403963718519368,0.2103116464860568,0.006297508062990438
2021-03-02,-0.002422655172467869,-0.002422655172467869,0.0,-0.0024236915162379603
2021-03-03,-0.006141316767938831,-0.006141316767938831,0.0,-0.00614261052512348
2021-03-04,-0.010986139153280727,-0.010986139153280727,0.0,-0.010987170746245766
2021-03-05,0.002194324709171136,0.002194324709171136,0.0,0.002193299289114784
2021-03-08,-0.0032935679885869318,-0.0032935679885869318,0.0,-0.003294851301471068
2021-03-09,0.00979564966018387,0.00979564966018387,0.0,0.009794368663105884
2021-03-10,0.000630418950385403,0.000630418950385403,0.0,0.0006293886960829679
2021-03-11,0.004840604550167882,0.004840604550167882,0.0,0.004839573944913529
2021-03-12,-0.0012874094409845993,-0.0012874094409845993,0.0,-0.0012884427280043886
2021-03-15,0.0026088044779113417,0.0026088044779113417,0.0,0.0026077719050545574
2021-03-16,0.00041945074508986657,0.00041945074508986657,0.0,0.00041893373695486765
2021-03-17,0.0016209343878910154,0.0016209343878910154,0.0,0.0016204172637666989
2021-03-18,-0.006308289206338191,-0.006308289206338191,0.0,-0.006308547992153454
2021-03-19,-0.00030706250111500744,-0.00030706250111500744,0.0,-0.0003073204106085772
2021-03-22,0.0011239920763548295,0.0011239920763548295,0.0,0.0011232184758810204
2021-03-23,-0.005392154309011965,-0.005392154309011965,0.0,-0.0053924123318495444
2021-03-24,-0.00509398633121716,-0.00509398633121716,0.0,-0.005094500871887465
2021-03-25,0.0027345326345746823,0.0027345326345746823,0.0,0.0027340195229671564
2021-03-26,0.006223566503229749,0.006223566503229749,0.0,0.006223052626570722
2021-03-29,-0.004367352544371261,-0.004367352544371261,0.0,-0.004368125954995092
2021-03-30,-0.0034156998284271545,-0.0034156998284271545,0.0,-0.003416214215868195
2021-03-31,0.0034611427593944644,0.0034611427593944644,0.0,0.0034603726139565832
2021-04-01,0.005554445800577179,0.005737946281787476,0.36700096242050984,0.00555392597925739
2021-04-05,0.00223411631995285,0.00223411631995285,0.0,0.0022333391864755537
2021-04-06,0.0013796829606582683,0.0013796829606582683,0.0,0.001379164257408609
2021-04-07,-0.0016475231584988093,-0.0016475231584988093,0.0,-0.0016480422405662617
2021-04-08,0.004423286258088632,0.004423286258088632,0.0,0.004423026943607324
2021-04-09,-0.0019266462676582607,-0.0019266462676582607,0.0,-0.001927166107763931
2021-04-12,-0.0018527384279592995,-0.0018527384279592995,0.0,-0.0018532577395102918
2021-04-13,0.004221753564253694,0.004221753564253694,0.0,0.004220975360760675
2021-04-14,0.004070169573145543,0.004070169573145543,0.0,0.004069649615352463
2021-04-15,0.005346568930121531,0.005346568930121531,0.0,0.0053460478628672235
2021-04-16,0.001777160398449107,0.001777160398449107,0.0,0.0017766378815586958
2021-04-19,-0.0013617667244193443,-0.0013617667244193443,0.0,-0.001362289722303388
2021-04-20,-0.004120626802868066,-0.004120626802868066,0.0,-0.004121410746091064
2021-04-21,0.004472915150723011,0.004472915150723011,0.0,0.0044721328896019695
2021-04-22,-0.0014732429992090346,-0.0014732429992090346,0.0,-0.0014740270781106667
2021-04-23,0.0059311658010718915,0.0059311658010718915,0.0,0.005930382321775584
2021-04-26,0.0022296609160592507,0.0022296609160592507,0.0,0.0022288750370300973
2021-04-27,0.0006268157199234015,0.0006268157199234015,0.0,0.0006265534602111694
2021-04-28,0.0024562461346631093,0.0024562461346631093,0.0,0.0024559837906558283
2021-04-29,0.0011330683207426695,0.0011330683207426695,0.0,0.001132805647225353
2021-04-30,-0.007110888175862473,-0.007110888175862473,0.0,-0.007111151001211
2021-05-03,0.004676185429526747,0.00473265377061538,0.11293668217729115,0.004675284127189832
2021-05-04,-0.004177661925967691,-0.004177661925967691,0.0,-0.004178110580100875
2021-05-05,0.0030239960975437796,0.0030239960975437796,0.0,0.0030235488907364464
2021-05-06,0.00621690153112775,0.00621690153112775,0.0,0.006216453279833678
2021-05-07,0.006367085418569118,0.006367085418569118,0.0,0.006366635033227532
2021-05-10,-0.005995529591799165,-0.005995529591799165,0.0,-0.005995982148913344
2021-05-11,-1.3648465877036386e-05,-1.3648465877036386e-05,0.0,-1.387371574798342e-05
2021-05-12,-0.011883939981254255,-0.011883939981254255,0.0,-0.011884390476312599
2021-05-13,-0.0009883929836239647,-0.0009883929836239647,0.0,-0.0009888393515940779
2021-05-14,0.008670841429300635,0.008670841429300635,0.0,0.008670618417111333
2021-05-17,0.0034296954540120606,0.0034296954540120606,0.0,0.003429246441331032
2021-05-18,0.0005570283051190561,0.0005570283051190561,0.0,0.0005565781144743159
2021-05-19,-0.005690016695471312,-0.005690016695471312,0.0,-0.005690241886398939
2021-05-20,0.002954818719422825,0.002954818719422825,0.0,0.0029545945106868796
2021-05-21,-0.0006523452297358956,-0.0006523452297358956,0.0,-0.0006525699470201137
2021-05-24,0.005882137710866653,0.005882137710866653,0.0,0.005881688500992607
2021-05-25,0.000491523980872266,0.000491523980872266,0.0,0.0004910727567971066
2021-05-26,0.0021026185231001193,0.0021026185231001193,0.0,0.0021021671307967045
2021-05-27,0.003514513144346365,0.003514513144346365,0.0,0.00351406103391386
2021-05-28,0.0017855874261942795,0.0017855874261942795,0.0,0.001785360772905915
2021-06-01,0.007151666137051205,0.007207885441833151,0.11243860956389672,0.007151143757784907
2021-06-02,0.0036016422095228595,0.0036016422095228595,0.0,0.0036011251383807437
2021-06-03,-0.006355829843424532,-0.006355829843424532,0.0,-0.0063563479071327275
2021-06-04,0.006226023548508541,0.006226023548508541,0.0,0.006225507247588953
2021-06-07,0.0015628182134921342,0.0015628182134921342,0.0,0.001562300196470192
2021-06-08,0.00033954433896110636,0.00033954433896110636,0.0,0.0003390258918458431
2021-06-09,-0.00181557338083016,-0.00181557338083016,0.0,-0.001816351191621255
2021-06-10,0.0028165816696015256,0.0028165816696015256,0.0,0.0028158046093974907
2021-06-11,-0.001298656158947864,-0.001298656158947864,0.0,-0.001299434380301316
2021-06-14,0.0007876961293380447,0.0007876961293380447,0.0,0.0007869184440580509
2021-06-15,-0.0017053914360294353,-0.0017053914360294353,0.0,-0.0017061694462073107
2021-06-16,-0.0058363003072936515,-0.0058363003072936515,0.0,-0.00583733671470728
2021-06-17,-0.007907219542716892,-0.007907219542716892,0.0,-0.007908252716071746
2021-06-18,-0.005236256471570999,-0.005236256471570999,0.0,-0.005237542417594431
2021-06-21,0.008319598191482092,0.008319598191482092,0.0,0.008318315920556991
2021-06-22,0.0001417959372467248,0.0001417959372467248,0.0,0.00014076548772123812
2021-06-23,0.0008736401581970199,0.0008736401581970199,0.0,0.0008723519976049548
2021-06-24,0.004056395358426279,0.004056395358426279,0.0,0.004055106590340756
2021-06-25,0.0019370323518419497,0.0019370323518419497,0.0,0.0019354824590331306
2021-06-28,-0.0002417596736769001,-0.0002417596736769001,0.0,-0.0002430525899151593
2021-06-29,-0.001425220928671811,-0.001425220928671811,0.0,-0.0014262551279445833
2021-06-30,-0.00021811249690795176,-0.00021811249690795176,0.0,-0.0002194042592263052
2021-07-01,0.0002926600201538232,0.0003914376472926584,0.19755525427759546,0.00029170751665849576
2021-07-02,0.0018318692148235893,0.0018318692148235893,0.0,0.001830923682619113
2021-07-06,-0.009710717679267344,-0.009710717679267344,0.0,-0.009711665110562737
2021-07-07,-0.001655042916108851,-0.001655042916108851,0.0,-0.0016559801816281097
2021-07-08,-0.005276843691724875,-0.005276843691724875,0.0,-0.005277966327780465
2021-07-09,0.009432907753232689,0.009432907753232689,0.0,0.009431791792339451
2021-07-12,0.0028406590929637154,0.0028406590929637154,0.0,0.0028397192746849997
2021-07-13,-0.0009042638449713314,-0.0009042638449713314,0.0,-0.0009052066213720509
2021-07-14,-0.0003416797911182101,-0.0003416797911182101,0.0,-0.00034280999178952346
2021-07-15,-0.0028839458336872292,-0.0028839458336872292,0.0,-0.0028848873113277804
2021-07-16,-0.003747966777329026,-0.003747966777329026,0.0,-0.0037489052393284007
2021-07-19,-0.014419820141977513,-0.014419820141977513,0.0,-0.014420754670115282
2021-07-20,0.007038506461577221,0.007038506461577221,0.0,0.007037587289903486
2021-07-21,0.008193546598015633,0.008193546598015633,0.0,0.008192619983036817
2021-07-22,0.000804521609719,0.000804521609719,0.0,0.0008035864003845431
2021-07-23,0.0009200550339802938,0.0009200550339802938,0.0,0.0009191189814472924
2021-07-26,-8.922460995841597e-05,-8.922460995841597e-05,0.0,-9.016162589121123e-05
2021-07-27,-0.006041832924338908,-0.006041832924338908,0.0,-0.006042769846835291
2021-07-28,0.006643669028171262,0.006643669028171262,0.0,0.006642738471168681
2021-07-29,0.0030925852743266535,0.0030925852743266535,0.0,0.0030914602618743515
2021-07-30,-0.0061523319483227645,-0.0061523319483227645,0.0,-0.006153460832901514
2021-08-02,-0.0010127860452527893,-0.0008713091341470136,0.28295382221147763,-0.001013565092324037
2021-08-03,0.0020999789271063385,0.0020999789271063385,0.0,0.0020992075987192682
2021-08-04,-0.004951301352422055,-0.004951301352422055,0.0,-0.004952075222323496
2021-08-05,0.003974745104863064,0.003974745104863064,0.0,0.003973977257126708
2021-08-06,6.156790362976672e-05,6.156790362976672e-05,0.0,6.0640708033475995e-05
2021-08-09,-0.0037607769695037208,-0.0037607769695037208,0.0,-0.0037617042545992586
2021-08-10,0.0017125827913750946,0.0017125827913750946,0.0,0.001711814626758748
2021-08-11,0.0020984087513886696,0.0020984087513886696,0.0,0.002097638507896344
2021-08-12,-0.0008022978503423595,-0.0008022978503423595,0.0,-0.0008032251928009321
2021-08-13,-0.0006929239922849328,-0.0006929239922849328,0.0,-0.0006938501675789758
2021-08-16,-0.001764574620474857,-0.001764574620474857,0.0,-0.0017654997870199666
2021-08-17,-0.0035880241435246596,-0.0035880241435246596,0.0,-0.0035891005022130103
2021-08-18,-0.005585603702326747,-0.005585603702326747,0.0,-0.0055866739342995235
2021-08-19,-0.0036783441155380237,-0.0036783441155380237,0.0,-0.003679253236160053
2021-08-20,-0.0002097532453709805,-0.0002097532453709805,0.0,-0.00021050631764649483
2021-08-23,0.0072270006018488875,0.0072270006018488875,0.0,0.007226247787845267
2021-08-24,0.005618450954930632,0.005618450954930632,0.0,0.0056176893060768274
2021-08-25,0.0030722959694973184,0.0030722959694973184,0.0,0.0030713737948018733
2021-08-26,-0.0035952494911755117,-0.0035952494911755117,0.0,-0.003596021693479692
2021-08-27,0.00646038145325023,0.00646038145325023,0.0,0.006459613623839281
2021-08-30,0.001188359563902841,0.001188359563902841,0.0,0.0011875839271837966
2021-08-31,-0.0013866637332914378,-0.0013866637332914378,0.0,-0.001387285390199763
2021-09-01,0.001987214699428641,0.0020375849139862012,0.10074042911509676,0.0019866107088408256
2021-09-02,0.0023828728485644213,0.0023828728485644213,0.0,0.0023822664337445343
2021-09-03,-0.0005009900272049395,-0.0005009900272049395,0.0,-0.0005015997171335678
2021-09-07,-0.0003720954559031098,-0.0003720954559031098,0.0,-0.0003727044569073361
2021-09-08,-0.002340392978588457,-0.002340392978588457,0.0,-0.002341001467724091
2021-09-09,-0.0013270147912644026,-0.0013270147912644026,0.0,-0.0013274990009042613
2021-09-10,-0.00011840824273556816,-0.00011840824273556816,0.0,-0.00011901167257986461
2021-09-13,0.003375753533720438,0.003375753533720438,0.0,0.0033750296141136214
2021-09-14,-0.0025005205417996113,-0.0025005205417996113,0.0,-0.0025010068714806256
2021-09-15,0.0047700395853707,0.0047700395853707,0.0,0.00476955601559375
2021-09-16,0.0018447171108388893,0.0018447171108388893,0.0,0.001844228301211805
2021-09-17,-0.0035609787600072718,-0.0035609787600072718,0.0,-0.003561469592310007
2021-09-20,-0.007384589006235842,-0.007384589006235842,0.0,-0.0073850759200812
2021-09-21,0.0008140226833714959,0.0008140226833714959,0.0,0.0008136636377605945
2021-09-22,0.00372929363052954,0.00372929363052954,0.0,0.003728933908665772
2021-09-23,0.0073230909084154305,0.0073230909084154305,0.0,0.007322728099935741
2021-09-24,0.00017021299014663427,0.00017021299014663427,0.0,0.00016984416464426068
2021-09-27,0.0008942258106319212,0.0008942258106319212,0.0,0.0008937338568529974
2021-09-28,-0.007081519382986956,-0.007081519382986956,0.0,-0.007082012315379061
2021-09-29,0.002231584105163442,0.002231584105163442,0.0,0.0022310989778397488
2021-09-30,-0.004077799669144566,-0.004077799669144566,0.0,-0.0040782872505862565
2021-10-01,0.004530312723965979,0.004592170182861066,0.12371491779062889,0.0045299672709531134
2021-10-04,-0.003385257099000838,-0.003385257099000838,0.0,-0.0033856064761132658
2021-10-05,0.0030390157102833104,0.0030390157102833104,0.0,0.0030386705380982594
2021-10-06,-0.0023854344883442735,-0.0023854344883442735,0.0,-0.002385783423943019
2021-10-07,0.003818188944968659,0.003818188944968659,0.0,0.0038177564768508013
2021-10-08,-0.00010738500589368982,-0.00010738500589368982,0.0,-0.00010782337600335737
2021-10-11,7.5711198056716e-05,7.5711198056716e-05,0.0,7.52729939559864e-05
2021-10-12,-0.0005231036328755545,-0.0005231036328755545,0.0,-0.0005236296182382054
2021-10-13,-0.0002396130523983908,-0.0002396130523983908,0.0,-0.00024005056449406635
2021-10-14,0.004250254205752757,0.004250254205752757,0.0,0.004249817064335015
2021-10-15,0.004819119864126531,0.004819119864126531,0.0,0.004818676175454375
2021-10-18,-0.001066230673493318,-0.001066230673493318,0.0,-0.001066771965444028
2021-10-19,-0.0013794207456176988,-0.0013794207456176988,0.0,-0.001379870185913269
2021-10-20,0.0011764729505032712,0.0011764729505032712,0.0,0.0011760256301105952
2021-10-21,-0.003859829120982705,-0.003859829120982705,0.0,-0.0038603680725180856
2021-10-22,-0.0005020317659191198,-0.0005020317659191198,0.0,-0.0005025635800970156
2021-10-25,0.002833615151076163,0.002833615151076163,0.0,0.0028330842656906683
2021-10-26,0.0018319366887400435,0.0018319366887400435,0.0,0.001831400575789587
2021-10-27,-0.004353970417985353,-0.004353970417985353,0.0,-0.004354509904384902
2021-10-28,0.0031892531625836718,0.0031892531625836718,0.0,0.003188721728933966
2021-10-29,-0.001176050896100178,-0.001176050896100178,0.0,-0.00117649865733426
2021-11-01,0.003492394399219334,0.0035517481040066023,0.11870740957474643,0.0034917887415235353
2021-11-02,-0.0001888618019045829,-0.0001888618019045829,0.0,-0.00018946650370324885
2021-11-03,0.0014561320756381058,0.0014561320756381058,0.0,0.0014555276344093775
2021-11-04,-0.0014793260434701194,-0.0014793260434701194,0.0,-0.00147981120131995
2021-11-05,0.004143556163789919,0.004143556163789919,0.0,0.004142951757534437
2021-11-08,0.001126828358349874,0.001126828358349874,0.0,0.0011260962388118067
2021-11-09,0.0002259472685566255,0.0002259472685566255,0.0,0.00022545795162433443
2021-11-10,-0.00412416764910295,-0.00412416764910295,0.0,-0.0041247796053065534
2021-11-11,0.002793237393101,0.002793237393101,0.0,0.0027926311193953125
2021-11-12,0.0010736079381912234,0.0010736079381912234,0.0,0.0010729978265345446
2021-11-15,0.0007730537274395211,0.0007730537274395211,0.0,0.0007724421422111177
2021-11-16,-0.0013418005333190042,-0.0013418005333190042,0.0,-0.0013424131787763138
2021-11-17,-0.002359821589069111,-0.002359821589069111,0.0,-0.002360432391799204
2021-11-18,0.00015777183346132873,0.00015777183346132873,0.0,0.0001571642791972592
2021-11-19,-0.003575176981711836,-0.003575176981711836,0.0,-0.0035757847531260475
2021-11-22,0.0001575355033820447,0.0001575355033820447,0.0,0.00015693267033813345
2021-11-23,0.0031979754205717636,0.0031979754205717636,0.0,0.0031972517598367963
2021-11-24,-0.0008389268958419738,-0.0008389268958419738,0.0,-0.0008396558396597207
2021-11-26,-0.01893017550664322,-0.01893017550664322,0.0,-0.018930903063382895
2021-11-29,0.003107879422265203,0.003107879422265203,0.0,0.003107183768524571
2021-11-30,-0.00933835280929729,-0.00933835280929729,0.0,-0.009338936871978853
2021-12-01,-0.0037660548463025467,-0.003620423533067796,0.2912626264695971,-0.0037665758204000472
2021-12-02,0.006427192817857863,0.006427192817857863,0.0,0.006426777231424963
2021-12-03,-0.0031114355268083704,-0.0031114355268083704,0.0,-0.003111946250846026
2021-12-06,0.006332520229384242,0.006332520229384242,0.0,0.0063320153426037465
2021-12-07,0.00762527960321302,0.00762527960321302,0.0,0.007624762910967504
2021-12-08,0.001947237036903804,0.001947237036903804,0.0,0.0019466177700348292
2021-12-09,-0.005559919437799876,-0.005559919437799876,0.0,-0.005560453833656538
2021-12-10,0.002483557062624042,0.002483557062624042,0.0,0.002483032990874094
2021-12-13,-0.002714510956053351,-0.002714510956053351,0.0,-0.0027149515160483383
2021-12-14,-0.00220740069578651,-0.00220740069578651,0.0,-0.002207837054347154
2021-12-15,0.006438199360647934,0.006438199360647934,0.0,0.006437679839299317
2021-12-16,-0.0028192381381720866,-0.0028192381381720866,0.0,-0.0028196809956297477
2021-12-17,-0.002622421165963784,-0.002622421165963784,0.0,-0.0026228596659308113
2021-12-20,-0.002189363373276576,-0.002189363373276576,0.0,-0.002189971583711092
2021-12-21,0.007843345701229465,0.007843345701229465,0.0,0.007842742251188457
2021-12-22,0.003677323738600524,0.003677323738600524,0.0,0.0036766147427998047
2021-12-23,0.003224237042924516,0.003224237042924516,0.0,0.0032235190135068044
2021-12-27,0.004772706133706839,0.004772706133706839,0.0,0.00477216169030328
2021-12-28,0.00034748280555696454,0.00034748280555696454,0.0,0.0003469296386703664
2021-12-29,0.002654117062873107,0.002654117062873107,0.0,0.0026536555613814305
2021-12-30,-0.0029969951968639164,-0.0029969951968639164,0.0,-0.0029974607288843973
2021-12-31,-0.0016495704126153754,-0.0016495704126153754,0.0,-0.001650123573156588
2022-01-03,0.0045800246356226815,0.0046786489821177835,0.19724869299021788,0.004579868996577215
2022-01-04,0.0022471256216074487,0.0022471256216074487,0.0,0.0022469804385212883
2022-01-05,-0.0027133250598609937,-0.0027133250598609937,0.0,-0.0027134960320855067
2022-01-06,0.0013386432601143472,0.0013386432601143472,0.0,0.0013384635705828267
2022-01-07,-0.0039384807226952034,-0.0039384807226952034,0.0,-0.003938665476983071
2022-01-10,-0.0016989463632597346,-0.0016989463632597346,0.0,-0.0016991670956248435
2022-01-11,-0.0004011483428796314,-0.0004011483428796314,0.0,-0.00040134433859747415
2022-01-12,-0.0028678131701891374,-0.0028678131701891374,0.0,-0.0028680073335650923
2022-01-13,-0.002887144449101653,-0.002887144449101653,0.0,-0.0028873254753739442
2022-01-14,0.0032594917453012684,0.0032594917453012684,0.0,0.003259310002788541
2022-01-18,-0.0011209139035704974,-0.0011209139035704974,0.0,-0.0011211727119075227
2022-01-19,-0.006626914251833149,-0.006626914251833149,0.0,-0.006627165780391254
2022-01-20,-0.005746476679054036,-0.005746476679054036,0.0,-0.0057466971292121725
2022-01-21,-0.002373957604898669,-0.002373957604898669,0.0,-0.0023741280212050235
2022-01-24,0.003264078118720093,0.003264078118720093,0.0,0.003263896037628491
2022-01-25,-0.0024145279214933257,-0.0024145279214933257,0.0,-0.0024147352312914464
2022-01-26,0.002319194014613224,0.002319194014613224,0.0,0.0023190148424628606
2022-01-27,-0.0004066510404862056,-0.0004066510404862056,0.0,-0.0004068575700692762
2022-01-28,0.005939719501923069,0.005939719501923069,0.0,0.005939526286267554
2022-01-31,0.0006905856639298769,0.0006905856639298769,0.0,0.000690286808410025
2022-02-01,-0.0010242768077902697,-0.0009210302628391842,0.2064930899020196,-0.00102324326810119
2022-02-02,0.0015350797928828097,0.0015350797928828097,0.0,0.0015361089928679918
2022-02-03,-3.718197363100639e-05,-3.718197363100639e-05,0.0,-3.611574272768666e-05
2022-02-04,0.0017987601846951584,0.0017987601846951584,0.0,0.001799928344192553
2022-02-07,-0.0021649304001329917,-0.0021649304001329917,0.0,-0.0021635307966939867
2022-02-08,-0.0015482484694328003,-0.0015482484694328003,0.0,-0.0015468726776545995
2022-02-09,0.0014455804115534043,0.0014455804115534043,0.0,0.0014469749508013196
2022-02-10,-0.0005306977435702853,-0.0005306977435702853,0.0,-0.0005286066521022289
2022-02-11,-0.0018001417970093803,-0.0018001417970093803,0.0,-0.001798245916334761
2022-02-14,0.0011164970613546377,0.0011164970613546377,0.0,0.001118839223788846
2022-02-15,-0.0018847944824228469,-0.0018847944824228469,0.0,-0.0018826810370904821
2022-02-16,-0.002440605129132134,-0.002440605129132134,0.0,-0.0024385617579208278
2022-02-17,-0.00044745290029402085,-0.00044745290029402085,0.0,-0.000445473652506
2022-02-18,0.0011491367375968675,0.0011491367375968675,0.0,0.0011510160545474036
2022-02-22,0.0019407841517331548,0.0019407841517331548,0.0,0.0019428580802772367
2022-02-23,0.0004918609210560199,0.0004918609210560199,0.0,0.0004937439366205254
2022-02-24,0.005765595579719784,0.005765595579719784,0.0,0.005767314390868675
2022-02-25,-0.0026791530503963434,-0.0026791530503963434,0.0,-0.00267751916143729
2022-02-28,0.00041442112098555306,0.00041442112098555306,0.0,0.0004162974207563912
2022-03-01,0.004334545698321035,0.004526795421850194,0.3844994470586105,0.004333991668711847
2022-03-02,0.00674097763217274,0.00674097763217274,0.0,0.006740395186011613
2022-03-03,0.0037545360093853564,0.0037545360093853564,0.0,0.0037537890244268603
2022-03-04,0.006846461535092274,0.006846461535092274,0.0,0.006845748814655989
2022-03-07,0.004871802251836144,0.004871802251836144,0.0,0.004870884585926331
2022-03-08,0.003535478335186193,0.003535478335186193,0.0,0.0035345439225805695
2022-03-09,-0.01062302934366166,-0.01062302934366166,0.0,-0.010624065318181782
2022-03-10,0.001101944647617925,0.001101944647617925,0.0,0.0011010594582428188
2022-03-11,0.0043894920368132695,0.0043894920368132695,0.0,0.004388567517844393
2022-03-14,-0.00041948358101850935,-0.00041948358101850935,0.0,-0.0004206237128616315
2022-03-15,-0.004750143519306138,-0.004750143519306138,0.0,-0.0047513018160589395
2022-03-16,-0.008983726194976116,-0.008983726194976116,0.0,-0.008984732677536713
2022-03-17,0.009020838227799866,0.009020838227799866,0.0,0.009020037369085881
2022-03-18,0.0007459924389883188,0.0007459924389883188,0.0,0.0007450334421556868
2022-03-21,0.009543936336674053,0.009543936336674053,0.0,0.009542634567037623
2022-03-22,-0.0010087182461802069,-0.0010087182461802069,0.0,-0.0010101052552277394
2022-03-23,0.004617531883108983,0.004617531883108983,0.0,0.004616190731724328
2022-03-24,-3.539041352940142e-05,-3.539041352940142e-05,0.0,-3.681659716175624e-05
2022-03-25,0.004013208870120799,0.004013208870120799,0.0,0.004011697806315519
2022-03-28,-0.00492108625638632,-0.00492108625638632,0.0,-0.004922885227601356
2022-03-29,-0.00039242184891663534,-0.00039242184891663534,0.0,-0.00039399929398823395
2022-03-30,0.002462224815673819,0.002462224815673819,0.0,0.0024606834991805207
2022-03-31,-0.0020286604337049763,-0.0020286604337049763,0.0,-0.0020301358523811468
2022-04-01,-0.0013492379952687594,-0.0012447230225257622,0.20902994548566178,-0.0013465486707777174
2022-04-04,0.0021859451158590115,0.0021859451158590115,0.0,0.0021894263953225954
2022-04-05,0.0039660144073834225,0.0039660144073834225,0.0,0.003969328140912453
2022-04-06,0.0008165551696255324,0.0008165551696255324,0.0,0.000819852341932205
2022-04-07,0.002198403957927919,0.002198403957927919,0.0,0.002201725595432894
2022-04-08,0.0032469261246146353,0.0032469261246146353,0.0,0.0032502291539431424
2022-04-11,0.0008404647321955672,0.0008404647321955672,0.0,0.0008440863322742465
2022-04-12,0.0038249056026788963,0.0038249056026788963,0.0,0.0038283139347801264
2022-04-13,-0.0004755254217996274,-0.0004755254217996274,0.0,-0.0004721975962513432
2022-04-14,0.0030956353422135763,0.0030956353422135763,0.0,0.0030991126529774675
2022-04-18,0.00426873148567819,0.00426873148567819,0.0,0.004272275418356455
2022-04-19,6.937641264004313e-05,6.937641264004313e-05,0.0,7.27669687771808e-05
2022-04-20,-0.0010281907671858548,-0.0010281907671858548,0.0,-0.0010248027035868585
2022-04-21,0.0037979129100080833,0.0037979129100080833,0.0,0.003801337952204998
2022-04-22,-0.00340651053969665,-0.00340651053969665,0.0,-0.0034032215715945557
2022-04-25,-0.002409308155490786,-0.002409308155490786,0.0,-0.002405439087870585
2022-04-26,0.00198171423159188,0.00198171423159188,0.0,0.0019852978175480714
2022-04-27,0.000914539606182041,0.000914539606182041,0.0,0.000917966593002551
2022-04-28,0.0038316960001489875,0.0038316960001489875,0.0,0.0038350487323250194
2022-04-29,-0.005404971861759811,-0.005404971861759811,0.0,-0.005401675180638844
2022-05-02,-0.0017561302546291735,-0.0016805325605543375,0.15119538814964548,-0.0017483708396069627
2022-05-03,-0.003102607335621843,-0.003102607335621843,0.0,-0.003094795158991994
2022-05-04,-0.0007722306344325469,-0.0007722306344325469,0.0,-0.0007644596062607249
2022-05-05,0.01067679074721739,0.01067679074721739,0.0,0.010684240040429518
2022-05-06,0.004602026206132592,0.004602026206132592,0.0,0.004609044671632307
2022-05-09,-0.0023301770233331576,-0.0023301770233331576,0.0,-0.0023226925866022714
2022-05-10,-0.0034233108279557722,-0.0034233108279557722,0.0,-0.0034159710500279335
2022-05-11,0.006020970602310216,0.006020970602310216,0.0,0.0060285410266696544
2022-05-12,0.002399500291329515,0.002399500291329515,0.0,0.0024072178466119456
2022-05-13,-0.0020138139466393534,-0.0020138139466393534,0.0,-0.002005724547775883
2022-05-16,0.0031702621624503102,0.0031702621624503102,0.0,0.0031789350925090962
2022-05-17,-0.004532035344058216,-0.004532035344058216,0.0,-0.0045236035527069325
2022-05-18,-0.00032895137441846245,-0.00032895137441846245,0.0,-0.0003206165506310655
2022-05-19,-0.0030008609182000656,-0.0030008609182000656,0.0,-0.0029923462898255545
2022-05-20,0.0006022874052609151,0.0006022874052609151,0.0,0.0006107019428125686
2022-05-23,0.001296520155642078,0.001296520155642078,0.0,0.0013054036429846806
2022-05-24,0.0006287111590796979,0.0006287111590796979,0.0,0.0006373633605032273
2022-05-25,-0.002077151748582695,-0.002077151748582695,0.0,-0.002068531163315616
2022-05-26,-0.0017775802603462454,-0.0017775802603462454,0.0,-0.0017687719057217972
2022-05-27,-0.0012679333249763225,-0.0012679333249763225,0.0,-0.0012590343805307166
2022-05-31,0.0002825164840067895,0.0002825164840067895,0.0,0.00029207206617646827
2022-06-01,0.004875519841347042,0.005061970942513039,0.3729022023322917,0.004900627454986267
2022-06-02,-0.007086447286348219,-0.007086447286348219,0.0,-0.007061487663653507
2022-06-03,0.008467444657730416,0.008467444657730416,0.0,0.008493803611855135
2022-06-06,0.0007423831359543165,0.0007423831359543165,0.0,0.0007694513408476541
2022-06-07,-0.0017379370143548734,-0.0017379370143548734,0.0,-0.0017107054889441498
2022-06-08,0.004932403310288214,0.004932403310288214,0.0,0.004959988593452666
2022-06-09,0.00856873692748561,0.00856873692748561,0.0,0.008596161006133559
2022-06-10,0.00682129405653753,0.00682129405653753,0.0,0.006849759791944231
2022-06-13,0.01875605961920046,0.01875605961920046,0.0,0.01879126284340683
2022-06-14,-0.0001502626084883829,-0.0001502626084883829,0.0,-0.0001151677307671913
2022-06-15,-0.011277573966961052,-0.011277573966961052,0.0,-0.011244238463134347
2022-06-16,0.00826466369690082,0.00826466369690082,0.0,0.008296083957588251
2022-06-17,-0.00216796707272926,-0.00216796707272926,0.0,-0.00213650887410207
2022-06-21,-0.0029949753233264875,-0.0029949753233264875,0.0,-0.002961709374504559
2022-06-22,-0.0022592325242604128,-0.0022592325242604128,0.0,-0.002227488486651148
2022-06-23,-0.004364271090619654,-0.004364271090619654,0.0,-0.004331907005558065
2022-06-24,-0.00538508539079019,-0.00538508539079019,0.0,-0.005350859613525977
2022-06-27,0.0012169912971105035,0.0012169912971105035,0.0,0.0012536440311706728
2022-06-28,0.00643597867890211,0.00643597867890211,0.0,0.006472502450565506
2022-06-29,-0.000863023844030586,-0.000863023844030586,0.0,-0.0008275873902059834
2022-06-30,-0.0011646143799002306,-0.0011646143799002306,0.0,-0.001130525501529842
2022-07-01,-0.0035316545890061724,-0.003407097917713875,0.24911334258485232,-0.003494275701811401
2022-07-05,-0.004166241167571472,-0.004166241167571472,0.0,-0.0041236669165672915
2022-07-06,0.0018795813704053366,0.0018795813704053366,0.0,0.001922411021247796
2022-07-07,-0.003370244917576093,-0.003370244917576093,0.0,-0.0033267120124691506
2022-07-08,0.003502843491614227,0.003502843491614227,0.0,0.003547242139868675
2022-07-11,0.00892793374031875,0.00892793374031875,0.0,0.008976978499209856
2022-07-12,-0.004499895068003634,-0.004499895068003634,0.0,-0.004451358123944514
2022-07-13,7.361975143815869e-05,7.361975143815869e-05,0.0,0.00012663134107848592
2022-07-14,0.005964199439380424,0.005964199439380424,0.0,0.00601720032020349
2022-07-15,-0.006375351503565718,-0.006375351503565718,0.0,-0.0063241081196605976
2022-07-18,0.003842173393486137,0.003842173393486137,0.0,0.003897744914843637
2022-07-19,-0.008967691492686058,-0.008967691492686058,0.0,-0.008912252542422262
2022-07-20,-0.0008810573530098065,-0.0008810573530098065,0.0,-0.0008246953889256708
2022-07-21,-0.009507270643870691,-0.009507270643870691,0.0,-0.009451699775064215
2022-07-22,-0.0004131319347790985,-0.0004131319347790985,0.0,-0.00035587594542568123
2022-07-25,0.0010836147692008247,0.0010836147692008247,0.0,0.0011442636936492745
2022-07-26,0.004135816973983797,0.004135816973983797,0.0,0.004194630653171531
2022-07-27,-0.00917962087230706,-0.00917962087230706,0.0,-0.009124034722255741
2022-07-28,-0.009209424764929808,-0.009209424764929808,0.0,-0.009152933088064042
2022-07-29,-0.0028197780771425096,-0.0028197780771425096,0.0,-0.002762140823569601
2022-08-01,-0.0038801473240467343,-0.003797929591768945,0.16443546455572333,-0.0038161014520278207
2022-08-02,0.008232616107669344,0.008232616107669344,0.0,0.008297076833316193
2022-08-03,-0.006963369407474329,-0.006963369407474329,0.0,-0.0069012568461452395
2022-08-04,-0.005858362043099086,-0.005858362043099086,0.0,-0.005795912359304454
2022-08-05,0.005687165157618246,0.005687165157618246,0.0,0.005752387365165429
2022-08-08,-0.0034602495884872297,-0.0034602495884872297,0.0,-0.0033936193835423594
2022-08-09,0.003578135720362141,0.003578135720362141,0.0,0.0036456129384693846
2022-08-10,-0.008260297002912753,-0.008260297002912753,0.0,-0.008193943778012365
2022-08-11,0.005488564774849047,0.005488564774849047,0.0,0.005555258167542437
2022-08-12,-0.01033878173298719,-0.01033878173298719,0.0,-0.010272737208105804
2022-08-15,-1.0036756082687504e-05,-1.0036756082687504e-05,0.0,6.042572835062877e-05
2022-08-16,-0.00017673063326473226,-0.00017673063326473226,0.0,-0.00010680224383958569
2022-08-17,0.006641727305128686,0.006641727305128686,0.0,0.006711150277974144
2022-08-18,0.0028975926196583845,0.0028975926196583845,0.0,0.002966406739432781
2022-08-19,0.01094352656279396,0.01094352656279396,0.0,0.011012627864717791
2022-08-22,0.009204868963289314,0.009204868963289314,0.0,0.009274634367832841
2022-08-23,0.0002541148988284281,0.0002541148988284281,0.0,0.00032150623150500185
2022-08-24,0.0008766000680793251,0.0008766000680793251,0.0,0.0009444439845005849
2022-08-25,-0.011119881988350011,-0.011119881988350011,0.0,-0.011050952637124136
2022-08-26,0.01241948345217847,0.01241948345217847,0.0,0.012490428420216582
2022-08-29,0.006175664866036046,0.006175664866036046,0.0,0.006247105455940498
2022-08-30,0.0036549518203441433,0.0036549518203441433,0.0,0.0037250067847229597
2022-08-31,0.001740973796539036,0.001740973796539036,0.0,0.0018101165427060312
2022-09-01,0.0027015681640369937,0.002735410784006298,0.06768523993847195,0.0027764485185482342
2022-09-02,0.002492329522200576,0.002492329522200576,0.0,0.002566445581325641
2022-09-06,0.007717434299841397,0.007717434299841397,0.0,0.007793927582508806
2022-09-07,-0.013072575631433825,-0.013072575631433825,0.0,-0.012997060899475162
2022-09-08,0.0008990381976099471,0.0008990381976099471,0.0,0.000976857519816647
2022-09-09,-0.006447588837348639,-0.006447588837348639,0.0,-0.00636968385161449
2022-09-12,-0.0056058177666071796,-0.0056058177666071796,0.0,-0.0055237171452275375
2022-09-13,0.020638223874527073,0.020638223874527073,0.0,0.020724172913941328
2022-09-14,-0.0021586528705146435,-0.0021586528705146435,0.0,-0.0020782813092157407
2022-09-15,0.0040731815060874865,0.0040731815060874865,0.0,0.0041534817487470736
2022-09-16,0.001869949529317072,0.001869949529317072,0.0,0.0019489123310288802
2022-09-19,-0.003061809225056278,-0.003061809225056278,0.0,-0.002978406858271855
2022-09-20,0.00696009583997248,0.00696009583997248,0.0,0.007043388817252713
2022-09-21,0.004090109153806809,0.004090109153806809,0.0,0.004170677285877884
2022-09-22,0.004191554069343795,0.004191554069343795,0.0,0.004270778427131615
2022-09-23,0.008999552222204388,0.008999552222204388,0.0,0.009076197895662984
2022-09-26,0.009015025479531591,0.009015025479531591,0.0,0.009094201953166394
2022-09-27,0.005056869032311395,0.005056869032311395,0.0,0.005133231155144612
2022-09-28,-0.01113719391440604,-0.01113719391440604,0.0,-0.011061173699268689
2022-09-29,0.008507231799113724,0.008507231799113724,0.0,0.008584864191785845
2022-09-30,0.0002455862134347342,0.0002455862134347342,0.0,0.00032054136538498283
2022-10-03,-0.013291942740662366,-0.013209133275289053,0.16561893074679082,-0.013217567442738888
2022-10-04,-0.012894837486417066,-0.012894837486417066,0.0,-0.012819107614231781
2022-10-05,0.008286438018373143,0.008286438018373143,0.0,0.008365114473351889
2022-10-06,0.006870006387868388,0.006870006387868388,0.0,0.006946719195960863
2022-10-07,0.013808840946050172,0.013808840946050172,0.0,0.013883904633568263
2022-10-10,0.006993354608726854,0.006993354608726854,0.0,0.0070656067969706166
2022-10-11,0.00054829949243973,0.00054829949243973,0.0,0.0006238459927895414
2022-10-12,-5.3114014701871604e-05,-5.3114014701871604e-05,0.0,2.2955356914426006e-05
2022-10-13,-0.0021624154792793115,-0.0021624154792793115,0.0,-0.0020846248797863577
2022-10-14,0.006833912257889541,0.006833912257889541,0.0,0.006912399496845048
2022-10-17,-0.01067914246956081,-0.01067914246956081,0.0,-0.010598586109983382
2022-10-18,-0.0030855171900714407,-0.0030855171900714407,0.0,-0.0030009328923964115
2022-10-19,0.01100490857098202,0.01100490857098202,0.0,0.011090671116101214
2022-10-20,0.0034206399391509823,0.0034206399391509823,0.0,0.0035037800275592727
2022-10-21,-0.00729890170065195,-0.00729890170065195,0.0,-0.007216784524784816
2022-10-24,0.0026574184164740444,0.0026574184164740444,0.0,0.0027434274885410376
2022-10-25,-0.012388524171827675,-0.012388524171827675,0.0,-0.012303803953722731
2022-10-26,-0.003459394890041878,-0.003459394890041878,0.0,-0.0033722989490034914
2022-10-27,0.003949138526926799,0.003949138526926799,0.0,0.004037302764988994
2022-10-28,-0.0038750897019966812,-0.0038750897019966812,0.0,-0.003787005797332007
2022-10-31,0.006866788892738063,0.006866788892738063,0.0,0.006957393550246328
2022-11-01,-0.0021033628144861982,-0.0020844117775756787,0.03790207382097123,-0.0020131641973424796
2022-11-02,0.007927740183944154,0.007927740183944154,0.0,0.008016493911233848
2022-11-03,0.003703910962100432,0.003703910962100432,0.0,0.0037911353251600167
2022-11-04,-0.010970874156141508,-0.010970874156141508,0.0,-0.01088541653581609
2022-11-07,-0.003436940682373213,-0.003436940682373213,0.0,-0.0033465721782564703
2022-11-08,-0.007660495370905185,-0.007660495370905185,0.0,-0.007569694286111369
2022-11-09,0.005586737793280339,0.005586737793280339,0.0,0.005679722039841421
2022-11-10,-0.03449494284362653,-0.03449494284362653,0.0,-0.0344038268527126
2022-11-11,-0.005829971594122685,-0.005829971594122685,0.0,-0.005729801663189156
2022-11-14,0.0026707986264247197,0.0026707986264247197,0.0,0.0027742484748410484
2022-11-15,-0.007127872670442459,-0.007127872670442459,0.0,-0.007025632015327893
2022-11-16,-5.694441341841383e-05,-5.694441341841383e-05,0.0,4.7209646224396655e-05
2022-11-17,0.0006875406626591918,0.0006875406626591918,0.0,0.0007914583925386078
2022-11-18,0.0013096985406733097,0.0013096985406733097,0.0,0.0014139346116317025
2022-11-21,0.005104578412605587,0.005104578412605587,0.0,0.005210465331408477
2022-11-22,-0.006388097199684362,-0.006388097199684362,0.0,-0.006284094606339662
2022-11-23,-0.010179272137344264,-0.010179272137344264,0.0,-0.010073526814774759
2022-11-25,6.381464138582871e-05,6.381464138582871e-05,0.0,0.00017262335817626393
2022-11-28,0.006905756398090768,0.006905756398090768,0.0,0.007016609876288896
2022-11-29,-0.001015482895940778,-0.001015482895940778,0.0,-0.0009073199034360415
2022-11-30,-0.01404013887011668,-0.01404013887011668,0.0,-0.01393169368544662
2022-12-01,-0.007973688427642789,-0.007912223481815972,0.12292989165363238,-0.007879401704457308
2022-12-02,-0.003998670522535774,-0.003998670522535774,0.0,-0.0039029408429263487
2022-12-05,0.007949309112799341,0.007949309112799341,0.0,0.008047242184912679
2022-12-06,-0.0003206429788122911,-0.0003206429788122911,0.0,-0.00022481861048962394
2022-12-07,-0.004346030048190452,-0.004346030048190452,0.0,-0.0042516928821053485
2022-12-08,-0.005591493688753446,-0.005591493688753446,0.0,-0.005496699215443473
2022-12-09,0.0030371333694076963,0.0030371333694076963,0.0,0.0031338529964218746
2022-12-12,-1.3284628332721482e-05,-1.3284628332721482e-05,0.0,8.49280222833281e-05
2022-12-13,-0.008007810571351026,-0.008007810571351026,0.0,-0.007910281181111046
2022-12-14,0.0013280495307679274,0.0013280495307679274,0.0,0.0014270288703207414
2022-12-15,0.010595783083903187,0.010595783083903187,0.0,0.0106941753643276
2022-12-16,0.0012503795406195728,0.0012503795406195728,0.0,0.0013455313352950095
2022-12-19,0.0067415854605974435,0.0067415854605974435,0.0,0.0068382164789123024
2022-12-20,-0.0014706692842014757,-0.0014706692842014757,0.0,-0.001376487494431411
2022-12-21,-0.0021165378719876227,-0.0021165378719876227,0.0,-0.0020226365182693593
2022-12-22,0.005097194432985175,0.005097194432985175,0.0,0.0051920977992807125
2022-12-23,0.002696911262487278,0.002696911262487278,0.0,0.002790259386058816
2022-12-27,-0.0010485372548829641,-0.0010485372548829641,0.0,-0.0009532634408687636
2022-12-28,0.00847455445080958,0.00847455445080958,0.0,0.008570109455308218
2022-12-29,-0.011313101729971464,-0.011313101729971464,0.0,-0.011220014769266847
2022-12-30,0.003936123649237899,0.003936123649237899,0.0,0.0040313605000011805
2023-01-03,-0.010744440719631654,-0.010685354535074687,0.11817236911367238,-0.010661832425195172
2023-01-04,-0.011281808323402864,-0.011281808323402864,0.0,-0.011198124212936339
2023-01-05,0.006184663610881769,0.006184663610881769,0.0,0.006273263978122928
2023-01-06,-0.010288488446333566,-0.010288488446333566,0.0,-0.010201532729398513
2023-01-09,-0.002043505120564948,-0.002043505120564948,0.0,-0.0019529892626534875
2023-01-10,-0.00021352638301230797,-0.00021352638301230797,0.0,-0.0001220551432192536
2023-01-11,-0.0039593358527824085,-0.0039593358527824085,0.0,-0.0038678063461847776
2023-01-12,-0.006283940411508371,-0.006283940411508371,0.0,-0.006192744790248121
2023-01-13,0.0003234043152600119,0.0003234043152600119,0.0,0.000416512304355193
2023-01-17,0.0027897175261424323,0.0027897175261424323,0.0,0.002883768817210323
2023-01-18,-0.0014587581615134182,-0.0014587581615134182,0.0,-0.0013658810689280798
2023-01-19,0.0015188867697331077,0.0015188867697331077,0.0,0.0016123681910888722
2023-01-20,-0.003827073119170521,-0.003827073119170521,0.0,-0.0037335982171703133
2023-01-23,-0.003330362736160275,-0.003330362736160275,0.0,-0.0032356251709513106
2023-01-24,-0.0015594831404259768,-0.0015594831404259768,0.0,-0.0014640305754916854
2023-01-25,-0.0002047872945287743,-0.0002047872945287743,0.0,-0.00010911220146955101
2023-01-26,-0.0008359970928485394,-0.0008359970928485394,0.0,-0.0007404752764518019
2023-01-27,-0.0037056994420301415,-0.0037056994420301415,0.0,-0.0036095257411737514
2023-01-30,0.006414149555813209,0.006414149555813209,0.0,0.006511780907268125
2023-01-31,-0.0018887806485182734,-0.0018887806485182734,0.0,-0.0017931411935292883
2023-02-01,-0.010078003211379527,-0.009993379347830511,0.1692477270980492,-0.010007689070211582
2023-02-02,-0.005901454574263942,-0.005901454574263942,0.0,-0.005829237080365999
2023-02-03,0.002734364150452473,0.002734364150452473,0.0,0.002808728407805809
2023-02-06,0.0068479293457373025,0.0068479293457373025,0.0,0.006921918689709718
2023-02-07,-0.001980505175926517,-0.001980505175926517,0.0,-0.0019082578777638844
2023-02-08,0.0050873557008608294,0.0050873557008608294,0.0,0.005160107819842995
2023-02-09,-0.0009152694017611207,-0.0009152694017611207,0.0,-0.0008430290080772506
2023-02-10,0.006171879409666348,0.006171879409666348,0.0,0.0062446670568626775
2023-02-13,-0.0040802404805379,-0.0040802404805379,0.0,-0.004008728012510994
2023-02-14,0.0013735522829769753,0.0013735522829769753,0.0,0.0014459635417376003
2023-02-15,0.00013222285903657927,0.00013222285903657927,0.0,0.00020412630027246648
2023-02-16,0.003922047411012208,0.003922047411012208,0.0,0.003994533804197829
2023-02-17,0.0002920553047400798,0.0002920553047400798,0.0,0.00036352987829004136
2023-02-21,0.008921689728260684,0.008921689728260684,0.0,0.008993392805245979
2023-02-22,-0.0018698030492505513,-0.0018698030492505513,0.0,-0.0018005373588569102
2023-02-23,-0.001928643092196869,-0.001928643092196869,0.0,-0.0018588975162188634
2023-02-24,0.005567122448745243,0.005567122448745243,0.0,0.005637513100859858
2023-02-27,-0.004159587110280305,-0.004159587110280305,0.0,-0.004090330899717669
2023-02-28,0.002128903080468314,0.002128903080468314,0.0,0.002198937482196196
2023-03-01,0.00029004672697774403,0.00047612985794365237,0.37216626193215646,0.000428504417161144
2023-03-02,-0.000247230261826048,-0.000247230261826048,0.0,-0.00010898359667821234
2023-03-03,-0.00824183350512564,-0.00824183350512564,0.0,-0.008103506138431756
2023-03-06,0.0025226073035000685,0.0025226073035000685,0.0,0.002664242454071707
2023-03-07,0.00809292360412961,0.00809292360412961,0.0,0.00823698093197285
2023-03-08,-0.002399623353713687,-0.002399623353713687,0.0,-0.002257693455051337
2023-03-09,0.005126832560832906,0.005126832560832906,0.0,0.005268986822533806
2023-03-10,0.0004331323232680262,0.0004331323232680262,0.0,0.0005724222345370676
2023-03-13,-0.006398265317933416,-0.006398265317933416,0.0,-0.00626286383985997
2023-03-14,-0.0035158280608336145,-0.0035158280608336145,0.0,-0.0033780611590635426
2023-03-15,-5.22106161182645e-06,-5.22106161182645e-06,0.0,0.00013015218743568318
2023-03-16,-0.004862403399440884,-0.004862403399440884,0.0,-0.004727618361488631
2023-03-17,-0.0017010852198697801,-0.0017010852198697801,0.0,-0.0015710201030705215
2023-03-20,-0.001717105295786947,-0.001717105295786947,0.0,-0.0015778382630174548
2023-03-21,-0.0009954809608848647,-0.0009954809608848647,0.0,-0.0008565590789642747
2023-03-22,-0.0007172640262689267,-0.0007172640262689267,0.0,-0.0005777196339735382
2023-03-23,-0.0027494783017127933,-0.0027494783017127933,0.0,-0.0026115132274269273
2023-03-24,-0.0015273372878736868,-0.0015273372878736868,0.0,-0.0013884918453484158
2023-03-27,0.005483762093187128,0.005483762093187128,0.0,0.0056285853689419215
2023-03-28,-0.004215424194118134,-0.004215424194118134,0.0,-0.004075730476229417
2023-03-29,-0.004124040539635998,-0.004124040539635998,0.0,-0.003982976001536766
2023-03-30,-0.00633558962593983,-0.00633558962593983,0.0,-0.006188267700298302
2023-03-31,-0.0037521358820481465,-0.0037521358820481465,0.0,-0.0036063970536363136
2023-04-03,0.0017753128385908923,0.0019786571717050894,0.4066886662287108,0.0019157759206143677
2023-04-04,-0.0005003792736123502,-0.0005003792736123502,0.0,-0.00036067196737202267
2023-04-05,0.002501785322965633,0.002501785322965633,0.0,0.0026410665621786544
2023-04-06,-0.0021408213406389764,-0.0021408213406389764,0.0,-0.0020008882992209494
2023-04-10,0.0016564410705319776,0.0016564410705319776,0.0,0.0018020927265239492
2023-04-11,-0.00508287781572514,-0.00508287781572514,0.0,-0.0049392596901850685
2023-04-12,-0.001067480820804656,-0.001067480820804656,0.0,-0.0009227320639077434
2023-04-13,-0.00467516017663161,-0.00467516017663161,0.0,-0.004527666486328411
2023-04-14,0.003950356253775267,0.003950356253775267,0.0,0.004100369079924186
2023-04-17,-3.711063313649454e-05,-3.711063313649454e-05,0.0,0.000113922197667372
2023-04-18,-0.0008897268345524623,-0.0008897268345524623,0.0,-0.000739277966079892
2023-04-19,0.00565087087594307,0.00565087087594307,0.0,0.005800734439238721
2023-04-20,0.0019269935769508084,0.0019269935769508084,0.0,0.0020737170321595434
2023-04-21,0.0007712324928437209,0.0007712324928437209,0.0,0.0009175883288807542
2023-04-24,-0.0024998089394567824,-0.0024998089394567824,0.0,-0.002351958053999531
2023-04-25,0.0076402031332099,0.0076402031332099,0.0,0.007786860166584145
2023-04-26,0.003117483064311699,0.003117483064311699,0.0,0.003262402226253316
2023-04-27,-0.0062333689547964255,-0.0062333689547964255,0.0,-0.006088653684802919
2023-04-28,-0.0043762667906924735,-0.0043762667906924735,0.0,-0.004231727778461209
2023-05-01,0.001154326173611775,0.0015123802727405877,0.7161081982576016,0.001163139950749129
2023-05-02,0.006052678838100345,0.006052678838100345,0.0,0.006061477622518368
2023-05-03,0.0012699056896710026,0.0012699056896710026,0.0,0.0012774535646168069
2023-05-04,-0.001423086667496909,-0.001423086667496909,0.0,-0.0014157902342252055
2023-05-05,-0.005586790414420895,-0.005586790414420895,0.0,-0.005579195166818503
2023-05-08,-2.939528608214559e-05,-2.939528608214559e-05,0.0,-2.0534326075097008e-05
2023-05-09,0.0003252369594701765,0.0003252369594701765,0.0,0.00033406975166488657
2023-05-10,-0.0009502515326655914,-0.0009502515326655914,0.0,-0.0009415732162137145
2023-05-11,-0.0006323656276701062,-0.0006323656276701062,0.0,-0.000623557223912934
2023-05-12,0.0026045965336565224,0.0026045965336565224,0.0,0.002613608020815253
2023-05-15,-0.0036773435997113912,-0.0036773435997113912,0.0,-0.0036689125368125994
2023-05-16,0.002607948957219719,0.002607948957219719,0.0,0.0026171704393664467
2023-05-17,-0.0012257663559311904,-0.0012257663559311904,0.0,-0.0012170408636336077
2023-05-18,0.002860011789626915,0.002860011789626915,0.0,0.0028690668339502795
2023-05-19,0.001989709132566464,0.001989709132566464,0.0,0.001998123795458819
2023-05-22,-0.0011629551950819161,-0.0011629551950819161,0.0,-0.001154773326236021
2023-05-23,-0.0011584785179332702,-0.0011584785179332702,0.0,-0.001150141587230428
2023-05-24,0.00014980427997790535,0.00014980427997790535,0.0,0.00015843900804661794
2023-05-25,0.005046342335468967,0.005046342335468967,0.0,0.00505494480341074
2023-05-26,-0.0011073307491359374,-0.0011073307491359374,0.0,-0.0010998817274502598
2023-05-30,0.004856493343736945,0.004856493343736945,0.0,0.00486435631755473
2023-05-31,0.0012410487305978268,0.0012410487305978268,0.0,0.001247835265038032
2023-06-01,-0.004105337267971465,-0.003916914829952489,0.37684487603792766,-0.004023979170922837
2023-06-02,-0.004760941218879378,-0.004760941218879378,0.0,-0.004678608798008673
2023-06-05,0.0006573844159492026,0.0006573844159492026,0.0,0.000740623278492999
2023-06-06,-0.002906504265423493,-0.002906504265423493,0.0,-0.002823775066256129
2023-06-07,-0.003129372759854143,-0.003129372759854143,0.0,-0.0030461258796822934
2023-06-08,0.0004454058073315448,0.0004454058073315448,0.0,0.0005289044703611377
2023-06-09,0.0017737692895201107,0.0017737692895201107,0.0,0.0018569774894082061
2023-06-12,0.0029322367146260575,0.0029322367146260575,0.0,0.003015424068866983
2023-06-13,-0.0018346710966372637,-0.0018346710966372637,0.0,-0.0017528039180928076
2023-06-14,-0.0018212294208240776,-0.0018212294208240776,0.0,-0.001739000286121787
2023-06-15,-0.00595410838987831,-0.00595410838987831,0.0,-0.005871846724588927
2023-06-16,0.00027420596907545836,0.00027420596907545836,0.0,0.0003584966492063044
2023-06-20,-0.0002431246042940982,-0.0002431246042940982,0.0,-0.0001580851690449678
2023-06-21,-0.0034236129850059305,-0.0034236129850059305,0.0,-0.0033383376846820205
2023-06-22,0.005993465887677463,0.005993465887677463,0.0,0.006079736211140397
2023-06-23,0.0020594263060211837,0.0020594263060211837,0.0,0.0021439650940103124
2023-06-26,-0.0021307904440717174,-0.0021307904440717174,0.0,-0.0020453784089115947
2023-06-27,0.0020881430697579084,0.0020881430697579084,0.0,0.002173360526490274
2023-06-28,0.0008378179638401928,0.0008378179638401928,0.0,0.0009222656568139015
2023-06-29,0.0012020462742257099,0.0012020462742257099,0.0,0.001286576316208482
2023-06-30,-0.0018892228433385894,-0.0018892228433385894,0.0,-0.0018055276904089107
2023-07-03,-0.0011396623528520111,-0.0007682906143137158,0.7427434770765479,-0.0012024802078996768
2023-07-05,-0.002516295123289991,-0.002516295123289991,0.0,-0.0025793705299863097
2023-07-06,-0.003909269250386371,-0.003909269250386371,0.0,-0.003972222968204212
2023-07-07,0.0011210991426118255,0.0011210991426118255,0.0,0.0010588321539691924
2023-07-10,0.0005270916885282695,0.0005270916885282695,0.0,0.00046430367289818135
2023-07-11,-0.00010646524799096113,-0.00010646524799096113,0.0,-0.00016932993893339503
2023-07-12,0.0025599111930187934,0.0025599111930187934,0.0,0.002497181703846084
2023-07-13,0.0027139959153854587,0.0027139959153854587,0.0,0.0026508956582731095
2023-07-14,0.0010667894470277606,0.0010667894470277606,0.0,0.0010031760003960278
2023-07-17,0.00211163867016273,0.00211163867016273,0.0,0.0020477495401802575
2023-07-18,0.002976577000526781,0.002976577000526781,0.0,0.0029125047055813522
2023-07-19,4.440098401770065e-05,4.440098401770065e-05,0.0,-2.0222298607323083e-05
2023-07-20,-0.0034229758919274156,-0.0034229758919274156,0.0,-0.0034876055727554554
2023-07-21,-0.00013956773991818938,-0.00013956773991818938,0.0,-0.00020382440324632182
2023-07-24,-0.0015489978733639331,-0.0015489978733639331,0.0,-0.0016133562054268876
2023-07-25,0.0010994273828508483,0.0010994273828508483,0.0,0.0010352942606533693
2023-07-26,0.0015766661826424055,0.0015766661826424055,0.0,0.00151237338948869
2023-07-27,-0.00386448133270878,-0.00386448133270878,0.0,-0.0039290027462366645
2023-07-28,0.0021100323245675234,0.0021100323245675234,0.0,0.00204607344399025
2023-07-31,0.000557063886167386,0.000557063886167386,0.0,0.0004927985056095784
2023-08-01,-0.0013364027710160986,-0.0012350940315625225,0.20261747890738496,-0.0013636363567088407
2023-08-02,-0.002923784203033186,-0.002923784203033186,0.0,-0.0029511322056651208
2023-08-03,-0.002459189957106811,-0.002459189957106811,0.0,-0.002486004918727318
2023-08-04,-0.001633828170746976,-0.001633828170746976,0.0,-0.0016602437166446252
2023-08-07,0.0007765706514335502,0.0007765706514335502,0.0,0.0007504053006526641
2023-08-08,-0.002899147980775174,-0.002899147980775174,0.0,-0.002925505651240642
2023-08-09,-0.0033116775609782767,-0.0033116775609782767,0.0,-0.0033374029095995326
2023-08-10,0.003206014776989008,0.003206014776989008,0.0,0.00318090013206018
2023-08-11,0.00021107347492033135,0.00021107347492033135,0.0,0.0001853695008826313
2023-08-14,3.7557025762691154e-05,3.7557025762691154e-05,0.0,1.1765505183982181e-05
2023-08-15,-0.0010006109194680146,-0.0010006109194680146,0.0,-0.0010264093551289046
2023-08-16,0.000405191000951044,0.000405191000951044,0.0,0.00037957698450513
2023-08-17,-0.002041372474129499,-0.002041372474129499,0.0,-0.0020670611397114766
2023-08-18,0.00024804792927235475,0.00024804792927235475,0.0,0.00022278396747611837
2023-08-21,0.0039427045739763855,0.0039427045739763855,0.0,0.003917299048332669
2023-08-22,5.846791501906701e-05,5.846791501906701e-05,0.0,3.2336199397278437e-05
2023-08-23,0.0034410330949707912,0.0034410330949707912,0.0,0.0034148906110221355
2023-08-24,-0.0028679565839609955,-0.0028679565839609955,0.0,-0.002894781163914411
2023-08-25,0.0005061049030119502,0.0005061049030119502,0.0,0.00047966066448845886
2023-08-28,0.0019532760134968186,0.0019532760134968186,0.0,0.0019267379599733603
2023-08-29,0.002048877111097358,0.002048877111097358,0.0,0.002022028064522958
2023-08-30,6.80483636443796e-05,6.80483636443796e-05,0.0,4.087282912291941e-05
2023-08-31,-0.0031800800745599433,-0.0031800800745599433,0.0,-0.003207268124744736
2023-09-01,0.0006676464863235587,0.0007202224714242256,0.10515197020130017,0.0006218181861934026
2023-09-05,-0.0014970290767467587,-0.0014970290767467587,0.0,-0.001542657317686913
2023-09-06,-0.0030082282102524838,-0.0030082282102524838,0.0,-0.003053523046096134
2023-09-07,-0.0018670675856761187,-0.0018670675856761187,0.0,-0.001911778939549452
2023-09-08,-0.00015058445588378433,-0.00015058445588378433,0.0,-0.00019506981015245784
2023-09-11,0.0034507599753097473,0.0034507599753097473,0.0,0.0034062159268898663
2023-09-12,-0.002368047642521187,-0.002368047642521187,0.0,-0.0024131644972770305
2023-09-13,0.0006829735242861457,0.0006829735242861457,0.0,0.0006383347503724644
2023-09-14,0.0017650120364960387,0.0017650120364960387,0.0,0.0017202599148182871
2023-09-15,-0.0002316168851733691,-0.0002316168851733691,0.0,-0.0002767462455874851
2023-09-18,9.409104118285327e-05,9.409104118285327e-05,0.0,4.9084891195820834e-05
2023-09-19,0.00025651357378353445,0.00025651357378353445,0.0,0.00021149183361237565
2023-09-20,-0.000479257094596397,-0.000479257094596397,0.0,-0.0005244910597074935
2023-09-21,-0.002493372979981534,-0.002493372979981534,0.0,-0.00253852721890285
2023-09-22,-0.0010826212544511327,-0.0010826212544511327,0.0,-0.001127275737768174
2023-09-25,0.0018879916274152642,0.0018879916274152642,0.0,0.0018432667552155944
2023-09-26,-0.003930732351252297,-0.003930732351252297,0.0,-0.003975688822534911
2023-09-27,-0.0015679491628707298,-0.0015679491628707298,0.0,-0.0016122468154664827
2023-09-28,0.0026162098733981676,0.0026162098733981676,0.0,0.002572340355930385
2023-09-29,-0.0020989715427864875,-0.0020989715427864875,0.0,-0.0021432774576556125
2023-10-02,-0.004499140322282491,-0.004266111262355765,0.4660581198533188,-0.0046005182049754425
2023-10-03,-0.005650612356882134,-0.005650612356882134,0.0,-0.00575186975940689
2023-10-04,-0.004244533319823329,-0.004244533319823329,0.0,-0.00434497160230916
2023-10-05,0.0003660002387677608,0.0003660002387677608,0.0,0.00026603709621514566
2023-10-06,0.007201681541897376,0.007201681541897376,0.0,0.007101302896490781
2023-10-09,0.0034522325260344378,0.0034522325260344378,0.0,0.0033510507731571953
2023-10-10,0.004609892407374083,0.004609892407374083,0.0,0.00450870597293954
2023-10-11,-0.0005833790242374404,-0.0005833790242374404,0.0,-0.0006850735161587951
2023-10-12,-0.0029049633141676745,-0.0029049633141676745,0.0,-0.0030067837928511353
2023-10-13,0.00292592497472155,0.00292592497472155,0.0,0.002824426374651096
2023-10-16,0.0031827322516868595,0.0031827322516868595,0.0,0.00308110071743505
2023-10-17,0.0017223162127144587,0.0017223162127144587,0.0,0.001620143845417098
2023-10-18,-0.003144203855606098,-0.003144203855606098,0.0,-0.0032463742438069093
2023-10-19,0.0013002798585401987,0.0013002798585401987,0.0,0.0011986462679965833
2023-10-20,-0.004146843292219593,-0.004146843292219593,0.0,-0.004248237664926992
2023-10-23,-0.0016727672874056188,-0.0016727672874056188,0.0,-0.0017738965324037004
2023-10-24,0.0012454247882878189,0.0012454247882878189,0.0,0.001144669571789461
2023-10-25,-0.0022188534511634606,-0.0022188534511634606,0.0,-0.0023199354468200688
2023-10-26,-0.0041173277180384105,-0.0041173277180384105,0.0,-0.004218165032300307
2023-10-27,0.0025824109883800794,0.0025824109883800794,0.0,0.002482029584611434
2023-10-30,0.0004017736326151766,0.0004017736326151766,0.0,0.0003009177928069376
2023-10-31,-0.0005618879916925446,-0.0005618879916925446,0.0,-0.000662788270741116
2023-11-01,0.002414811086099533,0.002554317352893687,0.27901253358863304,0.002332302319573796
2023-11-02,0.003384041105263247,0.003384041105263247,0.0,0.003301802542057061
2023-11-03,0.0026727563641721908,0.0026727563641721908,0.0,0.002590245083076931
2023-11-06,0.0012266884011986612,0.0012266884011986612,0.0,0.0011435251925938764
2023-11-07,-0.002336134283370206,-0.002336134283370206,0.0,-0.0024192952914240504
2023-11-08,-0.0027948422026938813,-0.0027948422026938813,0.0,-0.0028777073190322886
2023-11-09,0.0008898967426234083,0.0008898967426234083,0.0,0.0008075428786596172
2023-11-10,0.002022150716085136,0.002022150716085136,0.0,0.0019398406205105225
2023-11-13,0.0019550121683258315,0.0019550121683258315,0.0,0.0018721330120321312
2023-11-14,0.003233032690245885,0.003233032690245885,0.0,0.0031502212974306824
2023-11-15,0.0024540452751895536,0.0024540452751895536,0.0,0.0023708280948122862
2023-11-16,-0.0019179355976001178,-0.0019179355976001178,0.0,-0.002001301246765013
2023-11-17,0.0010730721195060244,0.0010730721195060244,0.0,0.0009899466108852434
2023-11-20,0.0022034836530122615,0.0022034836530122615,0.0,0.0021199067514939616
2023-11-21,-0.00043329162747574035,-0.00043329162747574035,0.0,-0.0005169854545608974
2023-11-22,5.559978716918046e-05,5.559978716918046e-05,0.0,-2.8198849932230624e-05
2023-11-24,0.0013994185104264645,0.0013994185104264645,0.0,0.0013154538815647444
2023-11-27,-0.00173968406714331,-0.00173968406714331,0.0,-0.0018238241602986222
2023-11-28,0.0022872098808792707,0.0022872098808792707,0.0,0.0022034472383085884
2023-11-29,-0.0020828884818603344,-0.0020828884818603344,0.0,-0.002166618234181162
2023-11-30,0.0009627458841032777,0.0009627458841032777,0.0,0.0008792762088576842
2023-12-01,0.0010064625813965833,0.0011600105807592076,0.3070959987249538,0.00090738203287413
2023-12-04,-0.004844101633745712,-0.004844101633745712,0.0,-0.004944265232729839
2023-12-05,-0.001535566690399004,-0.001535566690399004,0.0,-0.0016350124015816498
2023-12-06,-0.0023425850839798867,-0.0023425850839798867,0.0,-0.0024418633338088845
2023-12-07,0.001070890152942372,0.001070890152942372,0.0,0.0009720565874672481
2023-12-08,0.0011358296750487717,0.0011358296750487717,0.0,0.001036879397292941
2023-12-11,0.0005279270189719742,0.0005279270189719742,0.0,0.00042847494710638836
2023-12-12,-0.0010839965581902478,-0.0010839965581902478,0.0,-0.0011835062904699805
2023-12-13,0.0068078801788662435,0.0068078801788662435,0.0,0.006708866882974538
2023-12-14,0.0019501975986200293,0.0019501975986200293,0.0,0.0018506381429536328
2023-12-15,-0.0023971005458630623,-0.0023971005458630623,0.0,-0.002497060938538078
2023-12-18,0.00283661143716607,0.00283661143716607,0.0,0.002736529958084029
2023-12-19,0.0035242929997789663,0.0035242929997789663,0.0,0.0034244767580675376
2023-12-20,-0.003583654673238623,-0.003583654673238623,0.0,-0.0036840408072147538
2023-12-21,0.003800229112463027,0.003800229112463027,0.0,0.0037006114648897763
2023-12-22,0.0020436175563742776,0.0020436175563742776,0.0,0.0019432095988626559
2023-12-26,0.0029057541512436114,0.0029057541512436114,0.0,0.002804934857912758
2023-12-27,0.00016297401407938672,0.00016297401407938672,0.0,6.203584662570071e-05
2023-12-28,-0.0027227317107678672,-0.0027227317107678672,0.0,-0.0028238799766927987
2023-12-29,-0.002094285469734114,-0.002094285469734114,0.0,-0.0021941805728781746
2024-01-02,0.00036777957508249415,0.0005573747185809719,0.37919028699732565,0.00023275524492076403
2024-01-03,-0.007790114740699572,-0.007790114740699572,0.0,-0.007925828346624326
2024-01-04,-0.0005534336194341627,-0.0005534336194341627,0.0,-0.0006885801833429725
2024-01-05,-0.0010272745702047947,-0.0010272745702047947,0.0,-0.001162380827404335
2024-01-08,0.0075696480005755795,0.0075696480005755795,0.0,0.007434358943534872
2024-01-09,-0.0026582202747177375,-0.0026582202747177375,0.0,-0.002793799358547181
2024-01-10,0.0022099285434076243,0.0022099285434076243,0.0,0.002074800684866461
2024-01-11,-0.00031472417488453974,-0.00031472417488453974,0.0,-0.000450011705518522
2024-01-12,0.0021998110952026195,0.0021998110952026195,0.0,0.002064804943700594
2024-01-16,-0.003940926776533682,-0.003940926776533682,0.0,-0.004076091266845676
2024-01-17,-0.0045332163029228045,-0.0045332163029228045,0.0,-0.004668612789934356
2024-01-18,0.001326494071698825,0.001326494071698825,0.0,0.0011919434414384192
2024-01-19,0.003496158198792232,0.003496158198792232,0.0,0.0033615114029363078
2024-01-22,0.000759416727642348,0.000759416727642348,0.0,0.000624517357128337
2024-01-23,-0.0010373599567539138,-0.0010373599567539138,0.0,-0.0011720556156134656
2024-01-24,-0.00246610584589646,-0.00246610584589646,0.0,-0.0026007266849692595
2024-01-25,0.0018759795597542706,0.0018759795597542706,0.0,0.001741537028767372
2024-01-26,-0.0011620746922689218,-0.0011620746922689218,0.0,-0.0012966526091641466
2024-01-29,0.005814423875146746,0.005814423875146746,0.0,0.005679671774775703
2024-01-30,-0.0009125049276482722,-0.0009125049276482722,0.0,-0.0010474165578923142
2024-01-31,-0.0009682915740881759,-0.0009682915740881759,0.0,-0.0011033964167559104
2024-02-01,0.0013728772848662363,0.0015980030135187562,0.4502514573049132,0.0012916473311995018
2024-02-02,0.0011627162703182758,0.0011627162703182758,0.0,0.0010815561319250297
2024-02-05,-0.0009875145704144606,-0.0009875145704144606,0.0,-0.0010686660191591977
2024-02-06,-0.0015815958949019215,-0.0015815958949019215,0.0,-0.0016627780262692823
2024-02-07,0.0025234893501033806,0.0025234893501033806,0.0,0.0024425073818974785
2024-02-08,0.0016104005398622778,0.0016104005398622778,0.0,0.0015291000085028063
2024-02-09,0.0010757265972125563,0.0010757265972125563,0.0,0.0009940672586845295
2024-02-12,-4.6736366343558267e-05,-4.6736366343558267e-05,0.0,-0.00012837530122214772
2024-02-13,-0.00193335450121912,-0.00193335450121912,0.0,-0.0020152997239563215
2024-02-14,0.000553459800950673,0.000553459800950673,0.0,0.0004720706441773872
2024-02-15,0.0013205901358666061,0.0013205901358666061,0.0,0.0012391311984692101
2024-02-16,-0.0020830928351377453,-0.0020830928351377453,0.0,-0.0021648741250979704
2024-02-20,0.001747632121785525,0.001747632121785525,0.0,0.001666114173420973
2024-02-21,-0.0012866387649740352,-0.0012866387649740352,0.0,-0.0013683772610378416
2024-02-22,0.0026915081139124997,0.0026915081139124997,0.0,0.002609776519056827
2024-02-23,-0.0010672243184405295,-0.0010672243184405295,0.0,-0.0011494520747669977
2024-02-26,0.00241073033884609,0.00241073033884609,0.0,0.0023286377331958965
2024-02-27,0.0017535304460778445,0.0017535304460778445,0.0,0.0016712899342298762
2024-02-28,-0.0006424223391624517,-0.0006424223391624517,0.0,-0.0007247265025575892
2024-02-29,0.00011028901762233367,0.00011028901762233367,0.0,2.790870024421784e-05
2024-03-01,0.0053741139125564885,0.005517511353853033,0.28679488259319735,0.005238566973137669
2024-03-04,0.002435127703874551,0.002435127703874551,0.0,0.0022992042978351897
2024-03-05,-0.0026814885192960602,-0.0026814885192960602,0.0,-0.0028173271307868784
2024-03-06,0.003999745127746035,0.003999745127746035,0.0,0.0038638399377486183
2024-03-07,0.002972809938497134,0.002972809938497134,0.0,0.0028366177893502055
2024-03-08,-0.002075557889367863,-0.002075557889367863,0.0,-0.0022119626886890806
2024-03-11,-0.002656581993618956,-0.002656581993618956,0.0,-0.002792838015942747
2024-03-12,0.001267111627513362,0.001267111627513362,0.0,0.0011307868713019858
2024-03-13,0.0012159374715934312,0.0012159374715934312,0.0,0.0010795215879453378
2024-03-14,-0.001633877990844801,-0.001633877990844801,0.0,-0.0017703812154137295
2024-03-15,0.0005347190925220069,0.0005347190925220069,0.0,0.0003983334216552751
2024-03-18,0.0017009458615011575,0.0017009458615011575,0.0,0.0015645217394062482
2024-03-19,0.001543072148408875,0.001543072148408875,0.0,0.001406786008387842
2024-03-20,0.006062116563503528,0.006062116563503528,0.0,0.005925720032137152
2024-03-21,0.00013623740910917448,0.00013623740910917448,0.0,-8.513141122034067e-07
2024-03-22,-0.0014836034078610227,-0.0014836034078610227,0.0,-0.0016204406960783203
2024-03-25,0.000364285290626265,0.000364285290626265,0.0,0.00022781458044155662
2024-03-26,-0.001055585521839153,-0.001055585521839153,0.0,-0.0011918211242333736
2024-03-27,0.0049785775023976075,0.0049785775023976075,0.0,0.004842416827767556
2024-03-28,0.0009444601780375095,0.0009444601780375095,0.0,0.0008076863459322749
2024-04-01,-0.0016918271850030475,-0.0015929367243977532,0.19778092121058302,-0.0018272720834983625
2024-04-02,0.0007221416984934947,0.0007221416984934947,0.0,0.00058719966642149
2024-04-03,0.004311184397367551,0.004311184397367551,0.0,0.0041761902636938365
2024-04-04,-0.002831327823100027,-0.002831327823100027,0.0,-0.002966372465234423
2024-04-05,0.004630466221599905,0.004630466221599905,0.0,0.004495107542011439
2024-04-08,0.002804338061750844,0.002804338061750844,0.0,0.0026686466909816462
2024-04-09,0.0017654606576613663,0.0017654606576613663,0.0,0.001629568363394211
2024-04-10,-0.00605792906530489,-0.00605792906530489,0.0,-0.00619446777476116
2024-04-11,0.0030206453853431903,0.0030206453853431903,0.0,0.0028845442534394116
2024-04-12,-0.004968712449702872,-0.004968712449702872,0.0,-0.005105031112389218
2024-04-15,-0.0006773751017608021,-0.0006773751017608021,0.0,-0.0008133341574728929
2024-04-16,-0.0051321380647598724,-0.0051321380647598724,0.0,-0.005268048062707787
2024-04-17,-0.0037202435907025544,-0.0037202435907025544,0.0,-0.0038557799847071415
2024-04-18,2.4140113046522416e-05,2.4140113046522416e-05,0.0,-0.00011112444732376851
2024-04-19,0.0016790499227705702,0.0016790499227705702,0.0,0.001543783598554419
2024-04-22,-0.0010395420618178886,-0.0010395420618178886,0.0,-0.001174157213248622
2024-04-23,0.0032930006976974457,0.0032930006976974457,0.0,0.0031576878037892883
2024-04-24,-4.193209200642478e-05,-4.193209200642478e-05,0.0,-0.00017774284840288204
2024-04-25,-0.0012725953239487442,-0.0012725953239487442,0.0,-0.0014084030225538942
2024-04-26,0.003261486538293834,0.003261486538293834,0.0,0.0031260297716076994
2024-04-29,-0.0011357540386782716,-0.0011357540386782716,0.0,-0.0012714477186161022
2024-04-30,-0.008396132509732923,-0.008396132509732923,0.0,-0.008531743595083905
2024-05-01,-0.0037504752939150343,-0.0035673207218548386,0.36630914412060694,-0.003813919232419815
2024-05-02,-0.0005736031557017629,-0.0005736031557017629,0.0,-0.0006366908829757102
2024-05-03,0.002301453253076069,0.002301453253076069,0.0,0.00223844888695633
2024-05-06,0.004596413529746934,0.004596413529746934,0.0,0.004533075463797395
2024-05-07,0.000691062678122023,0.000691062678122023,0.0,0.0006270612032654073
2024-05-08,0.0002295065143784747,0.0002295065143784747,0.0,0.00016540536604182376
2024-05-09,0.0006211550783117303,0.0006211550783117303,0.0,0.0005570208353444729
2024-05-10,-0.0004669696585788419,-0.0004669696585788419,0.0,-0.0005313157469074512
2024-05-13,-0.002563035020079929,-0.002563035020079929,0.0,-0.0026271914512033343
2024-05-14,0.0024785915702949524,0.0024785915702949524,0.0,0.0024149271162239726
2024-05-15,0.0025949446938065,0.0025949446938065,0.0,0.002530801354581848
2024-05-16,-0.0025559639531415046,-0.0025559639531415046,0.0,-0.00262048048900164
2024-05-17,0.0057661090274576665,0.0057661090274576665,0.0,0.00570196102410353
2024-05-20,0.0030910442091398593,0.0030910442091398593,0.0,0.0030260695838451365
2024-05-21,-9.516176744950311e-05,-9.516176744950311e-05,0.0,-0.00016057815534082254
2024-05-22,-0.004850414770934286,-0.004850414770934286,0.0,-0.0049158175573021335
2024-05-23,-0.0012386155195531767,-0.0012386155195531767,0.0,-0.0013034449042168823
2024-05-24,0.002719847585028967,0.002719847585028967,0.0,0.002655196659139103
2024-05-28,0.007767267718341797,0.007767267718341797,0.0,0.007702225981843728
2024-05-29,-0.0027031979331606504,-0.0027031979331606504,0.0,-0.0027693471341291914
2024-05-30,-0.004195256799971014,-0.004195256799971014,0.0,-0.0042610195316863395
2024-05-31,-0.0022914216415723665,-0.0022914216415723665,0.0,-0.0023564581822390607
2024-06-03,-0.0035796830513312727,-0.0033461757225302646,0.4670146576020316,-0.003734084647657174
2024-06-04,-0.004434646829851396,-0.004434646829851396,0.0,-0.004588442504009728
2024-06-05,0.0052642643451068505,0.0052642643451068505,0.0,0.0051107116035260716
2024-06-06,0.004836870595188225,0.004836870595188225,0.0,0.004683030984247622
2024-06-07,-0.009729603862552172,-0.009729603862552172,0.0,-0.009883999311284227
2024-06-10,0.004076705407493053,0.004076705407493053,0.0,0.003923136320654295
2024-06-11,-0.0013026968810400108,-0.0013026968810400108,0.0,-0.001456488319118091
2024-06-12,0.003966717775939488,0.003966717775939488,0.0,0.0038129974820976173
2024-06-13,-0.0030815901993851424,-0.0030815901993851424,0.0,-0.0032355262718088257
2024-06-14,-0.0005620025901084125,-0.0005620025901084125,0.0,-0.0007157705143020656
2024-06-17,0.0019725079856938166,0.0019725079856938166,0.0,0.0018187707446454375
2024-06-18,0.0024038450363637054,0.0024038450363637054,0.0,0.002250293353653359
2024-06-20,0.00217773004057209,0.00217773004057209,0.0,0.0020240479386770802
2024-06-21,-0.004223379860104792,-0.004223379860104792,0.0,-0.00437688634526293
2024-06-24,0.002282287772539693,0.002282287772539693,0.0,0.002128717384714408
2024-06-25,-0.0028535494780199677,-0.0028535494780199677,0.0,-0.003006950352924729
2024-06-26,-0.0008727463414671677,-0.0008727463414671677,0.0,-0.001026285299784855
2024-06-27,0.002041432352975381,0.002041432352975381,0.0,0.0018882338339886076
2024-06-28,0.0008303314853539412,0.0008303314853539412,0.0,0.0006773153928371436
2024-07-01,0.003591215501608458,0.003686972038202674,0.1915130731883271,0.0034733862881542814
2024-07-02,0.0020351165667158444,0.0020351165667158444,0.0,0.0019174737399352533
2024-07-03,0.002081756888157704,0.002081756888157704,0.0,0.0019639306764204865
2024-07-05,0.00361512994120905,0.00361512994120905,0.0,0.0034973417478736633
2024-07-08,-0.002132256685329681,-0.002132256685329681,0.0,-0.002250368173209172
2024-07-09,-0.0006740760172562199,-0.0006740760172562199,0.0,-0.0007919964138140416
2024-07-10,0.0037961119630736118,0.0037961119630736118,0.0,0.003678252017475696
2024-07-11,0.002364398427742831,0.002364398427742831,0.0,0.0022466513394399507
2024-07-12,-0.0002950330984837768,-0.0002950330984837768,0.0,-0.00041299011938430123
2024-07-15,0.0011920842451138558,0.0011920842451138558,0.0,0.001074379782377223
2024-07-16,0.003723016602209528,0.003723016602209528,0.0,0.0036052065932905635
2024-07-17,-0.004048910026563712,-0.004048910026563712,0.0,-0.0041670484457079346
2024-07-18,-0.0027499378928199647,-0.0027499378928199647,0.0,-0.002867944202079643
2024-07-19,-0.005121666035702632,-0.005121666035702632,0.0,-0.005239201613365491
2024-07-22,0.003152899046592772,0.003152899046592772,0.0,0.003036045835076869
2024-07-23,-0.0003305447010305551,-0.0003305447010305551,0.0,-0.00044745226003370804
2024-07-24,-0.006625726845554181,-0.006625726845554181,0.0,-0.006742605092742951
2024-07-25,-0.0030733176107883287,-0.0030733176107883287,0.0,-0.0031893798955853914
2024-07-26,0.002724068317812911,0.002724068317812911,0.0,0.002608504659404019
2024-07-29,-0.0019591286197780944,-0.0019591286197780944,0.0,-0.0020747101700075363
2024-07-30,0.0008628017495744267,0.0008628017495744267,0.0,0.0007476185709216647
2024-07-31,0.007073811860456747,0.007073811860456747,0.0,0.006958327903229039
2024-08-01,-0.007775099691840093,-0.007676315507574416,0.1975683685312722,-0.007889728597394827
2024-08-02,-0.007673136304888639,-0.007673136304888639,0.0,-0.007785901029164118
2024-08-05,-0.010688565667441696,-0.010688565667441696,0.0,-0.010801540597955121
2024-08-06,0.0017168493410812946,0.0017168493410812946,0.0,0.001604836069969011
2024-08-07,0.00042731411655960727,0.00042731411655960727,0.0,0.0003151466437837281
2024-08-08,0.005986655668944074,0.005986655668944074,0.0,0.005874449832637228
2024-08-09,0.0006870541441141853,0.0006870541441141853,0.0,0.0005743140346042081
2024-08-12,0.0013584455296979936,0.0013584455296979936,0.0,0.0012460873742517566
2024-08-13,0.003873904672583306,0.003873904672583306,0.0,0.0037616478583860097
2024-08-14,-7.107800959660349e-05,-7.107800959660349e-05,0.0,-0.00018389901013001825
2024-08-15,0.00531238952701929,0.00531238952701929,0.0,0.005199129779581634
2024-08-16,0.0017720836062822265,0.0017720836062822265,0.0,0.0016585784464358494
2024-08-19,0.0022444384955770946,0.0022444384955770946,0.0,0.0021312250070689527
2024-08-20,0.0003362451180151105,0.0003362451180151105,0.0,0.0002232837607708655
2024-08-21,0.0016050810825924966,0.0016050810825924966,0.0,0.0014925388443181875
2024-08-22,-0.001408477821632892,-0.001408477821632892,0.0,-0.001521607868676629
2024-08-23,0.006686924554011986,0.006686924554011986,0.0,0.006574589697756797
2024-08-26,-5.539773391172176e-05,-5.539773391172176e-05,0.0,-0.00016763089533596115
2024-08-27,-0.000167128006571704,-0.000167128006571704,0.0,-0.00027935643754928416
2024-08-28,-0.002461835455003669,-0.002461835455003669,0.0,-0.002573598953165419
2024-08-29,0.001710553884363808,0.001710553884363808,0.0,0.0015985504986071532
2024-08-30,0.0003301260204768841,0.0003301260204768841,0.0,0.0002179764346004511
2024-09-03,-0.008352539910998047,-0.00825316871680215,0.19874238839189173,-0.008497875322528216
2024-09-04,-0.0006730133972953078,-0.0006730133972953078,0.0,-0.0008182356937679047
2024-09-05,0.0030689852872662904,0.0030689852872662904,0.0,0.0029243831774039527
2024-09-06,-0.008378546907737539,-0.008378546907737539,0.0,-0.008523013336128161
2024-09-09,0.005677896196088383,0.005677896196088383,0.0,0.0055350307412684015
2024-09-10,-0.0001379827080530971,-0.0001379827080530971,0.0,-0.00027996613185829445
2024-09-11,0.0034528354384282256,0.0034528354384282256,0.0,0.0033096880406636676
2024-09-12,0.0053904662038617435,0.0053904662038617435,0.0,0.005248316033298083
2024-09-13,0.004632474643850859,0.004632474643850859,0.0,0.00449211027728804
2024-09-16,0.0029919598315477636,0.0029919598315477636,0.0,0.002852250428454884
2024-09-17,-0.0006617399036259464,-0.0006617399036259464,0.0,-0.0008015948270881167
2024-09-18,-0.003374869685619397,-0.003374869685619397,0.0,-0.003511748766485266
2024-09-19,0.006968148077731717,0.006968148077731717,0.0,0.006832606402709768
2024-09-20,-0.0014083092188974522,-0.0014083092188974522,0.0,-0.0015427052224081896
2024-09-23,-0.0006112586412522214,-0.0006112586412522214,0.0,-0.0007447052342488003
2024-09-24,0.001797669195050533,0.001797669195050533,0.0,0.0016651344946733784
2024-09-25,-0.0021006210523102364,-0.0021006210523102364,0.0,-0.0022335330681243545
2024-09-26,0.00028006867312835304,0.00028006867312835304,0.0,0.0001475480978409633
2024-09-27,-0.002130387436083181,-0.002130387436083181,0.0,-0.0022629209051607995
2024-09-30,-0.0016241215365561112,-0.0016241215365561112,0.0,-0.0017571453183559702
2024-10-01,-0.0029563744113852986,-0.0028131232574228893,0.28650230792481346,-0.0031041049354142937
2024-10-02,0.002565104951123498,0.002565104951123498,0.0,0.0024183563759771383
