Date,net,gross,turnover,excess
2008-06-02,0.0013908831899105412,0.0017461459409942037,0.7105255021672406,0.001357617818705534
2008-06-03,-0.0015902071878276525,-0.0015902071878276525,0.0,-0.001623552290430167
2008-06-04,-0.0021037627522955127,-0.0021037627522955127,0.0,-0.0021368630591321134
2008-06-05,0.0011233277638007522,0.0011233277638007522,0.0,0.0010901266735447277
2008-06-06,0.0067080385331852455,0.0067080385331852455,0.0,0.006674976322738584
2008-06-09,-0.002821101903603962,-0.002821101903603962,0.0,-0.002855342862241074
2008-06-10,-0.0035874033236371616,-0.0035874033236371616,0.0,-0.0036237342115101197
2008-06-11,0.0036950849878794045,0.0036950849878794045,0.0,0.0036600025069614653
2008-06-12,-0.00382604691443722,-0.00382604691443722,0.0,-0.0038620147715843498
2008-06-13,-0.0011666012455481267,-0.0011666012455481267,0.0,-0.0012022258314027096
2008-06-16,0.0006015925273823441,0.0006015925273823441,0.0,0.0005643747507167688
2008-06-17,0.0020212841216054045,0.0020212841216054045,0.0,0.0019855006021613744
2008-06-18,0.0030701493638221056,0.0030701493638221056,0.0,0.0030355621415095128
2008-06-19,-0.0032704519009696398,-0.0032704519009696398,0.0,-0.003304795505509895
2008-06-20,0.002112971893618809,0.002112971893618809,0.0,0.0020794909107939713
2008-06-23,-0.0008239534112672864,-0.0008239534112672864,0.0,-0.000857883731627841
2008-06-24,0.0012969379376932544,0.0012969379376932544,0.0,0.0012639563315263002
2008-06-25,0.0009432519065610823,0.0009432519065610823,0.0,0.0009105875172622679
2008-06-26,0.00487942568288946,0.00487942568288946,0.0,0.00484819518218731
2008-06-27,0.001486269202292556,0.001486269202292556,0.0,0.0014559712412800737
2008-06-30,-0.0010305092604678823,-0.0010305092604678823,0.0,-0.0010651151826637638
2008-07-01,-0.0023939841771472015,-0.002209146198358103,0.3696759575782175,-0.0024133169528327905
2008-07-02,0.004579283099051201,0.004579283099051201,0.0,0.004560771331087738
2008-07-03,-0.0016764740919523735,-0.0016764740919523735,0.0,-0.0016954347777896413
2008-07-07,0.00046200074502067423,0.00046200074502067423,0.0,0.00044281604023116265
2008-07-08,-0.0038302512709075254,-0.0038302512709075254,0.0,-0.003849356434451406
2008-07-09,0.005918762839352887,0.005918762839352887,0.0,0.0059002765372656
2008-07-10,0.0004898469047613929,0.0004898469047613929,0.0,0.00047262646848460676
2008-07-11,0.0019082208383032206,0.0019082208383032206,0.0,0.0018916078431886222
2008-07-14,0.003434755120395039,0.003434755120395039,0.0,0.0034188999601634804
2008-07-15,0.0025541112120788245,0.0025541112120788245,0.0,0.0025394936427703112
2008-07-16,-0.007824899065865809,-0.007824899065865809,0.0,-0.007839403022669604
2008-07-17,-0.005801242054063516,-0.005801242054063516,0.0,-0.005815963673020289
2008-07-18,-0.0040432381953203755,-0.0040432381953203755,0.0,-0.0040582388069355605
2008-07-21,0.0007347531002757091,0.0007347531002757091,0.0,0.0007198229209972974
2008-07-22,-0.00553285889992694,-0.00553285889992694,0.0,-0.005548435521686632
2008-07-23,-0.004671579905461409,-0.004671579905461409,0.0,-0.0046873109657440785
2008-07-24,0.005501580097251546,0.005501580097251546,0.0,0.005485469047985834
2008-07-25,-0.002798047755822042,-0.002798047755822042,0.0,-0.002815332093717533
2008-07-28,0.005356097370339263,0.005356097370339263,0.0,0.005339055182778379
2008-07-29,-0.004931622789591139,-0.004931622789591139,0.0,-0.004948831754690672
2008-07-30,0.0005855873084055219,0.0005855873084055219,0.0,0.0005688261578852831
2008-07-31,0.002375489302350875,0.002375489302350875,0.0,0.0023589002564807704
2008-08-01,0.0011185649314617852,0.0012711908954774476,0.30525192803137574,0.0010905537578339817
2008-08-04,-0.002038636323463683,-0.002038636323463683,0.0,-0.0020682679718679584
2008-08-05,-0.005711873822329516,-0.005711873822329516,0.0,-0.005741426573025917
2008-08-06,-0.0019713834041521494,-0.0019713834041521494,0.0,-0.001998838045525906
2008-08-07,0.0038868923218975393,0.0038868923218975393,0.0,0.00385916949083434
2008-08-08,-0.006492586326930283,-0.006492586326930283,0.0,-0.0065211360867611255
2008-08-11,-0.00552164355761009,-0.00552164355761009,0.0,-0.0055528279861533055
2008-08-12,0.0027389308959009373,0.0027389308959009373,0.0,0.0027081469464479008
2008-08-13,0.002704366148522208,0.002704366148522208,0.0,0.002673636771336963
2008-08-14,-0.001958971861606762,-0.001958971861606762,0.0,-0.0019903215208466113
2008-08-15,-0.0022159209405814284,-0.0022159209405814284,0.0,-0.002246511992429685
2008-08-18,0.0028064757872046098,0.0028064757872046098,0.0,0.0027763133211219757
2008-08-19,0.0031241955554681677,0.0031241955554681677,0.0,0.003094257000495762
2008-08-20,0.0009548748139489582,0.0009548748139489582,0.0,0.0009263394288016816
2008-08-21,0.003760731395386685,0.003760731395386685,0.0,0.003731989564367429
2008-08-22,-0.0059354568203437985,-0.0059354568203437985,0.0,-0.0059640003897261104
2008-08-25,0.0042404535237143826,0.0042404535237143826,0.0,0.004211456931141741
2008-08-26,-0.0009878283600328608,-0.0009878283600328608,0.0,-0.0010164774522128008
2008-08-27,0.00019858174434594922,0.00019858174434594922,0.0,0.0001706514703340946
2008-08-28,-0.0026612694368435275,-0.0026612694368435275,0.0,-0.002690399547179023
2008-08-29,0.00030108206706791485,0.00030108206706791485,0.0,0.00027239478922328137
2008-09-02,-0.00027802130458265406,-0.00017153070689635008,0.212981195372792,-0.00029550060583040486
2008-09-03,0.0001350786107205959,0.0001350786107205959,0.0,0.0001174298114061593
2008-09-04,0.0030755605967636157,0.0030755605967636157,0.0,0.003058010951428442
2008-09-05,-0.0022722784366252524,-0.0022722784366252524,0.0,-0.002289869634402117
2008-09-08,-0.003342759801590711,-0.003342759801590711,0.0,-0.0033606657530274513
2008-09-09,0.002580754044590794,0.002580754044590794,0.0,0.002563642826909139
2008-09-10,-0.0031251905425931925,-0.0031251905425931925,0.0,-0.00314231848608696
2008-09-11,-0.0020174866616315956,-0.0020174866616315956,0.0,-0.0020340475042426366
2008-09-12,0.0015488351020065405,0.0015488351020065405,0.0,0.0015336182312083787
2008-09-15,0.012496964576766523,0.012496964576766523,0.0,0.012486182780756262
2008-09-16,-0.008829321670410728,-0.008829321670410728,0.0,-0.008838417486819244
2008-09-17,0.01557267385989558,0.01557267385989558,0.0,0.015572356720279101
2008-09-18,-0.013729507122466678,-0.013729507122466678,0.0,-0.013732041195448082
2008-09-19,-0.004931199554852661,-0.004931199554852661,0.0,-0.0049414996706625205
2008-09-22,0.013619995880658875,0.013619995880658875,0.0,0.013606483587136974
2008-09-23,-0.00123515977884614,-0.00123515977884614,0.0,-0.0012439621396838848
2008-09-24,-0.0031373036233621754,-0.0031373036233621754,0.0,-0.0031427193615984304
2008-09-25,-0.0005598329533214041,-0.0005598329533214041,0.0,-0.0005678884611179371
2008-09-26,-0.0008076038845070688,-0.0008076038845070688,0.0,-0.0008168269247319625
2008-09-29,0.009541049756167652,0.009541049756167652,0.0,0.009530776738738466
2008-09-30,-0.010720725119887975,-0.010720725119887975,0.0,-0.010730602584127074
2008-10-01,-0.0009320238505101663,-0.0007243211015329765,0.4154054979543444,-0.0009411804660949121
2008-10-02,0.005090545073928476,0.005090545073928476,0.0,0.005083811867165749
2008-10-03,0.001768726153431155,0.001768726153431155,0.0,0.0017632231583434269
2008-10-06,0.005352421530335771,0.005352421530335771,0.0,0.005346450954679623
2008-10-07,0.004600520683794684,0.004600520683794684,0.0,0.004591441374480498
2008-10-08,0.00027981312602598507,0.00027981312602598507,0.0,0.00027221571665811406
2008-10-09,0.0027534153289372476,0.0027534153289372476,0.0,0.0027468338685320373
2008-10-10,-0.0014632983584034198,-0.0014632983584034198,0.0,-0.0014660403943689865
2008-10-13,-0.013257277959601632,-0.013257277959601632,0.0,-0.013260010057266385
2008-10-14,0.002549214119236476,0.002549214119236476,0.0,0.002545472917428434
2008-10-15,0.01003232650685626,0.01003232650685626,0.0,0.010029889686149615
2008-10-16,-0.004730383782854286,-0.004730383782854286,0.0,-0.0047354960496035535
2008-10-17,0.0016273492050873362,0.0016273492050873362,0.0,0.0016183684192163162
2008-10-20,-0.003144272201942133,-0.003144272201942133,0.0,-0.003158249749604403
2008-10-21,0.0034588605606507006,0.0034588605606507006,0.0,0.0034466715219614165
2008-10-22,0.005496875690662595,0.005496875690662595,0.0,0.005485256423593448
2008-10-23,-0.0005892874064792331,-0.0005892874064792331,0.0,-0.0006002660710551432
2008-10-24,0.002881348378358295,0.002881348378358295,0.0,0.0028715276480449797
2008-10-27,0.0030509842455723746,0.0030509842455723746,0.0,0.003041323694802463
2008-10-28,-0.009210121969123741,-0.009210121969123741,0.0,-0.009218927615362011
2008-10-29,0.0012040733068312548,0.0012040733068312548,0.0,0.0011971649335555201
2008-10-30,-0.0060513447939058995,-0.0060513447939058995,0.0,-0.00605588851604262
2008-10-31,-0.0010067494932998189,-0.0010067494932998189,0.0,-0.0010116717153115934
2008-11-03,0.0004982856427135918,0.0006293369667964566,0.2621026481656925,0.0004969194152792362
2008-11-04,-0.005955745544722446,-0.005955745544722446,0.0,-0.005957094482953447
2008-11-05,0.005946565406864668,0.005946565406864668,0.0,0.005945555552368038
2008-11-06,0.0049814580526665875,0.0049814580526665875,0.0,0.004980587373169374
2008-11-07,-0.003088754650183101,-0.003088754650183101,0.0,-0.003089652075828767
2008-11-10,0.0007321563241604601,0.0007321563241604601,0.0,0.0007313217801938282
2008-11-11,0.0038703210547399447,0.0038703210547399447,0.0,0.0038694787018987804
2008-11-12,0.005336606175349923,0.005336606175349923,0.0,0.005336057812843968
2008-11-13,-0.007827987833078365,-0.007827987833078365,0.0,-0.007828668428981141
2008-11-14,0.004889462459268801,0.004889462459268801,0.0,0.004889048980783694
2008-11-17,0.0020664150570712803,0.0020664150570712803,0.0,0.0020660392015182374
2008-11-18,0.001600437863169768,0.001600437863169768,0.0,0.0016000529629087196
2008-11-19,0.005982482568076319,0.005982482568076319,0.0,0.005982253963131319
2008-11-20,0.007596748807829012,0.007596748807829012,0.0,0.007596644337271388
2008-11-21,-0.0056117804857530595,-0.0056117804857530595,0.0,-0.005611855591398474
2008-11-24,-0.007116304856015554,-0.007116304856015554,0.0,-0.007116766684730884
2008-11-25,0.0011837339307008143,0.0011837339307008143,0.0,0.0011834045733404692
2008-11-26,-0.0019168850246223945,-0.0019168850246223945,0.0,-0.0019170518544988156
2008-11-28,0.00225339109318079,0.00225339109318079,0.0,0.0022533584252535056
2008-12-01,0.008045905473184956,0.008077243869756945,0.06267679314402619,0.008045676909316552
2008-12-02,-0.0025387036111598205,-0.0025387036111598205,0.0,-0.0025389076571795057
2008-12-03,-0.0009803711093063772,-0.0009803711093063772,0.0,-0.0009804372777842902
2008-12-04,0.0030928190785330933,0.0030928190785330933,0.0,0.0030927536239577147
2008-12-05,-0.0018443910910578287,-0.0018443910910578287,0.0,-0.0018444587908682585
2008-12-08,-0.004413445015693962,-0.004413445015693962,0.0,-0.0044135445532921865
2008-12-09,0.002811806248771642,0.002811806248771642,0.0,0.0028117115473149552
2008-12-10,-0.0025536914041910386,-0.0025536914041910386,0.0,-0.0025536914041910386
2008-12-11,0.00029430222178117305,0.00029430222178117305,0.0,0.00029427056299609436
2008-12-12,-0.0012311558361453034,-0.0012311558361453034,0.0,-0.0012312193685909128
2008-12-15,0.000855739955323509,0.000855739955323509,0.0,0.0008556146904272952
2008-12-16,-0.0045898353570204,-0.0045898353570204,0.0,-0.0045899618719701055
2008-12-17,-0.00012687402277367088,-0.00012687402277367088,0.0,-0.000127023746853494
2008-12-18,0.0017450632315985093,0.0017450632315985093,0.0,0.0017450632315985093
2008-12-19,0.001475818591484268,0.001475818591484268,0.0,0.0014757575165681538
2008-12-22,1.166235586613773e-05,1.166235586613773e-05,0.0,1.1631278630145035e-05
2008-12-23,0.0004473937871152245,0.0004473937871152245,0.0,0.00044733162411236815
2008-12-24,-7.322797357367516e-05,-7.322797357367516e-05,0.0,-7.322797357367516e-05
2008-12-26,-0.000903622559190187,-0.000903622559190187,0.0,-0.0009037162140515826
2008-12-29,0.0008434672575412527,0.0008434672575412527,0.0,0.0008432819318362574
2008-12-30,-0.000983388418313913,-0.000983388418313913,0.0,-0.000983700378453034
2008-12-31,-0.0029063021726811744,-0.0029063021726811744,0.0,-0.0029066413698282606
2009-01-02,-0.0036322840172146043,-0.003577501291970875,0.1095654504871316,-0.003632849774578391
2009-01-05,-0.0006584405335314791,-0.0006584405335314791,0.0,-0.0006594150632958146
2009-01-06,-0.001629078170975462,-0.001629078170975462,0.0,-0.001630049682419347
2009-01-07,0.002709243652534221,0.002709243652534221,0.0,0.0027084861992188727
2009-01-08,0.00022033726973069712,0.00022033726973069712,0.0,0.00021970955994851283
2009-01-09,0.002376075551918433,0.002376075551918433,0.0,0.0023755868288348947
2009-01-12,0.003189809011852285,0.003189809011852285,0.0,0.003188961899010561
2009-01-13,0.00027046503955263645,0.00027046503955263645,0.0,0.00026967710902612104
2009-01-14,0.002552596916689076,0.002552596916689076,0.0,0.002551736300952405
2009-01-15,-0.0007244119486929934,-0.0007244119486929934,0.0,-0.0007252099517595696
2009-01-16,-0.0014695156929326325,-0.0014695156929326325,0.0,-0.0014703834207442207
2009-01-20,0.005183821249834519,0.005183821249834519,0.0,0.005182887419929189
2009-01-21,-0.004126904665077036,-0.004126904665077036,0.0,-0.004127713264996807
2009-01-22,0.0012001829646677287,0.0012001829646677287,0.0,0.0011994612720808828
2009-01-23,-0.0006690541327015742,-0.0006690541327015742,0.0,-0.0006698522755235798
2009-01-26,-0.0014282922597932401,-0.0014282922597932401,0.0,-0.0014293773799077237
2009-01-27,0.0008680806976824051,0.0008680806976824051,0.0,0.000867146293822408
2009-01-28,-0.0033032877055803045,-0.0033032877055803045,0.0,-0.00330465872765538
2009-01-29,0.0019155916135067397,0.0019155916135067397,0.0,0.0019139567036822649
2009-01-30,0.0014531589404063183,0.0014531589404063183,0.0,0.0014514380004345218
2009-02-02,0.0009086186391491502,0.0010080609815585895,0.19888468481905633,0.0009075588804314148
2009-02-03,-0.002673006239479081,-0.002673006239479081,0.0,-0.0026742600120047734
2009-02-04,-1.4724208029726071e-05,-1.4724208029726071e-05,0.0,-1.5870863286367243e-05
2009-02-05,-0.0014571537823985237,-0.0014571537823985237,0.0,-0.0014582620626865752
2009-02-06,-0.004268088011163407,-0.004268088011163407,0.0,-0.004269143422188386
2009-02-09,-0.00042493252545361404,-0.00042493252545361404,0.0,-0.0004260894493923558
2009-02-10,0.005676496083269367,0.005676496083269367,0.0,0.005675380066316367
2009-02-11,8.82282277532287e-05,8.82282277532287e-05,0.0,8.708711155440895e-05
2009-02-12,0.00015564395629419359,0.00015564395629419359,0.0,0.00015453995938084907
2009-02-13,-0.0006993669357268084,-0.0006993669357268084,0.0,-0.0007004725516984758
2009-02-17,0.007188681619807236,0.007188681619807236,0.0,0.007187469663017004
2009-02-18,-0.0005645706415439156,-0.0005645706415439156,0.0,-0.0005658241458357184
2009-02-19,-0.0008584510242782839,-0.0008584510242782839,0.0,-0.0008596580533218661
2009-02-20,0.0004391188766144083,0.0004391188766144083,0.0,0.0004380408227082502
2009-02-23,0.003404437085751555,0.003404437085751555,0.0,0.0034032345485291663
2009-02-24,-0.003405268629519287,-0.003405268629519287,0.0,-0.0034065900680825046
2009-02-25,0.0006684774183947084,0.0006684774183947084,0.0,0.0006672750141444748
2009-02-26,0.0009679421433617108,0.0009679421433617108,0.0,0.000966853544981881
2009-02-27,0.0018441454731992213,0.0018441454731992213,0.0,0.0018430882299235723
2009-03-02,0.008948356212577169,0.009053590848001392,0.21046927084850744,0.00894849905436994
2009-03-03,-0.00011729054288012186,-0.00011729054288012186,0.0,-0.00011722363868606366
2009-03-04,-0.006145615546954253,-0.006145615546954253,0.0,-0.006145549902853354
2009-03-05,0.007355132723970703,0.007355132723970703,0.0,0.007355232608008391
2009-03-06,-0.0015313772396317038,-0.0015313772396317038,0.0,-0.0015313360327453718
2009-03-09,0.004687010640947564,0.004687010640947564,0.0,0.0046870720998393525
2009-03-10,-0.009641055012700406,-0.009641055012700406,0.0,-0.009641035610816305
2009-03-11,7.748862614320728e-05,7.748862614320728e-05,0.0,7.759625098859383e-05
2009-03-12,-0.006696444219309705,-0.006696444219309705,0.0,-0.006696346606448964
2009-03-13,-0.0013701925149661731,-0.0013701925149661731,0.0,-0.0013700527737354445
2009-03-16,-0.0012679968967829192,-0.0012679968967829192,0.0,-0.0012678070719950771
2009-03-17,-0.00463037598019056,-0.00463037598019056,0.0,-0.004630173822906988
2009-03-18,-0.005522403693881794,-0.005522403693881794,0.0,-0.005522187217424781
2009-03-19,-0.0008080892752118096,-0.0008080892752118096,0.0,-0.0008078378903078433
2009-03-20,0.003831004689034856,0.003831004689034856,0.0,0.0038312755961784715
2009-03-23,-0.012308643622791826,-0.012308643622791826,0.0,-0.012308394216065409
2009-03-24,0.005699239990329064,0.005699239990329064,0.0,0.005699584877509685
2009-03-25,-0.0026986842936406186,-0.0026986842936406186,0.0,-0.0026984167481245006
2009-03-26,-0.004525360823617319,-0.004525360823617319,0.0,-0.004525132924849204
2009-03-27,0.005936062277806409,0.005936062277806409,0.0,0.0059362841391902834
2009-03-30,0.009095695327737463,0.009095695327737463,0.0,0.009095958557430138
2009-03-31,-0.0032225462733241894,-0.0032225462733241894,0.0,-0.0032223170543827875
2009-04-01,-0.0013291124950672861,-0.001241119867269047,0.17598525559643172,-0.0013301754876282703
2009-04-02,-0.0074106940282382405,-0.0074106940282382405,0.0,-0.007411740275290031
2009-04-03,-0.0029805691433264503,-0.0029805691433264503,0.0,-0.0029815130730851255
2009-04-06,0.0018830604105313231,0.0018830604105313231,0.0,0.0018821824683520672
2009-04-07,0.004001380737347571,0.004001380737347571,0.0,0.004000489528444624
2009-04-08,-0.0014107824155261683,-0.0014107824155261683,0.0,-0.0014116097742525304
2009-04-09,-0.005966667749234933,-0.005966667749234933,0.0,-0.005967486185579645
2009-04-13,-0.00037373719739308697,-0.00037373719739308697,0.0,-0.00037451767151220266
2009-04-14,0.0030426190307155654,0.0030426190307155654,0.0,0.0030418841628652815
2009-04-15,-0.0014105289164898505,-0.0014105289164898505,0.0,-0.0014111934183006329
2009-04-16,-0.0017064741397834204,-0.0017064741397834204,0.0,-0.001707043568009683
2009-04-17,0.00015310152918535103,0.00015310152918535103,0.0,0.00015249674715482988
2009-04-20,0.0077717993753674275,0.0077717993753674275,0.0,0.007771193835481938
2009-04-21,-0.0033488790320879147,-0.0033488790320879147,0.0,-0.003349568725375077
2009-04-22,0.00019179664562885002,0.00019179664562885002,0.0,0.00019116943632960557
2009-04-23,-0.00273818042563867,-0.00273818042563867,0.0,-0.0027386291073231454
2009-04-24,-0.00312343856991526,-0.00312343856991526,0.0,-0.003123877587914889
2009-04-27,0.003748011128196449,0.003748011128196449,0.0,0.003747454780054436
2009-04-28,-0.0002470848053558461,-0.0002470848053558461,0.0,-0.0002476583388659231
2009-04-29,-0.0047070299121679815,-0.0047070299121679815,0.0,-0.004707514250881383
2009-04-30,-0.00037345846231040536,-0.00037345846231040536,0.0,-0.00037405153484416654
2009-05-01,-0.0024624147555880604,-0.00243619704334741,0.05243542448121738,-0.002462970145698644
2009-05-04,-0.004811173517651257,-0.004811173517651257,0.0,-0.004811869606890521
2009-05-05,0.0005242498065092249,0.0005242498065092249,0.0,0.0005235868021619697
2009-05-06,-0.002991611273491346,-0.002991611273491346,0.0,-0.0029922778810468316
2009-05-07,0.0012429556513433582,0.0012429556513433582,0.0,0.0012423436662264344
2009-05-08,-0.005300224907520468,-0.005300224907520468,0.0,-0.0053008450001444125
2009-05-11,0.003151207177279458,0.003151207177279458,0.0,0.0031505893223081776
2009-05-12,-0.0005410676956265625,-0.0005410676956265625,0.0,-0.0005417072941919866
2009-05-13,0.005228033904646878,0.005228033904646878,0.0,0.0052274649744763505
2009-05-14,-0.0015864737646191784,-0.0015864737646191784,0.0,-0.0015870394646760706
2009-05-15,0.0028119367459378264,0.0028119367459378264,0.0,0.0028113454539605495
2009-05-18,-0.00647878040403338,-0.00647878040403338,0.0,-0.00647946054836025
2009-05-19,-0.001235643754945337,-0.001235643754945337,0.0,-0.001236245725232788
2009-05-20,-0.0009813642392392241,-0.0009813642392392241,0.0,-0.0009819581173215978
2009-05-21,0.001046874323079594,0.001046874323079594,0.0,0.001046254242420257
2009-05-22,-0.002065020533554507,-0.002065020533554507,0.0,-0.0020656148339056267
2009-05-26,-0.003237002520662613,-0.003237002520662613,0.0,-0.0032375832701266325
2009-05-27,0.0004562637626679411,0.0004562637626679411,0.0,0.0004557354036854418
2009-05-28,-0.0022800234393105523,-0.0022800234393105523,0.0,-0.0022804921404171574
2009-05-29,-0.0029303522960300032,-0.0029303522960300032,0.0,-0.002930778054338205
2009-06-01,-0.007598253894295803,-0.007426926569275127,0.3426546500411764,-0.00759957848401402
2009-06-02,-0.0002859107576383968,-0.0002859107576383968,0.0,-0.0002873319418169943
2009-06-03,0.007798753169862893,0.007798753169862893,0.0,0.007797333168083609
2009-06-04,-0.006176490731015782,-0.006176490731015782,0.0,-0.006177942735377944
2009-06-05,-0.00043426571496296695,-0.00043426571496296695,0.0,-0.0004362016810086298
2009-06-08,0.0006009651203244815,0.0006009651203244815,0.0,0.0005990315888380139
2009-06-09,-0.0017742099219140162,-0.0017742099219140162,0.0,-0.0017761468204782298
2009-06-10,-0.00021702321181549244,-0.00021702321181549244,0.0,-0.00021884873428206972
2009-06-11,-0.0023613337863137573,-0.0023613337863137573,0.0,-0.002363259508335402
2009-06-12,0.003223344662806049,0.003223344662806049,0.0,0.003221532883028117
2009-06-15,0.00871628337735042,0.00871628337735042,0.0,0.008714556074910272
2009-06-16,0.0020573376208401495,0.0020573376208401495,0.0,0.0020555669517293685
2009-06-17,-0.0012010597039536774,-0.0012010597039536774,0.0,-0.0012028405880495125
2009-06-18,-0.0015695612454370567,-0.0015695612454370567,0.0,-0.0015714405655987134
2009-06-19,0.0010372930665210056,0.0010372930665210056,0.0,0.0010354220207902344
2009-06-22,0.007390018139352694,0.007390018139352694,0.0,0.007387933129932997
2009-06-23,-0.002429650525092808,-0.002429650525092808,0.0,-0.002431778459972757
2009-06-24,-0.00046622987585720477,-0.00046622987585720477,0.0,-0.00046823797417665084
2009-06-25,-0.0014862039832661544,-0.0014862039832661544,0.0,-0.0014881039478071996
2009-06-26,3.322149345086345e-05,3.322149345086345e-05,0.0,3.1224212463468495e-05
2009-06-29,-0.0012587495166146434,-0.0012587495166146434,0.0,-0.0012608521114653118
2009-06-30,0.0024485595771095436,0.0024485595771095436,0.0,0.0024465690970573574
2009-07-01,-0.002451220121183928,-0.0022741238563910304,0.3541925295855812,-0.0024516433162547193
2009-07-02,0.007385449075230532,0.007385449075230532,0.0,0.007385016743426915
2009-07-06,0.002643613242174103,0.002643613242174103,0.0,0.00264307831454468
2009-07-07,0.005321629722101262,0.005321629722101262,0.0,0.005321076325433992
2009-07-08,0.003031210329988099,0.003031210329988099,0.0,0.003030651024238441
2009-07-09,-0.002041715262027899,-0.002041715262027899,0.0,-0.0020423266414631436
2009-07-10,0.0024646644979544607,0.0024646644979544607,0.0,0.002464098724917227
2009-07-13,-0.003511210677297205,-0.003511210677297205,0.0,-0.003511792620785398
2009-07-14,-0.00147834286300208,-0.00147834286300208,0.0,-0.0014789016885683012
2009-07-15,-0.008899978381359919,-0.008899978381359919,0.0,-0.00890052745905936
2009-07-16,0.0006894865788342752,0.0006894865788342752,0.0,0.0006889694978199555
2009-07-17,-0.0020422619523331464,-0.0020422619523331464,0.0,-0.0020427289330883975
2009-07-20,-0.004599639503491071,-0.004599639503491071,0.0,-0.004600147061718778
2009-07-21,0.0023575180439354693,0.0023575180439354693,0.0,0.00235704298040845
2009-07-22,-0.0009204256946522271,-0.0009204256946522271,0.0,-0.0009209173739740063
2009-07-23,-0.005976679994488698,-0.005976679994488698,0.0,-0.005977165180670767
2009-07-24,0.00014188667679371214,0.00014188667679371214,0.0,0.00014146721028076198
2009-07-27,-0.002072203805904893,-0.002072203805904893,0.0,-0.0020726475829274597
2009-07-28,0.0021078101720508613,0.0021078101720508613,0.0,0.002107381129724006
2009-07-29,0.0038340273355792487,0.0038340273355792487,0.0,0.0038335833368977794
2009-07-30,-0.004223251883660795,-0.004223251883660795,0.0,-0.004223698188754219
2009-07-31,-0.0016747654534577938,-0.0016747654534577938,0.0,-0.0016751833573798612
2009-08-03,-0.007956280800948345,-0.00785698257009404,0.19859646170872236,-0.00795769448865977
2009-08-04,-0.0011790640229294436,-0.0011790640229294436,0.0,-0.0011803971897152766
2009-08-05,-0.0003911245104558647,-0.0003911245104558647,0.0,-0.0003924508191586945
2009-08-06,0.0016215327049426964,0.0016215327049426964,0.0,0.0016202822295034607
2009-08-07,-0.002090674095254874,-0.002090674095254874,0.0,-0.0020920075482117723
2009-08-10,0.0019774723262431237,0.0019774723262431237,0.0,0.001976077639750449
2009-08-11,0.003295753246284727,0.003295753246284727,0.0,0.003294420475060182
2009-08-12,-0.0033591862389864557,-0.0033591862389864557,0.0,-0.0033604629927558396
2009-08-13,-0.0005030300969852686,-0.0005030300969852686,0.0,-0.0005042884165072657
2009-08-14,0.00376425043025419,0.00376425043025419,0.0,0.0037629210162736593
2009-08-17,0.0061585857440473735,0.0061585857440473735,0.0,0.006157234528876059
2009-08-18,-0.00313221850874279,-0.00313221850874279,0.0,-0.0031336051739159093
2009-08-19,-0.0006542260934705446,-0.0006542260934705446,0.0,-0.0006555186401828418
2009-08-20,-0.0014970834928506038,-0.0014970834928506038,0.0,-0.0014983724694150075
2009-08-21,-0.003843448490509882,-0.003843448490509882,0.0,-0.003844729285158042
2009-08-24,0.0007489483814451248,0.0007489483814451248,0.0,0.0007476886731987379
2009-08-25,0.0006522619432574039,0.0006522619432574039,0.0,0.0006509981291130175
2009-08-26,0.0012130916345645115,0.0012130916345645115,0.0,0.0012119733513391345
2009-08-27,-0.0014348728326065707,-0.0014348728326065707,0.0,-0.001435996972930264
2009-08-28,0.0012172661167415555,0.0012172661167415555,0.0,0.0012161489142841254
2009-08-31,0.0030143883492856904,0.0030143883492856904,0.0,0.0030132652682850615
2009-09-01,0.005098847800988571,0.00526957557999741,0.3414555580179557,0.005098514121706294
2009-09-02,0.002721301666884779,0.002721301666884779,0.0,0.0027209435902597855
2009-09-03,-0.0011625860845213554,-0.0011625860845213554,0.0,-0.0011629848511081646
2009-09-04,-0.00279005372809793,-0.00279005372809793,0.0,-0.0027904198771137884
2009-09-08,-0.004108714570636884,-0.004108714570636884,0.0,-0.004109066200420242
2009-09-09,-0.001485009457794062,-0.001485009457794062,0.0,-0.0014853396179190764
2009-09-10,-0.001278264953459285,-0.001278264953459285,0.0,-0.001278587342282207
2009-09-11,0.0022453736078180686,0.0022453736078180686,0.0,0.0022450579169305124
2009-09-14,-0.0022335058209691505,-0.0022335058209691505,0.0,-0.002233833250951886
2009-09-15,-0.0014341102344622714,-0.0014341102344622714,0.0,-0.001434403409343062
2009-09-16,-0.003893035844768189,-0.003893035844768189,0.0,-0.0038932559887043016
2009-09-17,0.0015398527495043002,0.0015398527495043002,0.0,0.0015396472541222388
2009-09-18,-0.0010456582000590853,-0.0010456582000590853,0.0,-0.0010458272245133908
2009-09-21,0.0015917492037955672,0.0015917492037955672,0.0,0.0015915211210553416
2009-09-22,-0.0015504170357557578,-0.0015504170357557578,0.0,-0.0015506516930919592
2009-09-23,0.0029215584447768173,0.0029215584447768173,0.0,0.0029213302012613914
2009-09-24,0.002452986474871688,0.002452986474871688,0.0,0.002452768025493489
2009-09-25,0.0013218789065645442,0.0013218789065645442,0.0,0.0013216512814742999
2009-09-28,-0.0030258096293056536,-0.0030258096293056536,0.0,-0.0030260654488488024
2009-09-29,0.0008598658448530916,0.0008598658448530916,0.0,0.0008595782517992915
2009-09-30,7.9847729937077e-05,7.9847729937077e-05,0.0,7.953350749734917e-05
2009-10-01,-0.0020210652891471392,-0.0016699529814467873,0.7022246154007125,-0.0020238477584902494
2009-10-02,0.0011707652122294743,0.0011707652122294743,0.0,0.0011679898104318437
2009-10-05,0.0028871164325277032,0.0028871164325277032,0.0,0.002884894995156235
2009-10-06,0.0017942289843468906,0.0017942289843468906,0.0,0.0017920048029969546
2009-10-07,0.0027257321848110916,0.0027257321848110916,0.0,0.0027232280657946747
2009-10-08,0.0008494239133736148,0.0008494239133736148,0.0,0.0008477525665014298
2009-10-09,-0.0042095398081236635,-0.0042095398081236635,0.0,-0.004211490415426261
2009-10-12,0.0008646612850740087,0.0008646612850740087,0.0,0.0008627141744980642
2009-10-13,0.0018999931998080477,0.0018999931998080477,0.0,0.0018980453716068357
2009-10-14,0.000633626808268728,0.000633626808268728,0.0,0.0006316774061593791
2009-10-15,-0.002361088884451301,-0.002361088884451301,0.0,-0.0023630388111093126
2009-10-16,0.0009792486510706855,0.0009792486510706855,0.0,0.0009773006836687284
2009-10-19,0.002703085075554501,0.002703085075554501,0.0,0.00270085789932856
2009-10-20,-0.0004365413755872405,-0.0004365413755872405,0.0,-0.0004387711058849533
2009-10-21,-0.00063102518247804,-0.00063102518247804,0.0,-0.0006329758354143226
2009-10-22,-0.00035087343839734775,-0.00035087343839734775,0.0,-0.00035254497897173245
2009-10-23,-0.0013872334287553523,-0.0013872334287553523,0.0,-0.001389183268924152
2009-10-26,-0.0033638525161326926,-0.0033638525161326926,0.0,-0.0033660795904533343
2009-10-27,0.000940575630860474,0.000940575630860474,0.0,0.0009383517546451063
2009-10-28,-0.0030157438017407445,-0.0030157438017407445,0.0,-0.003017690475145711
2009-10-29,0.00302650697374518,0.00302650697374518,0.0,0.00302484055138039
2009-10-30,5.583005485143566e-05,5.583005485143566e-05,0.0,5.44395728766835e-05
2009-11-02,0.0010105404982068134,0.0012050286978264602,0.3889763992392795,0.0010086480210480873
2009-11-03,0.0006525260778080799,0.0006525260778080799,0.0,0.0006506371238604857
2009-11-04,0.0015135410259135007,0.0015135410259135007,0.0,0.0015119666302634584
2009-11-05,0.002724127147834432,0.002724127147834432,0.0,0.0027228671359480084
2009-11-06,0.0016305018361113532,0.0016305018361113532,0.0,0.0016286104845468425
2009-11-09,0.006321059267998308,0.006321059267998308,0.0,0.00631885176134493
2009-11-10,-0.0008909478502492352,-0.0008909478502492352,0.0,-0.0008931589389776806
2009-11-11,0.0023070750141831464,0.0023070750141831464,0.0,0.0023048644307953232
2009-11-12,-0.004846507497244468,-0.004846507497244468,0.0,-0.004848719386180299
2009-11-13,0.0048492381346263436,0.0048492381346263436,0.0,0.004847344592059521
2009-11-16,0.006338592215298311,0.006338592215298311,0.0,0.006336380338116932
2009-11-17,-0.0004285920291208223,-0.0004285920291208223,0.0,-0.0004304909790646143
2009-11-18,-0.000921017190320006,-0.000921017190320006,0.0,-0.0009222830191685473
2009-11-19,-0.00253078436555354,-0.00253078436555354,0.0,-0.0025314171318003773
2009-11-20,-0.0009057962288973043,-0.0009057962288973043,0.0,-0.0009064285869469869
2009-11-23,0.0038297980854797853,0.0038297980854797853,0.0,0.003828217555932615
2009-11-24,0.0006659794255370333,0.0006659794255370333,0.0,0.0006643973561902931
2009-11-25,0.00455805603979087,0.00455805603979087,0.0,0.004556473702860221
2009-11-27,-0.005048477613597502,-0.005048477613597502,0.0,-0.005049428109599041
2009-11-30,0.0029847631030446298,0.0029847631030446298,0.0,0.002982864546405656
2009-12-01,0.002743054785780963,0.0031715460656669414,0.856982559772015,0.002739445636683754
2009-12-02,-0.00042152188422972525,-0.00042152188422972525,0.0,-0.00042452038741745864
2009-12-03,-0.0031756432285934277,-0.0031756432285934277,0.0,-0.0031792419457332033
2009-12-04,-0.009727591729096208,-0.009727591729096208,0.0,-0.009731194325742322
2009-12-07,0.0013918753355932623,0.0013918753355932623,0.0,0.0013894656042348133
2009-12-08,-0.0011581688972357451,-0.0011581688972357451,0.0,-0.001159975338408116
2009-12-09,-0.0011707515429608684,-0.0011707515429608684,0.0,-0.0011725586983519088
2009-12-10,-0.0007993461322496342,-0.0007993461322496342,0.0,-0.0008005513843932435
2009-12-11,-0.003377723196196447,-0.003377723196196447,0.0,-0.003379531568324589
2009-12-14,0.0038672961325567634,0.0038672961325567634,0.0,0.0038648821775126847
2009-12-15,-0.004742264892476533,-0.004742264892476533,0.0,-0.004745278355534215
2009-12-16,0.003262554494547043,0.003262554494547043,0.0,0.0032601398003861437
2009-12-17,-0.003970234186380761,-0.003970234186380761,0.0,-0.003972646189906644
2009-12-18,-0.00034989874597468607,-0.00034989874597468607,0.0,-0.00035291785952107195
2009-12-21,-0.004877321438091942,-0.004877321438091942,0.0,-0.004882152599393771
2009-12-22,-0.0023681386569388563,-0.0023681386569388563,0.0,-0.002372977937406936
2009-12-23,0.00253807291759256,0.00253807291759256,0.0,0.0025338350895815916
2009-12-24,0.0006491110732687044,0.0006491110732687044,0.0,0.0006460866934982944
2009-12-28,-0.0009375063309431386,-0.0009375063309431386,0.0,-0.0009441584818745616
2009-12-29,-0.00047927308467410334,-0.00047927308467410334,0.0,-0.00048532244566276754
2009-12-30,-0.0008478149029195192,-0.0008478149029195192,0.0,-0.0008508400823622745
2009-12-31,-0.003350264861143981,-0.003350264861143981,0.0,-0.0033538961365177544
2010-01-04,0.009126369703286175,0.009784379066607007,1.3160187266413905,0.009124503264819485
2010-01-05,0.0008291606606738444,0.0008291606606738444,0.0,0.0008275364684160477
2010-01-06,0.004450434529690961,0.004450434529690961,0.0,0.0044490415457140295
2010-01-07,-0.0009390700119865647,-0.0009390700119865647,0.0,-0.0009402344798067868
2010-01-08,0.003103208045168282,0.003103208045168282,0.0,0.003102044347788899
2010-01-11,0.0012218166803950048,0.0012218166803950048,0.0,0.001220883692021469
2010-01-12,-0.007245922286416739,-0.007245922286416739,0.0,-0.007247089519977669
2010-01-13,0.003627060947053229,0.003627060947053229,0.0,0.0036256674215988864
2010-01-14,-0.0007144596048346274,-0.0007144596048346274,0.0,-0.0007156238498085998
2010-01-15,-0.005849946134583894,-0.005849946134583894,0.0,-0.005851342525122997
2010-01-19,0.003922637965732445,0.003922637965732445,0.0,0.003921247368718896
2010-01-20,-0.009955789021414474,-0.009955789021414474,0.0,-0.009956951076947782
2010-01-21,-0.00809355638019571,-0.00809355638019571,0.0,-0.008094940926830288
2010-01-22,-0.0058245814143694785,-0.0058245814143694785,0.0,-0.005825957830735182
2010-01-25,0.002257669908049653,0.002257669908049653,0.0,0.0022562993769650536
2010-01-26,-0.0043176307389350965,-0.0043176307389350965,0.0,-0.0043192323472694884
2010-01-27,-0.0014391978148216023,-0.0014391978148216023,0.0,-0.0014410223954477684
2010-01-28,-0.0035327088142689256,-0.0035327088142689256,0.0,-0.003534531449145271
2010-01-29,-0.004853955666619725,-0.004853955666619725,0.0,-0.004855773508453322
2010-02-01,0.007214061023544049,0.007568574308618015,0.7090265701480394,0.0072099284227154945
2010-02-02,0.004808312984867502,0.004808312984867502,0.0,0.004804194911770368
2010-02-03,-0.002348545910514477,-0.002348545910514477,0.0,-0.0023526632666815723
2010-02-04,-0.014158436297902477,-0.014158436297902477,0.0,-0.014162142234350786
2010-02-05,-0.001241415732801121,-0.001241415732801121,0.0,-0.0012455355863793304
2010-02-08,-0.0029963589253155787,-0.0029963589253155787,0.0,-0.003001302975727906
2010-02-09,0.0061780885075846115,0.0061780885075846115,0.0,0.00617314390975829
2010-02-10,-0.0019250946688806891,-0.0019250946688806891,0.0,-0.0019296261886048807
2010-02-11,0.0049163838521484315,0.0049163838521484315,0.0,0.004911852011392776
2010-02-12,-0.001276999400886658,-0.001276999400886658,0.0,-0.0012811185144354664
2010-02-16,0.008996843120747888,0.008996843120747888,0.0,0.00899272381430516
2010-02-17,5.8275548559416634e-05,5.8275548559416634e-05,0.0,5.4157588994456855e-05
2010-02-18,0.0032172654664524014,0.0032172654664524014,0.0,0.003213147515611109
2010-02-19,-0.00033286109934183017,-0.00033286109934183017,0.0,-0.00033739031719017784
2010-02-22,-0.00020191482017162254,-0.00020191482017162254,0.0,-0.00020644409267347823
2010-02-23,-0.006302594510203763,-0.006302594510203763,0.0,-0.006307535570925485
2010-02-24,0.003156670273575468,0.003156670273575468,0.0,0.0031517280765446815
2010-02-25,-0.001415353577184808,-0.001415353577184808,0.0,-0.0014207070093580985
2010-02-26,0.00394755547839476,0.00394755547839476,0.0,0.003942201770258691
2010-03-01,0.001720825971229134,0.002041220669714905,0.6407893969712285,0.0017163061815797156
2010-03-02,0.003313828947987707,0.003313828947987707,0.0,0.003308966678033094
2010-03-03,0.002242785129975111,0.002242785129975111,0.0,0.0022379205701787484
2010-03-04,-0.0018760180209225208,-0.0018760180209225208,0.0,-0.0018808841270059075
2010-03-05,0.003957031127499899,0.003957031127499899,0.0,0.003951818830821992
2010-03-08,3.348522462287562e-05,3.348522462287562e-05,0.0,2.7922330039641e-05
2010-03-09,0.0005397860761895412,0.0005397860761895412,0.0,0.0005342231552773622
2010-03-10,0.0005577521563739918,0.0005577521563739918,0.0,0.0005525365203341784
2010-03-11,0.0005166153583575639,0.0005166153583575639,0.0,0.0005110515751769637
2010-03-12,0.0010420618351849598,0.0010420618351849598,0.0,0.0010368454082479996
2010-03-15,-0.0019882657949765736,-0.0019882657949765736,0.0,-0.0019941786137645527
2010-03-16,0.005309218153746631,0.005309218153746631,0.0,0.005303654710133705
2010-03-17,0.0021309057420701993,0.0021309057420701993,0.0,0.00212568612328886
2010-03-18,-0.0022741916406975315,-0.0022741916406975315,0.0,-0.0022797608960663162
2010-03-19,-0.004673086853282715,-0.004673086853282715,0.0,-0.00467865433085044
2010-03-22,0.002519299800400221,0.002519299800400221,0.0,0.0025140837310284464
2010-03-23,0.0005217550151894734,0.0005217550151894734,0.0,0.0005168849568029361
2010-03-24,-0.007109725258330868,-0.007109725258330868,0.0,-0.007114595674192477
2010-03-25,-0.002094029295105493,-0.002094029295105493,0.0,-0.002098894804931549
2010-03-26,0.00297699794155748,0.00297699794155748,0.0,0.0029721338797395677
2010-03-29,0.00443814881877147,0.00443814881877147,0.0,0.0044329351248966545
2010-03-30,0.00015090965032804604,0.00015090965032804604,0.0,0.00014534489534965154
2010-03-31,-6.759077123918988e-05,-6.759077123918988e-05,0.0,-7.315564458100427e-05
2010-04-01,0.0036684653826390967,0.003908467599523124,0.4800044337679258,0.003662525653825564
2010-04-05,0.0012369412475072838,0.0012369412475072838,0.0,0.0012302771545180322
2010-04-06,0.0025858826122659995,0.0025858826122659995,0.0,0.0025795881880530543
2010-04-07,-0.0010931521539746525,-0.0010931521539746525,0.0,-0.0010994477429796495
2010-04-08,0.0005960395181385802,0.0005960395181385802,0.0,0.0005897444220748957
2010-04-09,0.003925483586995071,0.003925483586995071,0.0,0.003919558537885362
2010-04-12,-0.0001985030539861654,-0.0001985030539861654,0.0,-0.00020442976160769567
2010-04-13,0.0014790594133351487,0.0014790594133351487,0.0,0.0014731327895975573
2010-04-14,0.0047162770738813364,0.0047162770738813364,0.0,0.004710349826042039
2010-04-15,-0.0007105394698698753,-0.0007105394698698753,0.0,-0.0007164686984407402
2010-04-16,-0.0068637534013934465,-0.0068637534013934465,0.0,-0.00686968233134134
2010-04-19,-0.0017699217849412863,-0.0017699217849412863,0.0,-0.0017758478102790733
2010-04-20,0.002724235204518033,0.002724235204518033,0.0,0.002718309929505554
2010-04-21,0.0007661585781280067,0.0007661585781280067,0.0,0.0007606025530372162
2010-04-22,-0.0005539790871139649,-0.0005539790871139649,0.0,-0.0005599058375456999
2010-04-23,0.0037285943685738676,0.0037285943685738676,0.0,0.003722667852303597
2010-04-26,-0.0002695658181054439,-0.0002695658181054439,0.0,-0.00027549390456097883
2010-04-27,-0.009068790811473382,-0.009068790811473382,0.0,-0.00907471878437878
2010-04-28,0.0009737962334139816,0.0009737962334139816,0.0,0.0009678721155471072
2010-04-29,0.0077550762207065915,0.0077550762207065915,0.0,0.0077487814060795066
2010-04-30,-0.003858106602764644,-0.003858106602764644,0.0,-0.003864034402220945
2010-05-03,0.0016087504488782045,0.0017901399715365418,0.36277904531671157,0.0016026495501072458
2010-05-04,-0.010845689526520208,-0.010845689526520208,0.0,-0.010851431644524952
2010-05-05,-0.005023412721320675,-0.005023412721320675,0.0,-0.0050287897164946116
2010-05-06,-0.007818968331048448,-0.007818968331048448,0.0,-0.007822909330514308
2010-05-07,-0.0017007428276493153,-0.0017007428276493153,0.0,-0.0017053964228382727
2010-05-10,0.01192446340324027,0.01192446340324027,0.0,0.011918736960630208
2010-05-11,-0.00037669952227092907,-0.00037669952227092907,0.0,-0.0003824333034953686
2010-05-12,0.003599171927701539,0.003599171927701539,0.0,0.003593438378394813
2010-05-13,-0.0031687177644512676,-0.0031687177644512676,0.0,-0.003174453521666894
2010-05-14,-0.005506186060278306,-0.005506186060278306,0.0,-0.005511919867467682
2010-05-17,-0.0018951231812016633,-0.0018951231812016633,0.0,-0.0019008535811277387
2010-05-18,-0.004257555518408895,-0.004257555518408895,0.0,-0.004263642819955479
2010-05-19,-0.0022629807261453916,-0.0022629807261453916,0.0,-0.0022690652111198675
2010-05-20,-0.008863300956300502,-0.008863300956300502,0.0,-0.008869383940811866
2010-05-21,0.004705579053377873,0.004705579053377873,0.0,0.00469950199820723
2010-05-24,-0.002865361217361251,-0.002865361217361251,0.0,-0.002871441405710634
2010-05-25,-0.001682678910351676,-0.001682678910351676,0.0,-0.0016887571853367335
2010-05-26,-0.001786896248260006,-0.001786896248260006,0.0,-0.0017929733977309658
2010-05-27,0.010538808975230074,0.010538808975230074,0.0,0.010532733023121904
2010-05-28,-0.0015842921443630642,-0.0015842921443630642,0.0,-0.0015900172646475144
2010-06-01,-0.004226506449303669,-0.003971638036434966,0.5097368257371949,-0.004231267668692074
2010-06-02,0.0019461007790313456,0.0019461007790313456,0.0,0.0019413311142599929
2010-06-03,-0.001197813975852391,-0.001197813975852391,0.0,-0.0012019901170067652
2010-06-04,0.0011227910624440618,0.0011227910624440618,0.0,0.0011186165755530356
2010-06-07,9.757443806490684e-05,9.757443806490684e-05,0.0,9.399497880478593e-05
2010-06-08,0.00019873592478902857,0.00019873592478902857,0.0,0.00019515635016370897
2010-06-09,-0.0007981788348216945,-0.0007981788348216945,0.0,-0.0008011620094467818
2010-06-10,6.059537186797748e-05,6.059537186797748e-05,0.0,5.761298414045754e-05
2010-06-11,0.0029978239464261147,0.0029978239464261147,0.0,0.0029954379884558494
2010-06-14,-0.0012165070680821843,-0.0012165070680821843,0.0,-0.0012185968438151716
2010-06-15,0.002084753287760366,0.002084753287760366,0.0,0.0020820675106477844
2010-06-16,0.0006063140093721664,0.0006063140093721664,0.0,0.0006033277653319833
2010-06-17,0.002152550168443179,0.002152550168443179,0.0,0.0021498620132659814
2010-06-18,0.0004882560579690942,0.0004882560579690942,0.0,0.00048496821616684404
2010-06-21,0.00025896351977894305,0.00025896351977894305,0.0,0.0002553762097643963
2010-06-22,-0.00029443001322448925,-0.00029443001322448925,0.0,-0.0002983165951802245
2010-06-23,0.0013662873502198192,0.0013662873502198192,0.0,0.00136240114293301
2010-06-24,-0.003262670198603712,-0.003262670198603712,0.0,-0.0032665581421501945
2010-06-25,0.001818092081237177,0.001818092081237177,0.0,0.0018142082974201283
2010-06-28,0.0010271382601052537,0.0010271382601052537,0.0,0.0010220564401926036
2010-06-29,-0.002486794108167878,-0.002486794108167878,0.0,-0.0024912795736393486
2010-06-30,-0.0012209068454822614,-0.0012209068454822614,0.0,-0.001226285015634816
2010-07-01,-0.002467882515733044,-0.0023775112762568495,0.1807424789523011,-0.002473215836524222
2010-07-02,-0.0010928603128904646,-0.0010928603128904646,0.0,-0.0010981938068474956
2010-07-06,0.0008777661696452999,0.0008777661696452999,0.0,0.0008724342210836602
2010-07-07,0.0008027201300870868,0.0008027201300870868,0.0,0.0007977006583624167
2010-07-08,-0.0008008018929529515,-0.0008008018929529515,0.0,-0.0008055086475841522
2010-07-09,0.0012589963026969908,0.0012589963026969908,0.0,0.0012539768292763563
2010-07-12,0.000328542214044214,0.000328542214044214,0.0,0.00032352106859981063
2010-07-13,-3.980743526588171e-05,-3.980743526588171e-05,0.0,-4.4515168039478237e-05
2010-07-14,0.001074219279158184,0.001074219279158184,0.0,0.0010695115959328115
2010-07-15,-0.0005817983814976335,-0.0005817983814976335,0.0,-0.0005865074003665269
2010-07-16,-0.00190662291816035,-0.00190662291816035,0.0,-0.0019113312132220859
2010-07-19,2.800777253630926e-05,2.800777253630926e-05,0.0,2.267439820467719e-05
2010-07-20,0.002703755999600377,0.002703755999600377,0.0,0.0026987363159336366
2010-07-21,0.0020049579459056055,0.0020049579459056055,0.0,0.0019999346772269335
2010-07-22,0.0009175952989304292,0.0009175952989304292,0.0,0.0009125693771219026
2010-07-23,-0.00027545683256435805,-0.00027545683256435805,0.0,-0.0002804839674993991
2010-07-26,0.0009263305897520002,0.0009263305897520002,0.0,0.0009213038190909051
2010-07-27,-0.0019950966064878894,-0.0019950966064878894,0.0,-0.0019998103513691485
2010-07-28,0.00028112278672676183,0.00028112278672676183,0.0,0.00027641151798426107
2010-07-29,-0.0007520388382012966,-0.0007520388382012966,0.0,-0.0007567504557506628
2010-07-30,0.0021999172150839463,0.0021999172150839463,0.0,0.0021952065313391054
2010-08-02,-0.0006628462721929296,-0.0004971683802051929,0.33135578397535903,-0.0006694420389058955
2010-08-03,0.000296716518724649,0.000296716518724649,0.0,0.00029012112849751483
2010-08-04,0.0010763259670039105,0.0010763259670039105,0.0,0.0010697306498019317
2010-08-05,0.0004281590671595392,0.0004281590671595392,0.0,0.00042197620535521006
2010-08-06,-0.00012899682407185864,-0.00012899682407185864,0.0,-0.00013517958723595496
2010-08-09,0.001059326971152963,0.001059326971152963,0.0,0.0010531441782664589
2010-08-10,0.0003551126720062747,0.0003551126720062747,0.0,0.0003489301229430584
2010-08-11,-0.0019261829385446294,-0.0019261829385446294,0.0,-0.0019323654059012479
2010-08-12,-1.2934709136214195e-05,-1.2934709136214195e-05,0.0,-1.952981463001087e-05
2010-08-13,0.0019294345115183908,0.0019294345115183908,0.0,0.0019232515971360736
2010-08-16,0.004089097280451481,0.004089097280451481,0.0,0.00408250264531578
2010-08-17,0.000695818327025588,0.000695818327025588,0.0,0.0006888125891575032
2010-08-18,0.0004811246576541528,0.0004811246576541528,0.0,0.0004745311919737216
2010-08-19,-0.0005920936447793013,-0.0005920936447793013,0.0,-0.0005986869929970595
2010-08-20,0.00016041835788516146,0.00016041835788516146,0.0,0.00015423695833055413
2010-08-23,0.000574990309663681,0.000574990309663681,0.0,0.0005683968559871883
2010-08-24,-0.0003325825136983873,-0.0003325825136983873,0.0,-0.00033917582701573876
2010-08-25,-7.45098165640945e-05,-7.45098165640945e-05,0.0,-8.110321109416496e-05
2010-08-26,0.0002573943603745299,0.0002573943603745299,0.0,0.0002508009476486871
2010-08-27,-0.0011800772876381371,-0.0011800772876381371,0.0,-0.0011862585531550187
2010-08-30,0.002161056527242522,0.002161056527242522,0.0,0.0021552870937008787
2010-08-31,0.002543504565599708,0.002543504565599708,0.0,0.002537735593263791
2010-09-01,-0.0005845121333059033,-0.000347179731273517,0.47466480406457545,-0.0005900901646057152
2010-09-02,0.00030190552283371197,0.00030190552283371197,0.0,0.00029589586447518416
2010-09-03,-0.0017399128687962673,-0.0017399128687962673,0.0,-0.0017459223901000285
2010-09-07,0.00412176204184056,0.00412176204184056,0.0,0.004115751729299267
2010-09-08,-0.0008687219204324137,-0.0008687219204324137,0.0,-0.0008747303662677423
2010-09-09,-0.0030989828238408013,-0.0030989828238408013,0.0,-0.003104991663453927
2010-09-10,-0.00034103006542096637,-0.00034103006542096637,0.0,-0.00034704031412033474
2010-09-13,0.0030317497907874635,0.0030317497907874635,0.0,0.003025310072412856
2010-09-14,0.002398537158356584,0.002398537158356584,0.0,0.0023920989130012784
2010-09-15,-0.001353552082380527,-0.001353552082380527,0.0,-0.0013599891651604886
2010-09-16,-0.0005901008716708844,-0.0005901008716708844,0.0,-0.0005969677940584653
2010-09-17,0.0014019691863311756,0.0014019691863311756,0.0,0.0013951019582585241
2010-09-20,0.0025112401093607684,0.0025112401093607684,0.0,0.0025039444500944237
2010-09-21,0.004035785553617055,0.004035785553617055,0.0,0.004028491271139936
2010-09-22,-0.000533908354570567,-0.000533908354570567,0.0,-0.0005407714875103454
2010-09-23,0.00011596855216189361,0.00011596855216189361,0.0,0.00010910514468583764
2010-09-24,-0.0007831377324978295,-0.0007831377324978295,0.0,-0.0007895721211089017
2010-09-27,0.001719010005160948,0.001719010005160948,0.0,0.0017121462543499546
2010-09-28,0.0025089533096935845,0.0025089533096935845,0.0,0.002502090441871802
2010-09-29,-0.0006697269665668637,-0.0006697269665668637,0.0,-0.0006765885488613228
2010-09-30,0.0006019957535257081,0.0006019957535257081,0.0,0.0005951338278492893
2010-10-01,-0.0009229068976366328,-0.0005730157996971519,0.6997821958789981,-0.0009321697115414986
2010-10-04,-0.0022352581261457782,-0.0022352581261457782,0.0,-0.00224279095703259
2010-10-05,0.012442793925845574,0.012442793925845574,0.0,0.012435835633996433
2010-10-06,0.0013702925675895816,0.0013702925675895816,0.0,0.001362783660849239
2010-10-07,-0.002717767834445328,-0.002717767834445328,0.0,-0.0027252735251630605
2010-10-08,0.009542596902170297,0.009542596902170297,0.0,0.009535662668391077
2010-10-11,0.0017180280714732543,0.0017180280714732543,0.0,0.0017111143714092182
2010-10-12,-0.0009098219330558877,-0.0009098219330558877,0.0,-0.0009173077767455552
2010-10-13,0.007807127995648866,0.007807127995648866,0.0,0.007799640032772184
2010-10-14,-0.0013982836525872067,-0.0013982836525872067,0.0,-0.0014063281808795148
2010-10-15,-0.0009711937642270518,-0.0009711937642270518,0.0,-0.0009792417776824961
2010-10-18,0.002937338526535882,0.002937338526535882,0.0,0.002928713058891351
2010-10-19,-0.0094038519607208,-0.0094038519607208,0.0,-0.009411895090341888
2010-10-20,0.006327128250264824,0.006327128250264824,0.0,0.00631906150579494
2010-10-21,-0.005160290136856038,-0.005160290136856038,0.0,-0.005167766024340782
2010-10-22,0.0018289421423554053,0.0018289421423554053,0.0,0.0018214542356438691
2010-10-25,0.005012677135635357,0.005012677135635357,0.0,0.005004617815340702
2010-10-26,-0.0002063900378378447,-0.0002063900378378447,0.0,-0.0002144368701663808
2010-10-27,-0.00523861602241682,-0.00523861602241682,0.0,-0.005246663369026206
2010-10-28,0.002972555224697082,0.002972555224697082,0.0,0.002965070503586326
2010-10-29,0.0038486122074290474,0.0038486122074290474,0.0,0.003841709597460488
2010-11-01,0.0009741145968749088,0.0012825283065767135,0.6168274194034471,0.0009681517749767771
2010-11-02,0.004194853882404814,0.004194853882404814,0.0,0.004188910639882799
2010-11-03,0.000263677498901993,0.000263677498901993,0.0,0.0002577375335474718
2010-11-04,0.010982105520196406,0.010982105520196406,0.0,0.010976165760781725
2010-11-05,-0.0014026475820958506,-0.0014026475820958506,0.0,-0.001408578857338896
2010-11-08,0.000987301626509396,0.000987301626509396,0.0,0.0009813692661358002
2010-11-09,-0.008083165586333707,-0.008083165586333707,0.0,-0.008089097183654297
2010-11-10,0.0016221533225644347,0.0016221533225644347,0.0,0.0016162154271218364
2010-11-11,-0.0033630707463508935,-0.0033630707463508935,0.0,-0.0033690073799148984
2010-11-12,-0.009065319822650908,-0.009065319822650908,0.0,-0.009071259081187066
2010-11-15,-0.005300562355649907,-0.005300562355649907,0.0,-0.005306966169964248
2010-11-16,-0.005929141830245843,-0.005929141830245843,0.0,-0.005936007902948448
2010-11-17,0.0016979718019316525,0.0016979718019316525,0.0,0.0016915583810037577
2010-11-18,0.008207088534621487,0.008207088534621487,0.0,0.00820021857022955
2010-11-19,0.00018281263520703028,0.00018281263520703028,0.0,0.00017640763986872333
2010-11-22,0.0018317157557583563,0.0018317157557583563,0.0,0.001824853427102965
2010-11-23,-0.004894059030318587,-0.004894059030318587,0.0,-0.004900919695255893
2010-11-24,0.0018552135288107952,0.0018552135288107952,0.0,0.001847890721349689
2010-11-26,-0.003563541380816826,-0.003563541380816826,0.0,-0.0035708623853847295
2010-11-29,0.0013737881528763651,0.0013737881528763651,0.0,0.0013655481128809763
2010-11-30,0.00030786483739619896,0.00030786483739619896,0.0,0.00030008399900566273
2010-12-01,0.0030625082992414843,0.0032050152220661765,0.285013845649477,0.0030555789456038476
2010-12-02,0.0023910621640932384,0.0023910621640932384,0.0,0.0023841500744334974
2010-12-03,0.002554702293060984,0.002554702293060984,0.0,0.00254865538945245
2010-12-06,0.0025427242298969865,0.0025427242298969865,0.0,0.0025362467460836114
2010-12-07,-0.005444946278573282,-0.005444946278573282,0.0,-0.005450990687114101
2010-12-08,-0.003989007495136976,-0.003989007495136976,0.0,-0.0039954865146637425
2010-12-09,0.0005937821181469793,0.0005937821181469793,0.0,0.0005877330646884966
2010-12-10,-0.00047138409920333135,-0.00047138409920333135,0.0,-0.00047700080547675213
2010-12-13,0.0025905952070190974,0.0025905952070190974,0.0,0.0025841141428753775
2010-12-14,-0.002159921388164121,-0.002159921388164121,0.0,-0.0021664010862426216
2010-12-15,-0.0038607791558237237,-0.0038607791558237237,0.0,-0.003866827939363998
2010-12-16,0.0024416864020169182,0.0024416864020169182,0.0,0.0024360678993637437
2010-12-17,0.0036984149397669697,0.0036984149397669697,0.0,0.0036936617697330694
2010-12-20,0.0012017827652028856,0.0012017827652028856,0.0,0.0011957350961088933
2010-12-21,0.003188389140528658,0.003188389140528658,0.0,0.003182342062138337
2010-12-22,0.0005073232410670592,0.0005073232410670592,0.0,0.0005012777248619526
2010-12-23,-0.0010586479226606382,-0.0010586479226606382,0.0,-0.0010646931904233607
2010-12-27,0.0012533297388017672,0.0012533297388017672,0.0,0.0012459884263257533
2010-12-28,-0.0007263775199652933,-0.0007263775199652933,0.0,-0.0007328544911360784
2010-12-29,0.005499813822872346,0.005499813822872346,0.0,0.005494200117373806
2010-12-30,-0.0010010694228077543,-0.0010010694228077543,0.0,-0.001006249007643761
2010-12-31,0.002837753659491682,0.002837753659491682,0.0,0.0028325736561099313
2011-01-03,0.0018647909760449721,0.0020634895999098735,0.3973972477297249,0.0018589407003085506
2011-01-04,-0.0025071506752447625,-0.0025071506752447625,0.0,-0.0025126082339558767
2011-01-05,-0.0018389997535747105,-0.0018389997535747105,0.0,-0.0018444570659754327
2011-01-06,-0.0014311301345283356,-0.0014311301345283356,0.0,-0.0014369770610269663
2011-01-07,0.00014659557837193304,0.00014659557837193304,0.0,0.00014113858803286244
2011-01-10,0.0014636278187893925,0.0014636278187893925,0.0,0.0014577810279470594
2011-01-11,0.0019736307662074903,0.0019736307662074903,0.0,0.0019677838210464
2011-01-12,0.0050007889399947825,0.0050007889399947825,0.0,0.004994941787152257
2011-01-13,0.00010107580461027332,0.00010107580461027332,0.0,9.522812816261864e-05
2011-01-14,0.0005575408126032855,0.0005575408126032855,0.0,0.0005516931255736083
2011-01-18,0.0013434284255327,0.0013434284255327,0.0,0.0013371908304731952
2011-01-19,-0.0031504543460966206,-0.0031504543460966206,0.0,-0.003156692090896739
2011-01-20,-0.005793257138689167,-0.005793257138689167,0.0,-0.005799494531224971
2011-01-21,0.0007951795664493666,0.0007951795664493666,0.0,0.0007889428254542784
2011-01-24,0.0022614899112134434,0.0022614899112134434,0.0,0.0022552530808592603
2011-01-25,0.0010865938184756452,0.0010865938184756452,0.0,0.0010803567345577148
2011-01-26,0.002829022108275181,0.002829022108275181,0.0,0.0028227849026579476
2011-01-27,0.00018550743134815306,0.00018550743134815306,0.0,0.00017965975487072228
2011-01-28,-0.005696521682436617,-0.005696521682436617,0.0,-0.005702369378333904
2011-01-31,0.0029824210868845125,0.0029824210868845125,0.0,0.0029765739907444424
2011-02-01,0.005181827186037324,0.00528273752484143,0.2018206776082006,0.005176597065625484
2011-02-02,-0.0005027493030866914,-0.0005027493030866914,0.0,-0.0005083141854681906
2011-02-03,-0.0009342193128922816,-0.0009342193128922816,0.0,-0.000939088239774006
2011-02-04,-0.0020851014149978475,-0.0020851014149978475,0.0,-0.002090317434447987
2011-02-07,0.0005066825810189357,0.0005066825810189357,0.0,0.0005011204681084296
2011-02-08,0.000669743996275507,0.000669743996275507,0.0,0.000664529141730124
2011-02-09,-0.0008255881071057569,-0.0008255881071057569,0.0,-0.0008304557653965108
2011-02-10,-0.0018358882621249961,-0.0018358882621249961,0.0,-0.0018400600534693085
2011-02-11,0.0023712466354779416,0.0023712466354779416,0.0,0.0023670759295085528
2011-02-14,0.001672144353992877,0.001672144353992877,0.0,0.0016676245740840756
2011-02-15,-0.0013813278058477652,-0.0013813278058477652,0.0,-0.0013858486523900544
2011-02-16,0.00249775383878581,0.00249775383878581,0.0,0.0024935815641423283
2011-02-17,0.003904156984487983,0.003904156984487983,0.0,0.003901026676694256
2011-02-18,0.00131730733715818,0.00131730733715818,0.0,0.00131382731126831
2011-02-22,-0.004429963910577039,-0.004429963910577039,0.0,-0.004434140712405271
2011-02-23,0.0010030436093373396,0.0010030436093373396,0.0,0.0009988694110274806
2011-02-24,-0.0003599771446883837,-0.0003599771446883837,0.0,-0.000364499830837277
2011-02-25,0.00679386953643113,0.00679386953643113,0.0,0.006789347079325993
2011-02-28,0.002775392620234074,0.002775392620234074,0.0,0.0027701694463596258
2011-03-01,-0.002240704472492583,-0.0021007335371708846,0.27994187064337434,-0.002246908865760696
2011-03-02,0.0008405574055716514,0.0008405574055716514,0.0,0.0008347967442244762
2011-03-03,0.0023524204105007662,0.0023524204105007662,0.0,0.0023466602546863796
2011-03-04,0.0027596547416328665,0.0027596547416328665,0.0,0.0027543389776370454
2011-03-07,-0.0036035872234332356,-0.0036035872234332356,0.0,-0.0036084586098633787
2011-03-08,0.0008527589198334962,0.0008527589198334962,0.0,0.0008478857022830806
2011-03-09,0.0006541420151906507,0.0006541420151906507,0.0,0.0006497122110086074
2011-03-10,-0.008343194075240867,-0.008343194075240867,0.0,-0.008346737677208888
2011-03-11,0.0017632066544135405,0.0017632066544135405,0.0,0.001759659947915275
2011-03-14,-0.002310025317606823,-0.002310025317606823,0.0,-0.0023140146256095777
2011-03-15,-0.008016281912122558,-0.008016281912122558,0.0,-0.008020715551622424
2011-03-16,-0.004083274224659372,-0.004083274224659372,0.0,-0.0040877116249685656
2011-03-17,0.008820310190240432,0.008820310190240432,0.0,0.008816758731187183
2011-03-18,0.0038140090692126982,0.0038140090692126982,0.0,0.0038109044255991665
2011-03-21,0.006111924789041989,0.006111924789041989,0.0,0.006107491358069116
2011-03-22,0.0004966427904142812,0.0004966427904142812,0.0,0.0004922121852968572
2011-03-23,0.0008825564233894134,0.0008825564233894134,0.0,0.0008785690853421745
2011-03-24,0.0013987758475570988,0.0013987758475570988,0.0,0.0013947888762497705
2011-03-25,-0.001614887843685353,-0.001614887843685353,0.0,-0.001618874234553443
2011-03-28,-0.0025795605114034004,-0.0025795605114034004,0.0,-0.0025844335872662124
2011-03-29,0.0007554368151081459,0.0007554368151081459,0.0,0.0007510055517812951
2011-03-30,0.004584807579052885,0.004584807579052885,0.0,0.004580376665236317
2011-03-31,0.0020181213522034724,0.0020181213522034724,0.0,0.002014135430141458
2011-04-01,0.0022070223522527854,0.0023196601951172013,0.22527568572860462,0.0022042701033970747
2011-04-04,0.0031099982179720875,0.0031099982179720875,0.0,0.0031076369847906765
2011-04-05,-0.000540537094549931,-0.000540537094549931,0.0,-0.0005432919379208748
2011-04-06,-0.00018669298666706968,-0.00018669298666706968,0.0,-0.00018905427035336236
2011-04-07,0.0003126344587003338,0.0003126344587003338,0.0,0.0003110602720246007
2011-04-08,0.001676710035211526,0.001676710035211526,0.0,0.0016751358444369012
2011-04-11,-0.002789308524832501,-0.002789308524832501,0.0,-0.0027912762907335745
2011-04-12,-0.0013646057868672568,-0.0013646057868672568,0.0,-0.0013665735070045723
2011-04-13,0.0023577667122056667,0.0023577667122056667,0.0,0.002355405474944254
2011-04-14,0.0012723491185280267,0.0012723491185280267,0.0,0.0012695942876196804
2011-04-15,0.004233363136840973,0.004233363136840973,0.0,0.004230608276773298
2011-04-18,-0.0036366470564652698,-0.0036366470564652698,0.0,-0.003639402013142948
2011-04-19,0.0034534268364883047,0.0034534268364883047,0.0,0.003451065516446182
2011-04-20,0.005718384801823406,0.005718384801823406,0.0,0.00571602341421577
2011-04-21,0.0029887272741422333,0.0029887272741422333,0.0,0.0029863657752918237
2011-04-25,0.0004100121979719873,0.0004100121979719873,0.0,0.00040725704835045527
2011-04-26,0.00270853258574566,0.00270853258574566,0.0,0.0027057774268501103
2011-04-27,0.002512520288989073,0.002512520288989073,0.0,0.0025101586718513226
2011-04-28,0.0008979886176834206,0.0008979886176834206,0.0,0.0008964141739526285
2011-04-29,0.0023262629994360573,0.0023262629994360573,0.0,0.0023246885441694154
2011-05-02,-0.0036701851705011057,-0.0034859406524984093,0.36848903600546973,-0.003672581502292826
2011-05-03,-0.0040612708334651915,-0.0040612708334651915,0.0,-0.004062710507236841
2011-05-04,-0.004845341630954736,-0.004845341630954736,0.0,-0.0048467823209122594
2011-05-05,-0.012926648265313312,-0.012926648265313312,0.0,-0.012927609537467752
2011-05-06,-5.62448587015929e-06,-5.62448587015929e-06,0.0,-6.587953183012773e-06
2011-05-09,0.006789996673678411,0.006789996673678411,0.0,0.006788551471276427
2011-05-10,0.002143995814146926,0.002143995814146926,0.0,0.002142552329670363
2011-05-11,-0.010127241829050337,-0.010127241829050337,0.0,-0.010128684772238715
2011-05-12,-0.00016885280673206715,-0.00016885280673206715,0.0,-0.0001698164908260025
2011-05-13,-0.004181803377196869,-0.004181803377196869,0.0,-0.004183248946410945
2011-05-16,-0.0008045509830193476,-0.0008045509830193476,0.0,-0.0008064798369428285
2011-05-17,0.0018253164926365084,0.0018253164926365084,0.0,0.001823387363695494
2011-05-18,0.003514705178546018,0.003514705178546018,0.0,0.00351229454587761
2011-05-19,0.0006841590067185876,0.0006841590067185876,0.0,0.0006817498678416799
2011-05-20,-0.0029411144203274064,-0.0029411144203274064,0.0,-0.0029435232686274007
2011-05-23,-0.006640278166703317,-0.006640278166703317,0.0,-0.0066431702880697845
2011-05-24,0.00438177593612421,0.00438177593612421,0.0,0.004378880397763698
2011-05-25,0.002416803608006113,0.002416803608006113,0.0,0.0024139103146091356
2011-05-26,0.005297348633153343,0.005297348633153343,0.0,0.005294938584691093
2011-05-27,0.005985972814376961,0.005985972814376961,0.0,0.0059835650102800855
2011-05-31,0.005803607587625548,0.005803607587625548,0.0,0.00580072124794394
2011-06-01,-0.003853760995131128,-0.0033903306732422367,0.9268606437774475,-0.0038571096931665247
2011-06-02,-0.0020258302951944307,-0.0020258302951944307,0.0,-0.002028512429432703
2011-06-03,0.0010596170119128168,0.0010596170119128168,0.0,0.0010569326552270907
2011-06-06,-0.004685377404474833,-0.004685377404474833,0.0,-0.004688731398797255
2011-06-07,0.0036626844223732746,0.0036626844223732746,0.0,0.0036593239794914445
2011-06-08,-0.0009798927403282809,-0.0009798927403282809,0.0,-0.0009825770765421078
2011-06-09,-0.0011382428928589094,-0.0011382428928589094,0.0,-0.0011415996581645195
2011-06-10,-0.005741457167691144,-0.005741457167691144,0.0,-0.00574481549717298
2011-06-13,-0.001298898622919209,-0.001298898622919209,0.0,-0.0013022648878870788
2011-06-14,0.001361396315546104,0.001361396315546104,0.0,0.0013580282529862206
2011-06-15,-0.003105397855859837,-0.003105397855859837,0.0,-0.0031087640368964256
2011-06-16,-0.0015569521166193256,-0.0015569521166193256,0.0,-0.001560322602852955
2011-06-17,0.002590480546255103,0.002590480546255103,0.0,0.002587782427779494
2011-06-20,0.0009818725528183414,0.0009818725528183414,0.0,0.0009798511165475575
2011-06-21,0.005293331475523022,0.005293331475523022,0.0,0.005291310854348813
2011-06-22,-0.003058408685652214,-0.003058408685652214,0.0,-0.0030597528523717424
2011-06-23,8.023544823898554e-05,8.023544823898554e-05,0.0,7.956252044525264e-05
2011-06-24,-0.0016768263619357793,-0.0016768263619357793,0.0,-0.0016781721732204006
2011-06-27,-0.0006090657311318415,-0.0006090657311318415,0.0,-0.0006104124698488732
2011-06-28,0.0002663520781469586,0.0002663520781469586,0.0,0.0002643314644631117
2011-06-29,0.0030458073234438388,0.0030458073234438388,0.0,0.0030444603950212537
2011-06-30,0.0015037120172014529,0.0015037120172014529,0.0,0.0015016941446574484
2011-07-01,0.003530241810899337,0.0038744296940107503,0.6883757662231815,0.003529371546585124
2011-07-05,0.002619163200734631,0.002619163200734631,0.0,0.002618293725384987
2011-07-06,0.00012701497097244996,0.00012701497097244996,0.0,0.00012658033233667204
2011-07-07,0.0031251214649963277,0.0031251214649963277,0.0,0.0031238175634957063
2011-07-08,-0.00010720152699672525,-0.00010720152699672525,0.0,-0.00010850507513377918
2011-07-11,-0.005667955826245907,-0.005667955826245907,0.0,-0.005669259386505746
2011-07-12,0.0007109425037432615,0.0007109425037432615,0.0,0.0007096382988742968
2011-07-13,0.005935833960650783,0.005935833960650783,0.0,0.005935399252626831
2011-07-14,-0.004300523250863053,-0.004300523250863053,0.0,-0.004300957735348905
2011-07-15,0.0031845218701040956,0.0031845218701040956,0.0,0.0031836525758258266
2011-07-18,-0.002354604781011682,-0.002354604781011682,0.0,-0.002355473835166299
2011-07-19,0.004189446968304367,0.004189446968304367,0.0,0.004188143120126217
2011-07-20,0.0013324085769854666,0.0013324085769854666,0.0,0.001331539660189625
2011-07-21,0.002794724291920181,0.002794724291920181,0.0,0.002792552250309637
2011-07-22,0.0024782771928191227,0.0024782771928191227,0.0,0.0024761056749145363
2011-07-25,-0.001811883256516822,-0.001811883256516822,0.0,-0.001814054311162847
2011-07-26,0.0030063635513404297,0.0030063635513404297,0.0,0.0030033235998077577
2011-07-27,-0.007483495745349011,-0.007483495745349011,0.0,-0.007486969077583907
2011-07-28,0.0004591771395161537,0.0004591771395161537,0.0,0.0004561360029663707
2011-07-29,0.003566443717276213,0.003566443717276213,0.0,0.0035620994091662738
2011-08-01,-0.0011548856521393924,-0.0010068559747088424,0.29605935486109297,-0.001160056608162437
2011-08-02,-0.0003953704748551612,-0.0003953704748551612,0.0,-0.0003984655628901734
2011-08-03,-0.0008757645216007637,-0.0008757645216007637,0.0,-0.0008767963117657107
2011-08-04,-0.01580199328242826,-0.01580199328242826,0.0,-0.015803025281330027
2011-08-05,-0.0032825453858628117,-0.0032825453858628117,0.0,-0.003283063298737201
2011-08-08,-0.012110027224241149,-0.012110027224241149,0.0,-0.012112618782533934
2011-08-09,0.01806897371006788,0.01806897371006788,0.0,0.01806741430738231
2011-08-10,-0.0010993723705665648,-0.0010993723705665648,0.0,-0.0011004076071496666
2011-08-11,0.0013426523374926447,0.0013426523374926447,0.0,0.001341099083790419
2011-08-12,0.0032934471218388772,0.0032934471218388772,0.0,0.003292411943658038
2011-08-15,0.006800232027132758,0.006800232027132758,0.0,0.006799197641798398
2011-08-16,0.0004313297384661574,0.0004313297384661574,0.0,0.00042978059945501855
2011-08-17,0.004739692961611919,0.004739692961611919,0.0,0.004739176633486619
2011-08-18,-0.010270177890097654,-0.010270177890097654,0.0,-0.01027069365448864
2011-08-19,0.00012580659367578129,0.00012580659367578129,0.0,0.00012477259649364527
2011-08-22,0.0014900537422879445,0.0014900537422879445,0.0,0.001489536758813555
2011-08-23,0.0014225072767151126,0.0014225072767151126,0.0,0.001421990472016331
2011-08-24,-0.00945400362210469,-0.00945400362210469,0.0,-0.009455036890644267
2011-08-25,-0.0010931319977974807,-0.0010931319977974807,0.0,-0.0010936497755512898
2011-08-26,0.009781158905697751,0.009781158905697751,0.0,0.009780640995582362
2011-08-29,0.0030606515844642246,0.0030606515844642246,0.0,0.003059618109987004
2011-08-30,0.005738813820842736,0.005738813820842736,0.0,0.005738297449492637
2011-08-31,0.0009977040862658715,0.0009977040862658715,0.0,0.0009966727078402932
2011-09-01,-0.0006524887132929313,-0.00039960420558815546,0.5057690154093294,-0.0006531317374810995
2011-09-02,0.00041932443435466205,0.00041932443435466205,0.0,0.0004186812477636715
2011-09-06,-0.003369593350514677,-0.003369593350514677,0.0,-0.003370236600172539
2011-09-07,0.002027095797979106,0.002027095797979106,0.0,0.0020264530568253635
2011-09-08,-0.0006836591892421806,-0.0006836591892421806,0.0,-0.0006843022356853691
2011-09-09,-0.0033832366607636777,-0.0033832366607636777,0.0,-0.0033835581324690284
2011-09-12,-0.0009352250183279898,-0.0009352250183279898,0.0,-0.0009355462342285207
2011-09-13,0.0012653736548240424,0.0012653736548240424,0.0,0.0012650525097015976
2011-09-14,0.0008954726737999685,0.0008954726737999685,0.0,0.0008951514330347222
2011-09-15,0.00046390300430654285,0.00046390300430654285,0.0,0.0004635816959178792
2011-09-16,1.309196168897131e-05,1.309196168897131e-05,0.0,1.2770618283984916e-05
2011-09-19,-0.0011760858957661213,-0.0011760858957661213,0.0,-0.0011764072401593021
2011-09-20,0.0004100248003828799,0.0004100248003828799,0.0,0.0004097035448663695
2011-09-21,-0.00324116987655243,-0.00324116987655243,0.0,-0.003241491163041766
2011-09-22,-0.004385234679260663,-0.004385234679260663,0.0,-0.004385234679260663
2011-09-23,-0.0036309708319844924,-0.0036309708319844924,0.0,-0.003631291539046505
2011-09-26,0.0005617663731731781,0.0005617663731731781,0.0,0.0005611255138304548
2011-09-27,0.001685102554286333,0.001685102554286333,0.0,0.0016847820817225171
2011-09-28,-0.00430831665310738,-0.00430831665310738,0.0,-0.004308957855126831
2011-09-29,0.002322860018276307,0.002322860018276307,0.0,0.0023222194758963856
2011-09-30,-0.004325248962245398,-0.004325248962245398,0.0,-0.004325889859450523
2011-10-03,0.0025202297536826013,0.002746200630716844,0.4519417540679913,0.0025196911549043815
2011-10-04,-0.0021660555836658935,-0.0021660555836658935,0.0,-0.002166325268838217
2011-10-05,-2.0984535707868623e-05,-2.0984535707868623e-05,0.0,-2.0984535707868623e-05
2011-10-06,-0.0012677917018478757,-0.0012677917018478757,0.0,-0.001268061108355769
2011-10-07,-0.0012113781781983857,-0.0012113781781983857,0.0,-0.001211647422960609
2011-10-10,-0.0023253590920898626,-0.0023253590920898626,0.0,-0.0023256281821162454
2011-10-11,0.0013457632037785494,0.0013457632037785494,0.0,0.0013452256191716187
2011-10-12,-0.0026821237868938086,-0.0026821237868938086,0.0,-0.0026826617156420584
2011-10-13,0.0017798485080247062,0.0017798485080247062,0.0,0.0017793112669991949
2011-10-14,0.00019443177612621376,0.00019443177612621376,0.0,0.00019389407954098638
2011-10-17,0.001700044647309218,0.001700044647309218,0.0,0.0016989691546268487
2011-10-18,-0.0006020419083513362,-0.0006020419083513362,0.0,-0.0006031182696549996
2011-10-19,-0.00019754359126833432,-0.00019754359126833432,0.0,-0.00019835063140150624
2011-10-20,0.00010035738796099203,0.00010035738796099203,0.0,9.955042358812185e-05
2011-10-21,-0.0007954275553113677,-0.0007954275553113677,0.0,-0.0007959655572162025
2011-10-24,-0.0009689592142378967,-0.0009689592142378967,0.0,-0.0009694970126306817
2011-10-25,0.0033054967138048674,0.0033054967138048674,0.0,0.0033052279386839695
2011-10-26,-0.0024677539216638733,-0.0024677539216638733,0.0,-0.002468292315656187
2011-10-27,-0.002977801021057158,-0.002977801021057158,0.0,-0.0029783387835801882
2011-10-28,0.0012203373143759855,0.0012203373143759855,0.0,0.0012200688152445545
2011-10-31,0.0024074783478738038,0.0024074783478738038,0.0,0.002407209692331916
2011-11-01,0.0019246707399065421,0.0020868112238570102,0.3242809679009783,0.0019243184705133006
2011-11-02,0.0005516708462167674,0.0005516708462167674,0.0,0.0005513190541400194
2011-11-03,0.0005090419487603359,0.0005090419487603359,0.0,0.000508690131853716
2011-11-04,0.0002517966418140727,0.0002517966418140727,0.0,0.00025144480200790006
2011-11-07,0.0002621224128649402,0.0002621224128649402,0.0,0.00026177056173439835
2011-11-08,-0.0010701326832517344,-0.0010701326832517344,0.0,-0.00107048454616795
2011-11-09,-0.0006341010526982327,-0.0006341010526982327,0.0,-0.000634452867447083
2011-11-10,-0.0012104913999224642,-0.0012104913999224642,0.0,-0.0012108431861119057
2011-11-11,0.00021018455571497618,0.00021018455571497618,0.0,0.0002098328241111834
2011-11-14,0.00044347829222868285,0.00044347829222868285,0.0,0.00044312655114886294
2011-11-15,-6.445991060111123e-05,-6.445991060111123e-05,0.0,-6.481167166598413e-05
2011-11-16,-0.0007567132950559996,-0.0007567132950559996,0.0,-0.0007570650532158424
2011-11-17,-0.0020041931378556033,-0.0020041931378556033,0.0,-0.002004896585917683
2011-11-18,-0.00019199312970974436,-0.00019199312970974436,0.0,-0.00019234476316740972
2011-11-21,-0.0008335653928361886,-0.0008335653928361886,0.0,-0.0008342686423951034
2011-11-22,0.0003047832162483832,0.0003047832162483832,0.0,0.00030408004210767523
2011-11-23,-0.0008303934640990773,-0.0008303934640990773,0.0,-0.0008310966658071485
2011-11-25,-0.0018757398406822334,-0.0018757398406822334,0.0,-0.0018764429672195539
2011-11-28,0.0007141932010874541,0.0007141932010874541,0.0,0.0007131387664600534
2011-11-29,5.719780856505707e-05,5.719780856505707e-05,0.0,5.649478741971127e-05
2011-11-30,0.0007293179303040631,0.0007293179303040631,0.0,0.0007289664171396299
2011-12-01,0.00016509945295650752,0.00032748158399553695,0.3247642620780104,0.0001646611772946461
2011-12-02,0.0020000857550579454,0.0020000857550579454,0.0,0.0019992087777915162
2011-12-05,0.000910696667478339,0.000910696667478339,0.0,0.0009102582620088355
2011-12-06,-0.00036694635590373004,-0.00036694635590373004,0.0,-0.0003673847235408537
2011-12-07,0.001324915222617129,0.001324915222617129,0.0,0.0013240384568441428
2011-12-08,-0.0010439534856689914,-0.0010439534856689914,0.0,-0.0010443918135681872
2011-12-09,-0.0005385386058643915,-0.0005385386058643915,0.0,-0.0005389769771355478
2011-12-12,-0.0007074240914367591,-0.0007074240914367591,0.0,-0.0007078624850940284
2011-12-13,-0.0003117704239972152,-0.0003117704239972152,0.0,-0.0003122088470816909
2011-12-14,-0.0011636846072223817,-0.0011636846072223817,0.0,-0.0011641230432798307
2011-12-15,0.00031016401797967497,0.00031016401797967497,0.0,0.00031016401797967497
2011-12-16,0.002995709043920769,0.002995709043920769,0.0,0.002995709043920769
2011-12-19,0.00043366925291210556,0.00043366925291210556,0.0,0.00043323090568105185
2011-12-20,0.0005640617995847919,0.0005640617995847919,0.0,0.0005636234703526754
2011-12-21,-0.001402804731719609,-0.001402804731719609,0.0,-0.0014032430375541952
2011-12-22,0.0006032480917830263,0.0006032480917830263,0.0,0.0006028097276777434
2011-12-23,-0.0004905879886313302,-0.0004905879886313302,0.0,-0.0004910263276935736
2011-12-27,0.0010171823903812882,0.0010171823903812882,0.0,0.0010163056715045977
2011-12-28,-0.00047610160321964745,-0.00047610160321964745,0.0,-0.0004765399204532271
2011-12-29,0.0004672646509440437,0.0004672646509440437,0.0,0.00046638797694940534
2011-12-30,0.001169157562291856,0.001169157562291856,0.0,0.0011682809270729061
2012-01-03,-0.0007799257743754673,-0.0005728400782855081,0.4141713921798493,-0.0007807528277643396
2012-01-04,0.0004822525283070256,0.0004822525283070256,0.0,0.00048142589310818344
2012-01-05,0.0014515901376661589,0.0014515901376661589,0.0,0.001450763518366462
2012-01-06,0.0021637266085390294,0.0021637266085390294,0.0,0.002162900037026723
2012-01-09,-0.0013292132159025138,-0.0013292132159025138,0.0,-0.0013296264661198458
2012-01-10,-0.0012708871056658078,-0.0012708871056658078,0.0,-0.0012717136498227649
2012-01-11,0.001529261166702378,0.001529261166702378,0.0,0.0015284345806884743
2012-01-12,0.0005379221097565612,0.0005379221097565612,0.0,0.0005366823061701764
2012-01-13,0.0022079828272685287,0.0022079828272685287,0.0,0.002206743050202175
2012-01-17,-0.00013028351749533318,-0.00013028351749533318,0.0,-0.000131523185946021
2012-01-18,-0.0019336511538418089,-0.0019336511538418089,0.0,-0.0019348908287022725
2012-01-19,-0.0020922853615951142,-0.0020922853615951142,0.0,-0.002094351645224846
2012-01-20,-0.000926192302766693,-0.000926192302766693,0.0,-0.0009282587586519796
2012-01-23,-0.0015489447844437843,-0.0015489447844437843,0.0,-0.0015505980102104812
2012-01-24,0.00012075768029240486,0.00012075768029240486,0.0,0.00011910435225438152
2012-01-25,0.0012276823945145399,0.0012276823945145399,0.0,0.001226029074448755
2012-01-26,0.0028715339234632875,0.0028715339234632875,0.0,0.0028694673745689844
2012-01-27,0.0004956124385036009,0.0004956124385036009,0.0,0.0004931328630299932
2012-01-30,0.002195041851070556,0.002195041851070556,0.0,0.002192975578888065
2012-01-31,0.0014354079202691938,0.0014354079202691938,0.0,0.0014329286095508716
2012-02-01,-0.001661970648922928,-0.001321846437514318,0.6802484228171461,-0.0016656672352149242
2012-02-02,0.0010779866575176822,0.0010779866575176822,0.0,0.0010730499316034799
2012-02-03,-0.004443268419667468,-0.004443268419667468,0.0,-0.004448203248082347
2012-02-06,0.0017830998148067323,0.0017830998148067323,0.0,0.0017781571303320492
2012-02-07,-0.0018049485279144628,-0.0018049485279144628,0.0,-0.0018098880653352185
2012-02-08,-0.0011086930933573713,-0.0011086930933573713,0.0,-0.0011142536632534272
2012-02-09,-0.0026552967259433347,-0.0026552967259433347,0.0,-0.0026608595036344057
2012-02-10,0.003128306879687015,0.003128306879687015,0.0,0.0031227388002955585
2012-02-13,-0.000580564305620479,-0.000580564305620479,0.0,-0.0005873621256285247
2012-02-14,0.00013688495155994573,0.00013688495155994573,0.0,0.00012946760626081325
2012-02-15,-0.0012105595316321827,-0.0012105595316321827,0.0,-0.0012173584316696293
2012-02-16,-0.0022926645653902344,-0.0022926645653902344,0.0,-0.0022988480652931763
2012-02-17,-0.002522403492565939,-0.002522403492565939,0.0,-0.002527973223916559
2012-02-21,-0.0006172331987022162,-0.0006172331987022162,0.0,-0.0006221885628114797
2012-02-22,0.0016189521364184944,0.0016189521364184944,0.0,0.0016133761144940056
2012-02-23,0.0022309788531569286,0.0022309788531569286,0.0,0.0022254060713275724
2012-02-24,-0.002169965081495917,-0.002169965081495917,0.0,-0.0021761521112644224
2012-02-27,0.0034486123478938424,0.0034486123478938424,0.0,0.0034411821220079707
2012-02-28,0.0006979141520542242,0.0006979141520542242,0.0,0.0006917299391327395
2012-02-29,-0.005151947844352911,-0.005151947844352911,0.0,-0.005156893978313692
2012-03-01,-0.001953864914921666,-0.001615585397115149,0.6765590356129485,-0.001958535593771461
2012-03-02,-0.00035147165544946457,-0.00035147165544946457,0.0,-0.00035556522679976827
2012-03-05,0.00029477680045930654,0.00029477680045930654,0.0,0.0002900979044855362
2012-03-06,0.001258692194734401,0.001258692194734401,0.0,0.0012540137420605744
2012-03-07,0.00028522016643139914,0.00028522016643139914,0.0,0.00028054360426163656
2012-03-08,-0.0013233324123388401,-0.0013233324123388401,0.0,-0.0013280085462417585
2012-03-09,0.00010655362291767112,0.00010655362291767112,0.0,0.00010129073391247178
2012-03-12,0.0011281697473013441,0.0011281697473013441,0.0,0.0011229070385081797
2012-03-13,-0.0011791178542145397,-0.0011791178542145397,0.0,-0.0011837941234520187
2012-03-14,-0.0046351701878895035,-0.0046351701878895035,0.0,-0.004640432985104633
2012-03-15,0.000348961560837191,0.000348961560837191,0.0,0.00034427651772200364
2012-03-16,0.00021479798970247543,0.00021479798970247543,0.0,0.00020952790896220183
2012-03-19,0.00039633943098005275,0.00039633943098005275,0.0,0.00039048419103387673
2012-03-20,0.0006646483098666778,0.0006646483098666778,0.0,0.0006587938175111509
2012-03-21,0.002163549275004506,0.002163549275004506,0.0,0.0021582813594517368
2012-03-22,0.001915307236733721,0.001915307236733721,0.0,0.0019106279006949566
2012-03-23,0.0007604533559824045,0.0007604533559824045,0.0,0.0007557768964599717
2012-03-26,0.0017833095086698947,0.0017833095086698947,0.0,0.0017780497755839919
2012-03-27,0.00168565634079898,0.00168565634079898,0.0,0.001680399613122995
2012-03-28,0.00030941413297469467,0.00030941413297469467,0.0,0.0003041602413532183
2012-03-29,0.0026198059361715043,0.0026198059361715043,0.0,0.002615719980790106
2012-03-30,-0.0036537925761958023,-0.0036537925761958023,0.0,-0.0036578751133608126
2012-04-02,0.0001403432299120766,0.00051211414507768,0.7435418303315946,0.00013666293078303717
2012-04-03,-0.002356226968190156,-0.002356226968190156,0.0,-0.0023598984286897656
2012-04-04,0.003123021296345563,0.003123021296345563,0.0,0.0031193486623723545
2012-04-05,0.0010176940907631327,0.0010176940907631327,0.0,0.0010140230073084125
2012-04-09,0.003284817270511331,0.003284817270511331,0.0,0.0032806878694700563
2012-04-10,0.0029504831046129887,0.0029504831046129887,0.0,0.0029463555304084944
2012-04-11,-0.0008520082684008168,-0.0008520082684008168,0.0,-0.0008561342065342173
2012-04-12,-0.0023353871524598446,-0.0023353871524598446,0.0,-0.0023395135634428485
2012-04-13,0.003363561981016616,0.003363561981016616,0.0,0.0033594342709008405
2012-04-16,0.0007296035040931237,0.0007296035040931237,0.0,0.0007259360860480185
2012-04-17,0.00021583696355165216,0.00021583696355165216,0.0,0.00021216990480385872
2012-04-18,0.0010062638753454145,0.0010062638753454145,0.0,0.0010030552919248772
2012-04-19,-0.0011450340268626125,-0.0011450340268626125,0.0,-0.0011482421772147755
2012-04-20,-0.000981436308841066,-0.000981436308841066,0.0,-0.0009851033302219969
2012-04-23,0.002473917396792258,0.002473917396792258,0.0,0.002470249891659449
2012-04-24,-0.0011043292831568463,-0.0011043292831568463,0.0,-0.0011084538579930892
2012-04-25,0.0014653215598974256,0.0014653215598974256,0.0,0.0014611963735302331
2012-04-26,0.001264887837354678,0.001264887837354678,0.0,0.0012607634612334516
2012-04-27,-2.4913058307429736e-05,-2.4913058307429736e-05,0.0,-2.9036735895591576e-05
2012-04-30,0.0004795968723376731,0.0004795968723376731,0.0,0.0004750149930635436
2012-05-01,-0.0016125395938132447,-0.0015225593582828267,0.17996047106096805,-0.0016161255781191183
2012-05-02,0.0032827965466282194,0.0032827965466282194,0.0,0.003279609467531389
2012-05-03,0.001242059107077198,0.001242059107077198,0.0,0.0012384736890179067
2012-05-04,0.003866274573884443,0.003866274573884443,0.0,0.0038634859288916063
2012-05-07,0.0003968143408776825,0.0003968143408776825,0.0,0.00039283062210765737
2012-05-08,0.002829691790921185,0.002829691790921185,0.0,0.002826106449548961
2012-05-09,0.0017780603391164274,0.0017780603391164274,0.0,0.0017744750370020542
2012-05-10,-0.0010482203271696688,-0.0010482203271696688,0.0,-0.001052203968825402
2012-05-11,0.0032023009632002886,0.0032023009632002886,0.0,0.003198317305397943
2012-05-14,0.003653587449287121,0.003653587449287121,0.0,0.003649603840655031
2012-05-15,0.0009869320400108794,0.0009869320400108794,0.0,0.0009833468425478474
2012-05-16,0.0001809714749589908,0.0001809714749589908,0.0,0.00017698793730624654
2012-05-17,-0.0006201265351540863,-0.0006201265351540863,0.0,-0.0006241100700414201
2012-05-18,-0.00033503097142606464,-0.00033503097142606464,0.0,-0.0003382178069215184
2012-05-21,-0.0010085919340280247,-0.0010085919340280247,0.0,-0.0010121771285724376
2012-05-22,0.0021119779301610464,0.0021119779301610464,0.0,0.0021083927217183667
2012-05-23,0.00354155804120615,0.00354155804120615,0.0,0.003537972861804919
2012-05-24,0.00012419277014452668,0.00012419277014452668,0.0,0.00012020929139593574
2012-05-25,0.0005427884296880237,0.0005427884296880237,0.0,0.0005392033005158074
2012-05-29,-0.0005011650298946124,-0.0005011650298946124,0.0,-0.0005047501516343354
2012-05-30,0.005743617858178673,0.005743617858178673,0.0,0.005740829424818684
2012-05-31,0.0015036703729107703,0.0015036703729107703,0.0,0.0015008820004028618
2012-06-01,0.005863720580073117,0.006188847384547058,0.6502536089479908,0.005860656791118081
2012-06-04,-0.00551154718093283,-0.00551154718093283,0.0,-0.005515037973289286
2012-06-05,-0.0007720189525891596,-0.0007720189525891596,0.0,-0.0007755114972953688
2012-06-06,-0.011073697907349245,-0.011073697907349245,0.0,-0.011077627296496079
2012-06-07,0.00030612186676060027,0.00030612186676060027,0.0,0.0003021884692794078
2012-06-08,0.005663670655750241,0.005663670655750241,0.0,0.005659737369041737
2012-06-11,0.004171526783872892,0.004171526783872892,0.0,0.004167595535067688
2012-06-12,-0.0063160383183682445,-0.0063160383183682445,0.0,-0.0063204047117470345
2012-06-13,0.002301671173180031,0.002301671173180031,0.0,0.0022973022491538015
2012-06-14,-0.0029645296848319624,-0.0029645296848319624,0.0,-0.002969334489158547
2012-06-15,0.0002697355251419786,0.0002697355251419786,0.0,0.00026580325186721117
2012-06-18,0.0015319761497178952,0.0015319761497178952,0.0,0.0015276070653085854
2012-06-19,-0.007844058436009549,-0.007844058436009549,0.0,-0.007847990060166881
2012-06-20,0.0021676475254461813,0.0021676475254461813,0.0,0.002163713053555841
2012-06-21,0.00924161181551475,0.00924161181551475,0.0,0.009237678128872221
2012-06-22,-0.0035999538128674846,-0.0035999538128674846,0.0,-0.0036038841823177467
2012-06-25,0.005902615530668509,0.005902615530668509,0.0,0.005898247012569166
2012-06-26,-0.003096689686648779,-0.003096689686648779,0.0,-0.003101055856006564
2012-06-27,-0.0007842115293776875,-0.0007842115293776875,0.0,-0.00078814219424302
2012-06-28,0.002030190274683097,0.002030190274683097,0.0,0.0020262593278794214
2012-06-29,-0.017104354355927165,-0.017104354355927165,0.0,-0.017108284574319236
2012-07-02,0.003045958362905443,0.0035626831266770687,1.0334495275433426,0.0030405257045880312
2012-07-03,-0.00424831925621183,-0.00424831925621183,0.0,-0.004253196785397292
2012-07-05,0.0030483095034046226,0.0030483095034046226,0.0,0.0030439689686568806
2012-07-06,0.005135097494057161,0.005135097494057161,0.0,0.005130760502628581
2012-07-09,-0.0011035946104674954,-0.0011035946104674954,0.0,-0.0011084670450320338
2012-07-10,0.0025458645697937765,0.0025458645697937765,0.0,0.002540990697859763
2012-07-11,-0.00041786986744885013,-0.00041786986744885013,0.0,-0.00042328160579313534
2012-07-12,0.0029166749237188316,0.0029166749237188316,0.0,0.002911262581933762
2012-07-13,-0.0014601016500738195,-0.0014601016500738195,0.0,-0.001465509792173284
2012-07-16,1.5702319773325257e-05,1.5702319773325257e-05,0.0,1.0292072216642848e-05
2012-07-17,-0.001058503794471588,-0.001058503794471588,0.0,-0.0010639140193859815
2012-07-18,0.0002270735560878645,0.0002270735560878645,0.0,0.00022220297851075824
2012-07-19,-0.001439832977399802,-0.001439832977399802,0.0,-0.0014447032600414956
2012-07-20,0.003265560386874311,0.003265560386874311,0.0,0.0032606882314031326
2012-07-23,0.003694331214434854,0.003694331214434854,0.0,0.003688922412551972
2012-07-24,0.0023489085089156703,0.0023489085089156703,0.0,0.0023435050093055633
2012-07-25,-0.0015666238704531432,-0.0015666238704531432,0.0,-0.0015720240067027755
2012-07-26,-0.002287421372259235,-0.002287421372259235,0.0,-0.002293363993548666
2012-07-27,-0.005616979016652479,-0.005616979016652479,0.0,-0.005622925254718115
2012-07-30,0.0013374542195272454,0.0013374542195272454,0.0,0.0013314990499583004
2012-07-31,0.002483841168228418,0.002483841168228418,0.0,0.002477888122491797
2012-08-01,-0.0015248769223867864,-0.0008251111488435381,1.3995315470866452,-0.0015344558272199714
2012-08-02,0.002195144009203176,0.002195144009203176,0.0,0.0021865108672500157
2012-08-03,-0.0058283901553936035,-0.0058283901553936035,0.0,-0.005837012210494196
2012-08-06,-0.0005757735554620114,-0.0005757735554620114,0.0,-0.0005853865162384824
2012-08-07,-0.0037283633925275783,-0.0037283633925275783,0.0,-0.0037389412265215185
2012-08-08,-0.0026249825167694585,-0.0026249825167694585,0.0,-0.0026355836008551143
2012-08-09,-0.000633328442014025,-0.000633328442014025,0.0,-0.0006439459385855354
2012-08-10,0.0012451429265809555,0.0012451429265809555,0.0,0.0012354870548403891
2012-08-13,0.000936397503063402,0.000936397503063402,0.0,0.0009257838245478122
2012-08-14,-0.00269303872641502,-0.00269303872641502,0.0,-0.0027036465592318653
2012-08-15,-0.00377993965203427,-0.00377993965203427,0.0,-0.0037886325803725344
2012-08-16,-0.002263299271883734,-0.002263299271883734,0.0,-0.0022720116326353955
2012-08-17,0.001405526908135446,0.001405526908135446,0.0,0.00139680288552144
2012-08-20,-0.0005917598556203219,-0.0005917598556203219,0.0,-0.0006024137108825865
2012-08-21,-0.0011795618638474892,-0.0011795618638474892,0.0,-0.0011902194427583766
2012-08-22,0.0033762859788633026,0.0033762859788633026,0.0,0.003365620968794412
2012-08-23,0.0011311366776842746,0.0011311366776842746,0.0,0.0011204928664098946
2012-08-24,0.001439376052940311,0.001439376052940311,0.0,0.001429706310035946
2012-08-27,0.0022545232960478057,0.0022545232960478057,0.0,0.002243895593123384
2012-08-28,0.0004728504804458744,0.0004728504804458744,0.0,0.0004632017391238357
2012-08-29,-0.0002637807425145411,-0.0002637807425145411,0.0,-0.0002753560103989616
2012-08-30,0.0014200872025649236,0.0014200872025649236,0.0,0.0014104396479044197
2012-08-31,0.0016151767875400846,0.0016151767875400846,0.0,0.001606501236644424
2012-09-04,0.00016581576876273374,0.0009029272086509277,1.474222879776079,0.00016030968575388982
2012-09-05,0.0007023661898784006,0.0007023661898784006,0.0,0.0006963083128866412
2012-09-06,-0.0004259996092345064,-0.0004259996092345064,0.0,-0.00043205629809694844
2012-09-07,-0.00451553018693851,-0.00451553018693851,0.0,-0.004521587596733054
2012-09-10,0.0003274024812371934,0.0003274024812371934,0.0,0.00032188876648551524
2012-09-11,-0.0013587612923200432,-0.0013587612923200432,0.0,-0.0013642745012496336
2012-09-12,-0.0015703146001048163,-0.0015703146001048163,0.0,-0.0015758299111156332
2012-09-13,-0.0005949124084184687,-0.0005949124084184687,0.0,-0.000600430152616416
2012-09-14,-0.0025314978008885713,-0.0025314978008885713,0.0,-0.0025375683341019696
2012-09-17,0.004167467221288801,0.004167467221288801,0.0,0.0041613923597656295
2012-09-18,-0.00026848084901565095,-0.00026848084901565095,0.0,-0.0002739969995919763
2012-09-19,-0.0009265629813819398,-0.0009265629813819398,0.0,-0.0009326312042773188
2012-09-20,-3.261676301924421e-05,-3.261676301924421e-05,0.0,-3.868656544790732e-05
2012-09-21,-0.00045275446651649176,-0.00045275446651649176,0.0,-0.0004588243245495167
2012-09-24,0.001470419072755913,0.001470419072755913,0.0,0.0014643484425271166
2012-09-25,-0.0016068313137134194,-0.0016068313137134194,0.0,-0.0016128994397499082
2012-09-26,0.001267010162785187,0.001267010162785187,0.0,0.0012609392958357931
2012-09-27,-0.000707881429062418,-0.000707881429062418,0.0,-0.0007128467359630044
2012-09-28,0.00014743183273591143,0.00014743183273591143,0.0,0.00014191372795798734
2012-10-01,-0.0011778544046842088,-0.000840286690084735,0.6751354291991937,-0.0011833515711678624
2012-10-02,0.0005084054894253232,0.0005084054894253232,0.0,0.0005029058754191371
2012-10-03,-0.00026062871066268034,-0.00026062871066268034,0.0,-0.0002661273448669434
2012-10-04,0.002755684641279288,0.002755684641279288,0.0,0.002749574489478925
2012-10-05,-0.0024921883837313308,-0.0024921883837313308,0.0,-0.0024989030759197594
2012-10-08,-0.0007626261396354028,-0.0007626261396354028,0.0,-0.0007693467021315287
2012-10-09,-0.002171772926865989,-0.002171772926865989,0.0,-0.0021778841634297386
2012-10-10,-0.00019300015351397803,-0.00019300015351397803,0.0,-0.00019911605427889694
2012-10-11,0.0024344406773086913,0.0024344406773086913,0.0,0.0024283243619675978
2012-10-12,-0.001024816109230775,-0.001024816109230775,0.0,-0.001031538317814726
2012-10-15,0.001090775130388133,0.001090775130388133,0.0,0.001084050503702077
2012-10-16,0.001239633979087662,0.001239633979087662,0.0,0.0012341341152882581
2012-10-17,-0.0006763452046126828,-0.0006763452046126828,0.0,-0.0006830643421969526
2012-10-18,-0.00148183897370191,-0.00148183897370191,0.0,-0.0014879487289908497
2012-10-19,-0.00420591488383637,-0.00420591488383637,0.0,-0.004212027817194816
2012-10-22,-0.00046389391894097187,-0.00046389391894097187,0.0,-0.0004700159107374054
2012-10-23,-0.0032868459117308957,-0.0032868459117308957,0.0,-0.003293581202233506
2012-10-24,-0.0016854332852724863,-0.0016854332852724863,0.0,-0.00169217639198456
2012-10-25,0.0007992763404331971,0.0007992763404331971,0.0,0.0007925292189480473
2012-10-26,0.0006641104059947889,0.0006641104059947889,0.0,0.0006567519851630331
2012-10-31,0.0030371436129867924,0.0030371436129867924,0.0,0.0030303999735175327
2012-11-01,0.0014654708985368803,0.0017630608525320834,0.5951799079901151,0.0014607427357094284
2012-11-02,0.002465015950547267,0.002465015950547267,0.0,0.002460287479316201
2012-11-05,0.0001860926702494936,0.0001860926702494936,0.0,0.0001803169049969606
2012-11-06,-0.003422280219038898,-0.003422280219038898,0.0,-0.0034275306761144186
2012-11-07,0.0010566018167985636,0.0010566018167985636,0.0,0.0010513469565959772
2012-11-08,-0.002107400144752636,-0.002107400144752636,0.0,-0.0021126536469595982
2012-11-09,-0.00048540300339994236,-0.00048540300339994236,0.0,-0.0004901335982133145
2012-11-12,0.0012877915119033911,0.0012877915119033911,0.0,0.001283060354153993
2012-11-13,-0.00026600683692890037,-0.00026600683692890037,0.0,-0.0002717875400388111
2012-11-14,-0.0018389659167010741,-0.0018389659167010741,0.0,-0.0018442214437698933
2012-11-15,-0.00015511590934347286,-0.00015511590934347286,0.0,-0.000159322228288666
2012-11-16,0.0010366690216672136,0.0010366690216672136,0.0,0.0010335141624130504
2012-11-19,0.0005040422760125285,0.0005040422760125285,0.0,0.0004993111893129408
2012-11-20,-0.0002721311857099007,-0.0002721311857099007,0.0,-0.0002763360768008679
2012-11-21,0.0006984303417343352,0.0006984303417343352,0.0,0.0006931738773083869
2012-11-23,-0.0006574369923108003,-0.0006574369923108003,0.0,-0.0006626925576394353
2012-11-26,0.0007505947462957963,0.0007505947462957963,0.0,0.0007453383340842802
2012-11-27,0.0008300537106957773,0.0008300537106957773,0.0,0.0008247982646438768
2012-11-28,0.001703889571097017,0.001703889571097017,0.0,0.001698635192597556
2012-11-29,0.00013482780310236642,0.00013482780310236642,0.0,0.00013010083137079105
2012-11-30,0.0015393392850131526,0.0015393392850131526,0.0,0.001535137670832501
2012-12-03,-0.0014608278979070244,-0.001172616564943163,0.5764226659277091,-0.0014667515392029712
2012-12-04,0.00013070782690238758,0.00013070782690238758,0.0,0.00012477697770353562
2012-12-05,0.0015700496613810788,0.0015700496613810788,0.0,0.001564119068675259
2012-12-06,0.0015049792095993553,0.0015049792095993553,0.0,0.001499051693033114
2012-12-07,-0.000809508651816282,-0.000809508651816282,0.0,-0.0008148407669292596
2012-12-10,0.0003734694996968546,0.0003734694996968546,0.0,0.0003681359581381683
2012-12-11,-2.0083514744584363e-06,-2.0083514744584363e-06,0.0,-6.748692549051633e-06
2012-12-12,-0.000770175003499296,-0.000770175003499296,0.0,-0.0007743228046910536
2012-12-13,-0.002537194138519938,-0.002537194138519938,0.0,-0.002540750301802362
2012-12-14,0.001014572274730341,0.001014572274730341,0.0,0.0010121995063269232
2012-12-17,0.0004904412844148887,0.0004904412844148887,0.0,0.0004874763190420517
2012-12-18,0.0008761979811235943,0.0008761979811235943,0.0,0.0008726405996455872
2012-12-19,0.00033241490663216133,0.00033241490663216133,0.0,0.0003294512803025046
2012-12-20,0.0012942556150619122,0.0012942556150619122,0.0,0.0012906996540567063
2012-12-21,-0.0007154261841951781,-0.0007154261841951781,0.0,-0.0007189806264045844
2012-12-24,-0.0006899122557643134,-0.0006899122557643134,0.0,-0.0006934675381201326
2012-12-26,0.00015109314550132424,0.00015109314550132424,0.0,0.00014575900585161918
2012-12-27,0.001733538757894948,0.001733538757894948,0.0,0.0017287975371337223
2012-12-28,-0.0010106639918096016,-0.0010106639918096016,0.0,-0.0010112563055181896
2012-12-31,0.0018201043002958883,0.0018201043002958883,0.0,0.001817141742888551
2013-01-02,0.006656779043523686,0.007062920779956627,0.8122834728660371,0.006650980023605319
2013-01-03,-0.007138326117931859,-0.007138326117931859,0.0,-0.007144094643710912
2013-01-04,0.0028150611311617,0.0028150611311617,0.0,0.0028099973528879834
2013-01-07,-0.0026236812444034863,-0.0026236812444034863,0.0,-0.0026287386055107768
2013-01-08,-0.002853991585029636,-0.002853991585029636,0.0,-0.0028590549427702076
2013-01-09,0.004001638219079284,0.004001638219079284,0.0,0.003997292590990858
2013-01-10,0.00664677462326968,0.00664677462326968,0.0,0.006642436825767479
2013-01-11,0.0006604556341134327,0.0006604556341134327,0.0,0.0006554099446586482
2013-01-14,0.0021000998734561627,0.0021000998734561627,0.0,0.002094335081926616
2013-01-15,-0.0008689710728805311,-0.0008689710728805311,0.0,-0.0008754503565651162
2013-01-16,-0.0023891199872774216,-0.0023891199872774216,0.0,-0.0023948815985878435
2013-01-17,0.004989117906837981,0.004989117906837981,0.0,0.004984071075901107
2013-01-18,0.0016436200482141672,0.0016436200482141672,0.0,0.0016378651149999745
2013-01-22,6.860179196777061e-05,6.860179196777061e-05,0.0,6.285109287647267e-05
2013-01-23,-0.000996951645132138,-0.000996951645132138,0.0,-0.0010027021675107627
2013-01-24,0.0016868682045261263,0.0016868682045261263,0.0,0.00168111511151782
2013-01-25,-0.0003333926952119315,-0.0003333926952119315,0.0,-0.00033914144597252117
2013-01-28,-0.004578006199121076,-0.004578006199121076,0.0,-0.00458303710721378
2013-01-29,0.004052142365234657,0.004052142365234657,0.0,0.004047101094858807
2013-01-30,0.00025237675265676884,0.00025237675265676884,0.0,0.00024734461725893747
2013-01-31,0.00017271683860342613,0.00017271683860342613,0.0,0.00016768527200949736
2013-02-01,0.004175854472882712,0.004614166835800404,0.8766247258353262,0.0041712589249841
2013-02-04,-0.002332279842761076,-0.002332279842761076,0.0,-0.002337615722921641
2013-02-05,0.0014242964281059312,0.0014242964281059312,0.0,0.0014189545677873408
2013-02-06,0.0019879496184738166,0.0019879496184738166,0.0,0.001982611404974679
2013-02-07,-0.0019126803467616194,-0.0019126803467616194,0.0,-0.0019180134803421641
2013-02-08,0.003223497844142331,0.003223497844142331,0.0,0.0032181598136166727
2013-02-11,0.000622731779691188,0.000622731779691188,0.0,0.0006158791744526826
2013-02-12,0.0009578898021413984,0.0009578898021413984,0.0,0.0009510392389242468
2013-02-13,-0.00040991964899061983,-0.00040991964899061983,0.0,-0.00041752789918330285
2013-02-14,0.0004979031136551626,0.0004979031136551626,0.0,0.0004895323964535553
2013-02-15,0.0013033838770453166,0.0013033838770453166,0.0,0.001295775946341144
2013-02-19,0.0020569056773680483,0.0020569056773680483,0.0,0.0020477818457881286
2013-02-20,-0.0021211017388186315,-0.0021211017388186315,0.0,-0.002130216616743339
2013-02-21,-0.002407439037829473,-0.002407439037829473,0.0,-0.002417323512699898
2013-02-22,0.003825044483037665,0.003825044483037665,0.0,0.003815148603769546
2013-02-25,-0.005506102473091357,-0.005506102473091357,0.0,-0.005515220468636295
2013-02-26,0.0013845565500536505,0.0013845565500536505,0.0,0.0013738907510605256
2013-02-27,0.004378189537176391,0.004378189537176391,0.0,0.004369814818111845
2013-02-28,0.00028892702800131786,0.00028892702800131786,0.0,0.0002805697873754346
2013-03-01,0.001147460009682355,0.001567683445004242,0.8404468706437246,0.001139008472101971
2013-03-04,7.318252577381834e-05,7.318252577381834e-05,0.0,6.472994726435824e-05
2013-03-05,0.001272676376358861,0.001272676376358861,0.0,0.001266529264069524
2013-03-06,0.0006392286905370081,0.0006392286905370081,0.0,0.000631549522967412
2013-03-07,-0.0049090432098248815,-0.0049090432098248815,0.0,-0.004916720006787396
2013-03-08,0.0017600779720063908,0.0017600779720063908,0.0,0.001752382879834097
2013-03-11,-0.0010462018406298679,-0.0010462018406298679,0.0,-0.0010538903848013254
2013-03-12,-0.0014549328767318181,-0.0014549328767318181,0.0,-0.0014626253171539988
2013-03-13,0.0017852812108356542,0.0017852812108356542,0.0,0.0017783531307530524
2013-03-14,0.0008211051784021706,0.0008211051784021706,0.0,0.0008134139581854161
2013-03-15,0.0003506511566448989,0.0003506511566448989,0.0,0.000343731807444785
2013-03-18,0.002113336584974812,0.002113336584974812,0.0,0.002107955781684186
2013-03-19,0.001150672489471205,0.001150672489471205,0.0,0.0011452971756485332
2013-03-20,-0.0004717413759627309,-0.0004717413759627309,0.0,-0.00047711370430744275
2013-03-21,-0.0010074605028344008,-0.0010074605028344008,0.0,-0.0010128340557136308
2013-03-22,1.929287311086547e-05,1.929287311086547e-05,0.0,1.3916702453438516e-05
2013-03-25,0.0004335658936964748,0.0004335658936964748,0.0,0.0004274217559502691
2013-03-26,0.0016859521090588636,0.0016859521090588636,0.0,0.001680577114595507
2013-03-27,0.0015643934513902558,0.0015643934513902558,0.0,0.001557488364611169
2013-03-28,0.0019006414647622094,0.0019006414647622094,0.0,0.0018952748916063451
2013-04-01,-0.0028280418137329733,-0.0026251973470563517,0.40568893335326717,-0.0028343258582504824
2013-04-02,0.003019086487249689,0.003019086487249689,0.0,0.0030135722543926974
2013-04-03,0.0007218604146022045,0.0007218604146022045,0.0,0.0007171409893480639
2013-04-04,0.008649703107251883,0.008649703107251883,0.0,0.008644199079094281
2013-04-05,0.0007704726661308392,0.0007704726661308392,0.0,0.0007649920170079106
2013-04-08,0.0014954085736500478,0.0014954085736500478,0.0,0.0014899300054123455
2013-04-09,-0.0028342561942520383,-0.0028342561942520383,0.0,-0.00283894865323756
2013-04-10,0.00400371759995366,0.00400371759995366,0.0,0.003998235399443671
2013-04-11,0.00238021578461578,0.00238021578461578,0.0,0.0023747443686723225
2013-04-12,0.0062986306354639865,0.0062986306354639865,0.0,0.0062939463328402
2013-04-15,0.004137820684464666,0.004137820684464666,0.0,0.004133150798985017
2013-04-16,-3.3190920008863145e-05,-3.3190920008863145e-05,0.0,-3.785137332240268e-05
2013-04-17,1.8387978826694962e-05,1.8387978826694962e-05,0.0,1.3727449851911043e-05
2013-04-18,-0.003953368051074935,-0.003953368051074935,0.0,-0.003957251790290559
2013-04-19,0.00395025762272172,0.00395025762272172,0.0,0.003946366343832687
2013-04-22,0.0004982907161250605,0.0004982907161250605,0.0,0.0004944069413342562
2013-04-23,0.00469959537101694,0.00469959537101694,0.0,0.004695712542331566
2013-04-24,-0.0003238593665894074,-0.0003238593665894074,0.0,-0.0003285081033429164
2013-04-25,-0.0025470252315746844,-0.0025470252315746844,0.0,-0.0025508997911035617
2013-04-26,0.0020147274722022157,0.0020147274722022157,0.0,0.002010848085398758
2013-04-29,-0.0010402382133170018,-0.0010402382133170018,0.0,-0.001044113789366066
2013-04-30,0.0005481910611060403,0.0005481910611060403,0.0,0.0005443135154505203
2013-05-01,0.001399124218735892,0.001781002641353835,0.7637568452360509,0.001393231394282042
2013-05-02,0.002455052062724228,0.002455052062724228,0.0,0.0024501504377540846
2013-05-03,-0.0033329431740892757,-0.0033329431740892757,0.0,-0.003337837653991484
2013-05-06,0.001039726654020301,0.001039726654020301,0.0,0.0010358032841155816
2013-05-07,0.0004654711211313778,0.0004654711211313778,0.0,0.0004615501775764132
2013-05-08,0.0013956360949762825,0.0013956360949762825,0.0,0.0013917162371588814
2013-05-09,-0.0008867894412669663,-0.0008867894412669663,0.0,-0.0008907060482217204
2013-05-10,-0.001706066980208032,-0.001706066980208032,0.0,-0.0017099856545995725
2013-05-13,-0.0023237083021164784,-0.0023237083021164784,0.0,-0.002328611625450405
2013-05-14,0.0011287741303536158,0.0011287741303536158,0.0,0.001123864007859631
2013-05-15,0.0044820042446285235,0.0044820042446285235,0.0,0.004478078785884646
2013-05-16,0.0020510913071567494,0.0020510913071567494,0.0,0.0020481550377514407
2013-05-17,0.0005630401739802338,0.0005630401739802338,0.0,0.0005591299127089038
2013-05-20,-0.0018154210443790397,-0.0018154210443790397,0.0,-0.0018203072369886676
2013-05-21,0.003522972955145365,0.003522972955145365,0.0,0.003519059778615345
2013-05-22,-0.00784414374472886,-0.00784414374472886,0.0,-0.007848048756030238
2013-05-23,-0.004458481474525877,-0.004458481474525877,0.0,-0.00446338564388473
2013-05-24,-0.001988120252189751,-0.001988120252189751,0.0,-0.0019920540494844743
2013-05-28,-0.006072477233579954,-0.006072477233579954,0.0,-0.006077400323209514
2013-05-29,-0.003379110379711392,-0.003379110379711392,0.0,-0.0033840514251610152
2013-05-30,-0.0004154024609760443,-0.0004154024609760443,0.0,-0.00041936331784101844
2013-05-31,-0.006360938501542179,-0.006360938501542179,0.0,-0.006364900344797606
2013-06-03,-0.002965735134340064,-0.0023015656773007764,1.3283389140784252,-0.0029685355347262507
2013-06-04,-2.785945737104889e-05,-2.785945737104889e-05,0.0,-3.0106832308179035e-05
2013-06-05,-0.004426551401630285,-0.004426551401630285,0.0,-0.004429360643288945
2013-06-06,0.0022606198361772023,0.0022606198361772023,0.0,0.002257806925866547
2013-06-07,0.004432343263018668,0.004432343263018668,0.0,0.004430094430240675
2013-06-10,0.0007955684503373472,0.0007955684503373472,0.0,0.0007927610583579123
2013-06-11,-0.0032931338216042327,-0.0032931338216042327,0.0,-0.0032959405591406654
2013-06-12,0.0003175002708803998,0.0003175002708803998,0.0,0.0003146908154268707
2013-06-13,0.003871563771393083,0.003871563771393083,0.0,0.0038687545778983944
2013-06-14,-0.0016072302232682523,-0.0016072302232682523,0.0,-0.0016100362347845618
2013-06-17,0.0035806730821112964,0.0035806730821112964,0.0,0.0035778657475108258
2013-06-18,0.002313597309790305,0.002313597309790305,0.0,0.002310792912310319
2013-06-19,-0.005297914463954667,-0.005297914463954667,0.0,-0.005300716968039594
2013-06-20,-0.003101925895637514,-0.003101925895637514,0.0,-0.003104732758506787
2013-06-21,0.001138254777985459,0.001138254777985459,0.0,0.0011354453551094875
2013-06-24,-0.004170637714901337,-0.004170637714901337,0.0,-0.004174007896357782
2013-06-25,0.003557820510742493,0.003557820510742493,0.0,0.003554446186291027
2013-06-26,0.002906047071393081,0.002906047071393081,0.0,0.00290267626865153
2013-06-27,0.003362561929616259,0.003362561929616259,0.0,0.0033591939950912775
2013-06-28,-0.0010165915858193486,-0.0010165915858193486,0.0,-0.0010188346703917698
2013-07-01,0.0018755453537755429,0.0022639123739627287,0.7767340403747102,0.0018739837523140967
2013-07-02,0.00043689173417438276,0.00043689173417438276,0.0,0.000435722331543797
2013-07-03,0.0004108156498969784,0.0004108156498969784,0.0,0.0004088666301745963
2013-07-05,0.002274242822601691,0.002274242822601691,0.0,0.0022726835952904334
2013-07-08,0.001261885126401019,0.001261885126401019,0.0,0.0012599360126333906
2013-07-09,0.00030075429081644067,0.00030075429081644067,0.0,0.00029919496450075885
2013-07-10,0.0020023244460256606,0.0020023244460256606,0.0,0.0020007651112988255
2013-07-11,0.005255350183222873,0.005255350183222873,0.0,0.005253790792609213
2013-07-12,-0.000368308572548659,-0.000368308572548659,0.0,-0.0003698681090774244
2013-07-15,0.0009622001952045434,0.0009622001952045434,0.0,0.0009606406689056547
2013-07-16,-0.0005909968535160459,-0.0005909968535160459,0.0,-0.0005921665182649855
2013-07-17,0.001628246757139129,0.001628246757139129,0.0,0.0016270771046969592
2013-07-18,0.0014445244635892251,0.0014445244635892251,0.0,0.0014433547772959726
2013-07-19,-0.0004591147965432585,-0.0004591147965432585,0.0,-0.0004602845128247075
2013-07-22,-0.0006199092975222031,-0.0006199092975222031,0.0,-0.0006214689065167227
2013-07-23,0.0007776612092900148,0.0007776612092900148,0.0,0.0007768814133815271
2013-07-24,-0.0007564061428088076,-0.0007564061428088076,0.0,-0.0007575758528205908
2013-07-25,0.0010174751115368252,0.0010174751115368252,0.0,0.0010166953153420068
2013-07-26,-0.000875290046016941,-0.000875290046016941,0.0,-0.0008764597614327402
2013-07-29,-0.0013286141502786286,-0.0013286141502786286,0.0,-0.0013297838475068088
2013-07-30,0.00042821496593270503,0.00042821496593270503,0.0,0.00042665540648706657
2013-07-31,0.00010074228124090645,0.00010074228124090645,0.0,9.918270992075261e-05
2013-08-01,0.00434385558530237,0.004620126858069673,0.5525425455347632,0.004342719763297737
2013-08-02,0.0007721957897366405,0.0007721957897366405,0.0,0.0007710621154355103
2013-08-05,0.0002886584337924436,0.0002886584337924436,0.0,0.0002872409033925341
2013-08-06,-0.00153294970218798,-0.00153294970218798,0.0,-0.001534083857312456
2013-08-07,-0.0026758281335181877,-0.0026758281335181877,0.0,-0.002677244957777239
2013-08-08,-0.000123567429411664,-0.000123567429411664,0.0,-0.0001249827315933058
2013-08-09,-0.0011300483449812049,-0.0011300483449812049,0.0,-0.0011314635768659416
2013-08-12,-0.0006467285999910422,-0.0006467285999910422,0.0,-0.0006484261059252002
2013-08-13,0.0032087139823822053,0.0032087139823822053,0.0,0.003207016918738453
2013-08-14,-0.0018257251897102478,-0.0018257251897102478,0.0,-0.0018271412322339263
2013-08-15,-0.004673126293433638,-0.004673126293433638,0.0,-0.004674541296894164
2013-08-16,1.833773782755621e-05,1.833773782755621e-05,0.0,1.692540644006793e-05
2013-08-19,-0.0015981444258333921,-0.0015981444258333921,0.0,-0.0015998392360806726
2013-08-20,0.0017410085956373056,0.0017410085956373056,0.0,0.0017398794543454408
2013-08-21,-0.0015106976788655802,-0.0015106976788655802,0.0,-0.0015118276164321363
2013-08-22,0.0033755502692187633,0.0033755502692187633,0.0,0.0033747033350319537
2013-08-23,-0.0012633658728820052,-0.0012633658728820052,0.0,-0.0012642139628108525
2013-08-26,-0.0023865204302021548,-0.0023865204302021548,0.0,-0.0023876506392988975
2013-08-27,-0.006374031652358503,-0.006374031652358503,0.0,-0.006375443046891737
2013-08-28,0.0007901956296627599,0.0007901956296627599,0.0,0.0007893509973627242
2013-08-29,0.0017348526713003576,0.0017348526713003576,0.0,0.0017342894010546317
2013-08-30,-0.001532520315143171,-0.001532520315143171,0.0,-0.0015333658189879554
2013-09-03,0.0028685577528069217,0.0029897786963872797,0.2424418871606055,0.0028681376986574693
2013-09-04,0.0031177412025487072,0.0031177412025487072,0.0,0.0031173222432853602
2013-09-05,0.0003094737570827899,0.0003094737570827899,0.0,0.00030905363325901884
2013-09-06,-0.0004940946943687852,-0.0004940946943687852,0.0,-0.0004945149337535878
2013-09-09,0.002657539221418981,0.002657539221418981,0.0,0.00265711916662598
2013-09-10,0.0029220593711298815,0.0029220593711298815,0.0,0.0029216383261223898
2013-09-11,-0.0004375663033031607,-0.0004375663033031607,0.0,-0.00043798843391468223
2013-09-12,0.0006933288745551991,0.0006933288745551991,0.0,0.0006931178905673767
2013-09-13,8.038988467440333e-05,8.038988467440333e-05,0.0,8.017877192663895e-05
2013-09-16,0.0024985912123214327,0.0024985912123214327,0.0,0.002498168956969467
2013-09-17,0.0007526705136660095,0.0007526705136660095,0.0,0.000752458923163747
2013-09-18,-0.001044889515075198,-0.001044889515075198,0.0,-0.0010451012448934448
2013-09-19,0.0005992267671224294,0.0005992267671224294,0.0,0.0005990152309109097
2013-09-20,0.0011601577637379012,0.0011601577637379012,0.0,0.0011599461165626346
2013-09-23,-0.0014022253874760304,-0.0014022253874760304,0.0,-0.0014026491110005572
2013-09-24,-0.0014297931290564447,-0.0014297931290564447,0.0,-0.0014302163331311776
2013-09-25,-0.0004848392621810138,-0.0004848392621810138,0.0,-0.0004852619358351816
2013-09-26,0.0009566970197896207,0.0009566970197896207,0.0,0.0009566970197896207
2013-09-27,-0.00010487331427078139,-0.00010487331427078139,0.0,-0.00010529616271891795
2013-09-30,-0.00035938090775167186,-0.00035938090775167186,0.0,-0.00035980371730845884
2013-10-01,0.003812266037574563,0.003929575159481891,0.2346182438148062,0.003811794007268562
2013-10-02,-0.0012213486621378555,-0.0012213486621378555,0.0,-0.0012218209404869938
2013-10-03,-0.0026329833553048188,-0.0026329833553048188,0.0,-0.002633691183346856
2013-10-04,0.00140208420414778,0.00140208420414778,0.0,0.0014013776502651246
2013-10-07,-0.00427607930272178,-0.00427607930272178,0.0,-0.0042767865341542775
2013-10-08,-0.0037961273181718047,-0.0037961273181718047,0.0,-0.0037973025784477773
2013-10-09,0.0013270153405939844,0.0013270153405939844,0.0,0.0013258431625796769
2013-10-10,0.006303868347233621,0.006303868347233621,0.0,0.0063026950931784976
2013-10-11,0.002780277197751868,0.002780277197751868,0.0,0.0027783918638797237
2013-10-14,0.002075912048808304,0.002075912048808304,0.0,0.0020740231403484606
2013-10-15,-0.0025889011067187218,-0.0025889011067187218,0.0,-0.0025922113575785185
2013-10-16,0.002558594866122199,0.002558594866122199,0.0,0.0025562345640507897
2013-10-17,0.001199515499406223,0.001199515499406223,0.0,0.0011983332965715065
2013-10-18,0.0022451763942430425,0.0022451763942430425,0.0,0.002244229863360877
2013-10-21,-0.0002766572052438354,-0.0002766572052438354,0.0,-0.00027760517154649006
2013-10-22,0.0001401718890179371,0.0001401718890179371,0.0,0.00013922409964094325
2013-10-23,-0.002237453628309072,-0.002237453628309072,0.0,-0.0022384015073151366
2013-10-24,0.001348872892835029,0.001348872892835029,0.0,0.0013481630589954523
2013-10-25,0.0006541201469685287,0.0006541201469685287,0.0,0.0006531728385796162
2013-10-28,0.00026228846785536497,0.00026228846785536497,0.0,0.0002613407411076643
2013-10-29,0.0009411687845464201,0.0009411687845464201,0.0,0.0009402208900896028
2013-10-30,-0.0010787875205712227,-0.0010787875205712227,0.0,-0.0010797360162522183
2013-10-31,-0.0006000023584998848,-0.0006000023584998848,0.0,-0.0006009501643008066
2013-11-01,0.0009468337440881047,0.0010834233404142246,0.27317919265237617,0.0009458451857271065
2013-11-04,0.0015507888289369998,0.0015507888289369998,0.0,0.0015495529503382662
2013-11-05,-0.0011603807166183921,-0.0011603807166183921,0.0,-0.0011616177537956522
2013-11-06,0.001570788357548425,0.001570788357548425,0.0,0.001569552188286883
2013-11-07,-0.004426772200577744,-0.004426772200577744,0.0,-0.00442800954287997
2013-11-08,0.0038777831439533728,0.0038777831439533728,0.0,0.0038763023178446606
2013-11-11,0.0008527990178333056,0.0008527990178333056,0.0,0.0008513147147132037
2013-11-12,0.00015697664178393467,0.00015697664178393467,0.0,0.0001549965522770495
2013-11-13,0.001301458564577418,0.001301458564577418,0.0,0.001299478287589219
2013-11-14,0.00034346737919799253,0.00034346737919799253,0.0,0.00034148554986406285
2013-11-15,0.0027430650647066734,0.0027430650647066734,0.0,0.0027410828258345016
2013-11-18,-0.0006457004540812994,-0.0006457004540812994,0.0,-0.0006479341423212614
2013-11-19,0.0006857378524980362,0.0006857378524980362,0.0,0.000683753120140419
2013-11-20,0.0002881177130338308,0.0002881177130338308,0.0,0.000286132165295892
2013-11-21,0.002706096639659261,0.002706096639659261,0.0,0.002704358985710466
2013-11-22,0.00043813131507741687,0.00043813131507741687,0.0,0.0004363908540492511
2013-11-25,-0.0013698594267165243,-0.0013698594267165243,0.0,-0.0013718490442137612
2013-11-26,0.000881833026390888,0.000881833026390888,0.0,0.0008800935333849882
2013-11-27,0.002034508184545647,0.002034508184545647,0.0,0.002032767776752634
2013-11-29,0.00037744003009620997,0.00037744003009620997,0.0,0.0003759464466285962
2013-12-02,0.0015088338929121203,0.0016772410657162062,0.3368143456078961,0.0015078097382100518
2013-12-03,-0.0010382775205753925,-0.0010382775205753925,0.0,-0.0010395087053298286
2013-12-04,-0.0005302333228784928,-0.0005302333228784928,0.0,-0.0005314633126142875
2013-12-05,0.001585860153208829,0.001585860153208829,0.0,0.001584630774075544
2013-12-06,0.003094237040746295,0.003094237040746295,0.0,0.0030930058382704494
2013-12-09,-6.947874004381571e-05,-6.947874004381571e-05,0.0,-7.091928066105668e-05
2013-12-10,-0.003145005954786506,-0.003145005954786506,0.0,-0.0031464464024877382
2013-12-11,-0.00288851882135166,-0.00288851882135166,0.0,-0.0028899550498724903
2013-12-12,0.0022951439912612948,0.0022951439912612948,0.0,0.0022937116490564396
2013-12-13,-0.0010868984341407817,-0.0010868984341407817,0.0,-0.0010883338572429048
2013-12-16,0.0009757784859318885,0.0009757784859318885,0.0,0.0009743445234204742
2013-12-17,-0.000884709474455625,-0.000884709474455625,0.0,-0.0008861447469548074
2013-12-18,0.005989952427493339,0.005989952427493339,0.0,0.00598851834377302
2013-12-19,0.000436349612877196,0.000436349612877196,0.0,0.00043511354048312304
2013-12-20,-0.0011856828302787559,-0.0011856828302787559,0.0,-0.0011871254973135634
2013-12-23,0.0023635367382797146,0.0023635367382797146,0.0,0.0023620956561419765
2013-12-24,0.0007517559346992275,0.0007517559346992275,0.0,0.0007503117006818199
2013-12-26,0.0014668983744532405,0.0014668983744532405,0.0,0.0014654531386894655
2013-12-27,0.0013381817663637996,0.0013381817663637996,0.0,0.0013367345787594622
2013-12-30,0.002125406480532499,0.002125406480532499,0.0,0.002123957514736197
2013-12-31,0.0017121731390772332,0.0017121731390772332,0.0,0.0017107213550053156
2014-01-02,-0.004674979280608005,-0.0044722099001206495,0.4055387609748485,-0.004676620764118103
2014-01-03,-0.002189566975146273,-0.002189566975146273,0.0,-0.0021912171207927617
2014-01-06,-0.0006227181239514268,-0.0006227181239514268,0.0,-0.0006238950319531788
2014-01-07,0.0018853445941022784,0.0018853445941022784,0.0,0.0018844034700873625
2014-01-08,0.0007260536821693808,0.0007260536821693808,0.0,0.0007248757571821592
2014-01-09,0.0010791889515568975,0.0010791889515568975,0.0,0.0010782461436301249
2014-01-10,-0.0018883093104745674,-0.0018883093104745674,0.0,-0.001889488688858831
2014-01-13,-0.003150952712941524,-0.003150952712941524,0.0,-0.0031516594264785593
2014-01-14,0.003339517139921533,0.003339517139921533,0.0,0.0033385768940474405
2014-01-15,0.0018139114695459035,0.0018139114695459035,0.0,0.0018129690700103556
2014-01-16,-0.0006365323167339954,-0.0006365323167339954,0.0,-0.0006374758839467087
2014-01-17,-0.0017257635373912894,-0.0017257635373912894,0.0,-0.0017269424838837772
2014-01-21,0.003050030783591229,0.003050030783591229,0.0,0.0030490887399598912
2014-01-22,-0.00027130892084670233,-0.00027130892084670233,0.0,-0.0002722529265502883
2014-01-23,-0.0008207557977635282,-0.0008207557977635282,0.0,-0.0008216996288878374
2014-01-24,-0.004912587548950187,-0.004912587548950187,0.0,-0.004913530851508559
2014-01-27,-0.00011081684931790736,-0.00011081684931790736,0.0,-0.0001119920033654973
2014-01-28,0.0008222188192936741,0.0008222188192936741,0.0,0.0008210437549038518
2014-01-29,-0.002819279749811221,-0.002819279749811221,0.0,-0.002820220333067062
2014-01-30,0.00235105030762206,0.00235105030762206,0.0,0.002350580930211522
2014-01-31,-0.004242210425854265,-0.004242210425854265,0.0,-0.004242680563859643
2014-02-03,-0.007589547390834506,-0.0071037067955044275,0.9716811906604281,-0.00759049040462538
2014-02-04,0.0010199069215517387,0.0010199069215517387,0.0,0.0010187814406519022
2014-02-05,0.00010887423415240072,0.00010887423415240072,0.0,0.00010755968074992337
2014-02-06,0.0020210373071865018,0.0020210373071865018,0.0,0.002019722594493934
2014-02-07,0.00047695141208570213,0.00047695141208570213,0.0,0.00047544551078545317
2014-02-10,0.0007997056363717725,0.0007997056363717725,0.0,0.0007983872766625461
2014-02-11,0.001731591165520241,0.001731591165520241,0.0,0.0017306486470334643
2014-02-12,0.0006992302887895985,0.0006992302887895985,0.0,0.0006982859697805185
2014-02-13,-0.0024960473073121214,-0.0024960473073121214,0.0,-0.0024966143346518894
2014-02-14,-0.001415870174267142,-0.001415870174267142,0.0,-0.0014162471524591285
2014-02-18,-0.00035131045404690475,-0.00035131045404690475,0.0,-0.00035225142254989057
2014-02-19,-0.0023806903921054223,-0.0023806903921054223,0.0,-0.0023818191143874807
2014-02-20,0.00075161448700789,0.00075161448700789,0.0,0.0007506763753447995
2014-02-21,-0.00041480624570189306,-0.00041480624570189306,0.0,-0.0004157451429747768
2014-02-24,0.000884928655126016,0.000884928655126016,0.0,0.000883990191600866
2014-02-25,-0.0008089702674289878,-0.0008089702674289878,0.0,-0.0008099096554735626
2014-02-26,0.0008889680442187853,0.0008889680442187853,0.0,0.0008880295020212149
2014-02-27,-0.0023826074478381365,-0.0023826074478381365,0.0,-0.0023833590245289195
2014-02-28,-0.00028543353625054557,-0.00028543353625054557,0.0,-0.0002863705121640846
2014-03-03,-0.0043048046847381505,-0.0037733405230225836,1.0629283234310731,-0.0043067602951485685
2014-03-04,0.005905941695346195,0.005905941695346195,0.0,0.005903974582303822
2014-03-05,-0.000572183602449039,-0.000572183602449039,0.0,-0.0005745442579719474
2014-03-06,-2.927230729543595e-05,-2.927230729543595e-05,0.0,-3.1239510547711045e-05
2014-03-07,4.6614397475330804e-05,4.6614397475330804e-05,0.0,4.4253754167094116e-05
2014-03-10,2.871635267576167e-05,2.871635267576167e-05,0.0,2.6749149130021877e-05
2014-03-11,-0.0013661626641169322,-0.0013661626641169322,0.0,-0.0013681298681486374
2014-03-12,-0.0005169571484624491,-0.0005169571484624491,0.0,-0.0005189243293430204
2014-03-13,-0.0038026564176408817,-0.0038026564176408817,0.0,-0.0038046235897565123
2014-03-14,-0.0018502027281915856,-0.0018502027281915856,0.0,-0.0018521698355875704
2014-03-17,0.0036244583080324855,0.0036244583080324855,0.0,0.0036220978170149742
2014-03-18,0.0024977503866445705,0.0024977503866445705,0.0,0.0024957832492186987
2014-03-19,-0.0031886898886797077,-0.0031886898886797077,0.0,-0.003191050504386689
2014-03-20,0.00015157383628161547,0.00015157383628161547,0.0,0.0001492132856294205
2014-03-21,-0.0021455457113181975,-0.0021455457113181975,0.0,-0.002147906265062292
2014-03-24,-0.0010710797996125176,-0.0010710797996125176,0.0,-0.0010734403094963
2014-03-25,0.0009675489779723545,0.0009675489779723545,0.0,0.0009655819046683881
2014-03-26,-0.0016459276220179841,-0.0016459276220179841,0.0,-0.001647894711806272
2014-03-27,-0.0016690779740421435,-0.0016690779740421435,0.0,-0.001670651623402196
2014-03-28,0.0021989142992075994,0.0021989142992075994,0.0,0.002197340672672275
2014-03-31,0.003273734234879866,0.003273734234879866,0.0,0.0032717671642053473
2014-04-01,0.002015469539516923,0.002291838171445626,0.552737263857246,0.0020144165705003525
2014-04-02,-0.000491678022690345,-0.000491678022690345,0.0,-0.0004922043142309014
2014-04-03,-0.0007788035026041751,-0.0007788035026041751,0.0,-0.0007793296626253974
2014-04-04,-0.002620299606019505,-0.002620299606019505,0.0,-0.0026210885333236593
2014-04-07,-0.0015556930051932039,-0.0015556930051932039,0.0,-0.0015564808775547037
2014-04-08,0.0005865900499306687,0.0005865900499306687,0.0,0.0005858028048730216
2014-04-09,0.0038898474826514207,0.0038898474826514207,0.0,0.003888797507384285
2014-04-10,-0.005120434725150225,-0.005120434725150225,0.0,-0.005121486782436059
2014-04-11,-0.0031615302240873833,-0.0031615302240873833,0.0,-0.0031625795265839917
2014-04-14,0.0015796213591741104,0.0015796213591741104,0.0,0.0015785737629723908
2014-04-15,0.0013731392734743775,0.0013731392734743775,0.0,0.001372090826087054
2014-04-16,0.0017105192559379034,0.0017105192559379034,0.0,0.0017094700696433378
2014-04-17,0.0005843035083692438,0.0005843035083692438,0.0,0.0005835159294847197
2014-04-21,0.000947175244192966,0.000947175244192966,0.0,0.000946124825311152
2014-04-22,0.0008518096978722411,0.0008518096978722411,0.0,0.0008510215026802777
2014-04-23,-0.0006827174433443606,-0.0006827174433443606,0.0,-0.0006832431350558144
2014-04-24,-0.0005129919501773994,-0.0005129919501773994,0.0,-0.0005132547045004657
2014-04-25,-0.002008416320261275,-0.002008416320261275,0.0,-0.0020092043767924277
2014-04-28,0.001531479106546385,0.001531479106546385,0.0,0.001530691859867965
2014-04-29,0.001037159537399912,0.001037159537399912,0.0,0.0010366342952187833
2014-04-30,0.0011671656738141412,0.0011671656738141412,0.0,0.0011663773934012613
2014-05-01,-3.823118597845454e-05,0.0001289412258067557,0.3343448235705025,-3.9055551027014454e-05
2014-05-02,-0.0018146736274409214,-0.0018146736274409214,0.0,-0.0018152224987867214
2014-05-05,0.0005914438604124328,0.0005914438604124328,0.0,0.0005906212208972467
2014-05-06,-0.0012443000833231022,-0.0012443000833231022,0.0,-0.0012451229402644362
2014-05-07,0.002266121175775071,0.002266121175775071,0.0,0.002265298776832287
2014-05-08,-0.0010374089002734843,-0.0010374089002734843,0.0,-0.0010382321314379983
2014-05-09,-0.0008834359281330029,-0.0008834359281330029,0.0,-0.0008842587779186125
2014-05-12,0.0007552828064518735,0.0007552828064518735,0.0,0.0007544602817278091
2014-05-13,-0.0007527573209830107,-0.0007527573209830107,0.0,-0.000753580123404751
2014-05-14,-0.002419892582954608,-0.002419892582954608,0.0,-0.0024207151083987305
2014-05-15,-0.0008795016729237215,-0.0008795016729237215,0.0,-0.0008803233058066595
2014-05-16,0.0009215219226126337,0.0009215219226126337,0.0,0.0009207006144135617
2014-05-19,0.0016252533188509943,0.0016252533188509943,0.0,0.001624431670768735
2014-05-20,-0.000817936427104371,-0.000817936427104371,0.0,-0.0008187586736530777
2014-05-21,0.0006574619262496029,0.0006574619262496029,0.0,0.0006563659994313168
2014-05-22,-0.0007125720198174479,-0.0007125720198174479,0.0,-0.0007133942070671189
2014-05-23,0.0004979391466843897,0.0004979391466843897,0.0,0.0004968432471775347
2014-05-27,0.0026353313521649824,0.0026353313521649824,0.0,0.002634235208091574
2014-05-28,-0.0028230433190851167,-0.0028230433190851167,0.0,-0.0028241407541192112
2014-05-29,0.0011445754530789998,0.0011445754530789998,0.0,0.0011434794048744857
2014-05-30,0.0013672869921039776,0.0013672869921039776,0.0,0.0013661903822657325
2014-06-02,-0.0035653937753964415,-0.00298864171108415,1.1535041286247358,-0.0035679165018535496
2014-06-03,-0.001886429891998831,-0.001886429891998831,0.0,-0.0018889570817011156
2014-06-04,-0.00019244910444315977,-0.00019244910444315977,0.0,-0.0001949780705295037
2014-06-05,0.004476934673200761,0.004476934673200761,0.0,0.004474405525857044
2014-06-06,0.0015432906971653004,0.0015432906971653004,0.0,0.001540765747610282
2014-06-09,-0.0024704824609133036,-0.0024704824609133036,0.0,-0.0024730059656347344
2014-06-10,-0.002774498259635605,-0.002774498259635605,0.0,-0.0027770240829585228
2014-06-11,-0.0006206657822764861,-0.0006206657822764861,0.0,-0.000623194216771017
2014-06-12,0.00047701251029996783,0.00047701251029996783,0.0,0.0004744834913136707
2014-06-13,0.0005569635399140793,0.0005569635399140793,0.0,0.0005544349699245856
2014-06-16,0.00030458263351174075,0.00030458263351174075,0.0,0.00030205458748260147
2014-06-17,-0.0028994297950504233,-0.0028994297950504233,0.0,-0.0029019575546323896
2014-06-18,0.006260762301898204,0.006260762301898204,0.0,0.0062588644311709326
2014-06-19,-0.002263174880234753,-0.002263174880234753,0.0,-0.0022644371932037874
2014-06-20,0.0015500012150320153,0.0015500012150320153,0.0,0.001548737838992604
2014-06-23,-0.0012191163677407468,-0.0012191163677407468,0.0,-0.0012210103413779667
2014-06-24,0.000556426063613058,0.000556426063613058,0.0,0.0005545312312837407
2014-06-25,0.002512537673728499,0.002512537673728499,0.0,0.002510643233103341
2014-06-26,0.0005318437597894299,0.0005318437597894299,0.0,0.0005293201913615953
2014-06-27,0.0013116076874197802,0.0013116076874197802,0.0,0.0013097153843611446
2014-06-30,-0.00020217785894494078,-0.00020217785894494078,0.0,-0.00020469970393547642
2014-07-01,0.00012679315383534728,0.0005592797406215322,0.8649731735725469,0.00012528255684697524
2014-07-02,-0.0018877046227221417,-0.0018877046227221417,0.0,-0.001889214965351638
2014-07-03,-0.0007325134158593372,-0.0007325134158593372,0.0,-0.0007332692649046862
2014-07-07,-0.0026163444532842917,-0.0026163444532842917,0.0,-0.0026193689021953835
2014-07-08,-0.0007539010292104686,-0.0007539010292104686,0.0,-0.0007561721933456974
2014-07-09,0.0021173296356202798,0.0021173296356202798,0.0,0.0021150576561386066
2014-07-10,-0.0024545266226684292,-0.0024545266226684292,0.0,-0.002456039752282383
2014-07-11,0.0008864733073017383,0.0008864733073017383,0.0,0.0008849584073625555
2014-07-14,0.00034294600524686913,0.00034294600524686913,0.0,0.00034067461354084683
2014-07-15,-0.00490814318331656,-0.00490814318331656,0.0,-0.004909657197408193
2014-07-16,0.0015897841339966856,0.0015897841339966856,0.0,0.001588266566819791
2014-07-17,-0.0005066117651285618,-0.0005066117651285618,0.0,-0.0005081281832614079
2014-07-18,0.002545643973608236,0.002545643973608236,0.0,0.002544127189127356
2014-07-21,0.0010354764955227136,0.0010354764955227136,0.0,0.0010332040730514234
2014-07-22,0.001659353888605386,0.001659353888605386,0.0,0.0016570825853051635
2014-07-23,0.002275425234486317,0.002275425234486317,0.0,0.0022731557216896826
2014-07-24,-0.0032979643870726383,-0.0032979643870726383,0.0,-0.003300231450176243
2014-07-25,0.0017140380740015004,0.0017140380740015004,0.0,0.001711767448604279
2014-07-28,4.496169476730927e-07,4.496169476730927e-07,0.0,-2.5754192500926926e-06
2014-07-29,-0.0020743597676846637,-0.0020743597676846637,0.0,-0.002075872285460332
2014-07-30,-0.004887669516826287,-0.004887669516826287,0.0,-0.0048906975409544985
2014-07-31,-0.01082211709610148,-0.01082211709610148,0.0,-0.010824393421469564
2014-08-01,0.0023915114506831703,0.0028697781364486197,0.9565333715305105,0.0023898618754347074
2014-08-04,0.002558192453353536,0.002558192453353536,0.0,0.0025559957156201115
2014-08-05,-0.005603967732291881,-0.005603967732291881,0.0,-0.005605614119284377
2014-08-06,-0.0008094638623891148,-0.0008094638623891148,0.0,-0.0008111128186893511
2014-08-07,-0.002111433981092259,-0.002111433981092259,0.0,-0.00211308330881623
2014-08-08,0.004717211483770356,0.004717211483770356,0.0,0.004715561185161706
2014-08-11,0.003954213697242803,0.003954213697242803,0.0,0.003952016177625436
2014-08-12,-0.0018650050572243115,-0.0018650050572243115,0.0,-0.0018666513943657208
2014-08-13,0.004714194168305541,0.004714194168305541,0.0,0.004711997916421612
2014-08-14,0.004196523431444499,0.004196523431444499,0.0,0.004194330036800921
2014-08-15,0.0024810997956590253,0.0024810997956590253,0.0,0.002479456649317239
2014-08-18,0.0032879547545068277,0.0032879547545068277,0.0,0.0032863127285051854
2014-08-19,-0.0008243089739766729,-0.0008243089739766729,0.0,-0.0008259495201685141
2014-08-20,-0.004024536736370488,-0.004024536736370488,0.0,-0.004026724626363355
2014-08-21,0.0012867390517483646,0.0012867390517483646,0.0,0.0012856438933233924
2014-08-22,-0.0019205726813905644,-0.0019205726813905644,0.0,-0.0019222148378334031
2014-08-25,0.0008587021567929565,0.0008587021567929565,0.0,0.0008565114559971357
2014-08-26,0.0009967548274045779,0.0009967548274045779,0.0,0.0009951121900794537
2014-08-27,0.001953188900299274,0.001953188900299274,0.0,0.0019509993175257886
2014-08-28,-0.0018568261478015824,-0.0018568261478015824,0.0,-0.0018584674543248947
2014-08-29,-0.00011306861208415508,-0.00011306861208415508,0.0,-0.00011471075727828345
2014-09-02,-0.00015735848269027297,0.000554600798079008,1.4239185615386802,-0.00015893905640106953
2014-09-03,-5.1556763998483746e-05,-5.1556763998483746e-05,0.0,-5.313792531364359e-05
2014-09-04,-0.0020305064736142464,-0.0020305064736142464,0.0,-0.0020320876550729058
2014-09-05,0.0016361337688295396,0.0016361337688295396,0.0,0.001634551792427166
2014-09-08,-0.001373625212298224,-0.001373625212298224,0.0,-0.0013746794368995339
2014-09-09,-0.0069934041515121725,-0.0069934041515121725,0.0,-0.006994458734536573
2014-09-10,0.0004447534872920045,0.0004447534872920045,0.0,0.0004436970666115867
2014-09-11,2.5202568609383746e-05,2.5202568609383746e-05,0.0,2.4146264744835208e-05
2014-09-12,-0.007470918864155296,-0.007470918864155296,0.0,-0.007471975161400479
2014-09-15,-0.0020355255524144855,-0.0020355255524144855,0.0,-0.0020365838266398566
2014-09-16,0.0028122225155402525,0.0028122225155402525,0.0,0.0028111637015684567
2014-09-17,4.7884743034298793e-05,4.7884743034298793e-05,0.0,4.68266726691753e-05
2014-09-18,0.002454345462893359,0.002454345462893359,0.0,0.002453287405189293
2014-09-19,0.004888569246701113,0.004888569246701113,0.0,0.00488751183635411
2014-09-22,-0.0028373509419659104,-0.0028373509419659104,0.0,-0.0028378790055723366
2014-09-23,-0.0020745627055976934,-0.0020745627055976934,0.0,-0.0020750911426325245
2014-09-24,0.0024515705272765143,0.0024515705272765143,0.0,0.002450513105998442
2014-09-25,-0.00496915684326904,-0.00496915684326904,0.0,-0.004969685231372822
2014-09-26,0.0029056389117274595,0.0029056389117274595,0.0,0.0029051098666031143
2014-09-29,-0.0022287259768583034,-0.0022287259768583034,0.0,-0.002229783300967548
2014-09-30,0.003686880510149093,0.003686880510149093,0.0,0.0036858225970716318
2014-10-01,-0.0005388388282754342,9.001005070485846e-05,1.2576977579602473,-0.0005397228821489326
2014-10-02,-0.003027806738435612,-0.003027806738435612,0.0,-0.0030282484921128035
2014-10-03,0.009877596997663662,0.009877596997663662,0.0,0.009877155107539184
2014-10-06,-0.0053648070271102855,-0.0053648070271102855,0.0,-0.005365689925804446
2014-10-07,-0.0022532960056645956,-0.0022532960056645956,0.0,-0.0022541793857390325
2014-10-08,0.006104361099523503,0.006104361099523503,0.0,0.006103919308164662
2014-10-09,-0.005819882090291162,-0.005819882090291162,0.0,-0.005820323608826944
2014-10-10,-0.0016181439991717061,-0.0016181439991717061,0.0,-0.0016185857793389515
2014-10-13,-0.0035279564181778245,-0.0035279564181778245,0.0,-0.0035283982712062617
2014-10-14,0.005255297289922245,0.005255297289922245,0.0,0.005254413265029487
2014-10-15,-0.0023086011750622637,-0.0023086011750622637,0.0,-0.00230948472749518
2014-10-16,-0.0011460042078582644,-0.0011460042078582644,0.0,-0.001147329848548562
2014-10-17,0.0030130421765834914,0.0030130421765834914,0.0,0.003012158312738757
2014-10-20,0.0035280910878734417,0.0035280910878734417,0.0,0.003527207495027903
2014-10-21,0.00402671276679567,0.00402671276679567,0.0,0.004025829490158272
2014-10-22,0.00142477163777599,0.00142477163777599,0.0,0.0014238887205887188
2014-10-23,0.0026248770771857277,0.0026248770771857277,0.0,0.0026244356820937296
2014-10-24,0.00113021475402042,0.00113021475402042,0.0,0.0011297734756121128
2014-10-27,-0.00016399115839926814,-0.00016399115839926814,0.0,-0.00016487361484642278
2014-10-28,0.002138749856925859,0.002138749856925859,0.0,0.0021378673859129738
2014-10-29,0.0015118284035975371,0.0015118284035975371,0.0,0.0015105049814164277
2014-10-30,0.006019838976968783,0.006019838976968783,0.0,0.006019397903137786
2014-10-31,0.013646768882055627,0.013646768882055627,0.0,0.013646328072999179
2014-11-03,0.004084052710973118,0.00434959244192612,0.5310794619060922,0.004083224851731239
2014-11-04,-0.0006506257721815567,-0.0006506257721815567,0.0,-0.0006518638883572367
2014-11-05,0.0018644260742433083,0.0018644260742433083,0.0,0.0018631879270516465
2014-11-06,-0.0007459931236314388,-0.0007459931236314388,0.0,-0.0007472311821094432
2014-11-07,-0.00011801364661745417,-0.00011801364661745417,0.0,-0.00011925174061801744
2014-11-10,0.001769368292066309,0.001769368292066309,0.0,0.0017685428923191237
2014-11-11,-0.0006483036623787797,-0.0006483036623787797,0.0,-0.000649129006049593
2014-11-12,0.00014831670591863855,0.00014831670591863855,0.0,0.00014749134168788776
2014-11-13,0.002123841880949273,0.002123841880949273,0.0,0.0021230165214214574
2014-11-14,-0.002225005884439968,-0.002225005884439968,0.0,-0.0022258311767661717
2014-11-17,-0.0010045148297865847,-0.0010045148297865847,0.0,-0.0010057528741152777
2014-11-18,0.0008323543632826613,0.0008323543632826613,0.0,0.0008315289685095678
2014-11-19,-0.0020525219028684205,-0.0020525219028684205,0.0,-0.0020529345870548346
2014-11-20,-0.00011961841374696913,-0.00011961841374696913,0.0,-0.00012044384735471928
2014-11-21,0.003878529968357247,0.003878529968357247,0.0,0.00387811724965224
2014-11-24,0.002081432060940358,0.002081432060940358,0.0,0.002080606746339369
2014-11-25,0.0012236512768040164,0.0012236512768040164,0.0,0.001222826027972197
2014-11-26,0.0028606487715050477,0.0028606487715050477,0.0,0.0028598235612909534
2014-11-28,0.006730296599600338,0.006730296599600338,0.0,0.006729471479409137
2014-12-01,-0.007552903471018779,-0.007433328714052667,0.239149513932061,-0.00755417333582868
2014-12-02,0.0018621266982787876,0.0018621266982787876,0.0,0.001860853999945504
2014-12-03,0.0010104453683674741,0.0010104453683674741,0.0,0.0010100211865308698
2014-12-04,0.0018570560685280402,0.0018570560685280402,0.0,0.0018562077600834017
2014-12-05,-0.00010763333790753116,-0.00010763333790753116,0.0,-0.00010848154503799318
2014-12-08,-2.1450534687827982e-05,-2.1450534687827982e-05,0.0,-2.2722854192590125e-05
2014-12-09,-0.0017058925310619033,-0.0017058925310619033,0.0,-0.00170758895940908
2014-12-10,-0.0028864011956409863,-0.0028864011956409863,0.0,-0.0028876736567588442
2014-12-11,0.0015275202637397012,0.0015275202637397012,0.0,0.0015262475652954317
2014-12-12,-0.0016430721012702376,-0.0016430721012702376,0.0,-0.0016439204832966836
2014-12-15,-0.0002416182962280411,-0.0002416182962280411,0.0,-0.0002433152404316569
2014-12-16,-0.0007688679707443802,-0.0007688679707443802,0.0,-0.0007701406987706404
2014-12-17,0.006026519955832699,0.006026519955832699,0.0,0.006025247164516975
2014-12-18,0.0035327931513156052,0.0035327931513156052,0.0,0.003531096753697381
2014-12-19,0.0018917327374776693,0.0018917327374776693,0.0,0.0018900367239163625
2014-12-22,0.004690317343856831,0.004690317343856831,0.0,0.004688197583487313
2014-12-23,-0.004096767561838965,-0.004096767561838965,0.0,-0.004098039038144432
2014-12-24,0.0010291894633600585,0.0010291894633600585,0.0,0.0010287655268570023
2014-12-26,0.0013276499108325623,0.0013276499108325623,0.0,0.0013272260022032837
2014-12-29,0.0032288866412177875,0.0032288866412177875,0.0,0.00322761502305808
2014-12-30,-0.0025831653844449187,-0.0025831653844449187,0.0,-0.002584436741449646
2014-12-31,-9.525514283048597e-05,-9.525514283048597e-05,0.0,-9.695056479627439e-05
2015-01-02,0.005003426166172664,0.005162989677159446,0.3191270219738289,0.005002788491940611
2015-01-05,0.0027074937221862605,0.0027074937221862605,0.0,0.0027065404177682314
2015-01-06,0.0017302921211115319,0.0017302921211115319,0.0,0.001729338176286316
2015-01-07,0.0017873116303488423,0.0017873116303488423,0.0,0.0017863572769621994
2015-01-08,-2.5420891446970018e-05,-2.5420891446970018e-05,0.0,-2.637566610570185e-05
2015-01-09,0.0006382005541429869,0.0006382005541429869,0.0,0.0006375640416984293
2015-01-12,0.001358558340411431,0.001358558340411431,0.0,0.0013576034214118648
2015-01-13,-0.0007045479001901445,-0.0007045479001901445,0.0,-0.0007055031387737235
2015-01-14,0.0004267229850141163,0.0004267229850141163,0.0,0.0004254495547066954
2015-01-15,0.002590011946819404,0.002590011946819404,0.0,0.002589056773679618
2015-01-16,-0.003460864792785512,-0.003460864792785512,0.0,-0.003461820573788637
2015-01-20,0.001147782021877708,0.001147782021877708,0.0,0.0011468270559437381
2015-01-21,-0.0027930662283437435,-0.0027930662283437435,0.0,-0.0027940214642822453
2015-01-22,0.0028594244397417423,0.0028594244397417423,0.0,0.0028584698626851444
2015-01-23,0.004035780283296653,0.004035780283296653,0.0,0.0040351434501839445
2015-01-26,0.00013729446347743313,0.00013729446347743313,0.0,0.0001363382683016712
2015-01-27,-0.002917423150372578,-0.002917423150372578,0.0,-0.0029180606352637996
2015-01-28,0.003486062728997874,0.003486062728997874,0.0,0.0034854257010417445
2015-01-29,0.0008618227986261218,0.0008618227986261218,0.0,0.0008608664405415241
2015-01-30,0.0006923586317097996,0.0006923586317097996,0.0,0.000691720925257013
2015-02-02,-0.0004224897022849783,-0.00025557053824387665,0.33383832808223274,-0.0004230375154534532
2015-02-03,-0.004752005614642396,-0.004752005614642396,0.0,-0.004752554777561095
2015-02-04,0.002456002780439004,0.002456002780439004,0.0,0.0024557287826571703
2015-02-05,-0.002031875685015616,-0.002031875685015616,0.0,-0.0020324242824310613
2015-02-06,-0.0041631518842791815,-0.0041631518842791815,0.0,-0.004163699982762859
2015-02-09,-0.0023247594789882475,-0.0023247594789882475,0.0,-0.0023250330149574734
2015-02-10,0.002183061949488696,0.002183061949488696,0.0,0.002182788700805607
2015-02-11,0.0013918103045278407,0.0013918103045278407,0.0,0.001391536786656784
2015-02-12,-0.001560145163037041,-0.001560145163037041,0.0,-0.0015606925415434616
2015-02-13,-0.0024738345037278453,-0.0024738345037278453,0.0,-0.0024741080005706083
2015-02-17,-0.001853937419290519,-0.001853937419290519,0.0,-0.0018544838012739308
2015-02-18,0.0027044819728543334,0.0027044819728543334,0.0,0.0027039360501432837
2015-02-19,-0.0008931100400929592,-0.0008931100400929592,0.0,-0.0008936566309730913
2015-02-20,0.0018694106179006909,0.0018694106179006909,0.0,0.0018688642478694904
2015-02-23,0.0028643679417608148,0.0028643679417608148,0.0,0.00286382111032289
2015-02-24,0.0012986334688502854,0.0012986334688502854,0.0,0.0012980859324501818
2015-02-25,0.00037670603321759977,0.00037670603321759977,0.0,0.00037615817761962856
2015-02-26,-0.00022011082274264737,-0.00022011082274264737,0.0,-0.0002209327449761033
2015-02-27,0.00041157262764257574,0.00041157262764257574,0.0,0.00041102473358065484
2015-03-02,0.00022304784791216115,0.0004110013449514227,0.3759069940783917,0.00022243988088740488
2015-03-03,-0.0017619636339433198,-0.0017619636339433198,0.0,-0.001762571807218521
2015-03-04,-0.0004158965333644904,-0.0004158965333644904,0.0,-0.0004162004563113527
2015-03-05,0.001779484746145421,0.001779484746145421,0.0,0.0017788769775594622
2015-03-06,-0.0034603295076592877,-0.0034603295076592877,0.0,-0.0034606335570457622
2015-03-09,0.0019840724749018435,0.0019840724749018435,0.0,0.001983465020429519
2015-03-10,-0.00045206038379552727,-0.00045206038379552727,0.0,-0.0004526682069633292
2015-03-11,0.002747697980166386,0.002747697980166386,0.0,0.0027467863714796337
2015-03-12,0.0023989178167882486,0.0023989178167882486,0.0,0.0023980054439574567
2015-03-13,0.0011942103725370856,0.0011942103725370856,0.0,0.0011932973341557903
2015-03-16,0.0018657097646510579,0.0018657097646510579,0.0,0.0018641874824757046
2015-03-17,0.0008334150326831935,0.0008334150326831935,0.0,0.0008318918904440999
2015-03-18,0.002690572620948961,0.002690572620948961,0.0,0.00268965850528249
2015-03-19,0.00029538311742838275,0.00029538311742838275,0.0,0.00029446826018910755
2015-03-20,0.00011173560012123218,0.00011173560012123218,0.0,0.00011143062057842577
2015-03-23,-0.002491369574833757,-0.002491369574833757,0.0,-0.0024922845442460918
2015-03-24,0.001041291141289813,0.001041291141289813,0.0,0.0010406816204172732
2015-03-25,-0.005303265158970172,-0.005303265158970172,0.0,-0.005304484583782078
2015-03-26,-0.002504078626682338,-0.002504078626682338,0.0,-0.0025049917242790354
2015-03-27,0.0035925979132775954,0.0035925979132775954,0.0,0.0035913813782439343
2015-03-30,0.004409139735981782,0.004409139735981782,0.0,0.0044079218737012385
2015-03-31,-9.782081742693016e-05,-9.782081742693016e-05,0.0,-9.873543045656215e-05
2015-04-01,-0.0005504523831693087,-0.0004680350976551395,0.16483457102839147,-0.0005512278348600238
2015-04-02,-0.0009964137045977983,-0.0009964137045977983,0.0,-0.000996930354846623
2015-04-06,0.00022626423436467036,0.00022626423436467036,0.0,0.00022548967341507926
2015-04-07,0.0012861639021208848,0.0012861639021208848,0.0,0.0012856474654308538
2015-04-08,0.0034714493104075483,0.0034714493104075483,0.0,0.003470674121245317
2015-04-09,0.0011559282101405444,0.0011559282101405444,0.0,0.0011551515843177397
2015-04-10,-0.00043657536007590814,-0.00043657536007590814,0.0,-0.0004370934291770971
2015-04-13,0.001143086830348583,0.001143086830348583,0.0,0.001142309907243887
2015-04-14,-0.00038556594528649235,-0.00038556594528649235,0.0,-0.000386084208814513
2015-04-15,-0.000666104476866547,-0.000666104476866547,0.0,-0.000666622634173661
2015-04-16,-0.0005375963826602659,-0.0005375963826602659,0.0,-0.0005381143563376186
2015-04-17,-0.00195473802610735,-0.00195473802610735,0.0,-0.001954996938804658
2015-04-20,0.0022446233504176405,0.0022446233504176405,0.0,0.0022438474226593006
2015-04-21,0.0009456574712276566,0.0009456574712276566,0.0,0.0009448806150481817
2015-04-22,-7.773465533000845e-05,-7.773465533000845e-05,0.0,-7.851190228279933e-05
2015-04-23,-0.0013764389709228775,-0.0013764389709228775,0.0,-0.0013772161857509388
2015-04-24,0.0010926291590946935,0.0010926291590946935,0.0,0.0010918525138797143
2015-04-27,-0.0012396334048978552,-0.0012396334048978552,0.0,-0.00124015146948803
2015-04-28,-0.0025346743571069696,-0.0025346743571069696,0.0,-0.002535192079647264
2015-04-29,-0.0039247938342875655,-0.0039247938342875655,0.0,-0.003925052344974965
2015-04-30,-0.0025366760148475276,-0.0025366760148475276,0.0,-0.002536933980539213
2015-05-01,0.0017630481377672869,0.0018910463520627196,0.25599642859138894,0.001762747020488137
2015-05-04,-0.0001798602529746729,-0.0001798602529746729,0.0,-0.00018046249065974777
2015-05-05,-0.007030645613751774,-0.007030645613751774,0.0,-0.00703094671537741
2015-05-06,-0.0040409088216526445,-0.0040409088216526445,0.0,-0.004041509669373841
2015-05-07,0.004542507931910356,0.004542507931910356,0.0,0.004542207899180098
2015-05-08,0.00477449361244342,0.00477449361244342,0.0,0.004774193142019932
2015-05-11,-0.004103077166530689,-0.004103077166530689,0.0,-0.004103679023097974
2015-05-12,-0.002398588719653816,-0.002398588719653816,0.0,-0.0023994903192216697
2015-05-13,-0.0023398605568513142,-0.0023398605568513142,0.0,-0.002340461160188432
2015-05-14,0.002518303411288114,0.002518303411288114,0.0,0.002518003336001322
2015-05-15,0.002894958633311129,0.002894958633311129,0.0,0.0028943579966693466
2015-05-18,-0.00013882087205852045,-0.00013882087205852045,0.0,-0.000139422065855347
2015-05-19,0.0032823550746037267,0.0032823550746037267,0.0,0.0032817539075276577
2015-05-20,0.0008352922799317319,0.0008352922799317319,0.0,0.0008346904831227627
2015-05-21,0.0006919664946456461,0.0006919664946456461,0.0,0.0006913645377162719
2015-05-22,0.0026013427907771725,0.0026013427907771725,0.0,0.00260074070129379
2015-05-26,0.0034431859604504567,0.0034431859604504567,0.0,0.0034425833739433697
2015-05-27,0.0037041874166992006,0.0037041874166992006,0.0,0.0037038857956394203
2015-05-28,-0.001816352802092247,-0.001816352802092247,0.0,-0.0018166547745052564
2015-05-29,-0.0023516860928445293,-0.0023516860928445293,0.0,-0.002351987892657553
2015-06-01,0.0011108180631409503,0.0013309476574239198,0.4402591885662471,0.0011104241697637452
2015-06-02,-0.005340728860376287,-0.005340728860376287,0.0,-0.00534092586695672
2015-06-03,-0.00038671238954357534,-0.00038671238954357534,0.0,-0.00038710425688797746
2015-06-04,0.0014045257493453533,0.0014045257493453533,0.0,0.0014041340374356976
2015-06-05,0.0006734076414687262,0.0006734076414687262,0.0,0.0006728192279916588
2015-06-08,-0.0031895374837707102,-0.0031895374837707102,0.0,-0.003189930029529284
2015-06-09,-0.002301526669002407,-0.002301526669002407,0.0,-0.0023019179313278786
2015-06-10,-0.0024301844156998653,-0.0024301844156998653,0.0,-0.0024305747497811673
2015-06-11,0.004423411931039345,0.004423411931039345,0.0,0.004423217255259543
2015-06-12,-0.00031849810266526557,-0.00031849810266526557,0.0,-0.0003188892347310133
2015-06-15,-0.0003478512628177777,-0.0003478512628177777,0.0,-0.00034824226664122935
2015-06-16,0.0010246519378538377,0.0010246519378538377,0.0,0.001024456505997109
2015-06-17,-0.001043709203908616,-0.001043709203908616,0.0,-0.0010439048419123968
2015-06-18,-2.7265342684379412e-05,-2.7265342684379412e-05,0.0,-2.746077048763811e-05
2015-06-19,0.0016365892815575211,0.0016365892815575211,0.0,0.0016363938592455867
2015-06-22,-0.0009226789701048954,-0.0009226789701048954,0.0,-0.0009228747214923984
2015-06-23,0.0011736959579657924,0.0011736959579657924,0.0,0.001173500392276389
2015-06-24,-0.00013969752903375543,-0.00013969752903375543,0.0,-0.00013989333066394125
2015-06-25,-0.0013488891422301919,-0.0013488891422301919,0.0,-0.0013490849157739306
2015-06-26,-0.0016607156048413785,-0.0016607156048413785,0.0,-0.0016609111068221472
2015-06-29,-0.002242527044904352,-0.002242527044904352,0.0,-0.0022429173790716747
2015-06-30,-0.0006237123564898361,-0.0006237123564898361,0.0,-0.000623907070332872
2015-07-01,0.0035388358364820682,0.003741517970867081,0.40536426877024584,0.003538674229125075
2015-07-02,-0.0002030895182464354,-0.0002030895182464354,0.0,-0.00020325134827312382
2015-07-06,0.004109149102429432,0.004109149102429432,0.0,0.004108825537845638
2015-07-07,0.0038086560697772054,0.0038086560697772054,0.0,0.003808330581444056
2015-07-08,-0.0012852275093000465,-0.0012852275093000465,0.0,-0.0012855547739376598
2015-07-09,-0.002543248819649957,-0.002543248819649957,0.0,-0.0025437388163308417
2015-07-10,-0.002004511523003072,-0.002004511523003072,0.0,-0.0020046742598846933
2015-07-13,0.0022979568368428627,0.0022979568368428627,0.0,0.0022976323034308165
2015-07-14,0.0011700125834808173,0.0011700125834808173,0.0,0.0011698497790048194
2015-07-15,0.0031003185256126553,0.0031003185256126553,0.0,0.0030999923696857826
2015-07-16,0.002329630798104665,0.002329630798104665,0.0,0.0023293031972744563
2015-07-17,0.002634434847496925,0.002634434847496925,0.0,0.002633941821450277
2015-07-20,0.0029069115560014236,0.0029069115560014236,0.0,0.0029062517445269526
2015-07-21,-0.0009818758782909054,-0.0009818758782909054,0.0,-0.000982372753134529
2015-07-22,0.002780652109209303,0.002780652109209303,0.0,0.0027799905183508397
2015-07-23,0.0011845636109826252,0.0011845636109826252,0.0,0.0011840654926324886
2015-07-24,0.0005960760821002165,0.0005960760821002165,0.0,0.0005954108320713109
2015-07-27,0.0013718707820369325,0.0013718707820369325,0.0,0.0013710385328939698
2015-07-28,-0.001099997315618273,-0.001099997315618273,0.0,-0.0011008311428238923
2015-07-29,-0.0006243567821311302,-0.0006243567821311302,0.0,-0.0006253558547138047
2015-07-30,0.001196200931282032,0.001196200931282032,0.0,0.0011950363538148
2015-07-31,0.0016282465220538445,0.0016282465220538445,0.0,0.0016269133736271234
2015-08-03,0.0028041872827144765,0.00300974554952127,0.4111165336136221,0.0028028227936021475
2015-08-04,-0.0020000858367686947,-0.0020000858367686947,0.0,-0.002001452311219965
2015-08-05,0.0008896872178834059,0.0008896872178834059,0.0,0.0008883243670924175
2015-08-06,-0.0004228592680879384,-0.0004228592680879384,0.0,-0.00042354149871349855
2015-08-07,-9.945599417571227e-05,-9.945599417571227e-05,0.0,-0.00010047876579472957
2015-08-10,-0.004467942583592066,-0.004467942583592066,0.0,-0.004469987856644793
2015-08-11,0.002398579002881096,0.002398579002881096,0.0,0.0023968847688610527
2015-08-12,-0.0005648539733557056,-0.0005648539733557056,0.0,-0.0005665536487407053
2015-08-13,0.0009066633096062038,0.0009066633096062038,0.0,0.0009049649163610525
2015-08-14,0.0016095458771820947,0.0016095458771820947,0.0,0.0016080154727397668
2015-08-17,0.0025809357356183504,0.0025809357356183504,0.0,0.002579231641968081
2015-08-18,-0.0001713166917511888,-0.0001713166917511888,0.0,-0.00017251363733268484
2015-08-19,-5.945594252598774e-05,-5.945594252598774e-05,0.0,-6.03107101775231e-05
2015-08-20,-0.006285408663424974,-0.006285408663424974,0.0,-0.006285750543625142
2015-08-21,-0.0018308298842916182,-0.0018308298842916182,0.0,-0.001831338418306612
2015-08-24,-0.003952211208945067,-0.003952211208945067,0.0,-0.003953225775354785
2015-08-25,-0.001214129224236249,-0.001214129224236249,0.0,-0.001215306559761778
2015-08-26,0.007814635587781948,0.007814635587781948,0.0,0.007813628110622186
2015-08-27,-0.0017891141549319922,-0.0017891141549319922,0.0,-0.0017901322820743646
2015-08-28,-0.0028123283299548163,-0.0028123283299548163,0.0,-0.0028133440144771375
2015-08-31,-0.005961528088048285,-0.005961528088048285,0.0,-0.005962877200197921
2015-09-01,-0.000504183773668232,-0.00019903630989770438,0.6102949275410223,-0.0005043429578158344
2015-09-02,0.000945201165956977,0.000945201165956977,0.0,0.0009450404232917199
2015-09-03,-0.00022707122073606367,-0.00022707122073606367,0.0,-0.00022717903077038712
2015-09-04,0.0015952531505658563,0.0015952531505658563,0.0,0.001595145496301602
2015-09-08,-0.0017417902782710382,-0.0017417902782710382,0.0,-0.0017421165188492773
2015-09-09,0.0008956155963972812,0.0008956155963972812,0.0,0.0008954542686689479
2015-09-10,-0.0009724611983878972,-0.0009724611983878972,0.0,-0.0009725693641378823
2015-09-11,-9.417083770268952e-05,-9.417083770268952e-05,0.0,-9.438583468968346e-05
2015-09-14,0.00010965311091926111,0.00010965311091926111,0.0,0.00010927709236770003
2015-09-15,0.0004986781170230881,0.0004986781170230881,0.0,0.0004983018351400313
2015-09-16,-0.0031554717375275043,-0.0031554717375275043,0.0,-0.0031557952908357343
2015-09-17,-0.001043136089013852,-0.001043136089013852,0.0,-0.0010431889291293904
2015-09-18,0.0026237907021890994,0.0026237907021890994,0.0,0.0026238431831064842
2015-09-21,0.00023281236722305643,0.00023281236722305643,0.0,0.00023275898518218747
2015-09-22,0.002957049642117182,0.002957049642117182,0.0,0.002957103104097301
2015-09-23,0.0011372660776671761,0.0011372660776671761,0.0,0.0011372116033379553
2015-09-24,-0.0013548255776119067,-0.0013548255776119067,0.0,-0.0013548804408430983
2015-09-25,0.00015453530071152244,0.00015453530071152244,0.0,0.00015458970001508443
2015-09-28,0.003322162524233452,0.003322162524233452,0.0,0.0033221080720211467
2015-09-29,-0.0011399487975015665,-0.0011399487975015665,0.0,-0.0011400043833670543
2015-09-30,-3.274658451102308e-05,-3.274658451102308e-05,0.0,-3.2691388085069806e-05
2015-10-01,0.000270445132631858,0.0004390890430983063,0.3372878209329785,0.00027066007505681383
2015-10-02,-0.002651338083462962,-0.002651338083462962,0.0,-0.002651338083462962
2015-10-05,-0.0034579168662168813,-0.0034579168662168813,0.0,-0.0034580241160362696
2015-10-06,-0.0029412771032824025,-0.0029412771032824025,0.0,-0.0029412771032824025
2015-10-07,-0.0017752486671981371,-0.0017752486671981371,0.0,-0.0017752486671981371
2015-10-08,-0.0016359005231465495,-0.0016359005231465495,0.0,-0.0016357956536229117
2015-10-09,-0.001013970174640888,-0.001013970174640888,0.0,-0.0010140745657711563
2015-10-12,0.0016024943813435222,0.0016024943813435222,0.0,0.0016023902870338455
2015-10-13,0.0010475949913884008,0.0010475949913884008,0.0,0.001047490428729329
2015-10-14,-0.0011887426419452396,-0.0011887426419452396,0.0,-0.0011887426419452396
2015-10-15,-0.00038805098450278575,-0.00038805098450278575,0.0,-0.0003881555055397711
2015-10-16,0.0006903814924181795,0.0006903814924181795,0.0,0.0006902770848542221
2015-10-19,0.0023624201270515677,0.0023624201270515677,0.0,0.0023622109084424888
2015-10-20,-0.0011923996682990934,-0.0011923996682990934,0.0,-0.0011926102643284825
2015-10-21,0.0022304342202839056,0.0022304342202839056,0.0,0.002230329270301358
2015-10-22,0.0007579000244377632,0.0007579000244377632,0.0,0.0007579000244377632
2015-10-23,-0.00024111839233587062,-0.00024111839233587062,0.0,-0.00024122421243145384
2015-10-26,0.0008635810379820086,0.0008635810379820086,0.0,0.000863369538158148
2015-10-27,0.00108838820860635,0.00108838820860635,0.0,0.0010880702054194174
2015-10-28,-0.0002713782644307994,-0.0002713782644307994,0.0,-0.000271803533422618
2015-10-29,-0.0002565958226919962,-0.0002565958226919962,0.0,-0.0002573394914146938
2015-10-30,-0.0007670692975619842,-0.0007670692975619842,0.0,-0.0007679186080132392
2015-11-02,0.0001224271130728649,0.00022125639730674607,0.1976585684674693,0.00012143215437994878
2015-11-03,-0.0009090946082600526,-0.0009090946082600526,0.0,-0.0009098425089771879
2015-11-04,0.002394895581384171,0.002394895581384171,0.0,0.0023942735690776675
2015-11-05,0.0014565386981759687,0.0014565386981759687,0.0,0.0014559134315408199
2015-11-06,0.0018601361857979448,0.0018601361857979448,0.0,0.0018591325970152305
2015-11-09,0.0006527954395099123,0.0006527954395099123,0.0,0.0006510321050923987
2015-11-10,0.0020539601621851755,0.0020539601621851755,0.0,0.0020523204830056254
2015-11-11,-0.0005858729158245701,-0.0005858729158245701,0.0,-0.0005875198081790664
2015-11-12,7.109069747612828e-05,7.109069747612828e-05,0.0,6.931933815244351e-05
2015-11-13,0.001719771363489997,0.001719771363489997,0.0,0.0017181262800446942
2015-11-16,0.0005637223719925366,0.0005637223719925366,0.0,0.0005618172384462281
2015-11-17,0.0010213270738645974,0.0010213270738645974,0.0,0.0010195468209987888
2015-11-18,0.0006367760786187837,0.0006367760786187837,0.0,0.0006352468459753922
2015-11-19,-0.000930050016100803,-0.000930050016100803,0.0,-0.0009314536984373655
2015-11-20,0.0009842131867283666,0.0009842131867283666,0.0,0.0009828122612031305
2015-11-23,0.0008615702248184753,0.0008615702248184753,0.0,0.0008597835193434994
2015-11-24,-0.0011719760832864523,-0.0011719760832864523,0.0,-0.001174021740210756
2015-11-25,0.0011796975116158404,0.0011796975116158404,0.0,0.0011772742903885189
2015-11-27,0.0025243533070367086,0.0025243533070367086,0.0,0.0025221797675702884
2015-11-30,0.00018512036161100198,0.00018512036161100198,0.0,0.0001822926459791739
2015-12-01,-0.0013859347507554354,-0.0011356601209054906,0.5005492597000766,-0.001386493324399848
2015-12-02,0.002436158652718623,0.002436158652718623,0.0,0.0024356028218771894
2015-12-03,-0.008390338666078412,-0.008390338666078412,0.0,-0.008390913398103555
2015-12-04,0.0007055783920626446,0.0007055783920626446,0.0,0.0007050450660483024
2015-12-07,0.0051685452039980095,0.0051685452039980095,0.0,0.0051678345650029225
2015-12-08,0.0009988086687784392,0.0009988086687784392,0.0,0.0009980953489250844
2015-12-09,-0.00350119601773502,-0.00350119601773502,0.0,-0.003501892527823038
2015-12-10,0.002710569508181049,0.002710569508181049,0.0,0.0027099577787313743
2015-12-11,0.0019817317220038877,0.0019817317220038877,0.0,0.001981148886123463
2015-12-14,0.0023469879634232527,0.0023469879634232527,0.0,0.0023462801137125754
2015-12-15,0.0001283580268296447,0.0001283580268296447,0.0,0.00012765576669317884
2015-12-16,-0.000822703951285142,-0.000822703951285142,0.0,-0.0008234636699811055
2015-12-17,0.005639101873655239,0.005639101873655239,0.0,0.0056384616879998324
2015-12-18,-0.004402199877796664,-0.004402199877796664,0.0,-0.004402768039930133
2015-12-21,-0.000828359000708212,-0.000828359000708212,0.0,-0.000829037741431802
2015-12-22,-0.0006623864773999122,-0.0006623864773999122,0.0,-0.0006629739591872072
2015-12-23,-0.001978887631038706,-0.001978887631038706,0.0,-0.0019794422478379295
2015-12-24,-0.0016300368650024044,-0.0016300368650024044,0.0,-0.0016305768449037866
2015-12-28,0.0030708525412295185,0.0030708525412295185,0.0,0.0030702454520858376
2015-12-29,0.0003375596521861812,0.0003375596521861812,0.0,0.00033692647979913416
2015-12-30,0.0012867015841442342,0.0012867015841442342,0.0,0.0012861208532598397
2015-12-31,-0.0007750204336833821,-0.0007750204336833821,0.0,-0.0007754704857607342
2016-01-04,0.0003716323820761591,0.0005586741594334477,0.3740835547142842,0.0003706304641313039
2016-01-05,0.0014406215602273953,0.0014406215602273953,0.0,0.001439692107892929
2016-01-06,0.0005125082795309766,0.0005125082795309766,0.0,0.0005115217705861737
2016-01-07,-0.0006195170236015235,-0.0006195170236015235,0.0,-0.0006204601401009208
2016-01-08,0.0010075220624417014,0.0010075220624417014,0.0,0.001006583281153089
2016-01-11,0.0047532369584073475,0.0047532369584073475,0.0,0.00475224384262318
2016-01-12,-0.00038366995859340225,-0.00038366995859340225,0.0,-0.00038469779911599655
2016-01-13,-0.0006693740865515441,-0.0006693740865515441,0.0,-0.000670447934364436
2016-01-14,0.0016095778763407509,0.0016095778763407509,0.0,0.0016083634224271508
2016-01-15,0.0019157134122289587,0.0019157134122289587,0.0,0.0019145832431318934
2016-01-19,0.0009804076241302084,0.0009804076241302084,0.0,0.000979112756969932
2016-01-20,0.00030013721334842813,0.00030013721334842813,0.0,0.0002988335090330452
2016-01-21,-0.0002930440851011129,-0.0002930440851011129,0.0,-0.0002944509869581563
2016-01-22,-0.0013036844765190736,-0.0013036844765190736,0.0,-0.001305188823585855
2016-01-25,0.000929792957375497,0.000929792957375497,0.0,0.0009282524945173766
2016-01-26,-0.0024934554837678924,-0.0024934554837678924,0.0,-0.002495005942949223
2016-01-27,-0.0011740775038694418,-0.0011740775038694418,0.0,-0.0011756502364750352
2016-01-28,-0.001236563467639007,-0.001236563467639007,0.0,-0.0012382206009071142
2016-01-29,0.0005581214147274416,0.0005581214147274416,0.0,0.0005565755507211538
2016-02-01,3.0065736178253033e-05,0.00042168065706249536,0.7832298417680856,2.191762904578108e-05
2016-02-02,0.005134605793072566,0.005134605793072566,0.0,0.005126703730453241
2016-02-03,-0.0064028897689277775,-0.0064028897689277775,0.0,-0.006410587133891305
2016-02-04,-0.0013917152150242362,-0.0013917152150242362,0.0,-0.001398448997671883
2016-02-05,0.002968919320212038,0.002968919320212038,0.0,0.0029621921910867655
2016-02-08,0.002787329050959908,0.002787329050959908,0.0,0.002779890396128374
2016-02-09,0.002321770321860095,0.002321770321860095,0.0,0.0023147828767755064
2016-02-10,-0.0014598039089206427,-0.0014598039089206427,0.0,-0.0014670360389568112
2016-02-11,0.000883626265093751,0.000883626265093751,0.0,0.0008771007126259019
2016-02-12,-0.0034236614312385116,-0.0034236614312385116,0.0,-0.003430424232078149
2016-02-16,-8.620381749702144e-05,-8.620381749702144e-05,0.0,-9.318295469427599e-05
2016-02-17,-0.0033735548898975454,-0.0033735548898975454,0.0,-0.0033805336024505406
2016-02-18,-0.00038048104315935305,-0.00038048104315935305,0.0,-0.0003874430811619588
2016-02-19,-0.0007735549106330231,-0.0007735549106330231,0.0,-0.0007805150673070726
2016-02-22,-0.002750817326477195,-0.002750817326477195,0.0,-0.0027584692881454397
2016-02-23,0.0015813970698312918,0.0015813970698312918,0.0,0.0015739915455585463
2016-02-24,-0.0006459672649186121,-0.0006459672649186121,0.0,-0.0006536128299219401
2016-02-25,-0.0014774331076660152,-0.0014774331076660152,0.0,-0.0014848435730404938
2016-02-26,0.0008368088869503687,0.0008368088869503687,0.0,0.0008294062457239937
2016-02-29,-0.001351272462981501,-0.001351272462981501,0.0,-0.001358911002959678
2016-03-01,-0.006708392737735158,-0.006217799942930258,0.9811855896096621,-0.006710243653048993
2016-03-02,-0.001989697091591358,-0.001989697091591358,0.0,-0.001991607453156437
2016-03-03,-0.0031354230361432256,-0.0031354230361432256,0.0,-0.0031368783210292675
2016-03-04,-0.004476343738264554,-0.004476343738264554,0.0,-0.00447782272179612
2016-03-07,-0.0005962883284870157,-0.0005962883284870157,0.0,-0.0005979290975664599
2016-03-08,0.003785675512050224,0.003785675512050224,0.0,0.0037841945440362608
2016-03-09,-0.0025224776460026632,-0.0025224776460026632,0.0,-0.0025240488015596785
2016-03-10,-0.001918169434783068,-0.001918169434783068,0.0,-0.0019197659589094255
2016-03-11,-0.006338248493285459,-0.006338248493285459,0.0,-0.006339875280937328
2016-03-14,0.0010576756005993282,0.0010576756005993282,0.0,0.0010560221749476716
2016-03-15,0.0033514997264061375,0.0033514997264061375,0.0,0.00334983379254572
2016-03-16,-0.0037776542606748897,-0.0037776542606748897,0.0,-0.0037792092176995857
2016-03-17,-0.004783136687688816,-0.004783136687688816,0.0,-0.004784553203005207
2016-03-18,-0.0003080059528445256,-0.0003080059528445256,0.0,-0.0003093739675288312
2016-03-21,-0.00044751777810703164,-0.00044751777810703164,0.0,-0.00044897679905665365
2016-03-22,-0.00018106690920738355,-0.00018106690920738355,0.0,-0.00018247416714543144
2016-03-23,0.004925953723562415,0.004925953723562415,0.0,0.0049245483667191906
2016-03-24,0.0010598179222740534,0.0010598179222740534,0.0,0.0010584096601303945
2016-03-28,-0.0016700480127505024,-0.0016700480127505024,0.0,-0.0016714669673779756
2016-03-29,-0.0024982692125042893,-0.0024982692125042893,0.0,-0.0024993812048912578
2016-03-30,-0.000922395918898089,-0.000922395918898089,0.0,-0.0009233454133591476
2016-03-31,0.0008044771955271202,0.0008044771955271202,0.0,0.0008034869996230052
2016-04-01,0.003224887062863946,0.003715903397424558,0.9820326691215235,0.0032184549049662442
2016-04-04,0.002594608263327025,0.002594608263327025,0.0,0.0025881973878561543
2016-04-05,0.0027853346063744233,0.0027853346063744233,0.0,0.0027789167019030923
2016-04-06,-0.0016445043976696105,-0.0016445043976696105,0.0,-0.0016509298268753548
2016-04-07,0.002953899978027197,0.002953899978027197,0.0,0.0029474789988585067
2016-04-08,-0.0036220571804480572,-0.0036220571804480572,0.0,-0.00362848612934296
2016-04-11,-0.001085125346380833,-0.001085125346380833,0.0,-0.0010915444873128483
2016-04-12,-0.00435469885355344,-0.00435469885355344,0.0,-0.004360836087753326
2016-04-13,-0.0039317950960225945,-0.0039317950960225945,0.0,-0.003938199439131665
2016-04-14,-0.0012732320781406736,-0.0012732320781406736,0.0,-0.0012793476916934427
2016-04-15,0.003136135314839361,0.003136135314839361,0.0,0.0031300230344532766
2016-04-18,3.422534315045134e-05,3.422534315045134e-05,0.0,2.8104878410881936e-05
2016-04-19,-0.002488770538398577,-0.002488770538398577,0.0,-0.002494612885450299
2016-04-20,-0.00535259929383991,-0.00535259929383991,0.0,-0.005358991248034641
2016-04-21,-0.00014621785887725114,-0.00014621785887725114,0.0,-0.0001525950947715334
2016-04-22,-0.0012153571195181456,-0.0012153571195181456,0.0,-0.0012217339532913315
2016-04-25,0.0007118347426995353,0.0007118347426995353,0.0,0.0007049070391221407
2016-04-26,-0.0019474239170645946,-0.0019474239170645946,0.0,-0.0019540765562976584
2016-04-27,0.0019970073206754257,0.0019970073206754257,0.0,0.0019903602837381008
2016-04-28,0.004696221965562852,0.004696221965562852,0.0,0.004690123592674711
2016-04-29,0.001769112414049534,0.001769112414049534,0.0,0.0017630017394823286
2016-05-02,-0.0005564160114950312,-0.0003592141407896543,0.3944037414108788,-0.000561404119941682
2016-05-03,0.005188961024731986,0.005188961024731986,0.0,0.005184196742749075
2016-05-04,0.0008122009701887478,0.0008122009701887478,0.0,0.0008078737599534856
2016-05-05,0.0012900579061283501,0.0012900579061283501,0.0,0.0012855002037168435
2016-05-06,-0.0011134157145902268,-0.0011134157145902268,0.0,-0.0011177496674580662
2016-05-09,0.0004907998182954731,0.0004907998182954731,0.0,0.0004853298651424323
2016-05-10,-0.004033501997996236,-0.004033501997996236,0.0,-0.004038973939805215
2016-05-11,0.0008365609931033635,0.0008365609931033635,0.0,0.0008306508329978469
2016-05-12,-0.0024670513086545443,-0.0024670513086545443,0.0,-0.0024731926081921307
2016-05-13,0.002650688970585957,0.002650688970585957,0.0,0.00264433194408059
2016-05-16,-0.003730698065151361,-0.003730698065151361,0.0,-0.0037370676599417438
2016-05-17,3.3066112077095866e-05,3.3066112077095866e-05,0.0,2.67142726925351e-05
2016-05-18,-0.0052639561397379575,-0.0052639561397379575,0.0,-0.005270761850541496
2016-05-19,0.0009738268393690852,0.0009738268393690852,0.0,0.0009670481117853832
2016-05-20,-0.0012749967900853587,-0.0012749967900853587,0.0,-0.0012822327523221758
2016-05-23,0.0014644636097702612,0.0014644636097702612,0.0,0.0014565569033371715
2016-05-24,-0.003985979076014834,-0.003985979076014834,0.0,-0.003993894530325489
2016-05-25,-0.0016213263170355985,-0.0016213263170355985,0.0,-0.0016287669204157018
2016-05-26,0.0011825815594121991,0.0011825815594121991,0.0,0.0011758257226089676
2016-05-27,-0.0024652158822341397,-0.0024652158822341397,0.0,-0.0024722031981568135
2016-05-31,-2.516083519921164e-05,-2.516083519921164e-05,0.0,-3.280993882791541e-05
2016-06-01,0.0003916409249824504,0.0005984534918135331,0.41362513366255815,0.0003839090348333048
2016-06-02,0.0001627712372778145,0.0001627712372778145,0.0,0.00015558041936507782
2016-06-03,0.007340670442762098,0.007340670442762098,0.0,0.007333222149130813
2016-06-06,-0.003538308317004857,-0.003538308317004857,0.0,-0.0035455283361485145
2016-06-07,-0.0006632111273003893,-0.0006632111273003893,0.0,-0.0006704173296729801
2016-06-08,-0.0012494666585372016,-0.0012494666585372016,0.0,-0.0012556411821443053
2016-06-09,0.0010513878885203276,0.0010513878885203276,0.0,0.001044960457738364
2016-06-10,0.0029427683287104323,0.0029427683287104323,0.0,0.002936337229073335
2016-06-13,0.003345740161293964,0.003345740161293964,0.0,0.0033387835158212057
2016-06-14,-0.000988209903660997,-0.000988209903660997,0.0,-0.0009951790792989464
2016-06-15,0.0024704368547869837,0.0024704368547869837,0.0,0.0024637293641730676
2016-06-16,0.0022516303630399914,0.0022516303630399914,0.0,0.002244655653630723
2016-06-17,-0.002286434963964523,-0.002286434963964523,0.0,-0.0022931594408736144
2016-06-20,-0.0031455413953732636,-0.0031455413953732636,0.0,-0.003152774272406907
2016-06-21,-0.003019447595171476,-0.003019447595171476,0.0,-0.003026410354586935
2016-06-22,0.0024398515530112963,0.0024398515530112963,0.0,0.0024329001554393897
2016-06-23,-0.00381828489001379,-0.00381828489001379,0.0,-0.0038260188412525668
2016-06-24,0.008274505767419393,0.008274505767419393,0.0,0.008267816864545178
2016-06-27,0.0029911072058415034,0.0029911072058415034,0.0,0.0029841301140395445
2016-06-28,-0.0012032855547307042,-0.0012032855547307042,0.0,-0.0012100149679586873
2016-06-29,-0.004041219340744084,-0.004041219340744084,0.0,-0.004047944431325457
2016-06-30,-0.00032853272421295987,-0.00032853272421295987,0.0,-0.00033524323833360073
2016-07-01,0.0033928343654543447,0.0037922017640115158,0.7987347971144028,0.0033828718191834676
2016-07-05,0.006272460206645292,0.006272460206645292,0.0,0.00626215840595415
2016-07-06,0.0015844309491843678,0.0015844309491843678,0.0,0.0015744922053906457
2016-07-07,0.0002106659411258427,0.0002106659411258427,0.0,0.0001999896763616907
2016-07-08,0.003047062252617083,0.003047062252617083,0.0,0.0030371221188871403
2016-07-11,-0.0039968486392145675,-0.0039968486392145675,0.0,-0.004008264085475861
2016-07-12,-0.006193890008755143,-0.006193890008755143,0.0,-0.006204565648046484
2016-07-13,0.0036356942410518123,0.0036356942410518123,0.0,0.0036242878958056843
2016-07-14,-0.0041080858233182305,-0.0041080858233182305,0.0,-0.004119495411600058
2016-07-15,-0.0017271684871457138,-0.0017271684871457138,0.0,-0.0017385743959032118
2016-07-18,-4.487810498221556e-05,-4.487810498221556e-05,0.0,-5.6650346626820184e-05
2016-07-19,0.002256259534957561,0.002256259534957561,0.0,0.002244855216132059
2016-07-20,-0.002277842021486731,-0.002277842021486731,0.0,-0.0022896163066362623
2016-07-21,0.0034144572157963626,0.0034144572157963626,0.0,0.00340305292094821
2016-07-22,-0.0006466851483108993,-0.0006466851483108993,0.0,-0.0006584604754740907
2016-07-25,-0.0005827583410010773,-0.0005827583410010773,0.0,-0.0005945330708322767
2016-07-26,0.00018395983261720872,0.00018395983261720872,0.0,0.00017255358485982166
2016-07-27,0.004332468298411829,0.004332468298411829,0.0,0.004321061885978223
2016-07-28,0.0008681864311532728,0.0008681864311532728,0.0,0.0008589845972660617
2016-07-29,0.0034179523459401118,0.0034179523459401118,0.0,0.003408013691948986
2016-08-01,-0.001744460961771943,-0.0014412769129132919,0.6063680977172764,-0.001754728594732157
2016-08-02,-0.0018428368600329481,-0.0018428368600329481,0.0,-0.0018531276107391207
2016-08-03,-0.0007608779218508666,-0.0007608779218508666,0.0,-0.0007708116493585097
2016-08-04,0.0010060391262238788,0.0010060391262238788,0.0,0.0009968157831707375
2016-08-05,-0.0026356490386275633,-0.0026356490386275633,0.0,-0.002645228267555824
2016-08-08,-0.0009772448665950062,-0.0009772448665950062,0.0,-0.000988239796659786
2016-08-09,0.002884684578105423,0.002884684578105423,0.0,0.002874400194077784
2016-08-10,0.002340971189904728,0.002340971189904728,0.0,0.002331038041757481
2016-08-11,-0.0032733902884674038,-0.0032733902884674038,0.0,-0.0032833261877516797
2016-08-12,0.00053111648706472,0.00053111648706472,0.0,0.0005211844473412739
2016-08-15,-0.0016231858006549027,-0.0016231858006549027,0.0,-0.0016341826804432463
2016-08-16,-0.0014813436323215523,-0.0014813436323215523,0.0,-0.0014909197123598504
2016-08-17,0.0007474979778052671,0.0007474979778052671,0.0,0.0007368597650683695
2016-08-18,0.000919019472953142,0.000919019472953142,0.0,0.0009087349528062186
2016-08-19,-0.0022518868939952474,-0.0022518868939952474,0.0,-0.0022621725374532852
2016-08-22,0.0010852816544932864,0.0010852816544932864,0.0,0.0010749987697131788
2016-08-23,0.00033880677289443994,0.00033880677289443994,0.0,0.00032816793199968736
2016-08-24,-0.0007982648748021681,-0.0007982648748021681,0.0,-0.0008092587867760036
2016-08-25,-0.0003542210487955666,-0.0003542210487955666,0.0,-0.0003659231333073044
2016-08-26,-0.002582858353707085,-0.002582858353707085,0.0,-0.0025945599445596347
2016-08-29,0.0042558080662724596,0.0042558080662724596,0.0,0.004244110084334648
2016-08-30,-0.001280543532793721,-0.001280543532793721,0.0,-0.0012922474359858358
2016-08-31,0.0007502658247691141,0.0007502658247691141,0.0,0.000738563705526336
2016-09-01,0.001543812226924901,0.0017822674539129668,0.476910453976152,0.0015307033172608847
2016-09-02,0.0027772973937092438,0.0027772973937092438,0.0,0.0027645674745258777
2016-09-06,0.006143209280857098,0.006143209280857098,0.0,0.0061304794489342625
2016-09-07,-0.0011841675891377523,-0.0011841675891377523,0.0,-0.0011976928317296118
2016-09-08,-0.004798510249409249,-0.004798510249409249,0.0,-0.004812035531337304
2016-09-09,-0.010330821712090321,-0.010330821712090321,0.0,-0.010344347154185947
2016-09-12,0.0035190492323255995,0.0035190492323255995,0.0,0.0035043299896970028
2016-09-13,-0.007172521262699738,-0.007172521262699738,0.0,-0.0071868425627320005
2016-09-14,0.0016624572172136975,0.0016624572172136975,0.0,0.0016493291231909517
2016-09-15,0.0030501369010287327,0.0030501369010287327,0.0,0.0030386001390510665
2016-09-16,-0.0012528770270001655,-0.0012528770270001655,0.0,-0.0012644137013235605
2016-09-19,0.0011301994229371282,0.0011301994229371282,0.0,0.0011182648949645314
2016-09-20,0.00039956662265971943,0.00039956662265971943,0.0,0.0003876321282907366
2016-09-21,0.007926238441445799,0.007926238441445799,0.0,0.007917486487617139
2016-09-22,0.0038535812436779615,0.0038535812436779615,0.0,0.0038464206944137575
2016-09-23,-0.001202737453270375,-0.001202737453270375,0.0,-0.001209897934618273
2016-09-26,-0.0022668989218873614,-0.0022668989218873614,0.0,-0.0022768440643466882
2016-09-27,0.002234463525135011,0.002234463525135011,0.0,0.0022241205190676786
2016-09-28,0.0008225645054316111,0.0008225645054316111,0.0,0.0008118237505829273
2016-09-29,-0.0034596984370866,-0.0034596984370866,0.0,-0.0034700413652512005
2016-09-30,0.00021954995250506038,0.00021954995250506038,0.0,0.00020841131926337256
2016-10-03,-0.0023563949239259196,-0.0022159159449860466,0.2809579578798725,-0.0023693855697024644
2016-10-04,-0.007041060705898938,-0.007041060705898938,0.0,-0.007054472475492365
2016-10-05,-6.45623336457124e-05,-6.45623336457124e-05,0.0,-7.756986248424025e-05
2016-10-06,-0.0013152098555131442,-0.0013152098555131442,0.0,-0.0013282174043102199
2016-10-07,0.000348394449137146,0.000348394449137146,0.0,0.00033538649322578586
2016-10-10,0.0009770614850961312,0.0009770614850961312,0.0,0.0009640536369903493
2016-10-11,-0.005152923787158703,-0.005152923787158703,0.0,-0.005167150790665631
2016-10-12,0.0006637511537384011,0.0006637511537384011,0.0,0.0006491158630765654
2016-10-13,-0.0005139699658979202,-0.0005139699658979202,0.0,-0.0005257593188072712
2016-10-14,-0.001424165065175953,-0.001424165065175953,0.0,-0.0014367676316008682
2016-10-17,0.001102975726518407,0.001102975726518407,0.0,0.0010891530860949637
2016-10-18,0.004143989321611974,0.004143989321611974,0.0,0.004130167045405139
2016-10-19,0.0012163800015647652,0.0012163800015647652,0.0,0.00120255908810867
2016-10-20,-3.078836212622171e-05,-3.078836212622171e-05,0.0,-4.460887606176588e-05
2016-10-21,0.00022099726392399432,0.00022099726392399432,0.0,0.0002075832258771084
2016-10-24,0.0001195601008043834,0.0001195601008043834,0.0,0.00010614613319584783
2016-10-25,-2.2090102168581538e-05,-2.2090102168581538e-05,0.0,-3.5910514386635635e-05
2016-10-26,-0.003482492970932727,-0.003482492970932727,0.0,-0.0034959069074785667
2016-10-27,-0.004185355489938036,-0.004185355489938036,0.0,-0.00419714447352583
2016-10-28,-0.00042891555283031124,-0.00042891555283031124,0.0,-0.0004407057176438935
2016-10-31,0.0028942398703262207,0.0028942398703262207,0.0,0.0028804167764917518
2016-11-01,-0.0015556730105070748,-0.0012719329173540572,0.5674801863063073,-0.0015740264192935231
2016-11-02,-0.000604537121425941,-0.000604537121425941,0.0,-0.0006234315356705826
2016-11-03,-0.0020976932858559616,-0.0020976932858559616,0.0,-0.0021171154101955977
2016-11-04,0.0016282182365321418,0.0016282182365321418,0.0,0.0016087861490980766
2016-11-07,0.004328417995821399,0.004328417995821399,0.0,0.004306893697580908
2016-11-08,-0.000896362370495507,-0.000896362370495507,0.0,-0.0009189128843798337
2016-11-09,-0.00794723781724882,-0.00794723781724882,0.0,-0.007970317798944151
2016-11-10,-0.006219815516299798,-0.006219815516299798,0.0,-0.006244517221140961
2016-11-11,-0.002596894308808273,-0.002596894308808273,0.0,-0.002621633884752017
2016-11-14,-0.0010246644257857485,-0.0010246644257857485,0.0,-0.0010531068336150735
2016-11-15,0.0031161342649390633,0.0031161342649390633,0.0,0.0030897920408375686
2016-11-16,0.0018091492083123217,0.0018091492083123217,0.0,0.0017849329414619008
2016-11-17,-0.0022901616739552377,-0.0022901616739552377,0.0,-0.002312788554055482
2016-11-18,-0.002339967047192193,-0.002339967047192193,0.0,-0.0023626066975965575
2016-11-21,0.0004922082194751543,0.0004922082194751543,0.0,0.0004679750674845492
2016-11-22,0.002779102378187348,0.002779102378187348,0.0,0.002753818680342045
2016-11-23,-0.0027144648505391666,-0.0027144648505391666,0.0,-0.0027407840330122895
2016-11-25,-0.0010472409630938317,-0.0010472409630938317,0.0,-0.0010725243049183252
2016-11-28,0.0029505032020951116,0.0029505032020951116,0.0,0.00292521332312032
2016-11-29,0.0009499385556308582,0.0009499385556308582,0.0,0.0009246670402820328
2016-11-30,-0.0053741574805986625,-0.0053741574805986625,0.0,-0.005399423089239435
2016-12-01,-0.007127624425106838,-0.006572646361803547,1.1099561266064135,-0.007161938079252273
2016-12-02,0.003239601569039907,0.003239601569039907,0.0,0.003204331378188645
2016-12-05,0.00040334894827753764,0.00040334894827753764,0.0,0.00036739743809959105
2016-12-06,0.0014618917866289216,0.0014618917866289216,0.0,0.0014259469318741197
2016-12-07,0.004060032539824121,0.004060032539824121,0.0,0.004022645617869479
2016-12-08,0.0023235243594734722,0.0023235243594734722,0.0,0.002286938498006767
2016-12-09,-0.002298508104035424,-0.002298508104035424,0.0,-0.002337247971937605
2016-12-12,-0.003203586269948766,-0.003203586269948766,0.0,-0.0032409035126020613
2016-12-13,0.0008827554438264329,0.0008827554438264329,0.0,0.000843184950038976
2016-12-14,-0.00898273113623127,-0.00898273113623127,0.0,-0.009022285629262758
2016-12-15,-0.002342462315012672,-0.002342462315012672,0.0,-0.002379238971623421
2016-12-16,-0.0003417488922718981,-0.0003417488922718981,0.0,-0.00037856531253279677
2016-12-19,0.003746286320345016,0.003746286320345016,0.0,0.0037079912079227006
2016-12-20,0.0009731951881117862,0.0009731951881117862,0.0,0.0009349659888946398
2016-12-21,-0.00013310959718082493,-0.00013310959718082493,0.0,-0.00017058684243210926
2016-12-22,0.0002486834329571419,0.0002486834329571419,0.0,0.00021193878565019573
2016-12-23,0.001551963810243473,0.001551963810243473,0.0,0.001514488556586118
2016-12-27,-4.8309089045739384e-05,-4.8309089045739384e-05,0.0,-8.575763270997892e-05
2016-12-28,0.0016468673457175065,0.0016468673457175065,0.0,0.0016086836691189654
2016-12-29,0.0031322426280075977,0.0031322426280075977,0.0,0.0030984902840162634
2016-12-30,-0.0007982256411643851,-0.0007982256411643851,0.0,-0.0008348603704003607
2017-01-03,0.001828821466899555,0.002355551887374574,1.0534608409499782,0.0018028045282858043
2017-01-04,0.0033424572549691778,0.0033424572549691778,0.0,0.003316953740881866
2017-01-05,0.0036010036046807414,0.0036010036046807414,0.0,0.003576006449741043
2017-01-06,-0.0021960540977763454,-0.0021960540977763454,0.0,-0.0022215239822866357
2017-01-09,0.00028704545759117295,0.00028704545759117295,0.0,0.0002625449520900229
2017-01-10,0.00016287812532156387,0.00016287812532156387,0.0,0.00013788897347960773
2017-01-11,0.0031364850881252515,0.0031364850881252515,0.0,0.003111496710000467
2017-01-12,0.00037659990445493285,0.00037659990445493285,0.0,0.00035162637893660785
2017-01-13,-0.0006167114595374557,-0.0006167114595374557,0.0,-0.0006421728443807684
2017-01-17,0.0009224873739486217,0.0009224873739486217,0.0,0.0008960436121474993
2017-01-18,-0.0030667112339224367,-0.0030667112339224367,0.0,-0.003092171146144514
2017-01-19,-0.002452659087371578,-0.002452659087371578,0.0,-0.00247764394284
2017-01-20,0.002070444925859505,0.002070444925859505,0.0,0.0020464286555144057
2017-01-23,0.0030950341392648184,0.0030950341392648184,0.0,0.003070047444700646
2017-01-24,0.000131670852536514,0.000131670852536514,0.0,0.00010718845760048695
2017-01-25,0.00010788589578858421,0.00010788589578858421,0.0,8.389374755131317e-05
2017-01-26,0.0006874761209183511,0.0006874761209183511,0.0,0.0006629948375947794
2017-01-27,-0.00010124097393526821,-0.00010124097393526821,0.0,-0.000126208631464174
2017-01-30,-0.001598790254038307,-0.001598790254038307,0.0,-0.001623758390441187
2017-01-31,0.001512680890659146,0.001512680890659146,0.0,0.001487215459981871
2017-02-01,-0.0002943471702977485,-4.4709144343735296e-05,0.4992760519078523,-0.0003169971933680079
2017-02-02,0.001022320848057312,0.001022320848057312,0.0,0.000999213535636749
2017-02-03,0.0017400790455357473,0.0017400790455357473,0.0,0.0017174276904811487
2017-02-06,0.00045193905327600703,0.00045193905327600703,0.0,0.0004279337910713165
2017-02-07,-0.0008022575000223853,-0.0008022575000223853,0.0,-0.0008262614189860547
2017-02-08,0.002476564938090675,0.002476564938090675,0.0,0.0024525586327645023
2017-02-09,0.0020879416821064645,0.0020879416821064645,0.0,0.0020639427252705333
2017-02-10,0.0033556028453094466,0.0033556028453094466,0.0,0.0033311573770717757
2017-02-13,0.0008189932682161061,0.0008189932682161061,0.0,0.0007954629036508324
2017-02-14,0.0005011523671785145,0.0005011523671785145,0.0,0.00047671944913115573
2017-02-15,0.003040228968068215,0.003040228968068215,0.0,0.0030162499884792515
2017-02-16,-0.0007280776398048694,-0.0007280776398048694,0.0,-0.000751595421259707
2017-02-17,0.0004046906134562711,0.0004046906134562711,0.0,0.0003811707315256223
2017-02-21,0.003950626314280559,0.003950626314280559,0.0,0.003926655316415794
2017-02-22,0.00014961938145097164,0.00014961938145097164,0.0,0.00012611201452668465
2017-02-23,0.00027101840936771815,0.00027101840936771815,0.0,0.0002479635286376781
2017-02-24,-0.0011554926550402245,-0.0011554926550402245,0.0,-0.0011785467725763806
2017-02-27,-0.0012898804219511062,-0.0012898804219511062,0.0,-0.0013124856917485935
2017-02-28,-0.0018610920971983136,-0.0018610920971983136,0.0,-0.0018850574672077843
2017-03-01,0.006031593056094353,0.0063346073943415515,0.6060286764944477,0.005995362493835872
2017-03-02,-0.009474307244330515,-0.009474307244330515,0.0,-0.009512742468361207
2017-03-03,0.0013440517058576074,0.0013440517058576074,0.0,0.0013031628559845708
2017-03-06,-0.0029892836801490574,-0.0029892836801490574,0.0,-0.0030319065567834796
2017-03-07,-0.005164356587250563,-0.005164356587250563,0.0,-0.005208189275493189
2017-03-08,-0.007019464539381515,-0.007019464539381515,0.0,-0.007061614042111157
2017-03-09,-0.004062913359908604,-0.004062913359908604,0.0,-0.004105158847208601
2017-03-10,0.0017266979193373277,0.0017266979193373277,0.0,0.0016838091312340495
2017-03-13,0.002072474899780463,0.002072474899780463,0.0,0.0020266741620776395
2017-03-14,-0.0039927229490582805,-0.0039927229490582805,0.0,-0.004037906182321306
2017-03-15,0.013014388228066665,0.013014388228066665,0.0,0.012972084140285974
2017-03-16,-0.0005104920213898634,-0.0005104920213898634,0.0,-0.0005526196830897105
2017-03-17,0.00044444327086790025,0.00044444327086790025,0.0,0.0004023086852846137
2017-03-20,0.0009422347810752463,0.0009422347810752463,0.0,0.000898350864192581
2017-03-21,-0.00863130124706002,-0.00863130124706002,0.0,-0.008675756811859595
2017-03-22,0.0023683197845014714,0.0023683197845014714,0.0,0.0023237397450368994
2017-03-23,-0.0001152765898825292,-0.0001152765898825292,0.0,-0.00015923642464195007
2017-03-24,0.0023874623585482535,0.0023874623585482535,0.0,0.0023423285810008636
2017-03-27,-0.00020161118863593064,-0.00020161118863593064,0.0,-0.0002467102441246685
2017-03-28,0.004850351483832505,0.004850351483832505,0.0,0.004805249495620188
2017-03-29,0.0032765908197873728,0.0032765908197873728,0.0,0.003231559046320085
2017-03-30,0.0014421485881841445,0.0014421485881841445,0.0,0.001397164092449786
2017-03-31,-0.000338699669767073,-0.000338699669767073,0.0,-0.00038249549803782393
2017-04-03,0.0008855955464701637,0.0011227862677658518,0.47438144259118864,0.0008527682282698856
2017-04-04,0.0013462311431133855,0.0013462311431133855,0.0,0.0013134266155793268
2017-04-05,-0.002037779652508842,-0.002037779652508842,0.0,-0.0020710022289196026
2017-04-06,0.0009064348071146089,0.0009064348071146089,0.0,0.000873628992756876
2017-04-07,-0.00011840132463025732,-0.00011840132463025732,0.0,-0.00015246715802606333
2017-04-10,0.0004362294223758667,0.0004362294223758667,0.0,0.000402163361270164
2017-04-11,0.0005960360107584162,0.0005960360107584162,0.0,0.0005619707882450486
2017-04-12,-0.0007166383213947913,-0.0007166383213947913,0.0,-0.000750281854626309
2017-04-13,-0.0016087486255076389,-0.0016087486255076389,0.0,-0.0016423935195366355
2017-04-17,0.0031430518052291134,0.0031430518052291134,0.0,0.0031085626526421327
2017-04-18,-0.003076275983181942,-0.003076275983181942,0.0,-0.003110338502748683
2017-04-19,-0.0022888166668761922,-0.0022888166668761922,0.0,-0.002322464512012869
2017-04-20,0.0039901218834303975,0.0039901218834303975,0.0,0.003957310980606302
2017-04-21,-0.0013402057622413643,-0.0013402057622413643,0.0,-0.0013730092788087334
2017-04-24,0.0030343200498772482,0.0030343200498772482,0.0,0.0030006728695702034
2017-04-25,0.0017808049637610956,0.0017808049637610956,0.0,0.001746743016832826
2017-04-26,-0.00044773951498100484,-0.00044773951498100484,0.0,-0.0004822185262064366
2017-04-27,-0.0003196931644932066,-0.0003196931644932066,0.0,-0.00035333207174049395
2017-04-28,-0.0013958568676609717,-0.0013958568676609717,0.0,-0.0014290758863338868
2017-05-01,0.001253125112149256,0.0013896886300179823,0.2731270357372748,0.0012255929829295166
2017-05-02,0.0007323692195848608,0.0007323692195848608,0.0,0.0007051776769063231
2017-05-03,-0.0006936803817971793,-0.0006936803817971793,0.0,-0.0007218827763905969
2017-05-04,-0.0013215462483792129,-0.0013215462483792129,0.0,-0.0013497450812704035
2017-05-05,0.002791160017355132,0.002791160017355132,0.0,0.002761625500902349
2017-05-08,-0.0003608855906561681,-0.0003608855906561681,0.0,-0.0003911066785134677
2017-05-09,0.00241620824804456,0.00241620824804456,0.0,0.0023859891433188974
2017-05-10,0.0019992442942218247,0.0019992442942218247,0.0,0.001969347859000896
2017-05-11,-0.0005252223401540634,-0.0005252223401540634,0.0,-0.0005544575186354632
2017-05-12,-0.00039173156513205853,-0.00039173156513205853,0.0,-0.00042062795985678316
2017-05-15,0.0018381696798293046,0.0018381696798293046,0.0,0.0018082673926293536
2017-05-16,-0.0011844721796111513,-0.0011844721796111513,0.0,-0.0012143844025545554
2017-05-17,-0.008642312639224325,-0.008642312639224325,0.0,-0.008672218452222033
2017-05-18,-1.716421457209627e-05,-1.716421457209627e-05,0.0,-4.7693831291801304e-05
2017-05-19,0.002634960157191557,0.002634960157191557,0.0,0.0026047661255163
2017-05-22,0.00023401869313599555,0.00023401869313599555,0.0,0.0002031388531689201
2017-05-23,0.002266613661997985,0.002266613661997985,0.0,0.002236068170006421
2017-05-24,0.0008345986544280315,0.0008345986544280315,0.0,0.0008037047727958274
2017-05-25,0.0017470743368275254,0.0017470743368275254,0.0,0.0017161757736199126
2017-05-26,-0.00034561164765900543,-0.00034561164765900543,0.0,-0.0003765199937673022
2017-05-30,-0.0009926935238215862,-0.0009926935238215862,0.0,-0.001023599933977131
2017-05-31,-0.0011723107977765768,-0.0011723107977765768,0.0,-0.0012045551567656087
2017-06-01,0.005061347830177976,0.005356233118138043,0.5897705759203229,0.005015987203810875
2017-06-02,0.00594145333694529,0.00594145333694529,0.0,0.0058961962004064105
2017-06-05,-0.0020770231039428655,-0.0020770231039428655,0.0,-0.0021217669518515917
2017-06-06,-0.0003121923707509744,-0.0003121923707509744,0.0,-0.0003574220248793578
2017-06-07,0.0006830064684104631,0.0006830064684104631,0.0,0.0006368322553984621
2017-06-08,-0.0003374720081942284,-0.0003374720081942284,0.0,-0.00038411236337782136
2017-06-09,-0.004019897904527281,-0.004019897904527281,0.0,-0.004066540742534191
2017-06-12,-0.00034600928971473266,-0.00034600928971473266,0.0,-0.00039173894253612595
2017-06-13,0.002648691382388213,0.002648691382388213,0.0,0.0026020162933348885
2017-06-14,0.000774441018709382,0.000774441018709382,0.0,0.0007277854501256262
2017-06-15,-0.003774024261628539,-0.003774024261628539,0.0,-0.003821145337873994
2017-06-16,0.00043848818722169725,0.00043848818722169725,0.0,0.00039086743885027706
2017-06-19,0.0034219828509953754,0.0034219828509953754,0.0,0.0033743654079820837
2017-06-20,-0.0025017108693227152,-0.0025017108693227152,0.0,-0.0025488313998271537
2017-06-21,0.001150812735174478,0.001150812735174478,0.0,0.001105087725845956
2017-06-22,0.0021974699334876835,0.0021974699334876835,0.0,0.0021531671567633537
2017-06-23,0.0015795820634867397,0.0015795820634867397,0.0,0.0015348234951068805
2017-06-26,0.000687157836489316,0.000687157836489316,0.0,0.0006409973257577385
2017-06-27,-0.004115366651904928,-0.004115366651904928,0.0,-0.004161993143983229
2017-06-28,0.004221302742140498,0.004221302742140498,0.0,0.004174174634151225
2017-06-29,-0.006578197910252492,-0.006578197910252492,0.0,-0.006626236656563866
2017-06-30,-0.001016384502373735,-0.001016384502373735,0.0,-0.001064001867037128
2017-07-03,-0.0012913127235759658,-0.00038996434636950905,1.8026967544128154,-0.0012697728676423752
2017-07-05,0.0013080737490123173,0.0013080737490123173,0.0,0.0013294513852172662
2017-07-06,-0.0009564579715243271,-0.0009564579715243271,0.0,-0.0009353684177193783
2017-07-07,0.0034891286051652592,0.0034891286051652592,0.0,0.0035104844385805897
2017-07-10,0.0005490770221199259,0.0005490770221199259,0.0,0.0005702164860182091
2017-07-11,0.0005369453757242404,0.0005369453757242404,0.0,0.0005580508086804049
2017-07-12,0.0022990563925830987,0.0022990563925830987,0.0,0.0023201285643572075
2017-07-13,0.0015300638917927767,0.0015300638917927767,0.0,0.0015509939747574216
2017-07-14,0.0007998339224952744,0.0007998339224952744,0.0,0.0008204672992287115
2017-07-17,-0.0011740559226826042,-0.0011740559226826042,0.0,-0.0011528659567945664
2017-07-18,-0.0002545398052818948,-0.0002545398052818948,0.0,-0.00023327595544824238
2017-07-19,0.00023066749929889774,0.00023066749929889774,0.0,0.0002527580333316728
2017-07-20,0.0020217834588318606,0.0020217834588318606,0.0,0.002044669032282426
2017-07-21,-0.0007024588875415017,-0.0007024588875415017,0.0,-0.0006795086489377054
2017-07-24,0.0007439648122866682,0.0007439648122866682,0.0,0.0007671647224115935
2017-07-25,0.001497725346986556,0.001497725346986556,0.0,0.0015210753778597623
2017-07-26,-0.0008783110150575313,-0.0008783110150575313,0.0,-0.0008560667380852765
2017-07-27,-0.001631478900022576,-0.001631478900022576,0.0,-0.0016095781947661786
2017-07-28,-0.000880579578456997,-0.000880579578456997,0.0,-0.000859178103149748
2017-07-31,0.0001243159699984009,0.0001243159699984009,0.0,0.00014557095211416472
2017-08-01,0.0010228511062457812,0.0018213731456353521,1.5970440787791762,0.0009789986655639078
2017-08-02,0.0005455104938789646,0.0005455104938789646,0.0,0.0005017558844261718
2017-08-03,-0.0024292291550320755,-0.0024292291550320755,0.0,-0.0024729828424655573
2017-08-04,0.001460161567508722,0.001460161567508722,0.0,0.0014164037642049778
2017-08-07,0.0016863015760610889,0.0016863015760610889,0.0,0.0016446101739175595
2017-08-08,-0.0028731592627607716,-0.0028731592627607716,0.0,-0.0029160862289714126
2017-08-09,-0.00451801149390485,-0.00451801149390485,0.0,-0.00456094323501842
2017-08-10,-0.012494754252617812,-0.012494754252617812,0.0,-0.01253728065856372
2017-08-11,0.0026422832367620774,0.0026422832367620774,0.0,0.002600562072392769
2017-08-14,0.005441538902296594,0.005441538902296594,0.0,0.00539982206459375
2017-08-15,0.0015385379875352267,0.0015385379875352267,0.0,0.0014964170617266196
2017-08-16,0.0021115822561648123,0.0021115822561648123,0.0,0.002070289707921587
2017-08-17,-0.009906481722720573,-0.009906481722720573,0.0,-0.00994694509534701
2017-08-18,0.0035589289161854776,0.0035589289161854776,0.0,0.0035176236852833055
2017-08-21,0.00018500133686982778,0.00018500133686982778,0.0,0.0001441148552936755
2017-08-22,0.006580675839636951,0.006580675839636951,0.0,0.006539789654150111
2017-08-23,0.0006962541755293206,0.0006962541755293206,0.0,0.0006557913394513148
2017-08-24,-2.0602533544078483e-05,-2.0602533544078483e-05,0.0,-6.189002433303219e-05
2017-08-25,0.0034997378398984313,0.0034997378398984313,0.0,0.0034580374408041802
2017-08-28,-0.0015414257418132626,-0.0015414257418132626,0.0,-0.001581469210442024
2017-08-29,-1.8635425357405033e-05,-1.8635425357405033e-05,0.0,-6.0332664876330584e-05
2017-08-30,0.0008968021786242009,0.0008968021786242009,0.0,0.0008551049089549351
2017-08-31,0.0029341866118477444,0.0029341866118477444,0.0,0.0028933164516213527
2017-09-01,3.602528349855305e-05,0.0004181020753992737,0.7641535838013421,-3.972270973292214e-06
2017-09-05,-0.0026347166505479303,-0.0026347166505479303,0.0,-0.002675096162945039
2017-09-06,0.0018610577354982727,0.0018610577354982727,0.0,0.001819078210197525
2017-09-07,0.0021917694357656003,0.0021917694357656003,0.0,0.002150590090567142
2017-09-08,-0.0014192478029103617,-0.0014192478029103617,0.0,-0.0014600266852101865
2017-09-11,0.003075845486974371,0.003075845486974371,0.0,0.003034266580106428
2017-09-12,0.0016678838582324662,0.0016678838582324662,0.0,0.0016271054752249017
2017-09-13,-0.0016918539557330137,-0.0016918539557330137,0.0,-0.0017326318355577834
2017-09-14,0.0005647841955256361,0.0005647841955256361,0.0,0.0005236060162734592
2017-09-15,0.001405980937304152,0.001405980937304152,0.0,0.0013648029303061423
2017-09-18,0.0016019563812312843,0.0016019563812312843,0.0,0.001560379020124594
2017-09-19,0.002010456250234993,0.002010456250234993,0.0,0.0019692791585628035
2017-09-20,-0.0019139952387587922,-0.0019139952387587922,0.0,-0.0019547719486607737
2017-09-21,-0.0008903888906137691,-0.0008903888906137691,0.0,-0.0009311661768115281
2017-09-22,0.0007034067569156033,0.0007034067569156033,0.0,0.0006630289823330021
2017-09-25,-0.002738100580006897,-0.002738100580006897,0.0,-0.0027796774784425
2017-09-26,-0.00016591357471518187,-0.00016591357471518187,0.0,-0.0002078911021885132
2017-09-27,0.0008270896215700763,0.0008270896215700763,0.0,0.0007851120425121586
2017-09-28,0.0006885316396796348,0.0006885316396796348,0.0,0.0006469541015817885
2017-09-29,0.0017277446813928066,0.0017277446813928066,0.0,0.0016861673550081905
2017-10-02,0.002091836481066478,0.002417160175704147,0.6506473892756196,0.0020571113594828314
2017-10-03,0.004012571034468726,0.004012571034468726,0.0,0.003976054516527061
2017-10-04,0.0009991863574918547,0.0009991863574918547,0.0,0.0009623012844148113
2017-10-05,3.832038981954611e-05,3.832038981954611e-05,0.0,1.7781688537878946e-06
2017-10-06,-0.001050855612868662,-0.001050855612868662,0.0,-0.0010873980301976522
2017-10-09,-0.0015044245048213556,-0.0015044245048213556,0.0,-0.001540961531639519
2017-10-10,0.0027055010593812767,0.0027055010593812767,0.0,0.0026686238632698503
2017-10-11,0.0004567594308346745,0.0004567594308346745,0.0,0.00041917218086940045
2017-10-12,-0.0016240549933379533,-0.0016240549933379533,0.0,-0.0016612965969077427
2017-10-13,0.002041891629584125,0.002041891629584125,0.0,0.002004658515279722
2017-10-16,0.0010343988462488962,0.0010343988462488962,0.0,0.0009964589351538968
2017-10-17,-0.00022607256118301056,-0.00022607256118301056,0.0,-0.0002633217175393371
2017-10-18,0.0021132942519201947,0.0021132942519201947,0.0,0.0020760462739308023
2017-10-19,-0.0017741568937734709,-0.0017741568937734709,0.0,-0.0018117640784132132
2017-10-20,0.003120620123746365,0.003120620123746365,0.0,0.003082674141634238
2017-10-23,-0.0029651756111886973,-0.0029651756111886973,0.0,-0.003002789826210676
2017-10-24,0.002871245498703656,0.002871245498703656,0.0,0.0028329506053291088
2017-10-25,-0.0019668537262248487,-0.0019668537262248487,0.0,-0.0020051639536760573
2017-10-26,-0.0005627578864674243,-0.0005627578864674243,0.0,-0.0006007094099904449
2017-10-27,0.0038541516164609657,0.0038541516164609657,0.0,0.0038165512303341424
2017-10-30,-0.0030204975021201896,-0.0030204975021201896,0.0,-0.003058814747995586
2017-10-31,0.0019916521404772514,0.0019916521404772514,0.0,0.001952306478274398
2017-11-01,-0.0008786851031482579,-0.000609433276170579,0.5385036539555752,-0.0009165579955121633
2017-11-02,0.0011923793406196648,0.0011923793406196648,0.0,0.0011549447308399077
2017-11-03,0.0008089401941839824,0.0008089401941839824,0.0,0.0007711702148983293
2017-11-06,0.0025505278247894836,0.0025505278247894836,0.0,0.0025124255067930585
2017-11-07,-0.0011672197072888357,-0.0011672197072888357,0.0,-0.0012063207332492424
2017-11-08,0.001697481700529746,0.001697481700529746,0.0,0.0016580648696577901
2017-11-09,-0.0030929126485225167,-0.0030929126485225167,0.0,-0.003132669930737904
2017-11-10,0.00031775749664730846,0.00031775749664730846,0.0,0.0002783527271854423
2017-11-13,-0.0011231184711764097,-0.0011231184711764097,0.0,-0.0011628516578699429
2017-11-14,-0.003662123277236362,-0.003662123277236362,0.0,-0.0037024979085807197
2017-11-15,-0.004060456990694017,-0.004060456990694017,0.0,-0.004100473820242371
2017-11-16,0.008533424891766339,0.008533424891766339,0.0,0.008492793812871468
2017-11-17,-0.0013330415194189316,-0.0013330415194189316,0.0,-0.0013740741691549182
2017-11-20,0.0020201124327789977,0.0020201124327789977,0.0,0.001978440630945838
2017-11-21,0.005888163762471921,0.005888163762471921,0.0,0.0058464735706281554
2017-11-22,0.0006924097433165244,0.0006924097433165244,0.0,0.0006509923835325104
2017-11-24,0.0039444468951548295,0.0039444468951548295,0.0,0.0039033494920691523
2017-11-27,-0.003940099040610989,-0.003940099040610989,0.0,-0.003980904974081379
2017-11-28,0.0028768165069630314,0.0028768165069630314,0.0,0.0028350668653813714
2017-11-29,-0.0029594960059331488,-0.0029594960059331488,0.0,-0.0030009452190785744
2017-11-30,0.0022914985590987147,0.0022914985590987147,0.0,0.002250728230239089
2017-12-01,-0.0005131013622581282,5.8116187985790546e-05,1.1424351004878146,-0.0005946194933905203
2017-12-04,-0.0029948086846509625,-0.0029948086846509625,0.0,-0.0030783917629714727
2017-12-05,-0.000685356172243301,-0.000685356172243301,0.0,-0.0007690377435939153
2017-12-06,-0.0010011902234690062,-0.0010011902234690062,0.0,-0.0010848943502174476
2017-12-07,0.00028240382719313395,0.00028240382719313395,0.0,0.00019932091394331297
2017-12-08,0.0027470607557191773,0.0027470607557191773,0.0,0.0026646411940449703
2017-12-11,0.0018645656979494607,0.0018645656979494607,0.0,0.0017789678576611715
2017-12-12,-0.00022339721130570922,-0.00022339721130570922,0.0,-0.0003095854343449426
2017-12-13,0.004212675114563025,0.004212675114563025,0.0,0.004129091330634013
2017-12-14,-0.002273332980587628,-0.002273332980587628,0.0,-0.00235808305714369
2017-12-15,0.0021329936635479108,0.0021329936635479108,0.0,0.002048820530095123
2017-12-18,0.0037751303949948856,0.0037751303949948856,0.0,0.003686463738641114
2017-12-19,-0.005529478456147374,-0.005529478456147374,0.0,-0.0056173636129940845
2017-12-20,-0.0020225731853934503,-0.0020225731853934503,0.0,-0.0021113015486775837
2017-12-21,0.0030456389505117976,0.0030456389505117976,0.0,0.0029587989371711184
2017-12-22,0.0014772919831020914,0.0014772919831020914,0.0,0.0013918597056136765
2017-12-26,0.001455966627244898,0.001455966627244898,0.0,0.0013614587954471815
2017-12-27,0.002910903853414082,0.002910903853414082,0.0,0.002818403990217276
2017-12-28,0.001854166342277086,0.001854166342277086,0.0,0.0017650247476091905
2017-12-29,0.0011560111453599031,0.0011560111453599031,0.0,0.0010669339127981328
2018-01-02,0.0033554706743355034,0.0035122304161649964,0.31351948365923477,0.003260129624525366
2018-01-03,0.003767332299631221,0.003767332299631221,0.0,0.0036743283751348977
2018-01-04,0.00227605701255551,0.00227605701255551,0.0,0.002183195128369153
2018-01-05,0.0014198547669754813,0.0014198547669754813,0.0,0.00132841341272309
2018-01-08,0.00015195813418822368,0.00015195813418822368,0.0,5.656691963968454e-05
2018-01-09,-0.003406912484615998,-0.003406912484615998,0.0,-0.0035016307972363285
2018-01-10,0.0007746533158572433,0.0007746533158572433,0.0,0.0006811397443395717
2018-01-11,0.004865495063377079,0.004865495063377079,0.0,0.004771343129187718
2018-01-12,0.005774866840553283,0.005774866840553283,0.0,0.005680899866180545
2018-01-16,0.00030415474885248095,0.00030415474885248095,0.0,0.00020907627434762832
2018-01-17,0.0010112170812495158,0.0010112170812495158,0.0,0.0009168150651245606
2018-01-18,-0.002892097507994573,-0.002892097507994573,0.0,-0.0029871256155610108
2018-01-19,0.0025021953956887444,0.0025021953956887444,0.0,0.002407721560198118
2018-01-22,0.0028841257864207215,0.0028841257864207215,0.0,0.0027890824695200383
2018-01-23,0.005997866584602551,0.005997866584602551,0.0,0.005903597272636028
2018-01-24,0.003639284376037555,0.003639284376037555,0.0,0.0035459034240407387
2018-01-25,-0.0007715189794054167,-0.0007715189794054167,0.0,-0.0008641028984023936
2018-01-26,0.003965624412669788,0.003965624412669788,0.0,0.0038736734214522305
2018-01-29,-0.007716526443138694,-0.007716526443138694,0.0,-0.007810973995973541
2018-01-30,-0.006644060252548711,-0.006644060252548711,0.0,-0.006738138469897161
2018-01-31,0.003563179596713484,0.003563179596713484,0.0,0.003467520429364552
2018-02-01,-0.004716889328651774,-0.0034660253498373095,2.5017279576287073,-0.004693712871226822
2018-02-02,-0.014230720647273043,-0.014230720647273043,0.0,-0.014207328761612433
2018-02-05,-0.01810230725894002,-0.01810230725894002,0.0,-0.018077236523873625
2018-02-06,0.007279931832268494,0.007279931832268494,0.0,0.007306733517940086
2018-02-07,-0.010558834161272235,-0.010558834161272235,0.0,-0.010532132821680513
2018-02-08,-0.016848469554276657,-0.016848469554276657,0.0,-0.016820835357712154
2018-02-09,0.0014805536019568688,0.0014805536019568688,0.0,0.0015097018445943777
2018-02-12,0.00869532370732995,0.00869532370732995,0.0,0.008725856245102415
2018-02-13,0.003203131216322319,0.003203131216322319,0.0,0.003232111456687606
2018-02-14,0.011033753438529192,0.011033753438529192,0.0,0.01106225949366587
2018-02-15,0.009559922471831683,0.009559922471831683,0.0,0.009587441843131131
2018-02-16,0.0011718075459630217,0.0011718075459630217,0.0,0.0011989930589601638
2018-02-20,-0.006436534472794242,-0.006436534472794242,0.0,-0.0064086030601824325
2018-02-21,-0.0060978694305618975,-0.0060978694305618975,0.0,-0.006069683447666494
2018-02-22,0.00372424466910104,0.00372424466910104,0.0,0.0037528205022496234
2018-02-23,0.009378189957155447,0.009378189957155447,0.0,0.009406422706782878
2018-02-26,0.005551778567438603,0.005551778567438603,0.0,0.005579835579696841
2018-02-27,-0.011518872233502897,-0.011518872233502897,0.0,-0.01149149854263768
2018-02-28,-0.00528768863101392,-0.00528768863101392,0.0,-0.005259411057228028
2018-03-01,-0.005599433587272884,-0.004555928019177591,2.0870111361907835,-0.005576185740033735
2018-03-02,0.0032779189207405857,0.0032779189207405857,0.0,0.0033017530640113268
2018-03-05,0.0007026121615583136,0.0007026121615583136,0.0,0.0007268851345309991
2018-03-06,0.0021754652888412718,0.0021754652888412718,0.0,0.0021993847570498768
2018-03-07,-0.0005820990707213758,-0.0005820990707213758,0.0,-0.0005583736575053123
2018-03-08,-0.0016371348587794765,-0.0016371348587794765,0.0,-0.0016135015964085407
2018-03-09,0.003975233589816662,0.003975233589816662,0.0,0.0039990123248808285
2018-03-12,5.8792729017653755e-05,5.8792729017653755e-05,0.0,8.279101884923494e-05
2018-03-13,-0.0019064552674989965,-0.0019064552674989965,0.0,-0.001882176677321586
2018-03-14,0.00015491158267000316,0.00015491158267000316,0.0,0.00017979694104616018
2018-03-15,-0.0005729162118002229,-0.0005729162118002229,0.0,-0.0005479015787542328
2018-03-16,0.00115301253753608,0.00115301253753608,0.0,0.0011782251634111026
2018-03-19,-0.001393547275431839,-0.001393547275431839,0.0,-0.0013681567662409556
2018-03-20,0.0006821145948723295,0.0006821145948723295,0.0,0.0007077827561651172
2018-03-21,0.002607138659205921,0.002607138659205921,0.0,0.002631734335008452
2018-03-22,-0.005557730893485435,-0.005557730893485435,0.0,-0.005533660485120711
2018-03-23,-0.0017794173692450288,-0.0017794173692450288,0.0,-0.001754546748017443
2018-03-26,0.006022498382201702,0.006022498382201702,0.0,0.0060482663433024915
2018-03-27,-0.004427399591041992,-0.004427399591041992,0.0,-0.004402490303001916
2018-03-28,-0.0027906721499729725,-0.0027906721499729725,0.0,-0.002765927259946243
2018-03-29,0.0032623448476458705,0.0032623448476458705,0.0,0.0032873477722671737
2018-04-02,-0.0041018520314141105,-0.003906873202587202,0.38995765765364626,-0.004096637231963401
2018-04-03,0.0013266102355082854,0.0013266102355082854,0.0,0.00133196269622585
2018-04-04,0.0012291761552092328,0.0012291761552092328,0.0,0.001234308890274915
2018-04-05,-0.0011652695236636923,-0.0011652695236636923,0.0,-0.0011601949070466438
2018-04-06,-0.0018894484377263154,-0.0018894484377263154,0.0,-0.0018842591374065012
2018-04-09,0.0013686656485045745,0.0013686656485045745,0.0,0.001374086479227338
2018-04-10,0.004941475616191848,0.004941475616191848,0.0,0.004946733708041218
2018-04-11,0.0014663242689700873,0.0014663242689700873,0.0,0.0014711941936166298
2018-04-12,9.935489956136578e-05,9.935489956136578e-05,0.0,0.00010417496720677329
2018-04-13,-0.00043951566876587744,-0.00043951566876587744,0.0,-0.0004346748792202358
2018-04-16,0.0005315807083920987,0.0005315807083920987,0.0,0.0005365383175444452
2018-04-17,0.001448776852584155,0.001448776852584155,0.0,0.0014537226636561456
2018-04-18,0.0006628917651534394,0.0006628917651534394,0.0,0.0006677561370334829
2018-04-19,-0.002087630356088832,-0.002087630356088832,0.0,-0.0020827889519633136
2018-04-20,-0.002564163448376844,-0.002564163448376844,0.0,-0.0025591912514880684
2018-04-23,-0.0010236812141388718,-0.0010236812141388718,0.0,-0.0010183404960008018
2018-04-24,-0.0027722013480991903,-0.0027722013480991903,0.0,-0.0027667803355949177
2018-04-25,-0.0018143766661661287,-0.0018143766661661287,0.0,-0.0018087989004794526
2018-04-26,0.0018873607672333925,0.0018873607672333925,0.0,0.0018929856757727913
2018-04-27,0.0001617304281529286,0.0001617304281529286,0.0,0.00016718031314515166
2018-04-30,-0.001170213276029508,-0.001170213276029508,0.0,-0.0011645924050030657
2018-05-01,-0.0022980324961999754,-0.0021233474421911147,0.3493701080178048,-0.0022724762082899984
2018-05-02,-0.001062954755317591,-0.001062954755317591,0.0,-0.0010374707275757574
2018-05-03,-7.054591715949243e-05,-7.054591715949243e-05,0.0,-4.5099711646218405e-05
2018-05-04,0.0018102565770961032,0.0018102565770961032,0.0,0.0018357096172115196
2018-05-07,0.000277416686784715,0.000277416686784715,0.0,0.0003031159628433017
2018-05-08,-0.00018937987833589354,-0.00018937987833589354,0.0,-0.0001635675856570889
2018-05-09,0.0018660267050285562,0.0018660267050285562,0.0,0.0018919981032548322
2018-05-10,0.0020748600992173127,0.0020748600992173127,0.0,0.0021007857748343854
2018-05-11,-0.00018609678866898793,-0.00018609678866898793,0.0,-0.00016010107097401007
2018-05-14,0.001101161007809548,0.001101161007809548,0.0,0.0011274521995061975
2018-05-15,-0.00107015419234191,-0.00107015419234191,0.0,-0.0010441126383578165
2018-05-16,0.0013801185889523726,0.0013801185889523726,0.0,0.0014061300300893956
2018-05-17,-0.0008448932967913825,-0.0008448932967913825,0.0,-0.0008190205243765816
2018-05-18,-0.0026075121623874153,-0.0026075121623874153,0.0,-0.0025816924997956073
2018-05-21,0.0008022478780280728,0.0008022478780280728,0.0,0.000828747455916716
2018-05-22,-0.00018163501781598423,-0.00018163501781598423,0.0,-0.0001552171205725313
2018-05-23,-0.0024629724543939746,-0.0024629724543939746,0.0,-0.002436814338500606
2018-05-24,-0.0013309262623504292,-0.0013309262623504292,0.0,-0.0013046598236623867
2018-05-25,-0.004254408531192966,-0.004254408531192966,0.0,-0.004228149370703925
2018-05-29,-0.0071028387297602524,-0.0071028387297602524,0.0,-0.007075578109429521
2018-05-30,0.004836164436593293,0.004836164436593293,0.0,0.0048641594323556945
2018-05-31,-7.438692641359435e-05,-7.438692641359435e-05,0.0,-4.703426702547638e-05
2018-06-01,0.0016908266805781835,0.0018211141198578584,0.2605748785593777,0.0016996959542597803
2018-06-04,0.0036941576493676465,0.0036941576493676465,0.0,0.0037031068127256184
2018-06-05,-0.00023882625297044768,-0.00023882625297044768,0.0,-0.00023018899071575614
2018-06-06,0.0028494032869403885,0.0028494032869403885,0.0,0.002858060718330597
2018-06-07,-0.001919546645499759,-0.001919546645499759,0.0,-0.0019111732361576802
2018-06-08,0.0006171563813177627,0.0006171563813177627,0.0,0.0006256459822677945
2018-06-11,0.0009280367036652581,0.0009280367036652581,0.0,0.0009365641023885914
2018-06-12,-0.0005110378135283478,-0.0005110378135283478,0.0,-0.0005026770687690246
2018-06-13,-0.0005048229387271119,-0.0005048229387271119,0.0,-0.0004963751094340217
2018-06-14,-0.002716213998285033,-0.002716213998285033,0.0,-0.0027077238209086817
2018-06-15,-0.0019368806032625807,-0.0019368806032625807,0.0,-0.0019281619502462914
2018-06-18,0.0001361422845069793,0.0001361422845069793,0.0,0.00014507092212781683
2018-06-19,-0.002033606923807496,-0.002033606923807496,0.0,-0.0020246898189024616
2018-06-20,0.0017864884332623454,0.0017864884332623454,0.0,0.0017955305674070272
2018-06-21,-0.002563840823013641,-0.002563840823013641,0.0,-0.002554949269083685
2018-06-22,0.003082271347505827,0.003082271347505827,0.0,0.003091331620944155
2018-06-25,-0.003657548879678507,-0.003657548879678507,0.0,-0.0036487003353746677
2018-06-26,0.0004842063287433529,0.0004842063287433529,0.0,0.000493364135748205
2018-06-27,-0.004744324640007291,-0.004744324640007291,0.0,-0.004735255738680748
2018-06-28,0.001545461662097125,0.001545461662097125,0.0,0.0015549313148786928
2018-06-29,0.002245730568990467,0.002245730568990467,0.0,0.002255069878602422
2018-07-02,-0.0027730642866028443,-0.002574318135350029,0.39749230250578416,-0.00278415544942012
2018-07-03,-2.313930445529966e-05,-2.313930445529966e-05,0.0,-3.432661438354305e-05
2018-07-05,0.0023334491748436825,0.0023334491748436825,0.0,0.0023223787048391323
2018-07-06,0.002003735442182686,0.002003735442182686,0.0,0.0019924549234216975
2018-07-09,0.003606532861517353,0.003606532861517353,0.0,0.0035950034970283103
2018-07-10,-0.000529799504857098,-0.000529799504857098,0.0,-0.0005415655118030588
2018-07-11,-0.006158645559831921,-0.006158645559831921,0.0,-0.0061702564653210844
2018-07-12,0.0022824151624369904,0.0022824151624369904,0.0,0.0022711488294157507
2018-07-13,-3.9427454871954204e-05,-3.9427454871954204e-05,0.0,-5.084344161066301e-05
2018-07-16,-0.0017769618030447631,-0.0017769618030447631,0.0,-0.0017886105323616376
2018-07-17,-0.00036922343050405093,-0.00036922343050405093,0.0,-0.00038075302904976336
2018-07-18,0.0007379095561934612,0.0007379095561934612,0.0,0.0007265209306696631
2018-07-19,-0.001076644050497566,-0.001076644050497566,0.0,-0.001088081629088304
2018-07-20,0.0020657550963716353,0.0020657550963716353,0.0,0.0020544470097315064
2018-07-23,0.0010154751007722673,0.0010154751007722673,0.0,0.0010039721164518947
2018-07-24,0.001133823601996653,0.001133823601996653,0.0,0.0011221353221131023
2018-07-25,0.003268650502691095,0.003268650502691095,0.0,0.0032569458892809087
2018-07-26,-0.0009608714185627143,-0.0009608714185627143,0.0,-0.0009726715641474621
2018-07-27,-0.002051999507290181,-0.002051999507290181,0.0,-0.0020637967676486596
2018-07-30,-0.0010058775292685063,-0.0010058775292685063,0.0,-0.001017836608782332
2018-07-31,0.0009587060617992638,0.0009587060617992638,0.0,0.0009469335688075243
2018-08-01,-0.0004180514181694184,-7.881715276414347e-05,0.6784685308105451,-0.000407592430031766
2018-08-02,0.001081882748208196,0.001081882748208196,0.0,0.0010922552579903872
2018-08-03,-0.0007170570201522342,-0.0007170570201522342,0.0,-0.0007068325342325329
2018-08-06,0.000935913178064629,0.000935913178064629,0.0,0.0009464622113416584
2018-08-07,0.002779950103461104,0.002779950103461104,0.0,0.0027904143215266553
2018-08-08,-0.0020357542344480173,-0.0020357542344480173,0.0,-0.0020255412452530332
2018-08-09,0.0001181273685448847,0.0001181273685448847,0.0,0.0001285247076413097
2018-08-10,-0.0021716462632632716,-0.0021716462632632716,0.0,-0.0021613110390793274
2018-08-13,-0.0002604928408200813,-0.0002604928408200813,0.0,-0.0002498567425703284
2018-08-14,0.0020464334850547328,0.0020464334850547328,0.0,0.0020571458558887403
2018-08-15,-0.003505043409704589,-0.003505043409704589,0.0,-0.0034945698355514677
2018-08-16,0.0019499930874657956,0.0019499930874657956,0.0,0.0019607868449264855
2018-08-17,-2.0391136607011973e-05,-2.0391136607011973e-05,0.0,-9.879753870962392e-06
2018-08-20,-0.00030438995332815466,-0.00030438995332815466,0.0,-0.00029377212059009393
2018-08-21,0.0021013096352122673,0.0021013096352122673,0.0,0.0021120076700108696
2018-08-22,0.0010127979605847326,0.0010127979605847326,0.0,0.0010233553125937698
2018-08-23,0.0014239633695953824,0.0014239633695953824,0.0,0.001434376687333026
2018-08-24,0.00029339051589594156,0.00029339051589594156,0.0,0.0003037243260516526
2018-08-27,0.0019432338878511146,0.0019432338878511146,0.0,0.001953691639931589
2018-08-28,0.0022276358722945755,0.0022276358722945755,0.0,0.0022379626696140166
2018-08-29,0.00152910786792404,0.00152910786792404,0.0,0.0015392273703366947
2018-08-30,-0.0022808066504176328,-0.0022808066504176328,0.0,-0.0022709247012040836
2018-08-31,0.0008549846848977527,0.0008549846848977527,0.0,0.000865077004716318
2018-09-04,-0.0003301693009614137,-1.049811708853099e-05,0.6393423677459571,-0.00027431379136778764
2018-09-05,-0.0016443907048816486,-0.0016443907048816486,0.0,-0.0015881305339148514
2018-09-06,-0.002648882104413719,-0.002648882104413719,0.0,-0.0025926610095544033
2018-09-07,0.0013170275642115925,0.0013170275642115925,0.0,0.0013738890189901422
2018-09-10,0.0005661489344819248,0.0005661489344819248,0.0,0.0006230958824655578
2018-09-11,0.0039512374471175615,0.0039512374471175615,0.0,0.004008104795972084
2018-09-12,-0.0013137287695131894,-0.0013137287695131894,0.0,-0.001257147877386743
2018-09-13,0.00045994488065081995,0.00045994488065081995,0.0,0.0005164431038362948
2018-09-14,0.0022323372931662977,0.0022323372931662977,0.0,0.002289038507233888
2018-09-17,-0.001908046567011601,-0.001908046567011601,0.0,-0.0018513930497985123
2018-09-18,0.0038149254842163582,0.0038149254842163582,0.0,0.0038718488893016954
2018-09-19,-0.0006674113065269216,-0.0006674113065269216,0.0,-0.0006112901835527424
2018-09-20,-0.0002611730323685002,-0.0002611730323685002,0.0,-0.0002046930796109315
2018-09-21,0.0002880897116153136,0.0002880897116153136,0.0,0.0003448718374100467
2018-09-24,0.0009477830889397243,0.0009477830889397243,0.0,0.0010055849887010393
2018-09-25,-5.507824762496227e-06,-5.507824762496227e-06,0.0,5.189291056851807e-05
2018-09-26,-0.0018922557041127774,-0.0018922557041127774,0.0,-0.0018351187014995544
2018-09-27,0.002609202462226845,0.002609202462226845,0.0,0.0026660787345260876
2018-09-28,0.0007987950149486167,0.0007987950149486167,0.0,0.0008555663258495025
2018-10-01,0.002252793015388832,0.002321831269012753,0.13807650724791573,0.002302399109605575
2018-10-02,-0.004383991955238753,-0.004383991955238753,0.0,-0.004334526731984408
2018-10-03,0.0030888504913160197,0.0030888504913160197,0.0,0.0031389161919763552
2018-10-04,-0.003503863719402145,-0.003503863719402145,0.0,-0.003454446481787977
2018-10-05,-0.0024311336879704326,-0.0024311336879704326,0.0,-0.002381238512440783
2018-10-08,-0.0005907236329886212,-0.0005907236329886212,0.0,-0.0005404960350949451
2018-10-09,-0.0009047327041232789,-0.0009047327041232789,0.0,-0.0008537319678888517
2018-10-10,-0.009190569904728996,-0.009190569904728996,0.0,-0.009138980887435259
2018-10-11,-0.009936441162597398,-0.009936441162597398,0.0,-0.009883789946058227
2018-10-12,0.0031963560356027543,0.0031963560356027543,0.0,0.0032506633372739956
2018-10-15,-0.0020062097704047765,-0.0020062097704047765,0.0,-0.0019513914911903467
2018-10-16,0.006216504559043656,0.006216504559043656,0.0,0.0062713713443092985
2018-10-17,0.0002440694548957456,0.0002440694548957456,0.0,0.0002982820220926905
2018-10-18,-0.004878636974708139,-0.004878636974708139,0.0,-0.004824459616171092
2018-10-19,0.0011617486705486346,0.0011617486705486346,0.0,0.0012163914732597743
2018-10-22,7.667293854973778e-05,7.667293854973778e-05,0.0,0.00013211243113883442
2018-10-23,-0.005451304369020082,-0.005451304369020082,0.0,-0.0053961171165730895
2018-10-24,-0.008710301055180447,-0.008710301055180447,0.0,-0.008654313219531917
2018-10-25,0.0062287766756459195,0.0062287766756459195,0.0,0.006286054953665973
2018-10-26,-0.007504649637734451,-0.007504649637734451,0.0,-0.007448534567425235
2018-10-29,0.00032592509377438184,0.00032592509377438184,0.0,0.00038365055911623804
2018-10-30,0.005316442925167308,0.005316442925167308,0.0,0.005373869075805318
2018-10-31,0.0027274181010945586,0.0027274181010945586,0.0,0.0027840599971228337
2018-11-01,-0.004386390294166542,-0.0031950808907608153,2.382618806811813,-0.004415277070826549
2018-11-02,0.00029029925907253507,0.00029029925907253507,0.0,0.0002613635369042291
2018-11-05,-0.00045524047744704976,-0.00045524047744704976,0.0,-0.0004847020171643051
2018-11-06,-0.0002712890246735489,-0.0002712890246735489,0.0,-0.0003005951859692323
2018-11-07,-0.0006927574575237294,-0.0006927574575237294,0.0,-0.0007221734897502509
2018-11-08,0.0018314344377385883,0.0018314344377385883,0.0,0.0018023150471850003
2018-11-09,-0.00020461839354257716,-0.00020461839354257716,0.0,-0.00023397850052116
2018-11-12,-0.00031580955146015555,-0.00031580955146015555,0.0,-0.0003451569067613601
2018-11-13,-0.0030029617709116385,-0.0030029617709116385,0.0,-0.003032670317767496
2018-11-14,-0.0007942441428125946,-0.0007942441428125946,0.0,-0.0008236363389090849
2018-11-15,0.0006045235258904658,0.0006045235258904658,0.0,0.0005753073927050182
2018-11-16,-0.0027825720002857546,-0.0027825720002857546,0.0,-0.0028117000079532868
2018-11-19,-0.0008482233076740897,-0.0008482233076740897,0.0,-0.0008775528309800782
2018-11-20,-0.0005194953092818588,-0.0005194953092818588,0.0,-0.000548770901234432
2018-11-21,-0.00036561638291343623,-0.00036561638291343623,0.0,-0.00039510886365804056
2018-11-23,-0.0010835941534032,-0.0010835941534032,0.0,-0.0011130631682379848
2018-11-26,0.0005994276270604448,0.0005994276270604448,0.0,0.0005699036609718357
2018-11-27,0.0012344744268615315,0.0012344744268615315,0.0,0.0012050365434770713
2018-11-28,-0.0007202678936334417,-0.0007202678936334417,0.0,-0.0007496598762120649
2018-11-29,-0.0001503553074145847,-0.0001503553074145847,0.0,-0.00017932662993026685
2018-11-30,0.00026735816742129437,0.00026735816742129437,0.0,0.00023839633257468143
2018-12-03,-0.001568647174195248,-0.0011015263497119454,0.9342416489666941,-0.001626649032690161
2018-12-04,-0.0030729581324380195,-0.0030729581324380195,0.0,-0.00313197378309712
2018-12-06,0.0016913703879000153,0.0016913703879000153,0.0,0.0016329589561621585
2018-12-07,-0.0024605914764173065,-0.0024605914764173065,0.0,-0.0025188146521336404
2018-12-10,0.0027501142558852276,0.0027501142558852276,0.0,0.002691482708263297
2018-12-11,-0.00016396427829146187,-0.00016396427829146187,0.0,-0.00022269295703462668
2018-12-12,-0.0013706254208304403,-0.0013706254208304403,0.0,-0.0014298438593662785
2018-12-13,0.0003160088975693309,0.0003160088975693309,0.0,0.0002570869229270695
2018-12-14,0.0018828412004074924,0.0018828412004074924,0.0,0.0018241556223676627
2018-12-17,-0.0024427188406273004,-0.0024427188406273004,0.0,-0.002501222975771082
2018-12-18,0.00045628491111937564,0.00045628491111937564,0.0,0.0003983619080123987
2018-12-19,-0.0020620575946157516,-0.0020620575946157516,0.0,-0.002120244132663315
2018-12-20,-0.0032189873579490103,-0.0032189873579490103,0.0,-0.0032768541415710106
2018-12-21,0.002395296891270826,0.002395296891270826,0.0,0.0023375431049096076
2018-12-24,-0.0034006109362439974,-0.0034006109362439974,0.0,-0.0034601787913050423
2018-12-26,0.003651289888975562,0.003651289888975562,0.0,0.0035923384202107066
2018-12-27,-2.116398575580103e-05,-2.116398575580103e-05,0.0,-7.950440633345925e-05
2018-12-28,-0.001464547034912389,-0.001464547034912389,0.0,-0.0015226395061606862
2018-12-31,-0.001066923448628132,-0.001066923448628132,0.0,-0.0011261992614489057
2019-01-02,-0.0039520424997770975,-0.0031218616121243548,1.660361775305292,-0.003950448139454248
2019-01-03,0.0008870865805683525,0.0008870865805683525,0.0,0.0008890862163688188
2019-01-04,-0.007774239353245949,-0.007774239353245949,0.0,-0.007772316378638191
2019-01-07,-0.004042195147287653,-0.004042195147287653,0.0,-0.004039475082211752
2019-01-08,-0.0032462178602945535,-0.0032462178602945535,0.0,-0.003243098611594593
2019-01-09,-0.004956461549863511,-0.004956461549863511,0.0,-0.004953034957031621
2019-01-10,0.0021344240331293562,0.0021344240331293562,0.0,0.0021383094391439848
2019-01-11,0.0009177426472504191,0.0009177426472504191,0.0,0.0009214186226827219
2019-01-14,0.0025834959959116777,0.0025834959959116777,0.0,0.0025871121391433266
2019-01-15,-0.0010391156280972202,-0.0010391156280972202,0.0,-0.001035754216297203
2019-01-16,-0.002273764241601861,-0.002273764241601861,0.0,-0.0022703291333940117
2019-01-17,-0.0016882532085285007,-0.0016882532085285007,0.0,-0.0016846104085669253
2019-01-18,-0.0015836065984090597,-0.0015836065984090597,0.0,-0.0015798146609079422
2019-01-22,0.0041936763671195365,0.0041936763671195365,0.0,0.004197656305185811
2019-01-23,-0.0017460845145268467,-0.0017460845145268467,0.0,-0.0017425456034859646
2019-01-24,-4.228694465602256e-05,-4.228694465602256e-05,0.0,-3.8640898215131385e-05
2019-01-25,-0.006513931589698707,-0.006513931589698707,0.0,-0.006510250029496187
2019-01-28,0.0019275555465603222,0.0019275555465603222,0.0,0.0019319253908761996
2019-01-29,-0.0016365990538793618,-0.0016365990538793618,0.0,-0.0016324185497271864
2019-01-30,-0.005368551181669345,-0.005368551181669345,0.0,-0.005364209653932631
2019-01-31,-0.0019717911129178978,-0.0019717911129178978,0.0,-0.001966939086432175
2019-02-01,-0.0024711567828620273,-0.0016833996533601736,1.575514259003833,-0.0025282446995943454
2019-02-04,-0.0006460959369948283,-0.0006460959369948283,0.0,-0.0007036913246514574
2019-02-05,0.0016109233254577582,0.0016109233254577582,0.0,0.001553351504666181
2019-02-06,0.00036625580898363985,0.00036625580898363985,0.0,0.0003086253229829909
2019-02-07,0.00402026496777208,0.00402026496777208,0.0,0.003962621148668233
2019-02-08,0.001745017357273948,0.001745017357273948,0.0,0.0016869839333544263
2019-02-11,3.083368316958435e-05,3.083368316958435e-05,0.0,-2.775137676399694e-05
2019-02-12,-0.002140298196484647,-0.002140298196484647,0.0,-0.00219839616828107
2019-02-13,-0.0006995409881620507,-0.0006995409881620507,0.0,-0.0007578047823785575
2019-02-14,0.0019269130503536402,0.0019269130503536402,0.0,0.0018689185359229532
2019-02-15,-0.0031720196025173397,-0.0031720196025173397,0.0,-0.0032300842177157706
2019-02-19,-0.0016440758816848033,-0.0016440758816848033,0.0,-0.0017027551798385668
2019-02-20,-0.0014380461437678571,-0.0014380461437678571,0.0,-0.0014964213539764607
2019-02-21,-0.0006553361158786464,-0.0006553361158786464,0.0,-0.000713658239216215
2019-02-22,0.0009529007223023633,0.0009529007223023633,0.0,0.0008943598992193665
2019-02-25,0.00016408682930091345,0.00016408682930091345,0.0,0.00010526763836768702
2019-02-26,0.000619887722330903,0.000619887722330903,0.0,0.000561548585780518
2019-02-27,-0.0010431018112592172,-0.0010431018112592172,0.0,-0.0011014638068510202
2019-02-28,0.0007529548695368593,0.0007529548695368593,0.0,0.0006946313796367461
2019-03-01,0.000371882935757073,0.0006226522022694247,0.5015385330245385,0.0003087396086971283
2019-03-04,0.0011052825458217619,0.0011052825458217619,0.0,0.001041460657730365
2019-03-05,-0.0009111172057204575,-0.0009111172057204575,0.0,-0.0009749742173799876
2019-03-06,0.0011436597405791726,0.0011436597405791726,0.0,0.0010798317087232696
2019-03-07,0.004100470450463911,0.004100470450463911,0.0,0.004036871081275993
2019-03-08,-0.0012978653969578646,-0.0012978653969578646,0.0,-0.0013618595057314656
2019-03-11,0.0006290111370552687,0.0006290111370552687,0.0,0.0005650581471632878
2019-03-12,2.4237213529065826e-05,2.4237213529065826e-05,0.0,-3.9735692122960925e-05
2019-03-13,-0.0011432604525146717,-0.0011432604525146717,0.0,-0.0012069686746216713
2019-03-14,0.0014230541180639822,0.0014230541180639822,0.0,0.0013593819840721209
2019-03-15,-0.0005500800014399676,-0.0005500800014399676,0.0,-0.0006137969916701163
2019-03-18,-0.0016581230237840971,-0.0016581230237840971,0.0,-0.0017215572501684435
2019-03-19,-0.0007509975903072785,-0.0007509975903072785,0.0,-0.0008149100472905856
2019-03-20,0.0013076996020509046,0.0013076996020509046,0.0,0.0012435458884762134
2019-03-21,0.0033854137657265415,0.0033854137657265415,0.0,0.0033209531496793416
2019-03-22,0.003493089114376735,0.003493089114376735,0.0,0.0034290520665058834
2019-03-25,-0.00024416341078303816,-0.00024416341078303816,0.0,-0.00030831044863447577
2019-03-26,0.0012331090543806766,0.0012331090543806766,0.0,0.0011689697065957307
2019-03-27,0.0032059960193799864,0.0032059960193799864,0.0,0.003142350480601712
2019-03-28,0.0025309037872138784,0.0025309037872138784,0.0,0.002467425271118014
2019-03-29,0.00021416900778992165,0.00021416900778992165,0.0,0.00015141345250771596
2019-04-01,-0.00543237644553074,-0.004972661291649527,0.9194303077624815,-0.00556123972462573
2019-04-02,0.001695695038723244,0.001695695038723244,0.0,0.0015669138411614886
2019-04-03,-0.004037312602401477,-0.004037312602401477,0.0,-0.004167121267086138
2019-04-04,0.0004250375640197923,0.0004250375640197923,0.0,0.00029508715275600677
2019-04-05,0.0013665773485931343,0.0013665773485931343,0.0,0.0012366418536932787
2019-04-08,-0.003118105180015096,-0.003118105180015096,0.0,-0.0032474493186248556
2019-04-09,0.0012660875105856562,0.0012660875105856562,0.0,0.0011371781321105091
2019-04-10,0.003462433755970773,0.003462433755970773,0.0,0.0033330247242946676
2019-04-11,0.0012419490780468667,0.0012419490780468667,0.0,0.0011126606912130813
2019-04-12,-0.003018735775576098,-0.003018735775576098,0.0,-0.0031485239886021228
2019-04-15,0.00046743674665350454,0.00046743674665350454,0.0,0.00033808620826934505
2019-04-16,-0.0030000185275397273,-0.0030000185275397273,0.0,-0.0031293527571562146
2019-04-17,-1.7224390935877132e-05,-1.7224390935877132e-05,0.0,-0.00014720746775723827
2019-04-18,0.0024461243024425094,0.0024461243024425094,0.0,0.0023172283498720573
2019-04-22,-0.0017902995749079498,-0.0017902995749079498,0.0,-0.0019201975040895837
2019-04-23,0.004577466966515287,0.004577466966515287,0.0,0.004446962393794167
2019-04-24,0.0070225384453117545,0.0070225384453117545,0.0,0.006892737667635918
2019-04-25,-0.0005146534221976973,-0.0005146534221976973,0.0,-0.0006436683279914528
2019-04-26,0.003629741041463852,0.003629741041463852,0.0,0.0035012504889326166
2019-04-29,-0.0033922774025914038,-0.0033922774025914038,0.0,-0.003521726645602243
2019-04-30,0.0013476134633947368,0.0013476134633947368,0.0,0.0012185885424467284
2019-05-01,-0.000737618875371715,-0.0002775224505359164,0.9201928496714269,-0.0008188106118638195
2019-05-02,-0.0001374603801225227,-0.0001374603801225227,0.0,-0.00021965312001950295
2019-05-03,0.0011636157596481844,0.0011636157596481844,0.0,0.0010824479909078896
2019-05-06,0.0024608119814981677,0.0024608119814981677,0.0,0.002379287675883301
2019-05-07,-0.0005842565057547766,-0.0005842565057547766,0.0,-0.0006654722588106779
2019-05-08,-0.0014280090720167893,-0.0014280090720167893,0.0,-0.0015092170916053557
2019-05-09,0.0016288110336610817,0.0016288110336610817,0.0,0.0015476219428377392
2019-05-10,0.0007892194424530263,0.0007892194424530263,0.0,0.0007080087962730533
2019-05-13,-0.001666735736583158,-0.001666735736583158,0.0,-0.0017472742887941358
2019-05-14,-0.0003581969412361774,-0.0003581969412361774,0.0,-0.0004387136023190351
2019-05-15,0.002925315577264387,0.002925315577264387,0.0,0.002844462470122611
2019-05-16,0.0014033357746066066,0.0014033357746066066,0.0,0.0013231268114099494
2019-05-17,0.0018320953364987513,0.0018320953364987513,0.0,0.0017522094849619484
2019-05-20,-0.0041858131700186485,-0.0041858131700186485,0.0,-0.004265722742738319
2019-05-21,0.0013999464818978957,0.0013999464818978957,0.0,0.0013200913330961787
2019-05-22,0.0024995032390175975,0.0024995032390175975,0.0,0.0024199712525640365
2019-05-23,0.001092435009823367,0.001092435009823367,0.0,0.0010132122668734598
2019-05-24,-0.0024741061024565747,-0.0024741061024565747,0.0,-0.0025526597823058057
2019-05-28,-2.3926218547298816e-05,-2.3926218547298816e-05,0.0,-0.00010313116045607322
2019-05-29,-0.0013018147396453017,-0.0013018147396453017,0.0,-0.0013810193738902337
2019-05-30,0.0026681672323540795,0.0026681672323540795,0.0,0.002588638032743426
2019-05-31,0.0007777409041622718,0.0007777409041622718,0.0,0.0006992017181452928
2019-06-03,-0.00021223629627131757,0.00020658133156992164,0.8376352556820404,-0.0003169717396530115
2019-06-04,-0.0024082339162758704,-0.0024082339162758704,0.0,-0.00251309632270441
2019-06-05,0.003127770995486223,0.003127770995486223,0.0,0.0030228757759596437
2019-06-06,-0.0017946619521211904,-0.0017946619521211904,0.0,-0.0018986029245496097
2019-06-07,0.002487499621709688,0.002487499621709688,0.0,0.0023858143792750896
2019-06-10,-0.003531514468474106,-0.003531514468474106,0.0,-0.003633622815146704
2019-06-11,-0.0009733912198823802,-0.0009733912198823802,0.0,-0.0010746343167417132
2019-06-12,0.0031827238446713313,0.0031827238446713313,0.0,0.00308283626040426
2019-06-13,0.0011060861032492486,0.0011060861032492486,0.0,0.0010085193066759987
2019-06-14,0.0012459519141434505,0.0012459519141434505,0.0,0.0011479432355402245
2019-06-17,-0.0007158471735790872,-0.0007158471735790872,0.0,-0.000815207401802104
2019-06-18,0.0013576688272602944,0.0013576688272602944,0.0,0.0012587552152666143
2019-06-19,0.0029519067485497263,0.0029519067485497263,0.0,0.0028548334669700353
2019-06-20,-0.0005551418851452716,-0.0005551418851452716,0.0,-0.0006503559520916339
2019-06-21,-0.004661324794804855,-0.004661324794804855,0.0,-0.004755634476668613
2019-06-24,0.0008971095259899808,0.0008971095259899808,0.0,0.0008022869874169994
2019-06-25,-0.0006662395845520308,-0.0006662395845520308,0.0,-0.0007605952892738165
2019-06-26,-0.004267907135666604,-0.004267907135666604,0.0,-0.004363638574478509
2019-06-27,0.0027239582591824796,0.0027239582591824796,0.0,0.002628629796653488
2019-06-28,0.0009167525163795709,0.0009167525163795709,0.0,0.0008219136732961165
2019-07-01,-0.0019192332255970612,-0.0015270249840577677,0.7844164830787714,-0.0020073704434142733
2019-07-02,0.004575209510981004,0.004575209510981004,0.0,0.0044873953157128325
2019-07-03,0.0019470158540948468,0.0019470158540948468,0.0,0.001858804644658311
2019-07-05,-0.0034889763577584665,-0.0034889763577584665,0.0,-0.0035779994406229163
2019-07-08,-0.0010370078905549418,-0.0010370078905549418,0.0,-0.0011272649889094526
2019-07-09,-0.0003687314851655854,-0.0003687314851655854,0.0,-0.0004589912396517404
2019-07-10,0.0010734119374213869,0.0010734119374213869,0.0,0.0009856017548620798
2019-07-11,-0.0034245652102116164,-0.0034245652102116164,0.0,-0.0035111474988564514
2019-07-12,0.0008828394654667449,0.0008828394654667449,0.0,0.000797065633218048
2019-07-15,0.002101181548301412,0.002101181548301412,0.0,0.002015001432151582
2019-07-16,-0.000800515432283877,-0.000800515432283877,0.0,-0.0008862819991987722
2019-07-17,0.001790454674692743,0.001790454674692743,0.0,0.0017050945798825583
2019-07-18,0.002260673881257169,0.002260673881257169,0.0,0.0021785853242625016
2019-07-19,-0.00309501373788279,-0.00309501373788279,0.0,-0.003177505421611324
2019-07-22,0.0010625637597241333,0.0010625637597241333,0.0,0.0009792480119991233
2019-07-23,0.0004575924893082117,0.0004575924893082117,0.0,0.0003750960466079566
2019-07-24,0.0014536563078260123,0.0014536563078260123,0.0,0.0013699357555422781
2019-07-25,-0.0022719390231785708,-0.0022719390231785708,0.0,-0.0023560645094911343
2019-07-26,0.0018156012785515152,0.0018156012785515152,0.0,0.001730653569054241
2019-07-29,-0.0005368231019516889,-0.0005368231019516889,0.0,-0.0006213580658873056
2019-07-30,-0.0007931270813191782,-0.0007931270813191782,0.0,-0.0008764381670571506
2019-07-31,0.0006026324038752584,0.0006026324038752584,0.0,0.0005193194458997215
2019-08-01,0.011127997815626012,0.011351307693236778,0.4466197552216462,0.011067742297997446
2019-08-02,0.0015298561340684191,0.0015298561340684191,0.0,0.0014698308463128452
2019-08-05,0.005409779007660154,0.005409779007660154,0.0,0.005350317579960747
2019-08-06,0.002501964464662443,0.002501964464662443,0.0,0.002442098099352864
2019-08-07,0.002262626985682026,0.002262626985682026,0.0,0.002203605235611982
2019-08-08,0.0007046285720391232,0.0007046285720391232,0.0,0.0006455626881972041
2019-08-09,-0.000255417134381819,-0.000255417134381819,0.0,-0.00031389998888865783
2019-08-12,0.005349629894316754,0.005349629894316754,0.0,0.005291151969323007
2019-08-13,-0.003569097968631807,-0.003569097968631807,0.0,-0.0036276785913004115
2019-08-14,0.006810688477761229,0.006810688477761229,0.0,0.006753370736644643
2019-08-15,0.0030358754592942905,0.0030358754592942905,0.0,0.0029799260255223606
2019-08-16,-0.0019886210517829905,-0.0019886210517829905,0.0,-0.0020434277821995686
2019-08-19,-0.0037015984746324726,-0.0037015984746324726,0.0,-0.003758464787192139
2019-08-20,0.0023136365480995735,0.0023136365480995735,0.0,0.002256839082903254
2019-08-21,-0.001246360398472146,-0.001246360398472146,0.0,-0.0013040982764658492
2019-08-22,-0.00010211949344329785,-0.00010211949344329785,0.0,-0.00016073096327861056
2019-08-23,0.005325410619666959,0.005325410619666959,0.0,0.005267698191658389
2019-08-26,-0.0012519673977524626,-0.0012519673977524626,0.0,-0.0013106784482859717
2019-08-27,0.003818308211346544,0.003818308211346544,0.0,0.0037602199101232237
2019-08-28,0.00043950183191987513,0.00043950183191987513,0.0,0.00038104186032713455
2019-08-29,-0.0014730684365766855,-0.0014730684365766855,0.0,-0.001531536720321938
2019-08-30,0.0010669315656339773,0.0010669315656339773,0.0,0.001008491182643665
2019-09-03,0.002886492849126343,0.002979440031863456,0.18589436547425053,0.0028340318724177326
2019-09-04,-0.0012416154867986862,-0.0012416154867986862,0.0,-0.0012936357729577935
2019-09-05,-0.005418653656013239,-0.005418653656013239,0.0,-0.005470643401465712
2019-09-06,3.4068346919990944e-05,3.4068346919990944e-05,0.0,-1.7518704173687944e-05
2019-09-09,-0.004717096161440226,-0.004717096161440226,0.0,-0.004768684050703372
2019-09-10,-0.004572572774388828,-0.004572572774388828,0.0,-0.004623775981239998
2019-09-11,-8.933582375159066e-05,-8.933582375159066e-05,0.0,-0.00014069356071246848
2019-09-12,-0.001991168082069339,-0.001991168082069339,0.0,-0.0020422561237209346
2019-09-13,-0.006563497399838636,-0.006563497399838636,0.0,-0.006614803368911784
2019-09-16,0.0018036636597316136,0.0018036636597316136,0.0,0.0017517230122668667
2019-09-17,0.002427075410851076,0.002427075410851076,0.0,0.0023750889602463187
2019-09-18,0.0004580741867565852,0.0004580741867565852,0.0,0.0004070939009741024
2019-09-19,0.00015475828399735825,0.00015475828399735825,0.0,0.0001043005810041485
2019-09-20,0.003868172219540167,0.003868172219540167,0.0,0.003818244703143472
2019-09-23,0.001536404503834854,0.001536404503834854,0.0,0.0014855809575636252
2019-09-24,0.0022884926587960486,0.0022884926587960486,0.0,0.002238166797448984
2019-09-25,-0.003025591512906378,-0.003025591512906378,0.0,-0.0030751688490494784
2019-09-26,0.0014185091690261942,0.0014185091690261942,0.0,0.0013706097354158713
2019-09-27,0.0003663161202789311,0.0003663161202789311,0.0,0.00031918725272124337
2019-09-30,0.00025457444455012634,0.00025457444455012634,0.0,0.00020529466082767585
2019-10-01,0.000833786535140213,0.0009057225426478688,0.14387201501520003,0.0007931881968500453
2019-10-02,0.001793937225490927,0.001793937225490927,0.0,0.0017538739279595638
2019-10-03,0.0015549391904179366,0.0015549391904179366,0.0,0.0015166571495595607
2019-10-04,0.0011769175986722225,0.0011769175986722225,0.0,0.0011383626120831903
2019-10-07,-0.0010697494772109462,-0.0010697494772109462,0.0,-0.0011090265820530645
2019-10-08,0.000953965466092388,0.000953965466092388,0.0,0.0009154075025355004
2019-10-09,-0.0018190403997910831,-0.0018190403997910831,0.0,-0.0018571658102296447
2019-10-10,-0.003652731512276741,-0.003652731512276741,0.0,-0.0036905769901856476
2019-10-11,-0.0051974265884481285,-0.0051974265884481285,0.0,-0.005235170768769644
2019-10-14,0.002559019205708779,0.002559019205708779,0.0,0.002521419913519624
2019-10-15,-0.003983079569451542,-0.003983079569451542,0.0,-0.004020521711327551
2019-10-16,0.00028904549754482645,0.00028904549754482645,0.0,0.00025194150897545796
2019-10-17,-0.00032688969273841906,-0.00032688969273841906,0.0,-0.00036400165046036794
2019-10-18,0.0006068828126530867,0.0006068828126530867,0.0,0.0005697798704172731
2019-10-21,-0.0015880287753790023,-0.0015880287753790023,0.0,-0.0016253761730816677
2019-10-22,0.00156947808340413,0.00156947808340413,0.0,0.0015326297130627128
2019-10-23,-0.0005809104174491209,-0.0005809104174491209,0.0,-0.0006178017826210812
2019-10-24,0.0012105482603286255,0.0012105482603286255,0.0,0.0011732175656956577
2019-10-25,-0.0006395670461011305,-0.0006395670461011305,0.0,-0.0006767034604613995
2019-10-28,-0.002908908433572721,-0.002908908433572721,0.0,-0.002945799496453766
2019-10-29,-0.00041685106998212706,-0.00041685106998212706,0.0,-0.0004532077533061994
2019-10-30,0.00150724690796733,0.00150724690796733,0.0,0.0014711286993176224
2019-10-31,0.0030703272234064993,0.0030703272234064993,0.0,0.0030359877260260656
2019-11-01,-0.0018379058391009284,-0.0015816399335613074,0.5125318110794661,-0.0018993736459791857
2019-11-04,0.00044897467032667393,0.00044897467032667393,0.0,0.00038697383663046086
2019-11-05,-0.0027926493381723594,-0.0027926493381723594,0.0,-0.0028558890546880353
2019-11-06,0.0013452571024636928,0.0013452571024636928,0.0,0.001282010313554646
2019-11-07,-0.002235383269893365,-0.002235383269893365,0.0,-0.002298626656511458
2019-11-08,-0.0015053439702197302,-0.0015053439702197302,0.0,-0.0015681796305118247
2019-11-11,-0.0003794273477669696,-0.0003794273477669696,0.0,-0.0004422668045312081
2019-11-12,-0.00042229944457916613,-0.00042229944457916613,0.0,-0.00048679355372740997
2019-11-13,2.1351120277790514e-05,2.1351120277790514e-05,0.0,-4.2317221234248716e-05
2019-11-14,0.0016123132041787613,0.0016123132041787613,0.0,0.0015486449172652903
2019-11-15,0.0010964206496062445,0.0010964206496062445,0.0,0.0010327564790242694
2019-11-18,0.0010668597554568393,0.0010668597554568393,0.0,0.0010031983810362187
2019-11-19,0.0013619466960574922,0.0013619466960574922,0.0,0.0012982880395105722
2019-11-20,-0.0010783465782183699,-0.0010783465782183699,0.0,-0.0011420017698632126
2019-11-21,-0.002128780064205582,-0.002128780064205582,0.0,-0.0021928513654463043
2019-11-22,0.0015816284023102423,0.0015816284023102423,0.0,0.0015175516325885866
2019-11-25,0.0029561206031236686,0.0029561206031236686,0.0,0.0028908077728960328
2019-11-26,0.0011225071006735199,0.0011225071006735199,0.0,0.0010576152997728836
2019-11-27,0.000603509794649737,0.000603509794649737,0.0,0.0005377942878740691
2019-11-29,-0.002471574983829994,-0.002471574983829994,0.0,-0.0025360490247983993
2019-12-02,-0.0050476799958366625,-0.004794718074638937,0.5059238423955467,-0.005128316920810586
2019-12-03,0.002487663862891676,0.002487663862891676,0.0,0.0024083421763859162
2019-12-04,0.0024581572947965924,0.0024581572947965924,0.0,0.002379910362563001
2019-12-05,-0.000403630483485351,-0.000403630483485351,0.0,-0.0004813189571276705
2019-12-06,0.003218458077857811,0.003218458077857811,0.0,0.0031412769703947165
2019-12-09,-0.0014297007006195406,-0.0014297007006195406,0.0,-0.0015073393241953452
2019-12-10,-0.0009284013501628108,-0.0009284013501628108,0.0,-0.0010070940035635696
2019-12-11,0.0023201042807072803,0.0023201042807072803,0.0,0.002240880480393432
2019-12-12,-0.0004831541179475263,-0.0004831541179475263,0.0,-0.0005618218241917716
2019-12-13,0.0036168560024261165,0.0036168560024261165,0.0,0.0035376653929831336
2019-12-16,0.0008486291715119609,0.0008486291715119609,0.0,0.0007695037173537575
2019-12-17,0.0007108999811535899,0.0007108999811535899,0.0,0.0006323035039950745
2019-12-18,0.0010852213574750191,0.0010852213574750191,0.0,0.0010066375837352044
2019-12-19,0.0027883722066619487,0.0027883722066619487,0.0,0.0027092943114237857
2019-12-20,0.0009733304915535701,0.0009733304915535701,0.0,0.000893789386674669
2019-12-23,0.0009799067895235325,0.0009799067895235325,0.0,0.0008998701645212793
2019-12-24,0.0010949222073004528,0.0010949222073004528,0.0,0.0010154162739459834
2019-12-26,0.0031310305619929313,0.0031310305619929313,0.0,0.0030515443134915133
2019-12-27,-0.0012817589164665355,-0.0012817589164665355,0.0,-0.0013606765975467153
2019-12-30,-0.0017225776611416999,-0.0017225776611416999,0.0,-0.0018015181952437738
2019-12-31,-0.00031076750307801326,-0.00031076750307801326,0.0,-0.0003887132014475757
2020-01-02,0.007978181260658967,0.008339248068180316,0.7221336150429379,0.007867345778153971
2020-01-03,0.0014699030363161114,0.0014699030363161114,0.0,0.0013611870586261654
2020-01-06,-0.000625270878104045,-0.000625270878104045,0.0,-0.0007368306675702859
2020-01-07,-0.000926803531003606,-0.000926803531003606,0.0,-0.001036936418827792
2020-01-08,-0.0026875756014124175,-0.0026875756014124175,0.0,-0.002797755069300462
2020-01-09,0.0014522887125101303,0.0014522887125101303,0.0,0.0013419738062078698
2020-01-10,0.0007354750930304021,0.0007354750930304021,0.0,0.0006252332676250827
2020-01-13,0.0019390675306627525,0.0019390675306627525,0.0,0.0018266731878552084
2020-01-14,-0.0003535891095595156,-0.0003535891095595156,0.0,-0.0004658842031685082
2020-01-15,-0.0008027266716753578,-0.0008027266716753578,0.0,-0.0009150398697846996
2020-01-16,0.0035227345721595693,0.0035227345721595693,0.0,0.003411839386923902
2020-01-17,0.0024370996491778207,0.0024370996491778207,0.0,0.002325653604874963
2020-01-21,-0.0062834062568919435,-0.0062834062568919435,0.0,-0.006394728963430166
2020-01-22,0.0008352692596660383,0.0008352692596660383,0.0,0.0007243562400631699
2020-01-23,-0.0007136266081406717,-0.0007136266081406717,0.0,-0.0008244974020979771
2020-01-24,-0.0036287382751707398,-0.0036287382751707398,0.0,-0.003738915520464302
2020-01-27,-0.011518420035843357,-0.011518420035843357,0.0,-0.011629511176164002
2020-01-28,0.0050177755278491,0.0050177755278491,0.0,0.004904623229746994
2020-01-29,0.0019528239150683468,0.0019528239150683468,0.0,0.0018406645121986126
2020-01-30,-0.0016881454168977683,-0.0016881454168977683,0.0,-0.0018009369649668824
2020-01-31,-0.008652631819506262,-0.008652631819506262,0.0,-0.008764044798942201
2020-02-03,0.003361603532575863,0.004247966088340771,1.7727251115298979,0.003247476742105294
2020-02-04,0.000929412344634617,0.000929412344634617,0.0,0.0008154780625907328
2020-02-05,-0.0009470749804753043,-0.0009470749804753043,0.0,-0.0010609602135987128
2020-02-06,0.0027650214806094198,0.0027650214806094198,0.0,0.0026510862190547613
2020-02-07,0.0029903771808945656,0.0029903771808945656,0.0,0.0028773264700403815
2020-02-10,0.005679391714767945,0.005679391714767945,0.0,0.005565021295605627
2020-02-11,-0.0023102221143438406,-0.0023102221143438406,0.0,-0.0024235580545723494
2020-02-12,-0.0013348579088513501,-0.0013348579088513501,0.0,-0.0014490515123366404
2020-02-13,0.0008881185329721042,0.0008881185329721042,0.0,0.0007731173203439223
2020-02-14,0.001656983807156731,0.001656983807156731,0.0,0.001542766593874549
2020-02-18,0.0018464440893259937,0.0018464440893259937,0.0,0.0017323140699829682
2020-02-19,0.0005419766954495309,0.0005419766954495309,0.0,0.0004279436607635775
2020-02-20,0.003713323945885305,0.003713323945885305,0.0,0.0035993193631581916
2020-02-21,0.00038967030619918575,0.00038967030619918575,0.0,0.0002773284602018374
2020-02-24,-0.0005390215737404169,-0.0005390215737404169,0.0,-0.0006491409228642914
2020-02-25,-0.0052964291543520226,-0.0052964291543520226,0.0,-0.0054065757902714475
2020-02-26,0.0013085148889713238,0.0013085148889713238,0.0,0.0011980987051971848
2020-02-27,-0.008731014418226213,-0.008731014418226213,0.0,-0.008835478779469167
2020-02-28,0.004261633535055598,0.004261633535055598,0.0,0.004169302412249344
2020-03-02,-0.0006905633361365959,7.791298968218285e-05,1.5369526516373953,-0.0007256823279669652
2020-03-03,0.00579313432155204,0.00579313432155204,0.0,0.005763472679634384
2020-03-04,0.0033392512185548284,0.0033392512185548284,0.0,0.003316574459385023
2020-03-05,0.003059569452992461,0.003059569452992461,0.0,0.0030400708831070477
2020-03-06,0.005996292591492036,0.005996292591492036,0.0,0.005981897807266257
2020-03-09,0.002486698641417817,0.002486698641417817,0.0,0.0024764476748099576
2020-03-10,-0.012036733175614822,-0.012036733175614822,0.0,-0.01205051606985229
2020-03-11,-0.006929110271999828,-0.006929110271999828,0.0,-0.006942213991627635
2020-03-12,-0.0038148490113891764,-0.0038148490113891764,0.0,-0.0038253781267274176
2020-03-13,0.005719922563766522,0.005719922563766522,0.0,0.00571131587319247
2020-03-16,-0.0015977444471443336,-0.0015977444471443336,0.0,-0.0016054054936260676
2020-03-17,-0.00822963648038988,-0.00822963648038988,0.0,-0.008235699115577047
2020-03-18,-0.007445790656920526,-0.007445790656920526,0.0,-0.007446427538895098
2020-03-19,-0.0023273030667751993,-0.0023273030667751993,0.0,-0.002328574478675867
2020-03-20,0.007894181545255785,0.007894181545255785,0.0,0.007892593201487443
2020-03-23,0.009962950379937663,0.009962950379937663,0.0,0.009962313802465013
2020-03-24,0.0016755483680794825,0.0016755483680794825,0.0,0.0016752293046049843
2020-03-25,0.004204005369086161,0.004204005369086161,0.0,0.004205282143287808
2020-03-26,0.00483770471152245,0.00483770471152245,0.0,0.004839302304266529
2020-03-27,0.0043557062320549456,0.0043557062320549456,0.0,0.004354746559846984
2020-03-30,0.00216488071939569,0.00216488071939569,0.0,0.0021610380267459207
2020-03-31,-0.0025464210934894593,-0.0025464210934894593,0.0,-0.0025499453819637363
2020-04-01,0.003979871096557064,0.0044106522848677,0.8615623766211993,0.003979195715886398
2020-04-02,-0.001528360731698597,-0.001528360731698597,0.0,-0.0015290371521249429
2020-04-03,0.0010859925998800701,0.0010859925998800701,0.0,0.0010852459453947177
2020-04-06,-0.0035307046362700323,-0.0035307046362700323,0.0,-0.0035318298602548064
2020-04-07,-0.001549548816221047,-0.001549548816221047,0.0,-0.0015505830618636309
2020-04-08,-0.0018379646961850238,-0.0018379646961850238,0.0,-0.0018395789128380338
2020-04-09,-0.0007131960846448182,-0.0007131960846448182,0.0,-0.0007150155320538679
2020-04-13,0.0014629650014921225,0.0014629650014921225,0.0,0.0014610787893198766
2020-04-14,-0.0010134961875697401,-0.0010134961875697401,0.0,-0.0010149565943193119
2020-04-15,0.003836732111889285,0.003836732111889285,0.0,0.0038357144262784735
2020-04-16,0.0008106436931449856,0.0008106436931449856,0.0,0.0008096086634872991
2020-04-17,-0.0024248670923235904,-0.0024248670923235904,0.0,-0.0024257573990881065
2020-04-20,0.0023894094786578446,0.0023894094786578446,0.0,0.0023885285828241635
2020-04-21,0.004113316555871105,0.004113316555871105,0.0,0.0041125005877435325
2020-04-22,-0.0008070846912464624,-0.0008070846912464624,0.0,-0.0008079906988204641
2020-04-23,0.000313135449762747,0.000313135449762747,0.0,0.00031230779782343384
2020-04-24,0.0007040575718229025,0.0007040575718229025,0.0,0.0007031534707830936
2020-04-27,-0.0014878963772564369,-0.0014878963772564369,0.0,-0.0014888031925012104
2020-04-28,-0.0005084122198695251,-0.0005084122198695251,0.0,-0.0005092382013663372
2020-04-29,-0.0025941442253458735,-0.0025941442253458735,0.0,-0.0025948934810376433
2020-04-30,-0.0002711449352086337,-0.0002711449352086337,0.0,-0.00027181173029303926
2020-05-01,0.002098317727291965,0.0021320853597788236,0.06753526497367959,0.0020972032023367465
2020-05-04,0.00018175649172702535,0.00018175649172702535,0.0,0.00018054850288322412
2020-05-05,-0.0005924312954427302,-0.0005924312954427302,0.0,-0.0005936400022289219
2020-05-06,0.0005458876042205851,0.0005458876042205851,0.0,0.0005447740362683875
2020-05-07,0.00038031822370188095,0.00038031822370188095,0.0,0.00037929562845838384
2020-05-08,-0.0021239103747004995,-0.0021239103747004995,0.0,-0.00212502731939269
2020-05-11,0.00020052264294201372,0.00020052264294201372,0.0,0.0001994134562957248
2020-05-12,0.0011712111077217813,0.0011712111077217813,0.0,0.0011700086955236345
2020-05-13,0.0013895060872999299,0.0013895060872999299,0.0,0.0013882990468389149
2020-05-14,0.0005299671435752273,0.0005299671435752273,0.0,0.0005288478908932053
2020-05-15,0.0006448267886907111,0.0006448267886907111,0.0,0.0006437056065453235
2020-05-18,-0.004016304752042732,-0.004016304752042732,0.0,-0.004017521907666418
2020-05-19,0.00104626196301294,0.00104626196301294,0.0,0.0010450607017905486
2020-05-20,-0.0010657777679743408,-0.0010657777679743408,0.0,-0.001066890442538068
2020-05-21,-0.00013505964583870878,-0.00013505964583870878,0.0,-0.00013616842698450232
2020-05-22,0.0012623754760379136,0.0012623754760379136,0.0,0.001261267188348348
2020-05-26,-0.003328743932498046,-0.003328743932498046,0.0,-0.003330042308961023
2020-05-27,-0.00011679459590763219,-0.00011679459590763219,0.0,-0.0001181704795589129
2020-05-28,-0.00026794656133333206,-0.00026794656133333206,0.0,-0.0002693219104120246
2020-05-29,8.942429252756234e-05,8.942429252756234e-05,0.0,8.814177833418872e-05
2020-06-01,-0.0004943131043654292,-0.00044879111951912076,0.09104396969285161,-0.000496087571414309
2020-06-02,-0.0015467764796075478,-0.0015467764796075478,0.0,-0.0015486773077397374
2020-06-03,-0.002757536114871728,-0.002757536114871728,0.0,-0.0027595569698873586
2020-06-04,-0.0008612242448988727,-0.0008612242448988727,0.0,-0.0008631075759238984
2020-06-05,-0.001968239666634952,-0.001968239666634952,0.0,-0.0019701194902748817
2020-06-08,0.0007987805495632827,0.0007987805495632827,0.0,0.0007966591852251999
2020-06-09,0.0005315729480868114,0.0005315729480868114,0.0,0.0005291978860752363
2020-06-10,0.001865216745778886,0.001865216745778886,0.0,0.001863089235213925
2020-06-11,0.0019300203027321494,0.0019300203027321494,0.0,0.0019278841936622164
2020-06-12,-0.0006931101530750494,-0.0006931101530750494,0.0,-0.000695128966416704
2020-06-15,-0.0002188585994404857,-0.0002188585994404857,0.0,-0.00022112638548857429
2020-06-16,-0.00014276770743826273,-0.00014276770743826273,0.0,-0.00014490849747581823
2020-06-17,0.0005208307905317788,0.0005208307905317788,0.0,0.0005186906580679046
2020-06-18,0.0004271075189696827,0.0004271075189696827,0.0,0.00042509102004331
2020-06-19,0.0005926617163489745,0.0005926617163489745,0.0,0.0005907695144724884
2020-06-22,-0.0006751861005449555,-0.0006751861005449555,0.0,-0.0006772070144264501
2020-06-23,0.00012628374229062267,0.00012628374229062267,0.0,0.00012426575278654036
2020-06-24,0.0007043626478384635,0.0007043626478384635,0.0,0.0007024702699660036
2020-06-25,0.00012951477245537468,0.00012951477245537468,0.0,0.00012749318784297884
2020-06-26,0.001320941337704662,0.001320941337704662,0.0,0.0013191719608027488
2020-06-29,-0.0009477639901436241,-0.0009477639901436241,0.0,-0.0009495383617676978
2020-06-30,0.0001698938444671949,0.0001698938444671949,0.0,0.00016787009069072875
2020-07-01,-0.001789350565559844,-0.0013807101975611413,0.8172807359975385,-0.001793361151756128
2020-07-02,-8.78255733000044e-05,-8.78255733000044e-05,0.0,-9.18380052023368e-05
2020-07-06,-0.0027871111566800666,-0.0027871111566800666,0.0,-0.002791410045642255
2020-07-07,0.0026951814890836534,0.0026951814890836534,0.0,0.002690887221467644
2020-07-08,-0.0023710291973116915,-0.0023710291973116915,0.0,-0.0023753279218319064
2020-07-09,0.002423040193948456,0.002423040193948456,0.0,0.0024193180388590364
2020-07-10,-0.0005578235649322805,-0.0005578235649322805,0.0,-0.0005615491924869117
2020-07-13,0.001420603924239705,0.001420603924239705,0.0,0.0014165925713427341
2020-07-14,-1.2697894860136394e-05,-1.2697894860136394e-05,0.0,-1.699812002303173e-05
2020-07-15,-0.001505773379853137,-0.001505773379853137,0.0,-0.0015103602643157807
2020-07-16,0.001095257777114389,0.001095257777114389,0.0,0.0010921061211870324
2020-07-17,-0.0007075237709550652,-0.0007075237709550652,0.0,-0.0007106767544398612
2020-07-20,0.0010575660325213843,0.0010575660325213843,0.0,0.001053840793541164
2020-07-21,-0.00041435688706148444,-0.00041435688706148444,0.0,-0.0004180836404516943
2020-07-22,0.0012875654023201122,0.0012875654023201122,0.0,0.0012838392425252988
2020-07-23,0.00028314581157595775,0.00028314581157595775,0.0,0.0002797045790058465
2020-07-24,-0.0006987526178983128,-0.0006987526178983128,0.0,-0.0007019074237714515
2020-07-27,-0.000605377268143692,-0.000605377268143692,0.0,-0.0006085312277437243
2020-07-28,0.0012333102349073588,0.0012333102349073588,0.0,0.0012301570089358232
2020-07-29,-0.0014325459299856513,-0.0014325459299856513,0.0,-0.0014357006487073563
2020-07-30,-0.0005471912145527114,-0.0005471912145527114,0.0,-0.0005497709273739264
2020-07-31,0.003204127339085927,0.003204127339085927,0.0,0.003201548169219958
2020-08-03,0.002760121426172324,0.0034482285536601154,1.3762142549757224,0.002753734067623922
2020-08-04,0.005908810435371059,0.005908810435371059,0.0,0.005903066315033639
2020-08-05,0.0007932093731310985,0.0007932093731310985,0.0,0.0007868411978805487
2020-08-06,0.003837848512332931,0.003837848512332931,0.0,0.0038314822392136487
2020-08-07,-0.005710911603342028,-0.005710911603342028,0.0,-0.005717268708412661
2020-08-10,-0.0019079561487198582,-0.0019079561487198582,0.0,-0.0019149640572613635
2020-08-11,-0.009135011534645132,-0.009135011534645132,0.0,-0.009142024495227889
2020-08-12,-0.00032504186079063135,-0.00032504186079063135,0.0,-0.00033207923279749373
2020-08-13,-0.0006500330199102899,-0.0006500330199102899,0.0,-0.0006564314207250724
2020-08-14,-0.0008804129975051866,-0.0008804129975051866,0.0,-0.0008868129790231718
2020-08-17,0.005058009310463296,0.005058009310463296,0.0,0.005051607186134211
2020-08-18,0.005371792169990952,0.005371792169990952,0.0,0.005366041281821713
2020-08-19,-0.007330656442431138,-0.007330656442431138,0.0,-0.007337671072911164
2020-08-20,0.0034264411126236904,0.0034264411126236904,0.0,0.00341940691576028
2020-08-21,6.279226082717138e-05,6.279226082717138e-05,0.0,5.640582217331388e-05
2020-08-24,-0.0003872415578458632,-0.0003872415578458632,0.0,-0.00039490510202999277
2020-08-25,-0.0009052877241625401,-0.0009052877241625401,0.0,-0.0009123136700627611
2020-08-26,0.0030349347054186016,0.0030349347054186016,0.0,0.0030279063484858924
2020-08-27,-0.006030336285025473,-0.006030336285025473,0.0,-0.00603735658354143
2020-08-28,0.005603443690650689,0.005603443690650689,0.0,0.0055970469565388
2020-08-31,0.0030122462110810933,0.0030122462110810933,0.0,0.003005224688786389
2020-09-01,0.0030816023490076727,0.003617677732012936,1.072150766010554,0.0030737065817938317
2020-09-02,0.002436472849638216,0.002436472849638216,0.0,0.002428594797072643
2020-09-03,-0.006555723222976595,-0.006555723222976595,0.0,-0.0065629378283689034
2020-09-04,-0.002989602151704518,-0.002989602151704518,0.0,-0.0029968355610744506
2020-09-08,-0.002837844889518326,-0.002837844889518326,0.0,-0.002846403628903145
2020-09-09,0.003328941330762225,0.003328941330762225,0.0,0.0033210320241070916
2020-09-10,-0.0018135132491530204,-0.0018135132491530204,0.0,-0.001821412113055219
2020-09-11,0.0012574783458150218,0.0012574783458150218,0.0,0.0012502324962564261
2020-09-14,0.002259354613810549,0.002259354613810549,0.0,0.002252112382208589
2020-09-15,0.0007085291607000777,0.0007085291607000777,0.0,0.0007012934149514558
2020-09-16,-0.002196038143446377,-0.002196038143446377,0.0,-0.0022039294669786006
2020-09-17,-0.0018607060134139264,-0.0018607060134139264,0.0,-0.001866629671649158
2020-09-18,-0.0015425224567989781,-0.0015425224567989781,0.0,-0.0015491091714681408
2020-09-21,-0.002525848956526855,-0.002525848956526855,0.0,-0.0025324397164703774
2020-09-22,0.0011942892676997108,0.0011942892676997108,0.0,0.0011876918669284794
2020-09-23,-0.003978810289811507,-0.003978810289811507,0.0,-0.0039860639808219755
2020-09-24,-0.0005345164905075084,-0.0005345164905075084,0.0,-0.0005411212451986847
2020-09-25,0.0013759296693598433,0.0013759296693598433,0.0,0.0013693235046618815
2020-09-28,0.004978961414130678,0.004978961414130678,0.0,0.00497169862001462
2020-09-29,0.0017655252038684122,0.0017655252038684122,0.0,0.0017595946636990727
2020-09-30,-0.0019100308682692413,-0.0019100308682692413,0.0,-0.001916615737645833
2020-10-01,0.002971794609985201,0.003297415624817779,0.6512420296648668,0.0029640462616879297
2020-10-02,-0.0008992231445460463,-0.0008992231445460463,0.0,-0.0009069540142997728
2020-10-05,-0.0016776489002627848,-0.0016776489002627848,0.0,-0.00168624291513597
2020-10-06,-0.001384949492128973,-0.001384949492128973,0.0,-0.0013935512804459625
2020-10-07,0.0007349957319910949,0.0007349957319910949,0.0,0.0007263875175632232
2020-10-08,0.001203812635585999,0.001203812635585999,0.0,0.0011960683096626581
2020-10-09,0.003266698358362019,0.003266698358362019,0.0,0.0032580991266101004
2020-10-12,0.004572712833442738,0.004572712833442738,0.0,0.004564128680440616
2020-10-13,-0.0021451357795763126,-0.0021451357795763126,0.0,-0.0021545552356653365
2020-10-14,-0.0008499292242803991,-0.0008499292242803991,0.0,-0.0008602168479767285
2020-10-15,-0.0017263737079498132,-0.0017263737079498132,0.0,-0.001735808338431096
2020-10-16,0.0005473171522303311,0.0005473171522303311,0.0,0.0005378737546740422
2020-10-19,-0.00146022431552717,-0.00146022431552717,0.0,-0.001469664935153217
2020-10-20,-0.0003896498292136341,-0.0003896498292136341,0.0,-0.00039823895820592794
2020-10-21,0.00194390384921439,0.00194390384921439,0.0,0.0019353129189970853
2020-10-22,-0.002809352259159681,-0.002809352259159681,0.0,-0.00281707602461161
2020-10-23,0.002793104769151178,0.002793104769151178,0.0,0.002784509809491838
2020-10-26,-0.0015617664453758673,-0.0015617664453758673,0.0,-0.0015712067254338817
2020-10-27,0.0021011480842438868,0.0021011480842438868,0.0,0.0020925587944852332
2020-10-28,-0.003779186759764186,-0.003779186759764186,0.0,-0.003787766360400622
2020-10-29,5.9013247527772705e-05,5.9013247527772705e-05,0.0,5.127586302949998e-05
2020-10-30,-0.003050108772771787,-0.003050108772771787,0.0,-0.0030578459114379785
2020-11-02,0.0016966395771695897,0.0018327121959311743,0.27214523752345254,0.0016888206608649296
2020-11-03,-1.2156971210153245e-05,-1.2156971210153245e-05,0.0,-2.082460090202563e-05
2020-11-04,0.005831658131685069,0.005831658131685069,0.0,0.005822990444862327
2020-11-05,0.003854503657896746,0.003854503657896746,0.0,0.0038458632176670083
2020-11-06,-0.00069439342677724,-0.00069439342677724,0.0,-0.0007030159271970057
2020-11-09,-0.009097614810373855,-0.009097614810373855,0.0,-0.009107103118371884
2020-11-10,-0.004834916103477194,-0.004834916103477194,0.0,-0.004843584599008109
2020-11-11,0.0008603003518043995,0.0008603003518043995,0.0,0.0008516090205912547
2020-11-12,0.0030492358477292036,0.0030492358477292036,0.0,0.0030405485762884507
2020-11-13,0.0013048972038183226,0.0013048972038183226,0.0,0.00129709157061021
2020-11-16,-6.576909354150118e-05,-6.576909354150118e-05,0.0,-7.356920874824775e-05
2020-11-17,-0.0003720231221260306,-0.0003720231221260306,0.0,-0.00037982351546795673
2020-11-18,7.15624380904778e-05,7.15624380904778e-05,0.0,6.376047089036274e-05
2020-11-19,0.001746703148365114,0.001746703148365114,0.0,0.001740635187107465
2020-11-20,0.0013670019102105524,0.0013670019102105524,0.0,0.0013609396859059924
2020-11-23,-0.0027224873342691636,-0.0027224873342691636,0.0,-0.002729410466371028
2020-11-24,-0.001067983718227583,-0.001067983718227583,0.0,-0.001075783754172196
2020-11-25,-0.0002277377173875994,-0.0002277377173875994,0.0,-0.000235542274244298
2020-11-27,0.002918617695333081,0.002918617695333081,0.0,0.0029108121742138105
2020-11-30,-0.0008523204803616569,-0.0008523204803616569,0.0,-0.0008592477687032308
2020-12-01,0.0017595317631617924,0.0019577932584142754,0.39652299050504497,0.001751344792507355
2020-12-02,5.934188550904551e-05,5.934188550904551e-05,0.0,5.116285593395622e-05
2020-12-03,0.0033182523017432075,0.0033182523017432075,0.0,0.0033109822962609117
2020-12-04,-0.00027435286739474485,-0.00027435286739474485,0.0,-0.00028251638584950227
2020-12-07,0.0011604532474007723,0.0011604532474007723,0.0,0.0011531956663754183
2020-12-08,0.0009012074165222206,0.0009012074165222206,0.0,0.0008930479620582434
2020-12-09,-0.0031455563680306,-0.0031455563680306,0.0,-0.0031528055444074348
2020-12-10,0.00139557694279846,0.00139557694279846,0.0,0.0013883149091787593
2020-12-11,-9.203390429113334e-05,-9.203390429113334e-05,0.0,-9.929024153687765e-05
2020-12-14,-0.00018303952924958455,-0.00018303952924958455,0.0,-0.00019120333130510862
2020-12-15,0.0030289937299130543,0.0030289937299130543,0.0,0.003021736269650571
2020-12-16,0.0001557201224264837,0.0001557201224264837,0.0,0.00014756935043370076
2020-12-17,0.0018645606255118796,0.0018645606255118796,0.0,0.0018573161286159767
2020-12-18,-0.0016414078974720248,-0.0016414078974720248,0.0,-0.0016486448199273486
2020-12-21,-0.0009984760367168777,-0.0009984760367168777,0.0,-0.0010066250882255579
2020-12-22,0.00019405187557786086,0.00019405187557786086,0.0,0.00018589824885413008
2020-12-23,0.0011499171923119444,0.0011499171923119444,0.0,0.001141764454599845
2020-12-24,-0.0006752962665789175,-0.0006752962665789175,0.0,-0.0006834437422158235
2020-12-28,0.002686518992100373,0.002686518992100373,0.0,0.002676557186873853
2020-12-29,0.0004647372291457508,0.0004647372291457508,0.0,0.00045569467478057514
2020-12-30,0.0018774821630505034,0.0018774821630505034,0.0,0.0018702500052550546
2020-12-31,-0.0015814730827367063,-0.0015814730827367063,0.0,-0.0015896007060821667
2021-01-04,0.0024273638046334867,0.002668009130671223,0.48129065207548655,0.0024193771446016535
2021-01-05,-0.000232575903138188,-0.000232575903138188,0.0,-0.00024054674979900648
2021-01-06,-0.0035141935470633934,-0.0035141935470633934,0.0,-0.003522165417160874
2021-01-07,-0.00047518285835979057,-0.00047518285835979057,0.0,-0.00048317024699563363
2021-01-08,-0.003008821190758071,-0.003008821190758071,0.0,-0.003015922957888703
2021-01-11,-0.003413329190133929,-0.003413329190133929,0.0,-0.003420442809058621
2021-01-12,-0.0001933678169993014,-0.0001933678169993014,0.0,-0.00020138581589787324
2021-01-13,0.0015649933832535545,0.0015649933832535545,0.0,0.001556974524365091
2021-01-14,-0.0014811498898679165,-0.0014811498898679165,0.0,-0.0014891617994330065
2021-01-15,-0.0015966590200682251,-0.0015966590200682251,0.0,-0.0016046775164072493
2021-01-19,0.005569488981503445,0.005569488981503445,0.0,0.005561463373358428
2021-01-20,0.003986445902534941,0.003986445902534941,0.0,0.003979333957609755
2021-01-21,0.001046760440194916,0.001046760440194916,0.0,0.0010387770900407976
2021-01-22,0.0012027889938712732,0.0012027889938712732,0.0,0.001195696783419486
2021-01-25,0.001570194108223788,0.001570194108223788,0.0,0.0015622206661589082
2021-01-26,-0.0024957586674829724,-0.0024957586674829724,0.0,-0.0025019548659494096
2021-01-27,-0.005489058480907749,-0.005489058480907749,0.0,-0.005496149625325432
2021-01-28,0.0029230046116297537,0.0029230046116297537,0.0,0.002916780945582049
2021-01-29,-0.004524774095113981,-0.004524774095113981,0.0,-0.004530100057733505
2021-02-01,0.001239555574769069,0.0015587425573744262,0.6383739652111302,0.0012337427559672546
2021-02-02,-0.0004602226199995618,-0.0004602226199995618,0.0,-0.0004660276839951238
2021-02-03,-0.00016201610712529568,-0.00016201610712529568,0.0,-0.00016533408304680755
2021-02-04,-0.0004980930732617628,-0.0004980930732617628,0.0,-0.0005014113296258292
2021-02-05,0.0022755308502573346,0.0022755308502573346,0.0,0.0022730415110296027
2021-02-08,0.003148100312883706,0.003148100312883706,0.0,0.0031439563289918453
2021-02-09,0.001691961098706729,0.001691961098706729,0.0,0.001688651334079675
2021-02-10,0.0003855247053168309,0.0003855247053168309,0.0,0.00038139113630530756
2021-02-11,0.0003085072858273197,0.0003085072858273197,0.0,0.00030437454515945355
2021-02-12,-0.000534397726031921,-0.000534397726031921,0.0,-0.0005377033884393812
2021-02-16,-0.0029416355331735033,-0.0029416355331735033,0.0,-0.0029449421143600716
2021-02-17,-0.0004185181205497157,-0.0004185181205497157,0.0,-0.0004218297741514415
2021-02-18,-0.0016875019179669604,-0.0016875019179669604,0.0,-0.0016899861996492974
2021-02-19,-0.00011205650793122413,-0.00011205650793122413,0.0,-0.00011537179949407162
2021-02-22,-0.0012969063828884853,-0.0012969063828884853,0.0,-0.001299392996801288
2021-02-23,-0.00036949526889806794,-0.00036949526889806794,0.0,-0.0003728129983180394
2021-02-24,0.0001339320860498372,0.0001339320860498372,0.0,0.00013144330926893286
2021-02-25,-0.0124027244949797,-0.0124027244949797,0.0,-0.012406042632206477
2021-02-26,0.002481473777657728,0.002481473777657728,0.0,0.002478133903759419
2021-03-01,0.00265726517284004,0.0030720976880314055,0.8296650303825951,0.0026542124244613406
2021-03-02,-0.00010929984209384624,-0.00010929984209384624,0.0,-0.00011173700236119807
2021-03-03,-0.005413523737168968,-0.005413523737168968,0.0,-0.005416570303627625
2021-03-04,-0.008091838351552028,-0.008091838351552028,0.0,-0.008094280230996467
2021-03-05,0.0016077365916427055,0.0016077365916427055,0.0,0.0016052877406799876
2021-03-08,-0.005430543372236474,-0.005430543372236474,0.0,-0.005433602707288517
2021-03-09,0.007190559361279991,0.007190559361279991,0.0,0.007187494155382018
2021-03-10,0.0021332173703461077,0.0021332173703461077,0.0,0.0021307713800796492
2021-03-11,0.0042789521571191536,0.0042789521571191536,0.0,0.004276507994723056
2021-03-12,-0.002771019190206614,-0.002771019190206614,0.0,-0.002773459701758094
2021-03-15,0.0013726650330572188,0.0013726650330572188,0.0,0.0013702221506749367
2021-03-16,0.0003244166537827997,0.0003244166537827997,0.0,0.0003231957989996371
2021-03-17,0.0019567606081392075,0.0019567606081392075,0.0,0.001955539891903187
2021-03-18,-0.006943791156733714,-0.006943791156733714,0.0,-0.006944401097835309
2021-03-19,0.0007002342725326294,0.0007002342725326294,0.0,0.000699622841252601
2021-03-22,0.0018035449974056483,0.0018035449974056483,0.0,0.001801711154073286
2021-03-23,-0.0029028880659568435,-0.0029028880659568435,0.0,-0.002903498960983421
2021-03-24,-0.0025084775188620734,-0.0025084775188620734,0.0,-0.002509700555373906
2021-03-25,0.0008212229125375003,0.0008212229125375003,0.0,0.0008199987962125601
2021-03-26,0.003937659063190324,0.003937659063190324,0.0,0.0039364353000834705
2021-03-29,-0.003282235985370585,-0.003282235985370585,0.0,-0.0032840690995415973
2021-03-30,-0.003141948944942574,-0.003141948944942574,0.0,-0.0031431724318802417
2021-03-31,0.002557510206107283,0.002557510206107283,0.0,0.0025556729435309788
2021-04-01,0.004071971556087073,0.0043934411041757215,0.6429390961774691,0.004071116770931633
2021-04-05,0.0008884803157902521,0.0008884803157902521,0.0,0.0008872020097649749
2021-04-06,0.0004158719575677594,0.0004158719575677594,0.0,0.00041501980552811343
2021-04-07,-0.0003928228122198618,-0.0003928228122198618,0.0,-0.0003936749399405936
2021-04-08,0.001954184347687127,0.001954184347687127,0.0,0.0019537582723367117
2021-04-09,-0.0003632020221526755,-0.0003632020221526755,0.0,-0.0003640540587568683
2021-04-12,-0.0013491197690411738,-0.0013491197690411738,0.0,-0.001349971826858916
2021-04-13,0.002196849234075593,0.002196849234075593,0.0,0.002195571028992196
2021-04-14,0.0014193422306016945,0.0014193422306016945,0.0,0.0014184902220825545
2021-04-15,0.0027117241179177576,0.0027117241179177576,0.0,0.002710872192110805
2021-04-16,0.0008428686952279829,0.0008428686952279829,0.0,0.000842016927019426
2021-04-19,-0.001271997591511198,-0.001271997591511198,0.0,-0.0012728493107756588
2021-04-20,-0.002064011613528205,-0.002064011613528205,0.0,-0.0020652893033604384
2021-04-21,0.002864935419701675,0.002864935419701675,0.0,0.0028636575494871614
2021-04-22,-0.0010833117133145498,-0.0010833117133145498,0.0,-0.001084589333866097
2021-04-23,0.003554071804801051,0.003554071804801051,0.0,0.0035527940897426163
2021-04-26,0.0015126415900490464,0.0015126415900490464,0.0,0.0015113641839457636
2021-04-27,0.0008132154039361961,0.0008132154039361961,0.0,0.0008127896456668348
2021-04-28,0.0011095433120820175,0.0011095433120820175,0.0,0.0011091175773221957
2021-04-29,0.001201882942296173,0.001201882942296173,0.0,0.001201457239576991
2021-04-30,-0.0029692894483450694,-0.0029692894483450694,0.0,-0.0029697151163987543
2021-05-03,0.0008608900970787925,0.0018763957896719141,2.031011385186374,0.0008612825539468907
2021-05-04,-0.002440600945561422,-0.002440600945561422,0.0,-0.0024404044602066685
2021-05-05,0.0024132619951298118,0.0024132619951298118,0.0,0.0024134609029239935
2021-05-06,0.004932862897546908,0.004932862897546908,0.0,0.004933059415803751
2021-05-07,0.0055039978047843885,0.0055039978047843885,0.0,0.00550418946264871
2021-05-10,-0.0038318122337595018,-0.0038318122337595018,0.0,-0.003831625969346327
2021-05-11,-0.0005594109371893641,-0.0005594109371893641,0.0,-0.0005593159203356241
2021-05-12,-0.008547799047699756,-0.008547799047699756,0.0,-0.0085476084634004
2021-05-13,-0.0012491549167701343,-0.0012491549167701343,0.0,-0.0012489558468939826
2021-05-14,0.005864111027612973,0.005864111027612973,0.0,0.005864211183357485
2021-05-17,0.0019996560567674404,0.0019996560567674404,0.0,0.0019998505735321884
2021-05-18,0.0011423109313923874,0.0011423109313923874,0.0,0.0011425034761053175
2021-05-19,-0.004790938543297929,-0.004790938543297929,0.0,-0.004790842833569721
2021-05-20,0.00270043161483402,0.00270043161483402,0.0,0.0027005296956273696
2021-05-21,-0.00019126695762627932,-0.00019126695762627932,0.0,-0.00019117020969395217
2021-05-24,0.0037476666867783948,0.0037476666867783948,0.0,0.003747860371487707
2021-05-25,0.0005719773874606204,0.0005719773874606204,0.0,0.0005721673857809167
2021-05-26,0.00017542570893813725,0.00017542570893813725,0.0,0.000175615144955008
2021-05-27,0.003165375887897115,0.003165375887897115,0.0,0.0031655651514855333
2021-05-28,0.0010648632164080851,0.0010648632164080851,0.0,0.0010649562974642207
2021-06-01,0.003762679045824946,0.005031101634475066,2.536845177299952,0.003761276038732794
2021-06-02,0.002068613114008855,0.002068613114008855,0.0,0.0020672163073501373
2021-06-03,-0.005200380688349049,-0.005200380688349049,0.0,-0.005201776249887307
2021-06-04,0.00431357033953117,0.00431357033953117,0.0,0.0043121716314647555
2021-06-07,0.0008708712199261281,0.0008708712199261281,0.0,0.0008694751106069404
2021-06-08,0.0002573471428184426,0.0002573471428184426,0.0,0.0002559515577065289
2021-06-09,-0.001356024491231289,-0.001356024491231289,0.0,-0.0013581176365998259
2021-06-10,0.002463333824516356,0.002463333824516356,0.0,0.0024612394534442223
2021-06-11,-0.0018087261073187477,-0.0018087261073187477,0.0,-0.0018108182572674142
2021-06-14,-0.00014859516733101152,-0.00014859516733101152,0.0,-0.00015068895111570668
2021-06-15,-0.0012951037530244403,-0.0012951037530244403,0.0,-0.001297197671056227
2021-06-16,-0.0059921153370072755,-0.0059921153370072755,0.0,-0.005994908789807287
2021-06-17,-0.006474673233259232,-0.006474673233259232,0.0,-0.006477473957024888
2021-06-18,-0.005384032854229948,-0.005384032854229948,0.0,-0.0053875436435769555
2021-06-21,0.006060952036941902,0.006060952036941902,0.0,0.00605743298350042
2021-06-22,0.0012884265818220442,0.0012884265818220442,0.0,0.0012856187367245322
2021-06-23,-0.0006335917276881764,-0.0006335917276881764,0.0,-0.0006370995708636223
2021-06-24,0.002291881091756265,0.002291881091756265,0.0,0.0022883722825547785
2021-06-25,0.0014539387727587894,0.0014539387727587894,0.0,0.001449732385396923
2021-06-28,0.00023384807125625962,0.00023384807125625962,0.0,0.0002303449569692392
2021-06-29,-0.0015440124739677374,-0.0015440124739677374,0.0,-0.0015468146812939898
2021-06-30,0.0004892690561841828,0.0004892690561841828,0.0,0.0004857639486133687
2021-07-01,-0.0009470050784559092,0.0004982372198336638,2.8904845965791592,-0.0009463098876891048
2021-07-02,0.0017859900054979505,0.0017859900054979505,0.0,0.001786689273346493
2021-07-06,-0.007422892812078419,-0.007422892812078419,0.0,-0.007422198328202101
2021-07-07,-0.0021237778594088708,-0.0021237778594088708,0.0,-0.0021230633437978315
2021-07-08,-0.003942385858930142,-0.003942385858930142,0.0,-0.003941521547978481
2021-07-09,0.00822697664061045,0.00822697664061045,0.0,0.008227853796281222
2021-07-12,0.0018962294853286377,0.0018962294853286377,0.0,0.0018969382936715829
2021-07-13,-0.0018909534192023125,-0.0018909534192023125,0.0,-0.0018902497076181124
2021-07-14,-0.00046547916260031297,-0.00046547916260031297,0.0,-0.0004646285980512849
2021-07-15,-0.0032812272593342184,-0.0032812272593342184,0.0,-0.0032805172014564485
2021-07-16,-0.0024539584229081868,-0.0024539584229081868,0.0,-0.002453239495695302
2021-07-19,-0.013393129827919292,-0.013393129827919292,0.0,-0.013392404251206197
2021-07-20,0.006167352633953627,0.006167352633953627,0.0,0.0061681149947339226
2021-07-21,0.007810077310900443,0.007810077310900443,0.0,0.007810822836947924
2021-07-22,0.0005092555999313131,0.0005092555999313131,0.0,0.0005099799723887595
2021-07-23,0.0026813732762469566,0.0026813732762469566,0.0,0.002682096270087963
2021-07-26,0.0007166536287381842,0.0007166536287381842,0.0,0.0007173693831892613
2021-07-27,-0.004868543019015292,-0.004868543019015292,0.0,-0.0048678291980583975
2021-07-28,0.00485795987030202,0.00485795987030202,0.0,0.00485868689059607
2021-07-29,0.0030234143345773123,0.0030234143345773123,0.0,0.0030242710305643265
2021-07-30,-0.004329537980924059,-0.004329537980924059,0.0,-0.0043286910441832855
2021-08-02,-0.0013071009674643363,-5.776971948034948e-05,2.4986624959681483,-0.0013093173637141991
2021-08-03,0.0015632905223674776,0.0015632905223674776,0.0,0.001561076746271717
2021-08-04,-0.0028679740073349613,-0.0028679740073349613,0.0,-0.0028701874249828004
2021-08-05,0.0017707615826398904,0.0017707615826398904,0.0,0.0017685475055009845
2021-08-06,-0.0002066453515708888,-0.0002066453515708888,0.0,-0.00020930175637700365
2021-08-09,-0.0022840525572714876,-0.0022840525572714876,0.0,-0.0022867090190103307
2021-08-10,0.0005744424244655821,0.0005744424244655821,0.0,0.0005722281807511734
2021-08-11,0.0019013768320612634,0.0019013768320612634,0.0,0.0018991627204597759
2021-08-12,-0.0001322066315109227,-0.0001322066315109227,0.0,-0.0001348630416836443
2021-08-13,-0.0001269293762840018,-0.0001269293762840018,0.0,-0.0001295858228788854
2021-08-16,-0.0008702915936610323,-0.0008702915936610323,0.0,-0.0008729480752286637
2021-08-17,-0.0031064243166455396,-0.0031064243166455396,0.0,-0.0031095238251406484
2021-08-18,-0.00298568334999616,-0.00298568334999616,0.0,-0.002988783861037727
2021-08-19,-0.002006920315725025,-0.002006920315725025,0.0,-0.002009578725016274
2021-08-20,-5.048136611984777e-05,-5.048136611984777e-05,0.0,-5.2697172157287626e-05
2021-08-23,0.00470201333355269,0.00470201333355269,0.0,0.004699797515819185
2021-08-24,0.002910247172240865,0.002910247172240865,0.0,0.002908032438821891
2021-08-25,0.0017484486803609478,0.0017484486803609478,0.0,0.001745791803267294
2021-08-26,-0.0021157382163818905,-0.0021157382163818905,0.0,-0.0021179518792948104
2021-08-27,0.005484177450037375,0.005484177450037375,0.0,0.005481963300456858
2021-08-30,0.0012071923647674065,0.0012071923647674065,0.0,0.0012049794697911527
2021-08-31,-0.0009041457535344799,-0.0009041457535344799,0.0,-0.000905915848848292
2021-09-01,0.0013208734879068817,0.0014476632486821739,0.25357952155049734,0.0013189472913853258
2021-09-02,0.0014480749938905468,0.0014480749938905468,0.0,0.0014461487959182267
2021-09-03,0.00010703131049694115,0.00010703131049694115,0.0,0.0001051050287603645
2021-09-07,-0.0002815505710989097,-0.0002815505710989097,0.0,-0.0002834768590260764
2021-09-08,-0.0007052305363376421,-0.0007052305363376421,0.0,-0.0007071568079756031
2021-09-09,-0.0005912379062321671,-0.0005912379062321671,0.0,-0.0005927788908784147
2021-09-10,-0.0011603641390437458,-0.0011603641390437458,0.0,-0.001162290335600891
2021-09-13,0.0024180349841858018,0.0024180349841858018,0.0,0.0024157236290754044
2021-09-14,-0.002087828932224478,-0.002087828932224478,0.0,-0.002089369947553202
2021-09-15,0.0029824237832594136,0.0029824237832594136,0.0,0.0029808828647706646
2021-09-16,0.000920690069243113,0.000920690069243113,0.0,0.0009191490128316518
2021-09-17,-0.002794274957704679,-0.002794274957704679,0.0,-0.0027958160566544494
2021-09-20,-0.006114784492992742,-0.006114784492992742,0.0,-0.0061163254624778795
2021-09-21,0.0009721241234086353,0.0009721241234086353,0.0,0.000970968610085179
2021-09-22,0.0025047159611002456,0.0025047159611002456,0.0,0.0025035604138215514
2021-09-23,0.004270804131847328,0.004270804131847328,0.0,0.004269648497300213
2021-09-24,-0.0005811669298798616,-0.0005811669298798616,0.0,-0.0005823227125960095
2021-09-27,0.0002045109771990905,0.0002045109771990905,0.0,0.00020296996047679294
2021-09-28,-0.005798603037391881,-0.005798603037391881,0.0,-0.005800144063578006
2021-09-29,0.0017984157703305748,0.0017984157703305748,0.0,0.0017968750140421612
2021-09-30,-0.0032808101252963517,-0.0032808101252963517,0.0,-0.0032823509651422936
2021-10-01,0.0025173237574691587,0.0034432116766525134,1.8517758383662686,0.002518528239037645
2021-10-04,-0.0036198066737935797,-0.0036198066737935797,0.0,-0.0036186087389780846
2021-10-05,0.0030312692066611913,0.0030312692066611913,0.0,0.0030324772601215437
2021-10-06,-0.0005228491044404482,-0.0005228491044404482,0.0,-0.0005216494988460178
2021-10-07,0.0035705035591286904,0.0035705035591286904,0.0,0.003572004888489457
2021-10-08,-0.00034413979106051595,-0.00034413979106051595,0.0,-0.0003426508622577974
2021-10-11,0.0004273492116662059,0.0004273492116662059,0.0,0.0004288393360970805
2021-10-12,-0.0002291610424209889,-0.0002291610424209889,0.0,-0.00022737467400519665
2021-10-13,0.0007098878559577138,0.0007098878559577138,0.0,0.0007113772923096023
2021-10-14,0.004670254953829334,0.004670254953829334,0.0,0.004671741926090022
2021-10-15,0.00367096169558101,0.00367096169558101,0.0,0.003672432532280439
2021-10-18,0.0004141515914275473,0.0004141515914275473,0.0,0.00041590143148604496
2021-10-19,-0.00012611170358223234,-0.00012611170358223234,0.0,-0.00012465492858851435
2021-10-20,0.0004558685391073958,0.0004558685391073958,0.0,0.0004573257480938556
2021-10-21,-0.00023232868965405995,-0.00023232868965405995,0.0,-0.00023058192056866288
2021-10-22,-0.0010803427094197016,-0.0010803427094197016,0.0,-0.0010785949811233327
2021-10-25,0.002379378418754463,0.002379378418754463,0.0,0.0023811306122648625
2021-10-26,0.0020224351122919426,0.0020224351122919426,0.0,0.002024177494828227
2021-10-27,-0.00208688272849622,-0.00208688272849622,0.0,-0.0020851486683058475
2021-10-28,0.0013017495125253742,0.0013017495125253742,0.0,0.001303492178223094
2021-10-29,0.0003060906206147074,0.0003060906206147074,0.0,0.00030753837458012066
2021-11-01,0.001911070467443654,0.002089216188390086,0.3562914418929008,0.0019119881657379
2021-11-02,0.0002105794939004646,0.0002105794939004646,0.0,0.00021149552019262015
2021-11-03,0.002509308063807003,0.002509308063807003,0.0,0.002510223479514926
2021-11-04,-0.0006891369840527073,-0.0006891369840527073,0.0,-0.0006884104575937437
2021-11-05,0.001944464881600716,0.001944464881600716,0.0,0.001945375034229544
2021-11-08,0.0016440527345129574,0.0016440527345129574,0.0,0.0016451381773837182
2021-11-09,-0.0008831890343372617,-0.0008831890343372617,0.0,-0.0008824691988118335
2021-11-10,-0.002246752394432172,-0.002246752394432172,0.0,-0.0022458500507261253
2021-11-11,0.0022083673393633596,0.0022083673393633596,0.0,0.002209276182857756
2021-11-12,0.001162666539815227,0.001162666539815227,0.0,0.0011635690086457043
2021-11-15,0.0009708334305356114,0.0009708334305356114,0.0,0.0009717325471152711
2021-11-16,0.00016936300309233765,0.00016936300309233765,0.0,0.00017025932323762918
2021-11-17,-0.0016547109124638304,-0.0016547109124638304,0.0,-0.0016538150800771067
2021-11-18,0.000718781320402373,0.000718781320402373,0.0,0.0007196819261878902
2021-11-19,-0.001984936020294259,-0.001984936020294259,0.0,-0.001984037486511454
2021-11-22,-0.0003612566019173258,-0.0003612566019173258,0.0,-0.0003603523348571416
2021-11-23,0.0015810070193285064,0.0015810070193285064,0.0,0.0015820933923949363
2021-11-24,0.000518153678837896,0.000518153678837896,0.0,0.0005192345786916429
2021-11-26,-0.01731118682102406,-0.01731118682102406,0.0,-0.017310107714012816
2021-11-29,0.0041447028735392966,0.0041447028735392966,0.0,0.004145842933452158
2021-11-30,-0.00819606932090522,-0.00819606932090522,0.0,-0.008195131382072424
2021-12-01,-0.00123249072967202,-0.000773763444583131,0.9174545701775508,-0.0012319399670450446
2021-12-02,0.006120542729258327,0.006120542729258327,0.0,0.0061210166415189525
2021-12-03,-0.002978529459337409,-0.002978529459337409,0.0,-0.0029779787082410613
2021-12-06,0.004954788941965438,0.004954788941965438,0.0,0.0049553484513136705
2021-12-07,0.00630125378696067,0.00630125378696067,0.0,0.006301798798773868
2021-12-08,0.0008048174307297984,0.0008048174307297984,0.0,0.0008054319024203878
2021-12-09,-0.003527450295123691,-0.003527450295123691,0.0,-0.003526925943342617
2021-12-10,0.0010757844440980602,0.0010757844440980602,0.0,0.0010763190804735537
2021-12-13,-0.0021138717413173858,-0.0021138717413173858,0.0,-0.002113428821983149
2021-12-14,-0.0008877683729209274,-0.0008877683729209274,0.0,-0.0008873203122539454
2021-12-15,0.003754499195979921,0.003754499195979921,0.0,0.0037550394621457357
2021-12-16,-0.0026963255543863696,-0.0026963255543863696,0.0,-0.002695884438155226
2021-12-17,-0.0010802905136250152,-0.0010802905136250152,0.0,-0.0010798428404690105
2021-12-20,-0.0021518264181428215,-0.0021518264181428215,0.0,-0.0021511959938760776
2021-12-21,0.00579961971004872,0.00579961971004872,0.0,0.005800257483989885
2021-12-22,0.0021837472491701426,0.0021837472491701426,0.0,0.0021844536254692812
2021-12-23,0.0021447211418792467,0.0021447211418792467,0.0,0.0021454190615672365
2021-12-27,0.003291007532326029,0.003291007532326029,0.0,0.0032915247563118947
2021-12-28,1.9657643095527533e-05,1.9657643095527533e-05,0.0,2.016536044754367e-05
2021-12-29,0.00144499108388918,0.00144499108388918,0.0,0.0014454141343630913
2021-12-30,-0.0014044004121183118,-0.0014044004121183118,0.0,-0.001403980834975432
2021-12-31,-0.0013798072414751283,-0.0013798072414751283,0.0,-0.0013792996922908842
2022-01-03,0.004244950541345993,0.004375983094224267,0.2620651057565011,0.0042463177734281795
2022-01-04,0.0010635142627952732,0.0010635142627952732,0.0,0.001064718697323678
2022-01-05,-0.002326391424242291,-0.002326391424242291,0.0,-0.002325041669146855
2022-01-06,0.0007120884388296389,0.0007120884388296389,0.0,0.0007136009170417997
2022-01-07,-0.002537455049701709,-0.002537455049701709,0.0,-0.002535946471478433
2022-01-10,-0.0007951513628703388,-0.0007951513628703388,0.0,-0.0007931720988406822
2022-01-11,-0.00015766150894835906,-0.00015766150894835906,0.0,-0.00015582925264174616
2022-01-12,-0.002520122145169945,-0.002520122145169945,0.0,-0.00251828884905401
2022-01-13,-0.0028934616838688365,-0.0028934616838688365,0.0,-0.002891611725049068
2022-01-14,0.002910461530932773,0.002910461530932773,0.0,0.00291248643856823
2022-01-18,0.000554222330475751,0.000554222330475751,0.0,0.0005568430251176029
2022-01-19,-0.004535228017417903,-0.004535228017417903,0.0,-0.004532612511149466
2022-01-20,-0.002700997014132289,-0.002700997014132289,0.0,-0.0026981824955847333
2022-01-21,-0.003096337938649163,-0.003096337938649163,0.0,-0.0030936543127660374
2022-01-24,0.0020520788913982457,0.0020520788913982457,0.0,0.002055270554898979
2022-01-25,-0.001319545691888857,-0.001319545691888857,0.0,-0.0013163768175087566
2022-01-26,0.0031185671689042405,0.0031185671689042405,0.0,0.0031215915393158966
2022-01-27,0.0010589201184940666,0.0010589201184940666,0.0,0.0010620690954665215
2022-01-28,0.0036092565245240404,0.0036092565245240404,0.0,0.0036122369127333086
2022-01-31,0.00025901306387221545,0.00025901306387221545,0.0,0.0002627299756085355
2022-02-01,-0.0006013371634502329,-0.0004086695316145583,0.3853352636713789,-0.000599238966129087
2022-02-02,0.00033350713918811614,0.00033350713918811614,0.0,0.00033560016857767507
2022-02-03,-0.0014670859480059306,-0.0014670859480059306,0.0,-0.0014648917781443672
2022-02-04,0.0016512696397597004,0.0016512696397597004,0.0,0.0016536897187134946
2022-02-07,-0.001216660908343603,-0.001216660908343603,0.0,-0.0012137378993858092
2022-02-08,-0.00010932811266628484,-0.00010932811266628484,0.0,-0.00010649301187666377
2022-02-09,0.002113420707857694,0.002113420707857694,0.0,0.0021162572901381378
2022-02-10,-0.00011999573136778352,-0.00011999573136778352,0.0,-0.00011573172530379523
2022-02-11,-0.002481447734753006,-0.002481447734753006,0.0,-0.0024775975054274553
2022-02-14,0.001874408738333111,0.001874408738333111,0.0,0.0018791475202814204
2022-02-15,-0.001117969587298262,-0.001117969587298262,0.0,-0.0011136905474144218
2022-02-16,-0.0010404293455436031,-0.0010404293455436031,0.0,-0.0010363371624661274
2022-02-17,-0.0015795713410099443,-0.0015795713410099443,0.0,-0.0015756696779249803
2022-02-18,0.0008728977489225187,0.0008728977489225187,0.0,0.0008766163235449377
2022-02-22,0.001552924871146777,0.001552924871146777,0.0,0.001557051314630987
2022-02-23,0.0010099684784732332,0.0010099684784732332,0.0,0.0010137494470267682
2022-02-24,0.004494766432546982,0.004494766432546982,0.0,0.004498215611048464
2022-02-25,-0.0015433730734015771,-0.0015433730734015771,0.0,-0.0015399979254384802
2022-02-28,4.994112412060048e-06,4.994112412060048e-06,0.0,8.806914431535043e-06
2022-03-01,0.0035890416841977135,0.0039140067037695125,0.6499300391436799,0.0035923698606251933
2022-03-02,0.004423561161683409,0.004423561161683409,0.0,0.00442695906680865
2022-03-03,0.002628440575036528,0.002628440575036528,0.0,0.002632168905838051
2022-03-04,0.004792905628477895,0.004792905628477895,0.0,0.004796187849312497
2022-03-07,0.005948400553447142,0.005948400553447142,0.0,0.005952090122737623
2022-03-08,0.004355128137092823,0.004355128137092823,0.0,0.004358518374882801
2022-03-09,-0.008999255515405924,-0.008999255515405924,0.0,-0.008995757836479113
2022-03-10,0.002182697936194744,0.002182697936194744,0.0,0.00218636431284117
2022-03-11,0.0037226764516022914,0.0037226764516022914,0.0,0.003726397410266866
2022-03-14,0.0006439166706657673,0.0006439166706657673,0.0,0.000648127930984679
2022-03-15,-0.0044211578878242674,-0.0044211578878242674,0.0,-0.004416867560590406
2022-03-16,-0.005101622799923544,-0.005101622799923544,0.0,-0.005097518691335129
2022-03-17,0.004443613683200898,0.004443613683200898,0.0,0.004447532428733218
2022-03-18,2.4617519578384872e-06,2.4617519578384872e-06,0.0,6.38871931330213e-06
2022-03-21,0.007385101762418911,0.007385101762418911,0.0,0.007390369578759957
2022-03-22,-0.00020269022021301986,-0.00020269022021301986,0.0,-0.00019798969205924938
2022-03-23,0.003509672834334676,0.003509672834334676,0.0,0.003514286151975467
2022-03-24,0.0006615435410499693,0.0006615435410499693,0.0,0.0006660713312626905
2022-03-25,0.003014106284499496,0.003014106284499496,0.0,0.0030188886649563343
2022-03-28,-0.0029582717785607837,-0.0029582717785607837,0.0,-0.0029529455811098232
2022-03-29,-0.0026238295979928994,-0.0026238295979928994,0.0,-0.0026187777963970543
2022-03-30,0.0008270272907024978,0.0008270272907024978,0.0,0.000832059350946345
2022-03-31,-0.0005877535896710029,-0.0005877535896710029,0.0,-0.0005831080768678313
2022-04-01,-0.0002557341548334868,-9.01251878491216e-05,0.3312179339687979,-0.0002492414360417203
2022-04-04,0.0009676295893508158,0.0009676295893508158,0.0,0.0009760252852362797
2022-04-05,0.003980404215505384,0.003980404215505384,0.0,0.003988516485231274
2022-04-06,0.0009180340482064508,0.0009180340482064508,0.0,0.0009262573658958848
2022-04-07,0.0010636874715401756,0.0010636874715401756,0.0,0.0010720011207541508
2022-04-08,0.002408957844287407,0.002408957844287407,0.0,0.0024173556955834285
2022-04-11,0.0015656218591466597,0.0015656218591466597,0.0,0.0015750178847404042
2022-04-12,0.0006153496948522186,0.0006153496948522186,0.0,0.0006242040358197006
2022-04-13,-0.0011833693381243515,-0.0011833693381243515,0.0,-0.0011744191653656416
2022-04-14,0.0026059087050329666,0.0026059087050329666,0.0,0.002615264584261196
2022-04-18,0.002650524420158895,0.002650524420158895,0.0,0.002660249948783801
2022-04-19,0.0017360668616019925,0.0017360668616019925,0.0,0.0017456806613925875
2022-04-20,-0.0020998963828242623,-0.0020998963828242623,0.0,-0.002090355637470056
2022-04-21,0.0026218991305200223,0.0026218991305200223,0.0,0.002631528426359394
2022-04-22,-0.0005285078395396159,-0.0005285078395396159,0.0,-0.0005189888173815219
2022-04-25,-0.0018873252724468381,-0.0018873252724468381,0.0,-0.0018765040847534145
2022-04-26,0.0004497011177526655,0.0004497011177526655,0.0,0.0004595566050865547
2022-04-27,0.002000382561112124,0.002000382561112124,0.0,0.0020099844428771107
2022-04-28,0.002750128703092436,0.002750128703092436,0.0,0.0027595303837693735
2022-04-29,-0.0015199645997011624,-0.0015199645997011624,0.0,-0.0015104475315587205
2022-05-02,-0.00033084658597926087,-0.00022033208083649392,0.22102901028560204,-0.00032016999070486496
2022-05-03,-0.0015554684136165342,-0.0015554684136165342,0.0,-0.0015447648968474805
2022-05-04,-0.0034494447709875198,-0.0034494447709875198,0.0,-0.0034389084032148
2022-05-05,0.006988482554597608,0.006988482554597608,0.0,0.006998690188725008
2022-05-06,0.0022768044238643537,0.0022768044238643537,0.0,0.0022867098844348748
2022-05-09,-0.0017927161625715948,-0.0017927161625715948,0.0,-0.0017819749019848505
2022-05-10,-0.001064467448327111,-0.001064467448327111,0.0,-0.0010539943567753317
2022-05-11,0.0017906993873662014,0.0017906993873662014,0.0,0.0018013394968487298
2022-05-12,0.0020997518781680213,0.0020997518781680213,0.0,0.0021108956431863087
2022-05-13,-0.00010704014218165803,-0.00010704014218165803,0.0,-9.5301365665512e-05
2022-05-16,0.00030396270766064326,0.00030396270766064326,0.0,0.0003164047139896989
2022-05-17,-0.0020041070957794727,-0.0020041070957794727,0.0,-0.0019917978971536834
2022-05-18,-0.00014165231008489432,-0.00014165231008489432,0.0,-0.00012970254228547253
2022-05-19,-0.004293890409242329,-0.004293890409242329,0.0,-0.004281698759326643
2022-05-20,-8.528384252648458e-05,-8.528384252648458e-05,0.0,-7.321997750426433e-05
2022-05-23,-0.0009636659083889221,-0.0009636659083889221,0.0,-0.0009508806665642787
2022-05-24,-0.0026163657253620576,-0.0026163657253620576,0.0,-0.0026037671664722382
2022-05-25,-0.0006915095985656761,-0.0006915095985656761,0.0,-0.0006787686895596665
2022-05-26,-0.0014107885851412094,-0.0014107885851412094,0.0,-0.001397888326183262
2022-05-27,-0.0011054619731740711,-0.0011054619731740711,0.0,-0.0010924840624333373
2022-05-31,0.0022599934087654816,0.0022599934087654816,0.0,0.0022738932874535444
2022-06-01,0.00312550616908136,0.0033342210735485267,0.41742980893470966,0.003148482169541292
2022-06-02,-0.0035692200460055723,-0.0035692200460055723,0.0,-0.00354626598427194
2022-06-03,0.0033385285818874344,0.0033385285818874344,0.0,0.0033625466162172254
2022-06-06,0.0021555770077108516,0.0021555770077108516,0.0,0.0021805803098795986
2022-06-07,-0.001120200486215528,-0.001120200486215528,0.0,-0.0010951539629520126
2022-06-08,0.002921416985886882,0.002921416985886882,0.0,0.0029467494401691444
2022-06-09,0.0037867351769302893,0.0037867351769302893,0.0,0.0038120502640719405
2022-06-10,0.004551115892657442,0.004551115892657442,0.0,0.004577736125008576
2022-06-13,0.010385810501586157,0.010385810501586157,0.0,0.010418927845107676
2022-06-14,0.0017657874073484514,0.0017657874073484514,0.0,0.0017995837926292762
2022-06-15,-0.006846887351912079,-0.006846887351912079,0.0,-0.006814974543733193
2022-06-16,0.0011501750645765974,0.0011501750645765974,0.0,0.0011798771628025227
2022-06-17,0.0010503187871027109,0.0010503187871027109,0.0,0.001080685327411105
2022-06-21,-0.0002659499983270752,-0.0002659499983270752,0.0,-0.00023414850105013467
2022-06-22,-0.0023919747271186065,-0.0023919747271186065,0.0,-0.0023618728326990643
2022-06-23,-0.002217354311337849,-0.002217354311337849,0.0,-0.002186644574165009
2022-06-24,-0.0019092620728500265,-0.0019092620728500265,0.0,-0.0018769826960384898
2022-06-27,0.0011744529469959186,0.0011744529469959186,0.0,0.0012086803472231107
2022-06-28,0.0029041902693065502,0.0029041902693065502,0.0,0.0029382960546611926
2022-06-29,-0.0001247846612389969,-0.0001247846612389969,0.0,-9.136508805455497e-05
2022-06-30,-0.0012902652753925548,-0.0012902652753925548,0.0,-0.001258185716294494
2022-07-01,-0.0037105273766632196,-0.0036012806898834127,0.21849337355942547,-0.003682018761036004
2022-07-05,-0.0007822091239080287,-0.0007822091239080287,0.0,-0.0007498535478271276
2022-07-06,0.002207471167809505,0.002207471167809505,0.0,0.0022397354506792397
2022-07-07,-0.0007199259024034399,-0.0007199259024034399,0.0,-0.000687201811242918
2022-07-08,0.002049161396649568,0.002049161396649568,0.0,0.0020823102049872377
2022-07-11,0.0038969107660067337,0.0038969107660067337,0.0,0.003933629316528354
2022-07-12,-0.00269728675600589,-0.00269728675600589,0.0,-0.002660528308114995
2022-07-13,-0.00020606110068677186,-0.00020606110068677186,0.0,-0.00016605231965953352
2022-07-14,0.0029677801444332186,0.0029677801444332186,0.0,0.0030078162278146512
2022-07-15,-0.0035202134110802197,-0.0035202134110802197,0.0,-0.0034812499684983744
2022-07-18,0.0020424886904129025,0.0020424886904129025,0.0,0.002084493033870478
2022-07-19,-0.0038944598382179008,-0.0038944598382179008,0.0,-0.0038523964965634728
2022-07-20,4.423463646108239e-05,4.423463646108239e-05,0.0,8.649767404986247e-05
2022-07-21,-0.005528910964163636,-0.005528910964163636,0.0,-0.005487346814654202
2022-07-22,-0.002268766225858032,-0.002268766225858032,0.0,-0.0022262651507710166
2022-07-25,0.0008605504719341184,0.0008605504719341184,0.0,0.0009058528471760306
2022-07-26,0.002788321218695211,0.002788321218695211,0.0,0.002832257500840241
2022-07-27,-0.004766409880405553,-0.004766409880405553,0.0,-0.00472480063986861
2022-07-28,-0.004705830153050483,-0.004705830153050483,0.0,-0.00466392783508705
2022-07-29,-0.0017379616461540293,-0.0017379616461540293,0.0,-0.001695601325509646
2022-08-01,-0.0026233401165186576,-0.0025196918873745533,0.2072964582882752,-0.0025672622341847127
2022-08-02,0.006115647313770234,0.006115647313770234,0.0,0.0061719675817998145
2022-08-03,-0.0029828743540860625,-0.0029828743540860625,0.0,-0.002928387847710665
2022-08-04,-0.0028984437925755335,-0.0028984437925755335,0.0,-0.002844180073453886
2022-08-05,0.005163067901605034,0.005163067901605034,0.0,0.005219356137310673
2022-08-08,-0.0025887923265280888,-0.0025887923265280888,0.0,-0.002531284838628578
2022-08-09,0.001746426071844276,0.001746426071844276,0.0,0.0018045728973677764
2022-08-10,-0.00462351188592347,-0.00462351188592347,0.0,-0.00456609350265902
2022-08-11,0.0027979710985055473,0.0027979710985055473,0.0,0.002855219358731687
2022-08-12,-0.004412528994277687,-0.004412528994277687,0.0,-0.004355494047962965
2022-08-15,0.0006943274040913661,0.0006943274040913661,0.0,0.0007543420263095345
2022-08-16,0.000419082998639686,0.000419082998639686,0.0,0.00047852804908931766
2022-08-17,0.00348429347947099,0.00348429347947099,0.0,0.003543215246762429
2022-08-18,0.0008660521907501995,0.0008660521907501995,0.0,0.0009248631644382835
2022-08-19,0.005648564313840199,0.005648564313840199,0.0,0.005707909150728471
2022-08-22,0.005121398385282694,0.005121398385282694,0.0,0.005182034456616052
2022-08-23,-0.0002731968149640718,-0.0002731968149640718,0.0,-0.0002140781659321596
2022-08-24,0.0005355923735632651,0.0005355923735632651,0.0,0.0005951932016660607
2022-08-25,-0.005109014430432213,-0.005109014430432213,0.0,-0.005048413554628452
2022-08-26,0.0059465114144001685,0.0059465114144001685,0.0,0.006007989998674841
2022-08-29,0.003053383088181816,0.003053383088181816,0.0,0.003116238546577024
2022-08-30,0.0018797051822070365,0.0018797051822070365,0.0,0.0019418045763595088
2022-08-31,0.0020046222910088396,0.0020046222910088396,0.0,0.002066176281375631
2022-09-01,0.0029109186387956676,0.0029642586812033134,0.10668008481551258,0.00297163883271772
2022-09-02,0.00031571461265289535,0.00031571461265289535,0.0,0.0003756685884576163
2022-09-06,0.005084361618157729,0.005084361618157729,0.0,0.005146572882119951
2022-09-07,-0.0062858177569034,-0.0062858177569034,0.0,-0.006224101181885665
2022-09-08,0.0008911108339832996,0.0008911108339832996,0.0,0.0009537549041301477
2022-09-09,-0.0034036603561922174,-0.0034036603561922174,0.0,-0.0033409666077210205
2022-09-12,-0.002473582036693567,-0.002473582036693567,0.0,-0.002407933289824853
2022-09-13,0.010629944306118633,0.010629944306118633,0.0,0.01069819956696461
2022-09-14,-0.001317980579268685,-0.001317980579268685,0.0,-0.001252812408925091
2022-09-15,0.0028133805142567248,0.0028133805142567248,0.0,0.0028783824505503393
2022-09-16,0.0005891081586808511,0.0005891081586808511,0.0,0.0006531671032491608
2022-09-19,-0.0008415738383200644,-0.0008415738383200644,0.0,-0.0007737055934546917
2022-09-20,0.004108133509865386,0.004108133509865386,0.0,0.004175548500313745
2022-09-21,0.0022702974702371037,0.0022702974702371037,0.0,0.002335885745090547
2022-09-22,0.002926079781021107,0.002926079781021107,0.0,0.0029908250243941923
2022-09-23,0.005703329240106525,0.005703329240106525,0.0,0.005766107769930901
2022-09-26,0.006334863625649723,0.006334863625649723,0.0,0.006400144809107407
2022-09-27,0.0026765205005678805,0.0026765205005678805,0.0,0.00273979008264355
2022-09-28,-0.008224968172102054,-0.008224968172102054,0.0,-0.008161635300957397
2022-09-29,0.004161854045152458,0.004161854045152458,0.0,0.004226202702229554
2022-09-30,0.0008708115334730149,0.0008708115334730149,0.0,0.0009335776207201126
2022-10-03,-0.008051387394109932,-0.007973369779337158,0.1560352295455319,-0.007975516125798242
2022-10-04,-0.009255811339355602,-0.009255811339355602,0.0,-0.009179263632666334
2022-10-05,0.004664417738872162,0.004664417738872162,0.0,0.0047431478109928645
2022-10-06,0.004304660575046526,0.004304660575046526,0.0,0.004382178127748822
2022-10-07,0.00779945496803558,0.00779945496803558,0.0,0.007875844788136294
2022-10-10,0.005233238137007712,0.005233238137007712,0.0,0.005308020245203133
2022-10-11,0.0012048599633758261,0.0012048599633758261,0.0,0.0012834680401356035
2022-10-12,-6.654079936296853e-05,-6.654079936296853e-05,0.0,1.246992746916632e-05
2022-10-13,-0.0008555009045762008,-0.0008555009045762008,0.0,-0.0007746996677650982
2022-10-14,0.004943286288175086,0.004943286288175086,0.0,0.005024502899127505
2022-10-17,-0.006969078198045042,-0.006969078198045042,0.0,-0.006885242658127938
2022-10-18,-0.001529586301420749,-0.001529586301420749,0.0,-0.0014425320378751135
2022-10-19,0.007417269038520358,0.007417269038520358,0.0,0.007505142620722944
2022-10-20,0.0018073212755191914,0.0018073212755191914,0.0,0.0018934054938690432
2022-10-21,-0.005557078614421451,-0.005557078614421451,0.0,-0.005471648664162688
2022-10-24,0.004390357991289395,0.004390357991289395,0.0,0.004479355092954204
2022-10-25,-0.007453641918900966,-0.007453641918900966,0.0,-0.007366387031295902
2022-10-26,-0.0038919457476133124,-0.0038919457476133124,0.0,-0.0038035257951791746
2022-10-27,0.0015879187015781504,0.0015879187015781504,0.0,0.0016775218477707238
2022-10-28,-0.0004465543439927666,-0.0004465543439927666,0.0,-0.00035643834151459307
2022-10-31,0.004765605455866462,0.004765605455866462,0.0,0.00485741538383294
2022-11-01,-0.003120636035598756,-0.003061704929145481,0.11786221290662292,-0.003037973931883988
2022-11-02,0.003712213134876574,0.003712213134876574,0.0,0.003794041949484376
2022-11-03,0.002761045111165261,0.002761045111165261,0.0,0.0028423790113592338
2022-11-04,-0.005870708784179168,-0.005870708784179168,0.0,-0.00579083718472253
2022-11-07,-0.0009106982962832078,-0.0009106982962832078,0.0,-0.000827390953677384
2022-11-08,-0.004160495197471192,-0.004160495197471192,0.0,-0.004077368386829046
2022-11-09,0.002647873825796676,0.002647873825796676,0.0,0.0027322329173073813
2022-11-10,-0.018237999731761212,-0.018237999731761212,0.0,-0.018154701464205836
2022-11-11,-0.003728377166279717,-0.003728377166279717,0.0,-0.0036405164384887855
2022-11-14,0.0022918914545322355,0.0022918914545322355,0.0,0.00238220812390387
2022-11-15,-0.003932868035563031,-0.003932868035563031,0.0,-0.003843566774769156
2022-11-16,-0.0005072410201449884,-0.0005072410201449884,0.0,-0.0004169384974115106
2022-11-17,0.0014990574722812955,0.0014990574722812955,0.0,0.0015892707640285122
2022-11-18,0.001167919619623925,0.001167919619623925,0.0,0.0012581875941386788
2022-11-21,0.0025335335444096607,0.0025335335444096607,0.0,0.0026252384768170175
2022-11-22,-0.0036118687133637195,-0.0036118687133637195,0.0,-0.003521250219971333
2022-11-23,-0.005454057438688209,-0.005454057438688209,0.0,-0.005362504857993855
2022-11-25,-0.00015544262504896267,-0.00015544262504896267,0.0,-6.225096895712896e-05
2022-11-28,0.0031586830594585447,0.0031586830594585447,0.0,0.0032536826729458617
2022-11-29,5.6499851106783794e-05,5.6499851106783794e-05,0.0,0.00015000609869662515
2022-11-30,-0.0073641549596584754,-0.0073641549596584754,0.0,-0.00727066356790423
2022-12-01,-0.005783994786428326,-0.00571098024455885,0.14602908373886175,-0.0057107882825686955
2022-12-02,-0.0017322888119645219,-0.0017322888119645219,0.0,-0.0016582315106573606
2022-12-05,0.004763448735947806,0.004763448735947806,0.0,0.004838807563400632
2022-12-06,-0.0006103245559482273,-0.0006103245559482273,0.0,-0.0005361263079706416
2022-12-07,-0.002730592768679485,-0.002730592768679485,0.0,-0.0026574645327053703
2022-12-08,-0.0013029162657220983,-0.0013029162657220983,0.0,-0.0012296584890463126
2022-12-09,0.0017434487472609561,0.0017434487472609561,0.0,0.001817370830144666
2022-12-12,0.000561995120553771,0.000561995120553771,0.0,0.0006372534432034128
2022-12-13,-0.004281174135530752,-0.004281174135530752,0.0,-0.004206579020885175
2022-12-14,0.00024580943507590547,0.00024580943507590547,0.0,0.000320919416581316
2022-12-15,0.00415393777879447,0.00415393777879447,0.0,0.004228810627553094
2022-12-16,0.0005390678609757948,0.0005390678609757948,0.0,0.0006125881404802968
2022-12-19,0.0028776755510309115,0.0028776755510309115,0.0,0.002952464344606673
2022-12-20,-0.000995838216341527,-0.000995838216341527,0.0,-0.0009222706690791404
2022-12-21,-0.0007888576275831838,-0.0007888576275831838,0.0,-0.0007155696342860422
2022-12-22,0.0021610865736305662,0.0021610865736305662,0.0,0.0022349128702522664
2022-12-23,0.0012806003668970334,0.0012806003668970334,0.0,0.0013537317478314605
2022-12-27,0.0009134219099840024,0.0009134219099840024,0.0,0.000988310981035373
2022-12-28,0.0033712813676289866,0.0033712813676289866,0.0,0.003445944565659231
2022-12-29,-0.0049371170556177235,-0.0049371170556177235,0.0,-0.004863454444081812
2022-12-30,0.0013369199094772632,0.0013369199094772632,0.0,0.0014111123442465505
2023-01-03,-0.0036062790277692214,-0.003547169088911173,0.1182198777161278,-0.0035293783390659334
2023-01-04,-0.0050966006210979575,-0.0050966006210979575,0.0,-0.005019364078504447
2023-01-05,0.0029574291531826447,0.0029574291531826447,0.0,0.003037738525812575
2023-01-06,-0.007127512193669139,-0.007127512193669139,0.0,-0.0070479673551952764
2023-01-09,-0.0014355132511758573,-0.0014355132511758573,0.0,-0.001353390673646675
2023-01-10,0.0001489458692209844,0.0001489458692209844,0.0,0.00023180870500052835
2023-01-11,-0.002385428053428562,-0.002385428053428562,0.0,-0.0023026045650806543
2023-01-12,-0.004482463773049394,-0.004482463773049394,0.0,-0.0044002869195470945
2023-01-13,0.0008374393355805587,0.0008374393355805587,0.0,0.0009209754707273382
2023-01-17,0.0014622295167698862,0.0014622295167698862,0.0,0.0015464696904721209
2023-01-18,-0.00196703502560458,-0.00196703502560458,0.0,-0.0018835498342723287
2023-01-19,0.00010311116600369985,0.00010311116600369985,0.0,0.00018730100889419684
2023-01-20,-0.00045903839164462834,-0.00045903839164462834,0.0,-0.0003745058988826711
2023-01-23,-0.0006382778486808682,-0.0006382778486808682,0.0,-0.0005534380101379141
2023-01-24,-0.0012383454603442923,-0.0012383454603442923,0.0,-0.0011535209688482483
2023-01-25,-0.0007289510074793837,-0.0007289510074793837,0.0,-0.0006439828260408566
2023-01-26,0.0007302443054000296,0.0007302443054000296,0.0,0.0008152197121698359
2023-01-27,-0.0007532029044182709,-0.0007532029044182709,0.0,-0.0006680485920538586
2023-01-30,0.003101620715356246,0.003101620715356246,0.0,0.0031873494559609915
2023-01-31,-0.0013663427615631107,-0.0013663427615631107,0.0,-0.0012816272564363234
2023-02-01,-0.006255748500469838,-0.006182275580831842,0.14694583927588298,-0.006171792032232855
2023-02-02,-0.002255039906553402,-0.002255039906553402,0.0,-0.002169856932527579
2023-02-03,0.003994409429683099,0.003994409429683099,0.0,0.004080948670388602
2023-02-06,0.004593435123799949,0.004593435123799949,0.0,0.0046792826288062596
2023-02-07,-0.0012745555435721423,-0.0012745555435721423,0.0,-0.0011899334062611567
2023-02-08,0.0020575793948816035,0.0020575793948816035,0.0,0.002142541972905699
2023-02-09,0.0004998524092703072,0.0004998524092703072,0.0,0.0005851860689051967
2023-02-10,0.0035879596653614065,0.0035879596653614065,0.0,0.003673525938961822
2023-02-13,-0.002244388006786502,-0.002244388006786502,0.0,-0.00215942567275434
2023-02-14,0.0013807315752920601,0.0013807315752920601,0.0,0.001466119934770753
2023-02-15,0.0003873107806002807,0.0003873107806002807,0.0,0.00047214383818533414
2023-02-16,0.0026229244643733995,0.0026229244643733995,0.0,0.0027083803681829674
2023-02-17,-0.0004718558359628755,-0.0004718558359628755,0.0,-0.0003871114066197175
2023-02-21,0.0062993314098875874,0.0062993314098875874,0.0,0.006384565051161804
2023-02-22,-0.001033779414662317,-0.001033779414662317,0.0,-0.0009504287814358046
2023-02-23,-0.0021096786706406023,-0.0021096786706406023,0.0,-0.002026048363829107
2023-02-24,0.0038689911477025607,0.0038689911477025607,0.0,0.003953372176572393
2023-02-27,-0.0027506035093159964,-0.0027506035093159964,0.0,-0.002666916456989409
2023-02-28,0.0010614176790082475,0.0010614176790082475,0.0,0.001145498085674379
2023-03-01,0.0008053876946234606,0.0010030515268664164,0.39532766448612217,0.0009426761323238489
2023-03-02,-2.0256010559438486e-05,-2.0256010559438486e-05,0.0,0.00011689780592287515
2023-03-03,-0.006412359773600551,-0.006412359773600551,0.0,-0.006275199368736499
2023-03-06,0.0019227406855426565,0.0019227406855426565,0.0,0.002062587799815016
2023-03-07,0.00719839523604815,0.00719839523604815,0.0,0.00734082867153582
2023-03-08,-0.00046839342814863905,-0.00046839342814863905,0.0,-0.00032778404379973236
2023-03-09,0.0025377929981837966,0.0025377929981837966,0.0,0.0026779834762134555
2023-03-10,-0.002769163712054934,-0.002769163712054934,0.0,-0.0026309618339404074
2023-03-13,-0.006531212863724489,-0.006531212863724489,0.0,-0.0063958393624997355
2023-03-14,-0.0005190248140813924,-0.0005190248140813924,0.0,-0.00038124268493108717
2023-03-15,0.00014203767614073826,0.00014203767614073826,0.0,0.0002764737448919925
2023-03-16,-0.0020150925959432353,-0.0020150925959432353,0.0,-0.0018812870691152538
2023-03-17,-0.002666592426841752,-0.002666592426841752,0.0,-0.0025383284059604413
2023-03-20,-0.0014002245365143384,-0.0014002245365143384,0.0,-0.0012625700750055874
2023-03-21,-0.000381397923757576,-0.000381397923757576,0.0,-0.0002441827156159645
2023-03-22,-0.003237526878667185,-0.003237526878667185,0.0,-0.0030998920999906533
2023-03-23,-0.0028342734363527855,-0.0028342734363527855,0.0,-0.002697391981399997
2023-03-24,-0.0002810842634013433,-0.0002810842634013433,0.0,-0.00014329829209191078
2023-03-27,0.003987123914218849,0.003987123914218849,0.0,0.004130430167377325
2023-03-28,-0.003075317303833369,-0.003075317303833369,0.0,-0.002936616874700243
2023-03-29,-0.0020735626752153014,-0.0020735626752153014,0.0,-0.0019338663867686456
2023-03-30,-0.004741487031344582,-0.004741487031344582,0.0,-0.004596277564253077
2023-03-31,-0.0028605453239930467,-0.0028605453239930467,0.0,-0.0027174068424476454
2023-04-03,-7.998281495324999e-05,0.0001951941454927386,0.5503539208921111,-2.9661871974766887e-06
2023-04-04,-0.0008144255727127181,-0.0008144255727127181,0.0,-0.0007376507435285981
2023-04-05,0.0013929374023611274,0.0013929374023611274,0.0,0.0014696032689631331
2023-04-06,-0.0013663938908404782,-0.0013663938908404782,0.0,-0.0012892869541083953
2023-04-10,0.0014754856455148069,0.0014754856455148069,0.0,0.0015557181139449865
2023-04-11,-0.0026394515785774786,-0.0026394515785774786,0.0,-0.002560434083322268
2023-04-12,-0.0009112540740955355,-0.0009112540740955355,0.0,-0.0008318400648563971
2023-04-13,-0.0030340007824044557,-0.0030340007824044557,0.0,-0.002953029449125771
2023-04-14,0.002550598832451012,0.002550598832451012,0.0,0.0026329102102125245
2023-04-17,0.0005529791566107889,0.0005529791566107889,0.0,0.0006358891912122693
2023-04-18,-0.0011650543278671766,-0.0011650543278671766,0.0,-0.0010826281766872267
2023-04-19,0.003004407277229504,0.003004407277229504,0.0,0.003086670261298941
2023-04-20,0.0007378766304109163,0.0007378766304109163,0.0,0.0008186476193617133
2023-04-21,0.0002682174322286013,0.0002682174322286013,0.0,0.00034894555238953627
2023-04-24,-0.001805616737054816,-0.001805616737054816,0.0,-0.0017239915257311667
2023-04-25,0.003927838986468757,0.003927838986468757,0.0,0.0040088328659515565
2023-04-26,0.0014272040061169555,0.0014272040061169555,0.0,0.0015075916992093963
2023-04-27,-0.002931145462743312,-0.002931145462743312,0.0,-0.002850675165473381
2023-04-28,-0.0019374665541619374,-0.0019374665541619374,0.0,-0.0018574658481518983
2023-05-01,0.0006817699690295775,0.0009686299732212245,0.5737200083831973,0.0006580878269334682
2023-05-02,0.0023405441116270964,0.0023405441116270964,0.0,0.002316917978528511
2023-05-03,6.877720039910606e-05,6.877720039910606e-05,0.0,4.4688187802034215e-05
2023-05-04,-0.0009613249775470845,-0.0009613249775470845,0.0,-0.0009854735746209896
2023-05-05,-0.002336265939506532,-0.002336265939506532,0.0,-0.0023602430324943116
2023-05-08,0.0001856994810631729,0.0001856994810631729,0.0,0.00016190918926201658
2023-05-09,0.00026533284458452044,0.00026533284458452044,0.0,0.0002416015460472654
2023-05-10,-0.000374296205290503,-0.000374296205290503,0.0,-0.00039784344449794317
2023-05-11,0.0002485057871588481,0.0002485057871588481,0.0,0.00022521009903714445
2023-05-12,0.0012278569765140634,0.0012278569765140634,0.0,0.001204332152422562
2023-05-15,-0.0017562670436875871,-0.0017562670436875871,0.0,-0.0017799167577799313
2023-05-16,0.0009917500092972986,0.0009917500092972986,0.0,0.0009683658319824298
2023-05-17,0.0001794872309730522,0.0001794872309730522,0.0,0.0001557874786632458
2023-05-18,0.0017011325758193863,0.0017011325758193863,0.0,0.0016772146263687132
2023-05-19,0.0008568095747807369,0.0008568095747807369,0.0,0.0008326801117607745
2023-05-22,-0.00014409269327952945,-0.00014409269327952945,0.0,-0.0001689445592632427
2023-05-23,-0.001052316517348162,-0.001052316517348162,0.0,-0.001076857737137754
2023-05-24,-0.00010522169108972967,-0.00010522169108972967,0.0,-0.00012971325210595416
2023-05-25,0.0027662683653002507,0.0027662683653002507,0.0,0.0027417959834257068
2023-05-26,-0.0003435646344034371,-0.0003435646344034371,0.0,-0.0003683001578506432
2023-05-30,0.0020854303128685636,0.0020854303128685636,0.0,0.002060182855527594
2023-05-31,3.438618181794695e-05,3.438618181794695e-05,0.0,8.852315683303265e-06
2023-06-01,-0.0024954177620812867,-0.0022251506648937047,0.5405341943750703,-0.002415035896426571
2023-06-02,-0.0003235678525070895,-0.0003235678525070895,0.0,-0.0002426745930654068
2023-06-05,0.00018344388291513525,0.00018344388291513525,0.0,0.0002639659498061318
2023-06-06,-0.0009891560760438844,-0.0009891560760438844,0.0,-0.0009089961221726193
2023-06-07,-0.0008071271533116597,-0.0008071271533116597,0.0,-0.0007269948925369194
2023-06-08,-0.0017959346825163758,-0.0017959346825163758,0.0,-0.00171619525446106
2023-06-09,0.0017678473314195475,0.0017678473314195475,0.0,0.0018479390335139705
2023-06-12,0.0010900560008970661,0.0010900560008970661,0.0,0.0011701157904601268
2023-06-13,9.331007282686876e-05,9.331007282686876e-05,0.0,0.0001725951230752492
2023-06-14,-0.0012888964812155512,-0.0012888964812155512,0.0,-0.0012097928529679952
2023-06-15,-0.004277232948706189,-0.004277232948706189,0.0,-0.004198233500110784
2023-06-16,0.00036931351376057187,0.00036931351376057187,0.0,0.0004498329307279943
2023-06-20,-0.00029627340649140965,-0.00029627340649140965,0.0,-0.00021506835093628788
2023-06-21,-0.0018234079067872555,-0.0018234079067872555,0.0,-0.0017419601860108101
2023-06-22,0.0036416461157462443,0.0036416461157462443,0.0,0.0037236159418533167
2023-06-23,0.0010913084015453656,0.0010913084015453656,0.0,0.001172239280733136
2023-06-26,-0.0014132533840994776,-0.0014132533840994776,0.0,-0.0013312246204047367
2023-06-27,0.0012957038228536,0.0012957038228536,0.0,0.0013773563279159571
2023-06-28,0.0007094407174792483,0.0007094407174792483,0.0,0.0007905644444998892
2023-06-29,0.002141098818760012,0.002141098818760012,0.0,0.0022223317423313137
2023-06-30,-0.0016482797086529999,-0.0016482797086529999,0.0,-0.00156812631800867
2023-07-03,-0.0005693279804742657,-7.446829295876256e-05,0.9897193750310808,-0.0006689008579294786
2023-07-05,-0.0018323601408398726,-0.0018323601408398726,0.0,-0.0019321099328721593
2023-07-06,-0.003738765125274268,-0.003738765125274268,0.0,-0.0038387006644313012
2023-07-07,0.0011850105517747789,0.0011850105517747789,0.0,0.0010856691382323536
2023-07-10,0.00048629315398618367,0.00048629315398618367,0.0,0.00038625248482999165
2023-07-11,0.0010253811314320238,0.0010253811314320238,0.0,0.000925287825891329
2023-07-12,0.002405762330894623,0.002405762330894623,0.0,0.00230574901686257
2023-07-13,0.003110804499290687,0.003110804499290687,0.0,0.0030105321708312617
2023-07-14,-0.0003670604591448079,-0.0003670604591448079,0.0,-0.00046785866775949676
2023-07-17,0.0011397645081283603,0.0011397645081283603,0.0,0.0010388138645241424
2023-07-18,0.0025590703401590087,0.0025590703401590087,0.0,0.0024581891477938665
2023-07-19,0.00039146386508215336,0.00039146386508215336,0.0,0.0002901157199388503
2023-07-20,-0.0025932075638823715,-0.0025932075638823715,0.0,-0.002694597728754548
2023-07-21,0.000849964499329392,0.000849964499329392,0.0,0.0007486611866501416
2023-07-24,-0.00015065607407804826,-0.00015065607407804826,0.0,-0.00025224335537424384
2023-07-25,0.0009488866264419915,0.0009488866264419915,0.0,0.0008473156088896201
2023-07-26,0.001309827668817265,0.001309827668817265,0.0,0.0012081543134113254
2023-07-27,-0.0034498946702016253,-0.0034498946702016253,0.0,-0.0035517091063250357
2023-07-28,0.0034655810232102624,0.0034655810232102624,0.0,0.0033641394594504568
2023-07-31,0.001101668155099711,0.001101668155099711,0.0,0.0009998533171719126
2023-08-01,-0.0013587761422931832,-0.0010614430792714735,0.5946661260434717,-0.0013429930751137846
2023-08-02,-0.0022530413409623806,-0.0022530413409623806,0.0,-0.0022373341295103973
2023-08-03,-0.0008687005199931042,-0.0008687005199931042,0.0,-0.0008524856039241283
2023-08-04,-0.0027515401496930325,-0.0027515401496930325,0.0,-0.002735098168682632
2023-08-07,0.0014026939886264689,0.0014026939886264689,0.0,0.0014197917600120903
2023-08-08,-0.002376931698071294,-0.002376931698071294,0.0,-0.0023601201981838997
2023-08-09,-0.0023388027267420286,-0.0023388027267420286,0.0,-0.002321515552259495
2023-08-10,0.0033118607216358065,0.0033118607216358065,0.0,0.003329679605830313
2023-08-11,0.00017758662464695263,0.00017758662464695263,0.0,0.00019465506686309458
2023-08-14,0.0008612653470723153,0.0008612653470723153,0.0,0.0008783258070770571
2023-08-15,-0.0008849070338400322,-0.0008849070338400322,0.0,-0.0008680418965620942
2023-08-16,0.0003110730831830111,0.0003110730831830111,0.0,0.00032813908253020047
2023-08-17,-0.002075588889476898,-0.002075588889476898,0.0,-0.0020585934776040085
2023-08-18,-0.0007323926323075103,-0.0007323926323075103,0.0,-0.0007149582760199385
2023-08-21,0.0036158892582949242,0.0036158892582949242,0.0,0.003633556628220806
2023-08-22,-0.0005316975677587266,-0.0005316975677587266,0.0,-0.000514851595648039
2023-08-23,0.001029893447779484,0.001029893447779484,0.0,0.0010468602663884666
2023-08-24,-0.001746631103857088,-0.001746631103857088,0.0,-0.0017298665513478006
2023-08-25,0.0007760405555718997,0.0007760405555718997,0.0,0.0007933000885524557
2023-08-28,0.0017555814714784734,0.0017555814714784734,0.0,0.0017726633015769527
2023-08-29,0.0010279638580930062,0.0010279638580930062,0.0,0.0010446131511408162
2023-08-30,0.0005185552636495228,0.0005185552636495228,0.0,0.0005349394627929486
2023-08-31,-0.0026819433381797264,-0.0026819433381797264,0.0,-0.002665677046785205
2023-09-01,0.000701996057578258,0.0009819961587107517,0.5600002022652621,0.000621711980867376
2023-09-05,-0.00082560540040022,-0.00082560540040022,0.0,-0.0009060443418012613
2023-09-06,-0.0018079136776277815,-0.0018079136776277815,0.0,-0.0018880936481756128
2023-09-07,-0.0012835378437459077,-0.0012835378437459077,0.0,-0.0013633308392672738
2023-09-08,-0.00028203405751692223,-0.00028203405751692223,0.0,-0.00036180954095208666
2023-09-11,0.0023041801238805615,0.0023041801238805615,0.0,0.0022242914133161398
2023-09-12,-0.0016324869424194643,-0.0016324869424194643,0.0,-0.0017126773179406362
2023-09-13,0.0005342099790381916,0.0005342099790381916,0.0,0.0004543840107747472
2023-09-14,0.0016269793249008568,0.0016269793249008568,0.0,0.0015470834721250945
2023-09-15,-0.00026248241137694084,-0.00026248241137694084,0.0,-0.0003427416204914532
2023-09-18,-0.00013714637032569144,-0.00013714637032569144,0.0,-0.0002172204255024422
2023-09-19,0.00021298999614716152,0.00021298999614716152,0.0,0.00013293386026141317
2023-09-20,-0.0007707024656776751,-0.0007707024656776751,0.0,-0.0008510880590128085
2023-09-21,-0.0015953388016560766,-0.0015953388016560766,0.0,-0.0016756232607335996
2023-09-22,-0.00021948587943965148,-0.00021948587943965148,0.0,-0.00029941042399433124
2023-09-25,0.001764896742984856,0.001764896742984856,0.0,0.0016845504584369307
2023-09-26,-0.0025987559740858757,-0.0025987559740858757,0.0,-0.002679184121311709
2023-09-27,-0.0005875274855136059,-0.0005875274855136059,0.0,-0.0006676130668564549
2023-09-28,0.0014840282222252643,0.0014840282222252643,0.0,0.0014043197895652142
2023-09-29,-0.00133631535225609,-0.00133631535225609,0.0,-0.0014162185012349252
2023-10-02,-0.0035206026917473654,-0.0030758394728460647,0.8895264378024461,-0.0036445372615677672
2023-10-03,-0.0037537039185427945,-0.0037537039185427945,0.0,-0.0038775735010279943
2023-10-04,-0.002947474956189522,-0.002947474956189522,0.0,-0.0030707804312546526
2023-10-05,0.00042837697819142484,0.00042837697819142484,0.0,0.00030533341929674324
2023-10-06,0.007028645665312583,0.007028645665312583,0.0,0.00690510307681611
2023-10-09,0.0038063310266420736,0.0038063310266420736,0.0,0.0036821661671704786
2023-10-10,0.003072642575194795,0.003072642575194795,0.0,0.0029486065599011483
2023-10-11,-0.001326083719128568,-0.001326083719128568,0.0,-0.001450388896634807
2023-10-12,-0.002704040250143702,-0.002704040250143702,0.0,-0.0028284616724251585
2023-10-13,0.0043158084992509504,0.0043158084992509504,0.0,0.004191625352780281
2023-10-16,0.002895540830446519,0.002895540830446519,0.0,0.0027712118417403367
2023-10-17,0.002069138932065284,0.002069138932065284,0.0,0.0019443237969431581
2023-10-18,-0.001390609343533189,-0.001390609343533189,0.0,-0.0015153714895165748
2023-10-19,0.004128543328714818,0.004128543328714818,0.0,0.00400413594254806
2023-10-20,-0.0029125970026330217,-0.0029125970026330217,0.0,-0.0030368943454326496
2023-10-23,-0.00041051453368989854,-0.00041051453368989854,0.0,-0.0005347930497583322
2023-10-24,-0.0014481260982920352,-0.0014481260982920352,0.0,-0.0015721354144771227
2023-10-25,-0.0007610265833760677,-0.0007610265833760677,0.0,-0.0008851434601418538
2023-10-26,-0.004848417651115322,-0.004848417651115322,0.0,-0.004972468272534091
2023-10-27,0.0036011907016255673,0.0036011907016255673,0.0,0.0034775642423368965
2023-10-30,0.0006710743672222463,0.0006710743672222463,0.0,0.0005469010188642269
2023-10-31,-0.0014321227098137435,-0.0014321227098137435,0.0,-0.001556354626871289
2023-11-01,0.001211743087320416,0.0015809746150823312,0.738463055523955,0.0010882762289801916
2023-11-02,0.0028071661999555797,0.0028071661999555797,0.0,0.0026841754203362793
2023-11-03,0.0026287582689341615,0.0026287582689341615,0.0,0.0025057586525618213
2023-11-06,-1.8733188067776574e-05,-1.8733188067776574e-05,0.0,-0.00014242626755246702
2023-11-07,-0.0010247599446925326,-0.0010247599446925326,0.0,-0.0011482175875366844
2023-11-08,-0.0016069258398184738,-0.0016069258398184738,0.0,-0.0017302951950287882
2023-11-09,0.00047773707644593877,0.00047773707644593877,0.0,0.000354739779337107
2023-11-10,0.0011146646685780137,0.0011146646685780137,0.0,0.0009918597132693207
2023-11-13,0.0014321197891158377,0.0014321197891158377,0.0,0.0013087518598978085
2023-11-14,0.0029439107769413386,0.0029439107769413386,0.0,0.002820887408095644
2023-11-15,0.0012920584145406089,0.0012920584145406089,0.0,0.001168783473159614
2023-11-16,0.00021436340981417779,0.00021436340981417779,0.0,9.121277042312923e-05
2023-11-17,8.93291199677293e-05,8.93291199677293e-05,0.0,-3.383977556260161e-05
2023-11-20,0.0006220463569392987,0.0006220463569392987,0.0,0.0004984006106051065
2023-11-21,0.00047952842632237314,0.00047952842632237314,0.0,0.0003560642624962326
2023-11-22,0.0005251420577399024,0.0005251420577399024,0.0,0.0004014022256022237
2023-11-24,0.0007382728817950657,0.0007382728817950657,0.0,0.0006142533473259503
2023-11-27,-0.0007322818194189784,-0.0007322818194189784,0.0,-0.0008563644328061896
2023-11-28,0.0021468447654144907,0.0021468447654144907,0.0,0.0020230596512767047
2023-11-29,-0.0003789490620234037,-0.0003789490620234037,0.0,-0.000502446532859336
2023-11-30,0.000897945576836312,0.000897945576836312,0.0,0.0007744802666581502
2023-12-01,0.004033621509618834,0.004321668032977621,0.5760930467175713,0.003854798129903255
2023-12-04,-0.005066805712202083,-0.005066805712202083,0.0,-0.005247072726526346
2023-12-05,-3.765372674013889e-05,-3.765372674013889e-05,0.0,-0.00021743335201833536
2023-12-06,-0.001075598128194355,-0.001075598128194355,0.0,-0.0012553766782785458
2023-12-07,0.0010860265070071762,0.0010860265070071762,0.0,0.0009066210802339736
2023-12-08,0.00024120915381287134,0.00024120915381287134,0.0,6.177277514383112e-05
2023-12-11,0.0010409114130329744,0.0010409114130329744,0.0,0.0008607832636231595
2023-12-12,0.0006773631674594771,0.0006773631674594771,0.0,0.0004972052768496794
2023-12-13,0.009164003244144014,0.009164003244144014,0.0,0.00898451109736256
2023-12-14,0.0035806503194770745,0.0035806503194770745,0.0,0.0034012429107123316
2023-12-15,-0.0026273119736109907,-0.0026273119736109907,0.0,-0.002807162981927324
2023-12-18,0.0020613882428983654,0.0020613882428983654,0.0,0.0018809250464803572
2023-12-19,0.0037691964327968286,0.0037691964327968286,0.0,0.0035897046764876983
2023-12-20,-0.004095649157845438,-0.004095649157845438,0.0,-0.0042755896331755795
2023-12-21,0.004740390124294169,0.004740390124294169,0.0,0.004561251138704338
2023-12-22,0.001130811744671112,0.001130811744671112,0.0,0.0009508537736346394
2023-12-26,0.0027987151977524327,0.0027987151977524327,0.0,0.0026183821324415905
2023-12-27,0.002124259051590638,0.002124259051590638,0.0,0.00194419148061535
2023-12-28,-0.0015464448085208415,-0.0015464448085208415,0.0,-0.0017269152079882224
2023-12-29,-0.002133715924341084,-0.002133715924341084,0.0,-0.002312424813874807
2024-01-02,-0.00254010664581783,-0.002253325664567263,0.5735619625011318,-0.002757151116342615
2024-01-03,-0.004436972611042478,-0.004436972611042478,0.0,-0.004655513145867431
2024-01-04,-0.0012622946883142916,-0.0012622946883142916,0.0,-0.0014808824826050707
2024-01-05,-0.0006663284200156827,-0.0006663284200156827,0.0,-0.0008849296763617315
2024-01-08,0.005746721516125763,0.005746721516125763,0.0,0.005527695957275854
2024-01-09,-0.001280540155226384,-0.001280540155226384,0.0,-0.001499087544754082
2024-01-10,0.0018686456801508822,0.0018686456801508822,0.0,0.0016505017866761216
2024-01-11,0.00171915924978161,0.00171915924978161,0.0,0.0015010351348606955
2024-01-12,0.002365751592564802,0.002365751592564802,0.0,0.0021480626713247775
2024-01-16,-0.004151601447856201,-0.004151601447856201,0.0,-0.004369265478612994
2024-01-17,-0.00454699568011796,-0.00454699568011796,0.0,-0.004765537702547743
2024-01-18,0.0020585677946709513,0.0020585677946709513,0.0,0.001840811643495653
2024-01-19,0.0029722333081201313,0.0029722333081201313,0.0,0.0027544989602465487
2024-01-22,0.0011006373312756335,0.0011006373312756335,0.0,0.0008829343704938238
2024-01-23,-0.0005945943667137188,-0.0005945943667137188,0.0,-0.0008118686841907936
2024-01-24,-0.0014317281120287406,-0.0014317281120287406,0.0,-0.0016490086932896128
2024-01-25,0.003304188046898693,0.003304188046898693,0.0,0.0030868923614019734
2024-01-26,-0.000981024806898878,-0.000981024806898878,0.0,-0.0011982857491539792
2024-01-29,0.004182027962778667,0.004182027962778667,0.0,0.0039643396676205655
2024-01-30,-0.0007622291959229477,-0.0007622291959229477,0.0,-0.0009794566301773104
2024-01-31,-0.001061451059263141,-0.001061451059263141,0.0,-0.0012791034474408216
2024-02-01,0.0027181347251248322,0.0030383076174853585,0.6403457847208054,0.0025800631455679466
2024-02-02,0.000400174644744844,0.000400174644744844,0.0,0.0002621316459161635
2024-02-05,-0.0015062188618494288,-0.0015062188618494288,0.0,-0.0016440256626613899
2024-02-06,-0.00010682345429890994,-0.00010682345429890994,0.0,-0.0002447894596286741
2024-02-07,0.0012071825656088109,0.0012071825656088109,0.0,0.001069223993173582
2024-02-08,0.0007959526736265321,0.0007959526736265321,0.0,0.0006579102053658673
2024-02-09,0.0006197405672154765,0.0006197405672154765,0.0,0.0004813787772380761
2024-02-12,-7.671649039542316e-05,-7.671649039542316e-05,0.0,-0.00021485724048906775
2024-02-13,-0.002594981053383294,-0.002594981053383294,0.0,-0.0027336447215714093
2024-02-14,0.001588297344371714,0.001588297344371714,0.0,0.0014503424900398794
2024-02-15,0.0010233948110645041,0.0010233948110645041,0.0,0.0008853296105972921
2024-02-16,-0.0015628981984853185,-0.0015628981984853185,0.0,-0.0017012985488943067
2024-02-20,0.001397934211872176,0.001397934211872176,0.0,0.0012596427095169444
2024-02-21,-0.0009284018340212086,-0.0009284018340212086,0.0,-0.001066790559600757
2024-02-22,0.0026017251830976473,0.0026017251830976473,0.0,0.0024631371085229096
2024-02-23,0.000415503113945892,0.000415503113945892,0.0,0.0002764697302315109
2024-02-26,0.00048724043575498754,0.00048724043575498754,0.0,0.0003481781048412069
2024-02-27,0.000861670253627489,0.000861670253627489,0.0,0.0007228384358199671
2024-02-28,-0.00029005671010418066,-0.00029005671010418066,0.0,-0.0004286838082107209
2024-02-29,0.0006790638594700305,0.0006790638594700305,0.0,0.000540192353701934
2024-03-01,0.004870122719985437,0.005040959300731451,0.34167316149224014,0.0046900864852375485
2024-03-04,0.0008796338798859882,0.0008796338798859882,0.0,0.0006993320809220117
2024-03-05,-0.001044523300676059,-0.001044523300676059,0.0,-0.0012245052529506265
2024-03-06,0.003661244470414049,0.003661244470414049,0.0,0.0034809472542718157
2024-03-07,0.002272080179142044,0.002272080179142044,0.0,0.002091682137940753
2024-03-08,-0.0010291941741983335,-0.0010291941741983335,0.0,-0.0012096546431631734
2024-03-11,-0.002501401986124807,-0.002501401986124807,0.0,-0.002681834147776686
2024-03-12,0.0014047880146208502,0.0014047880146208502,0.0,0.0012240806203614812
2024-03-13,-0.0004084976923737216,-0.0004084976923737216,0.0,-0.0005892438407798335
2024-03-14,-0.0024961632272058054,-0.0024961632272058054,0.0,-0.002676898101705171
2024-03-15,0.000490139590951344,0.000490139590951344,0.0,0.00030947377910169423
2024-03-18,0.0017913119962487123,0.0017913119962487123,0.0,0.001610632630094901
2024-03-19,0.001771038510414158,0.001771038510414158,0.0,0.0015906539413154128
2024-03-20,0.005266194413949377,0.005266194413949377,0.0,0.005085761135571922
2024-03-21,0.0007932522110274398,0.0007932522110274398,0.0,0.000612330240765386
2024-03-22,-0.0003749010468808711,-0.0003749010468808711,0.0,-0.0005555000893711444
2024-03-25,-0.0006647121438194681,-0.0006647121438194681,0.0,-0.0008449562985265407
2024-03-26,-0.00016460431213061177,-0.00016460431213061177,0.0,-0.0003444857107200835
2024-03-27,0.004088082527965442,0.004088082527965442,0.0,0.0039082056174683626
2024-03-28,0.0001038836581630509,0.0001038836581630509,0.0,-7.64490683979656e-05
2024-04-01,-0.0028984964053324624,-0.002683920585054067,0.4291516405566275,-0.003091477563870097
2024-04-02,0.0008985517114237229,0.0008985517114237229,0.0,0.0007058261550759572
2024-04-03,0.0032855608335786712,0.0032855608335786712,0.0,0.003092822334170611
2024-04-04,-0.002224014514928485,-0.002224014514928485,0.0,-0.0024164308645371556
2024-04-05,0.0035933924484967683,0.0035933924484967683,0.0,0.003400269519540401
2024-04-08,0.0020832154332768305,0.0020832154332768305,0.0,0.001890040884756357
2024-04-09,0.0019514636356174897,0.0019514636356174897,0.0,0.0017582592236401408
2024-04-10,-0.006073536814519498,-0.006073536814519498,0.0,-0.006267508084943701
2024-04-11,0.003263056913107576,0.003263056913107576,0.0,0.003069173404224132
2024-04-12,-0.004274375938108421,-0.004274375938108421,0.0,-0.004468306444236745
2024-04-15,-9.65896791391696e-05,-9.65896791391696e-05,0.0,-0.00029045835789601827
2024-04-16,-0.0038313975121714305,-0.0038313975121714305,0.0,-0.004025264793656973
2024-04-17,-0.0021922070626831935,-0.0021922070626831935,0.0,-0.0023860187058009712
2024-04-18,0.0005559181533709712,0.0005559181533709712,0.0,0.00036213841474630107
2024-04-19,0.00134554013772048,0.00134554013772048,0.0,0.0011517523129835313
2024-04-22,-0.0006589503546879927,-0.0006589503546879927,0.0,-0.0008516502540059055
2024-04-23,0.0026755044622281954,0.0026755044622281954,0.0,0.002481706670424794
2024-04-24,0.00026458778742388667,0.00026458778742388667,0.0,7.038199695733098e-05
2024-04-25,-0.0009412250671918532,-0.0009412250671918532,0.0,-0.0011354346996123373
2024-04-26,0.003568642429497837,0.003568642429497837,0.0,0.0033748156708625966
2024-04-29,-0.0008156272546793186,-0.0008156272546793186,0.0,-0.0010095055980052173
2024-04-30,-0.007461483867363006,-0.007461483867363006,0.0,-0.007655350411181088
2024-05-01,-0.001893152252970931,-0.0015456785073716395,0.6949474911987248,-0.0019498124206925205
2024-05-02,-0.00253312546381268,-0.00253312546381268,0.0,-0.0025895213030890656
2024-05-03,0.001033886969680653,0.001033886969680653,0.0,0.000977876984556349
2024-05-06,0.00332911981418893,0.00332911981418893,0.0,0.0032729525065933874
2024-05-07,0.0006757442716711637,0.0006757442716711637,0.0,0.0006190720660104441
2024-05-08,0.0007611412469203938,0.0007611412469203938,0.0,0.0007043666263277179
2024-05-09,-6.182453129410792e-05,-6.182453129410792e-05,0.0,-0.00011871442173774281
2024-05-10,0.00048392596926638554,0.00048392596926638554,0.0,0.00042693709846067143
2024-05-13,-0.0011903453435651024,-0.0011903453435651024,0.0,-0.0012472991270053783
2024-05-14,0.001230011099633499,0.001230011099633499,0.0,0.0011733458646456217
2024-05-15,-0.00012799680026287508,-0.00012799680026287508,0.0,-0.00018495636642599226
2024-05-16,-0.0008344745365934658,-0.0008344745365934658,0.0,-0.0008914147249184401
2024-05-17,0.003417504251289394,0.003417504251289394,0.0,0.0033606905021992656
2024-05-20,0.0025007897715880745,0.0025007897715880745,0.0,0.0024434599672954896
2024-05-21,-0.0007721491023467975,-0.0007721491023467975,0.0,-0.0008298555927076143
2024-05-22,-0.0025392510460110485,-0.0025392510460110485,0.0,-0.0025968411401150093
2024-05-23,-0.0005053194792624671,-0.0005053194792624671,0.0,-0.0005626347884687339
2024-05-24,0.0015474442508471853,0.0015474442508471853,0.0,0.0014902054931968248
2024-05-28,0.004595822571779262,0.004595822571779262,0.0,0.004538349751829608
2024-05-29,-0.001054447442487505,-0.001054447442487505,0.0,-0.001112612234149659
2024-05-30,-0.0034156741659161494,-0.0034156741659161494,0.0,-0.0034736800267278424
2024-05-31,-0.0010749298045534816,-0.0010749298045534816,0.0,-0.0011323097805804418
2024-06-03,-0.002768440508793435,-0.0023886008271830628,0.7596793632206938,-0.0029687105825172227
2024-06-04,-0.0023864745844323076,-0.0023864745844323076,0.0,-0.0025864167950993082
2024-06-05,0.005079579191633821,0.005079579191633821,0.0,0.004879657054071753
2024-06-06,0.0021952743246538287,0.0021952743246538287,0.0,0.001995309677686634
2024-06-07,-0.00596933751746076,-0.00596933751746076,0.0,-0.006169701415706631
2024-06-10,0.0027777398387331953,0.0027777398387331953,0.0,0.0025778070058685796
2024-06-11,-0.00020076240558941638,-0.00020076240558941638,0.0,-0.0004007185082214894
2024-06-12,0.0039007851573247265,0.0039007851573247265,0.0,0.003700830736863358
2024-06-13,-0.0012506292098066751,-0.0012506292098066751,0.0,-0.0014506161876078215
2024-06-14,-0.0005830718783272903,-0.0005830718783272903,0.0,-0.0007830484048617533
2024-06-17,0.002030649881100688,0.002030649881100688,0.0,0.0018306782300280067
2024-06-18,0.002404561257973059,0.002404561257973059,0.0,0.002204953592320779
2024-06-20,0.000583241386994171,0.000583241386994171,0.0,0.00038361374217154974
2024-06-21,-0.002056374771914893,-0.002056374771914893,0.0,-0.0022556262819549092
2024-06-24,0.0009353803214771084,0.0009353803214771084,0.0,0.0007357649447707585
2024-06-25,-0.0005733262105340753,-0.0005733262105340753,0.0,-0.0007725684031738015
2024-06-26,-0.0005616137792099352,-0.0005616137792099352,0.0,-0.0007612321630664763
2024-06-27,0.0019151635928400523,0.0019151635928400523,0.0,0.0017159308253757103
2024-06-28,-8.544089504447516e-05,-8.544089504447516e-05,0.0,-0.00028430856864505687
2024-07-01,0.0019187735113950222,0.002119365780016036,0.4011845372418454,0.0016896981652403647
2024-07-02,0.0023926589124758646,0.0023926589124758646,0.0,0.0021639823316492515
2024-07-03,0.0027823260596888666,0.0027823260596888666,0.0,0.0025536989843327937
2024-07-05,0.003436115480883961,0.003436115480883961,0.0,0.003207982015359466
2024-07-08,-0.001242528017007194,-0.001242528017007194,0.0,-0.0014705909622310615
2024-07-09,-0.0005149331901964649,-0.0005149331901964649,0.0,-0.0007430216678740069
2024-07-10,0.0036653361330576395,0.0036653361330576395,0.0,0.0034372370686720152
2024-07-11,0.00167885724553396,0.00167885724553396,0.0,0.0014517052476301566
2024-07-12,0.0017271596175718607,0.0017271596175718607,0.0,0.001500041820953118
2024-07-15,0.0006004214962673782,0.0006004214962673782,0.0,0.00037377468352769896
2024-07-16,0.003226131070612981,0.003226131070612981,0.0,0.0029994964376794837
2024-07-17,-0.003575015387491054,-0.003575015387491054,0.0,-0.003801584787429758
2024-07-18,-0.0026686996609271985,-0.0026686996609271985,0.0,-0.00289577745762295
2024-07-19,-0.0035932973523568057,-0.0035932973523568057,0.0,-0.00381999359929519
2024-07-22,0.0029402598837302563,0.0029402598837302563,0.0,0.0027139263555906817
2024-07-23,-0.0007339604395473209,-0.0007339604395473209,0.0,-0.0009597982371941811
2024-07-24,-0.0061296302966104,-0.0061296302966104,0.0,-0.0063554829915546075
2024-07-25,-0.001466652731799467,-0.001466652731799467,0.0,-0.0016921943572928515
2024-07-26,0.003562559619836536,0.003562559619836536,0.0,0.003337424364439079
2024-07-29,-0.0009629285623249384,-0.0009629285623249384,0.0,-0.001187555325630867
2024-07-30,-0.00010890158811194262,-0.00010890158811194262,0.0,-0.0003331116743839114
2024-07-31,0.0061550834284331835,0.0061550834284331835,0.0,0.0059304349268708
2024-08-01,-0.004449994778419342,-0.004076770662519658,0.7464482317996161,-0.004774052149514625
2024-08-02,0.00029893898628796656,0.00029893898628796656,0.0,-2.144841633757729e-05
2024-08-05,-0.008935348886685346,-0.008935348886685346,0.0,-0.009258237868137252
2024-08-06,0.00010475093959816384,0.00010475093959816384,0.0,-0.0002192281090411353
2024-08-07,-0.00069905832083339,-0.00069905832083339,0.0,-0.0010230245917285004
2024-08-08,0.004462558076531176,0.004462558076531176,0.0,0.0041385064733511275
2024-08-09,0.0016290152588163131,0.0016290152588163131,0.0,0.001305505968734349
2024-08-12,0.0016129954713117733,0.0016129954713117733,0.0,0.0012909542053564744
2024-08-13,0.0064477166636549565,0.0064477166636549565,0.0,0.0061265048215705525
2024-08-14,0.0010597058701808937,0.0010597058701808937,0.0,0.0007386321949843881
2024-08-15,0.0009173928883541294,0.0009173928883541294,0.0,0.0005951800573996975
2024-08-16,0.002510676515706134,0.002510676515706134,0.0,0.0021892066952240454
2024-08-19,0.002414296824309936,0.002414296824309936,0.0,0.002094391683463171
2024-08-20,0.001602647518269107,0.001602647518269107,0.0,0.001284292568598496
2024-08-21,0.003188265311876881,0.003188265311876881,0.0,0.0028713623017601305
2024-08-22,-0.0028993689305728543,-0.0028993689305728543,0.0,-0.0032171589566287397
2024-08-23,0.008329836071252261,0.008329836071252261,0.0,0.008013597181439
2024-08-26,-0.0014926649254474178,-0.0014926649254474178,0.0,-0.0018060458914107916
2024-08-27,0.000534758856619133,0.000534758856619133,0.0,0.0002212048385917979
2024-08-28,-0.0016020507226066627,-0.0016020507226066627,0.0,-0.0019142837722850659
2024-08-29,0.0003279869113073097,0.0003279869113073097,0.0,1.4308925089885757e-05
2024-08-30,0.0005178835154702188,0.0005178835154702188,0.0,0.00020424358258460057
2024-09-03,-0.0034363194186932677,-0.0029729275827621304,0.9267836718623695,-0.003624024999895602
2024-09-04,0.0006992921950750297,0.0006992921950750297,0.0,0.0005118430183085072
2024-09-05,0.0022764957266143693,0.0022764957266143693,0.0,0.002089795867586803
2024-09-06,-0.003987988695779432,-0.003987988695779432,0.0,-0.004174331772712175
2024-09-09,0.004037307599515483,0.004037307599515483,0.0,0.0038525133362356466
2024-09-10,0.000704957975302456,0.000704957975302456,0.0,0.0005216384174798509
2024-09-11,0.0022290963378510664,0.0022290963378510664,0.0,0.0020442583737298216
2024-09-12,0.002101248955538537,0.002101248955538537,0.0,0.0019179026424102897
2024-09-13,0.00335586453045833,0.00335586453045833,0.0,0.003175145617965025
2024-09-16,0.0026407182245338223,0.0026407182245338223,0.0,0.0024611037392069032
2024-09-17,-0.0004343600399467906,-0.0004343600399467906,0.0,-0.0006139979067123688
2024-09-18,-0.001866370310314669,-0.001866370310314669,0.0,-0.002042222560674819
2024-09-19,0.003908639626656996,0.003908639626656996,0.0,0.0037343161589493902
2024-09-20,-0.0006812569621900133,-0.0006812569621900133,0.0,-0.0008537228903214994
2024-09-23,0.00019386771025686755,0.00019386771025686755,0.0,2.2542173723996006e-05
2024-09-24,0.0012782296306730334,0.0012782296306730334,0.0,0.001108037075949279
2024-09-25,-0.0014599734338274217,-0.0014599734338274217,0.0,-0.0016305549144505357
2024-09-26,0.0006091549486757497,0.0006091549486757497,0.0,0.00043896393267941786
2024-09-27,-0.0002133673883034648,-0.0002133673883034648,0.0,-0.0003835635061617642
2024-09-30,-0.0016719122587235402,-0.0016719122587235402,0.0,-0.0018428630084287771
2024-10-01,-0.0016698664703284072,-0.0014918494299617224,0.3560340807336354,-0.0018767403812483163
2024-10-02,4.278710292515697e-05,4.278710292515697e-05,0.0,-0.0001630568203723006
2024-10-03,-0.005281708930827245,-0.005281708930827245,0.0,-0.005487551653307025
2024-10-04,-0.002207345882845657,-0.002207345882845657,0.0,-0.0024156366382239143
2024-10-07,-0.0044035548147774994,-0.0044035548147774994,0.0,-0.0046128285671332364
2024-10-08,0.0005880347634386052,0.0005880347634386052,0.0,0.00037955443254494267
2024-10-09,-0.0014177348995781935,-0.0014177348995781935,0.0,-0.0016266585371873096
2024-10-10,-0.00038142210981850777,-0.00038142210981850777,0.0,-0.0005903865863395501
2024-10-11,0.002582062794593165,0.002582062794593165,0.0,0.002373547625118591
2024-10-14,0.0010632863018300576,0.0010632863018300576,0.0,0.0008548451838848224
2024-10-15,0.00045664036291825916,0.00045664036291825916,0.0,0.0002486897744714629
2024-10-16,0.002471755090672767,0.002471755090672767,0.0,0.0022642775883730303
2024-10-17,-0.0031441761895800724,-0.0031441761895800724,0.0,-0.003352963046584821
2024-10-18,0.0038061849282535754,0.0038061849282535754,0.0,0.0035977678573025306
2024-10-21,-0.006251719157270963,-0.006251719157270963,0.0,-0.006459107890951814
2024-10-22,-0.0009457057548185599,-0.0009457057548185599,0.0,-0.0011532732831307105
2024-10-23,-0.003705779521543495,-0.003705779521543495,0.0,-0.0039138344204050265
2024-10-24,0.0022957530667622184,0.0022957530667622184,0.0,0.002088512523379737
2024-10-25,-0.002053765368040361,-0.002053765368040361,0.0,-0.0022618610221993496
2024-10-28,0.003162852076229239,0.003162852076229239,0.0,0.002956078853061122
2024-10-29,0.0012526028874335626,0.0012526028874335626,0.0,0.0010459198322819712
2024-10-30,-0.0016433677739386976,-0.0016433677739386976,0.0,-0.0018490946856430824
2024-10-31,-0.004589607806192997,-0.004589607806192997,0.0,-0.004794000346732875
2024-11-01,-0.0036316024996532192,-0.0032796730478217295,0.7038589036628211,-0.0038786421231817247
2024-11-04,0.0028814826970893215,0.0028814826970893215,0.0,0.002632844634058384
2024-11-05,0.0037363659319269438,0.0037363659319269438,0.0,0.003488495552380228
2024-11-06,-0.004463995681283195,-0.004463995681283195,0.0,-0.004712156679439666
2024-11-07,0.008520934893945453,0.008520934893945453,0.0,0.008273010827090213
2024-11-08,0.002210660016523036,0.002210660016523036,0.0,0.0019633453753701968
2024-11-11,-0.0016248698314889065,-0.0016248698314889065,0.0,-0.0018720267128013882
2024-11-12,-0.007325561906179612,-0.007325561906179612,0.0,-0.007572834932172428
2024-11-13,-0.0015600619578102215,-0.0015600619578102215,0.0,-0.001806184367220362
2024-11-14,-0.0006664868021314385,-0.0006664868021314385,0.0,-0.0009132805834008405
2024-11-15,-0.0014512978301272073,-0.0014512978301272073,0.0,-0.0016981394929167016
2024-11-18,0.002874052523794024,0.002874052523794024,0.0,0.002626546477386891
2024-11-19,0.002478418098999624,0.002478418098999624,0.0,0.002231678205245976
2024-11-20,-0.000423725941370523,-0.000423725941370523,0.0,-0.0006708475719616958
2024-11-21,0.00012103880759917196,0.00012103880759917196,0.0,-0.00012667239503610076
2024-11-22,0.0019959312428501352,0.0019959312428501352,0.0,0.00174822874397609
2024-11-25,0.007814801133233518,0.007814801133233518,0.0,0.007567800698094247
2024-11-26,-0.0016059316643424193,-0.0016059316643424193,0.0,-0.0018512617338355742
2024-11-27,0.002928186248795539,0.002928186248795539,0.0,0.0026827424140431276
2024-11-29,0.005377884258975341,0.005377884258975341,0.0,0.005133204610067188
2024-12-02,-0.00020189231925116236,0.00011272278852914042,0.6292302155602504,-0.000349895749435272
2024-12-03,-0.000897279845430754,-0.000897279845430754,0.0,-0.0010447174955729355
2024-12-04,0.0030866532351798703,0.0030866532351798703,0.0,0.002939576663534615
2024-12-05,-0.0011139834155939887,-0.0011139834155939887,0.0,-0.0012608002976533948
2024-12-06,0.0027026695378116194,0.0027026695378116194,0.0,0.002556895655833925
2024-12-09,2.8045836960588488e-05,2.8045836960588488e-05,0.0,-0.00011745774425860406
2024-12-10,-0.0016144008379207486,-0.0016144008379207486,0.0,-0.0017595667418890898
2024-12-11,-7.2508130486426126e-06,-7.2508130486426126e-06,0.0,-0.0001513613123283384
2024-12-12,-0.0028125692879436004,-0.0028125692879436004,0.0,-0.002955664745009958
2024-12-13,-0.002305677478441459,-0.002305677478441459,0.0,-0.0024487030951199137
2024-12-16,0.0012278255520383752,0.0012278255520383752,0.0,0.00108418134844093
2024-12-17,-0.0011395502340054708,-0.0011395502340054708,0.0,-0.0012835631621974416
2024-12-18,-0.007943796924712476,-0.007943796924712476,0.0,-0.008087443300597448
2024-12-19,-0.0022162713797915234,-0.0022162713797915234,0.0,-0.0023590424944172363
2024-12-20,0.002452148472285698,0.002452148472285698,0.0,0.0023094330785991095
2024-12-23,0.00035246094423624363,0.00035246094423624363,0.0,0.00020934651602738278
2024-12-24,0.0027699288415932166,0.0027699288415932166,0.0,0.0026254553361229945
2024-12-26,0.0010209129665974537,0.0010209129665974537,0.0,0.0008777202628850627
2024-12-27,-0.00386860595822347,-0.00386860595822347,0.0,-0.0040101353266012805
2024-12-30,-0.00013709334472489232,-0.00013709334472489232,0.0,-0.0002798768286850706
2024-12-31,0.0003670762175098652,0.0003670762175098652,0.0,0.00022429617145276322
2025-01-02,0.0017824308228473473,0.002069010147141892,0.5731586485892365,0.0016507974315140197
2025-01-03,0.0016546289465140251,0.0016546289465140251,0.0,0.0015238646928686641
2025-01-06,-0.0004391347206210705,-0.0004391347206210705,0.0,-0.0005702697659754202
2025-01-07,-0.0007050613002952399,-0.0007050613002952399,0.0,-0.0008361805612897213
2025-01-08,0.0010335201758246981,0.0010335201758246981,0.0,0.000902426275597408
2025-01-10,-0.0027266614447023496,-0.0027266614447023496,0.0,-0.002858103956994377
2025-01-13,0.0008245914882176741,0.0008245914882176741,0.0,0.0006929362110093262
2025-01-14,0.0004639410860072246,0.0004639410860072246,0.0,0.0003325672939472829
2025-01-15,0.004992545004879112,0.004992545004879112,0.0,0.004861465830519195
2025-01-16,-0.00048704817340072815,-0.00048704817340072815,0.0,-0.0006183061086146413
2025-01-17,0.0022456016087140096,0.0022456016087140096,0.0,0.0021146728561540875
2025-01-21,0.0010794512477159124,0.0010794512477159124,0.0,0.0009478185702995857
2025-01-22,0.000505803901800439,0.000505803901800439,0.0,0.00037413259189525243
2025-01-23,0.0011732082746280792,0.0011732082746280792,0.0,0.0010415188716547741
2025-01-24,3.4185917829221424e-05,3.4185917829221424e-05,0.0,-9.723324317161081e-05
2025-01-27,-0.003924922481358228,-0.003924922481358228,0.0,-0.004056030698429978
2025-01-28,0.0030172844161155954,0.0030172844161155954,0.0,0.0028863163131390246
2025-01-29,-0.00027153797500800714,-0.00027153797500800714,0.0,-0.000402613466682234
2025-01-30,0.002477253799070045,0.002477253799070045,0.0,0.0023465000358637218
2025-01-31,-0.0007323484725645368,-0.0007323484725645368,0.0,-0.0008635022716443711
2025-02-03,-0.0021944788725891673,-0.002005313663580144,0.3783304180177819,-0.0023476199398312623
2025-02-04,0.0031037798592725707,0.0031037798592725707,0.0,0.0029502274680749197
2025-02-05,0.0018776055448288531,0.0018776055448288531,0.0,0.0017240101200565261
2025-02-06,-0.0010584587570667825,-0.0010584587570667825,0.0,-0.0012120801658507744
2025-02-07,-0.001702627765595377,-0.001702627765595377,0.0,-0.0018569625049984393
2025-02-10,0.004336899806214323,0.004336899806214323,0.0,0.004182952747533695
2025-02-11,-0.0007938862020712145,-0.0007938862020712145,0.0,-0.0009478933268923786
2025-02-12,-0.0013040667875972023,-0.0013040667875972023,0.0,-0.0014580629083441666
2025-02-13,0.0038730758628124917,0.0038730758628124917,0.0,0.0037194618556018974
2025-02-14,-0.0008342945479489217,-0.0008342945479489217,0.0,-0.0009879619760663084
2025-02-18,0.0026701192321911815,0.0026701192321911815,0.0,0.0025160992074811012
2025-02-19,0.00048591433472156,0.00048591433472156,0.0,0.0003322216622912968
2025-02-20,-0.00064122496397645,-0.00064122496397645,0.0,-0.0007945601065629469
2025-02-21,-0.001989263703106814,-0.001989263703106814,0.0,-0.002142590037084612
2025-02-24,-0.0005018178089587488,-0.0005018178089587488,0.0,-0.0006543885005801015
2025-02-25,-0.0006302014977230819,-0.0006302014977230819,0.0,-0.0007827653114157061
2025-02-26,0.001917856931697548,0.001917856931697548,0.0,0.0017649376675247402
2025-02-27,-0.0029433729142070986,-0.0029433729142070986,0.0,-0.0030963184934625085
2025-02-28,0.0025527374256539836,0.0025527374256539836,0.0,0.0023998323518984047
2025-03-03,-0.0017926575954014812,-0.0015449561732339134,0.49540284433524107,-0.002014867981618783
2025-03-04,-0.0024155967108995258,-0.0024155967108995258,0.0,-0.0026372854975889115
2025-03-05,0.00022656330562154103,0.00022656330562154103,0.0,4.213138176448265e-06
2025-03-06,-0.004212176656883115,-0.004212176656883115,0.0,-0.004433986183313478
2025-03-07,0.0010400135544645916,0.0010400135544645916,0.0,0.0008179707740605954
2025-03-10,-0.0035147253826085523,-0.0035147253826085523,0.0,-0.0037361820946322597
2025-03-11,-0.0017940876438439224,-0.0017940876438439224,0.0,-0.0020162680075733247
2025-03-12,0.0012165325720026043,0.0012165325720026043,0.0,0.0009937231944027439
2025-03-13,-0.000503424455310375,-0.000503424455310375,0.0,-0.0007256370210881228
2025-03-14,0.003037495293994219,0.003037495293994219,0.0,0.0028152547509680357
2025-03-17,0.0034625144843787314,0.0034625144843787314,0.0,0.0032404422355476335
2025-03-18,-0.0010943438095526448,-0.0010943438095526448,0.0,-0.0013162248777188045
2025-03-19,0.00477153756976989,0.00477153756976989,0.0,0.004549596011868684
2025-03-20,-0.0005145864759874552,-0.0005145864759874552,0.0,-0.0007357377328714589
2025-03-21,-0.0016505768542953714,-0.0016505768542953714,0.0,-0.0018717563669536723
2025-03-24,0.0011490104070481788,0.0011490104070481788,0.0,0.0009277401119137531
2025-03-25,0.0008225978146327861,0.0008225978146327861,0.0,0.000601390643062611
2025-03-26,-0.002696507279827176,-0.002696507279827176,0.0,-0.0029181971301902926
2025-03-27,0.0007792288218051446,0.0007792288218051446,0.0,0.0005573901998629854
2025-03-28,-0.0011698945663926041,-0.0011698945663926041,0.0,-0.0013916902302312498
2025-03-31,0.0030282762226663262,0.0030282762226663262,0.0,0.0028058877495190236
2025-04-01,0.0008475993441432461,0.001233107515240972,0.7710163421955017,0.0006691146207634608
2025-04-02,0.0005689307200149596,0.0005689307200149596,0.0,0.0003900751628490891
2025-04-03,-0.0019129081197644116,-0.0019129081197644116,0.0,-0.0020913321527507456
2025-04-04,-0.0099467988967461,-0.0099467988967461,0.0,-0.010123970845264486
2025-04-07,-0.010816047880760293,-0.010816047880760293,0.0,-0.010993337333421952
2025-04-08,-0.0034439765179405946,-0.0034439765179405946,0.0,-0.0036222460691651553
2025-04-09,0.013786769073683702,0.013786769073683702,0.0,0.013606330236442818
2025-04-10,-0.004134060203598855,-0.004134060203598855,0.0,-0.004313482990445993
2025-04-11,0.004885708466671579,0.004885708466671579,0.0,0.004705810730807382
2025-04-14,0.003342173898741141,0.003342173898741141,0.0,0.003162759855452141
2025-04-15,0.0010550706178409364,0.0010550706178409364,0.0,0.0008756963929025419
2025-04-16,0.0036624512537093423,0.0036624512537093423,0.0,0.003483514613186096
2025-04-17,-0.00020471691899226485,-0.00020471691899226485,0.0,-0.0003844600828424213
2025-04-21,-0.001226677154272382,-0.001226677154272382,0.0,-0.001405997821399546
2025-04-22,0.0015370668668981402,0.0015370668668981402,0.0,0.0013577316330823741
2025-04-23,0.00032627669758977795,0.00032627669758977795,0.0,0.00014695968830217058
2025-04-24,0.006123423130720118,0.006123423130720118,0.0,0.005944534901391692
2025-04-25,0.00010108600297464854,0.00010108600297464854,0.0,-7.773025916961513e-05
2025-04-28,0.0027378975481844314,0.0027378975481844314,0.0,0.00255950721285428
2025-04-29,-4.954826511249788e-05,-4.954826511249788e-05,0.0,-0.000227906589880599
2025-04-30,-0.0009857147625313978,-0.0009857147625313978,0.0,-0.0011640736666295789
2025-05-01,-0.004008612333203043,-0.003743395621657486,0.5304334230908331,-0.004117850593041165
2025-05-02,0.00027856486284405513,0.00027856486284405513,0.0,0.0001688419472586929
2025-05-05,0.001543569047033344,0.001543569047033344,0.0,0.001433830052315629
2025-05-06,0.001895717085707238,0.001895717085707238,0.0,0.0017858891314575635
2025-05-07,-0.001010983746291716,-0.001010983746291716,0.0,-0.0011209207484729916
2025-05-08,-0.004801027477475239,-0.004801027477475239,0.0,-0.0049111666419416715
2025-05-09,0.0010300277809762726,0.0010300277809762726,0.0,0.0009204267769387456
2025-05-12,-0.0028156853733248832,-0.0028156853733248832,0.0,-0.0029276846446227825
2025-05-13,0.0002951951032421629,0.0002951951032421629,0.0,0.00018388146286622825
2025-05-14,-0.0015798971704452658,-0.0015798971704452658,0.0,-0.0016912281998985664
2025-05-15,0.0039770492866633145,0.0039770492866633145,0.0,0.003866330062798178
2025-05-16,-0.0002795656449458006,-0.0002795656449458006,0.0,-0.0003899978159302001
2025-05-19,0.0017481714135538784,0.0017481714135538784,0.0,0.0016369761167618093
2025-05-20,0.00046733278925437105,0.00046733278925437105,0.0,0.0003565552305990751
2025-05-21,-0.0015800594206221152,-0.0015800594206221152,0.0,-0.0016903439878442855
2025-05-22,6.082265419182775e-05,6.082265419182775e-05,0.0,-4.963006172072305e-05
2025-05-23,0.0017257230930141088,0.0017257230930141088,0.0,0.0016155267346269534
2025-05-27,0.0013376743604791574,0.0013376743604791574,0.0,0.0012273779833386022
2025-05-28,-0.00223499073741118,-0.00223499073741118,0.0,-0.0023453645393661736
2025-05-29,0.002919211668944044,0.002919211668944044,0.0,0.0028087075086052657
2025-05-30,0.000954454596393095,0.000954454596393095,0.0,0.0008437811877953352
2025-06-02,0.000819522674991191,0.0009331591941428297,0.22727303830319998,0.000701623029323932
2025-06-03,-0.0005588090443610083,-0.0005588090443610083,0.0,-0.0006766037220361199
2025-06-04,0.002413622339234145,0.002413622339234145,0.0,0.0022955781233363597
2025-06-05,-0.000724394329644551,-0.000724394329644551,0.0,-0.0008425603966064627
2025-06-06,-0.0009109385923287139,-0.0009109385923287139,0.0,-0.001029068061929958
2025-06-09,0.0013046085688019904,0.0013046085688019904,0.0,0.001186525162985838
2025-06-10,0.0004734111971023136,0.0004734111971023136,0.0,0.0003549839082618148
2025-06-11,-0.0005539959745740619,-0.0005539959745740619,0.0,-0.0006724472163061147
2025-06-12,0.0014818622263979009,0.0014818622263979009,0.0,0.001363161041669411
2025-06-13,-0.003839317804119502,-0.003839317804119502,0.0,-0.0039578159075427406
2025-06-16,0.0009111664313057322,0.0009111664313057322,0.0,0.0007934185659867611
2025-06-17,-0.001740367740170723,-0.001740367740170723,0.0,-0.0018578837673948474
2025-06-18,-4.679769830229219e-05,-4.679769830229219e-05,0.0,-0.00016422596072974388
2025-06-20,-0.0009591058604651037,-0.0009591058604651037,0.0,-0.0010759765576144667
2025-06-23,0.0044038308038469864,0.0044038308038469864,0.0,0.0042875632694152595
2025-06-24,0.0030307191639911135,0.0030307191639911135,0.0,0.0029142323933394883
2025-06-25,-0.00046511231366253014,-0.00046511231366253014,0.0,-0.0005817495069316111
2025-06-26,0.0019945226227180424,0.0019945226227180424,0.0,0.0018773518944084186
2025-06-27,-0.00014752523775174442,-0.00014752523775174442,0.0,-0.0002645167290532774
2025-06-30,0.0010467807147700459,0.0010467807147700459,0.0,0.0009286824180168134
2025-07-01,-0.001265719097877982,-0.0011388828216912783,0.2536725523732459,-0.001389806295266383
2025-07-02,0.0009088474280174452,0.0009088474280174452,0.0,0.0007846953383082853
2025-07-03,-0.000536936601144955,-0.000536936601144955,0.0,-0.000661714548296223
2025-07-07,-0.003457437070276015,-0.003457437070276015,0.0,-0.0035821912346502777
2025-07-08,-0.0002334067568099396,-0.0002334067568099396,0.0,-0.0003580072480368075
2025-07-09,0.001299085958078372,0.001299085958078372,0.0,0.001174495843533446
2025-07-10,0.00010581109355567442,0.00010581109355567442,0.0,-1.8544099724081075e-05
2025-07-11,-0.0014434100091367252,-0.0014434100091367252,0.0,-0.0015677698888865153
2025-07-14,0.000503550363748495,0.000503550363748495,0.0,0.00037896204551673767
2025-07-15,-0.002822381943820673,-0.002822381943820673,0.0,-0.0029467001249146897
2025-07-16,0.002692739448981518,0.002692739448981518,0.0,0.0025688389637243372
2025-07-17,-4.8298255082235286e-05,-4.8298255082235286e-05,0.0,-0.00017231785197617823
2025-07-18,0.0005156011014542106,0.0005156011014542106,0.0,0.0003915836411064104
2025-07-21,0.0028933312827239543,0.0028933312827239543,0.0,0.002769291025737925
2025-07-22,0.002508977161850945,0.002508977161850945,0.0,0.002384809349012317
2025-07-23,0.001952225713711675,0.001952225713711675,0.0,0.001827654457704609
2025-07-24,-0.0016801827763514021,-0.0016801827763514021,0.0,-0.0018048399178973472
2025-07-25,-0.0004288970993934216,-0.0004288970993934216,0.0,-0.0005534801991591075
2025-07-28,-0.0037354223883123705,-0.0037354223883123705,0.0,-0.0038596934872476515
2025-07-29,-0.00025297995018591646,-0.00025297995018591646,0.0,-0.00037708613851567435
2025-07-30,-0.004126914723519115,-0.004126914723519115,0.0,-0.0042513024174464726
2025-07-31,-0.0013410407728454699,-0.0013410407728454699,0.0,-0.0014649527944132908
2025-08-01,0.002365478459673609,0.0026614752753519877,0.5919936313566949,0.002146634540122126
2025-08-04,0.005120586131861726,0.005120586131861726,0.0,0.004904063651815815
2025-08-05,-0.0005795365201621827,-0.0005795365201621827,0.0,-0.0007957969232944262
2025-08-06,0.0020975228035107207,0.0020975228035107207,0.0,0.001882272578059622
2025-08-07,0.001830154872634271,0.001830154872634271,0.0,0.0016150113226532801
2025-08-08,0.00017160820292883017,0.00017160820292883017,0.0,-4.344243937179511e-05
2025-08-11,-0.001099486403887573,-0.001099486403887573,0.0,-0.0013150477609616736
2025-08-12,0.005028229324238742,0.005028229324238742,0.0,0.004813131524924805
2025-08-13,0.004088074522687224,0.004088074522687224,0.0,0.0038747877774863164
2025-08-14,-0.0037865778434311714,-0.0037865778434311714,0.0,-0.004000178686060794
2025-08-15,0.0014456900557335839,0.0014456900557335839,0.0,0.0012318987511119586
2025-08-18,-0.0003966408001898625,-0.0003966408001898625,0.0,-0.0006113969620544099
2025-08-19,-0.0017235945368037076,-0.0017235945368037076,0.0,-0.0019373331591225668
2025-08-20,0.001455573046127423,0.001455573046127423,0.0,0.0012417476695851712
2025-08-21,-0.0018972558482682755,-0.0018972558482682755,0.0,-0.002112045699614672
2025-08-22,0.010665286693258835,0.010665286693258835,0.0,0.010452477032317864
2025-08-25,-0.002984474216412014,-0.002984474216412014,0.0,-0.0031967550664438746
2025-08-26,0.000882226288238197,0.000882226288238197,0.0,0.0006697970177434835
2025-08-27,0.0010697936229771,0.0010697936229771,0.0,0.0008584442141935521
2025-08-28,0.002124124621608381,0.002124124621608381,0.0,0.0019128280518658852
2025-08-29,-0.00017694091680986457,-0.00017694091680986457,0.0,-0.000386579913121868
2025-09-02,-0.002132687876477135,-0.0019340895819991433,0.39719658895583465,-0.0023120441099024353
2025-09-03,0.0015503102446150496,0.0015503102446150496,0.0,0.0013710404930190275
2025-09-04,0.0022304288207892764,0.0022304288207892764,0.0,0.0020520785474420484
2025-09-05,0.0031511028448105716,0.0031511028448105716,0.0,0.002976797266020954
2025-09-08,0.002978199285493144,0.002978199285493144,0.0,0.002802619083843642
2025-09-09,-0.0013163574835223235,-0.0013163574835223235,0.0,-0.0014918817598173267
2025-09-10,0.001414466314016538,0.001414466314016538,0.0,0.0012393617141753985
2025-09-11,0.0050147381998151275,0.0050147381998151275,0.0,0.004839660091375094
2025-09-12,-0.00028600016008228923,-0.00028600016008228923,0.0,-0.00046098481661839986
2025-09-15,0.004238818531369759,0.004238818531369759,0.0,0.004065160954641807
2025-09-16,-0.00036732140513207057,-0.00036732140513207057,0.0,-0.0005404569622570168
2025-09-17,-0.002406042909189221,-0.002406042909189221,0.0,-0.0025782973085548663
2025-09-18,0.0009522094590279639,0.0009522094590279639,0.0,0.000779466887991253
2025-09-19,0.0003038029724227176,0.0003038029724227176,0.0,0.000131077883960337
2025-09-22,0.0010679375053017637,0.0010679375053017637,0.0,0.0008965500200580616
2025-09-23,-2.1249789665445107e-05,-2.1249789665445107e-05,0.0,-0.00019261784543876605
2025-09-24,-0.001763454264802844,-0.001763454264802844,0.0,-0.0019352666668867287
2025-09-25,-0.0015905182367197401,-0.0015905182367197401,0.0,-0.0017632509486742633
2025-09-26,0.0024694259643520677,0.0024694259643520677,0.0,0.002297552228166155
2025-09-29,0.002638108529182004,0.002638108529182004,0.0,0.002466723879539011
2025-09-30,0.00045033384980475155,0.00045033384980475155,0.0,0.00027899711383918283
2025-10-01,0.00280213419246067,0.0029728131942499125,0.34135800357826096,0.0026089066707181124
2025-10-02,-0.0001500487108420101,-0.0001500487108420101,0.0,-0.0003435800641152625
2025-10-03,0.0016674383999217834,0.0016674383999217834,0.0,0.001473399598008446
2025-10-06,0.005259702586642545,0.005259702586642545,0.0,0.0050662323674397275
2025-10-07,-0.002045413919499972,-0.002045413919499972,0.0,-0.002238172632688928
2025-10-08,0.004877526143344024,0.004877526143344024,0.0,0.004684685484981465
2025-10-09,-0.004366519082975473,-0.004366519082975473,0.0,-0.004560166041546582
2025-10-10,-0.012004087054673929,-0.012004087054673929,0.0,-0.012197408937369284
2025-10-13,0.013315689276944154,0.013315689276944154,0.0,0.013121879607374317
2025-10-14,-0.001463013215362241,-0.001463013215362241,0.0,-0.0016557881970039204
2025-10-15,0.0057182290372650435,0.0057182290372650435,0.0,0.0055243937205468425
2025-10-16,0.0022363665303886116,0.0022363665303886116,0.0,0.0020432604176394303
2025-10-17,-0.0027208246297772964,-0.0027208246297772964,0.0,-0.0029128415521627693
2025-10-20,0.008818320288802584,0.008818320288802584,0.0,0.008627696206697032
2025-10-21,-0.009833517724971097,-0.009833517724971097,0.0,-0.010023297687617038
2025-10-22,-0.00027527728990661693,-0.00027527728990661693,0.0,-0.0004654444324818863
2025-10-23,0.004704961277949504,0.004704961277949504,0.0,0.0045147832937616735
2025-10-24,0.002319759548422784,0.002319759548422784,0.0,0.002131265947324023
2025-10-27,0.0005664252853823104,0.0005664252853823104,0.0,0.00038002066904457073
2025-10-28,-0.00010474226332357617,-0.00010474226332357617,0.0,-0.0002911251476160043
2025-10-29,0.00014389728534114354,0.00014389728534114354,0.0,-4.4488405187259096e-05
2025-10-30,-0.0019692118897638444,-0.0019692118897638444,0.0,-0.002157092318405351
2025-10-31,0.00037575090593722216,0.00037575090593722216,0.0,0.0001892938243840107
2025-11-03,0.002328635428302972,0.0025894939327000266,0.5217170087942354,0.002145020923047082
2025-11-04,-0.004532447334354095,-0.004532447334354095,0.0,-0.004714626691335237
2025-11-05,0.0005709659805943623,0.0005709659805943623,0.0,0.000388643721858195
2025-11-06,-0.0006576377310232306,-0.0006576377310232306,0.0,-0.0008385027540542748
2025-11-07,0.000796786366881852,0.000796786366881852,0.0,0.0006159007713504878
2025-11-10,0.0061522804489062555,0.0061522804489062555,0.0,0.005970460285780662
2025-11-11,0.003189913860496274,0.003189913860496274,0.0,0.003008285840438986
2025-11-12,1.799575349537008e-05,1.799575349537008e-05,0.0,-0.00016353295852527324
2025-11-13,-0.006034960188766703,-0.006034960188766703,0.0,-0.006216967306655378
2025-11-14,-0.0012037115848221314,-0.0012037115848221314,0.0,-0.0013859082184620919
2025-11-17,-0.002022189190413859,-0.002022189190413859,0.0,-0.0022044236697433646
2025-11-18,-0.0004964550744025464,-0.0004964550744025464,0.0,-0.0006777937977210117
2025-11-19,-0.00029796416190508435,-0.00029796416190508435,0.0,-0.00047979822447173886
2025-11-20,-0.003153298613826405,-0.003153298613826405,0.0,-0.003334662248379989
2025-11-21,0.002365206278174714,0.002365206278174714,0.0,0.002185183613191362
2025-11-24,0.004902081401131575,0.004902081401131575,0.0,0.004722132387465132
2025-11-25,0.002628336593645031,0.002628336593645031,0.0,0.002449018942608492
2025-11-26,0.004991016960247174,0.004991016960247174,0.0,0.004810821840211018
2025-11-28,0.0020228494323517587,0.0020228494323517587,0.0,0.0018442447088089418
2025-12-01,-0.004789821780934345,-0.004414232365712589,0.7511788304434657,-0.00501521038224938
2025-12-02,0.0023365083064808,0.0023365083064808,0.0,0.0021119333686430426
2025-12-03,0.0026378994127094213,0.0026378994127094213,0.0,0.00241594660573755
2025-12-04,-0.0009251545982955633,-0.0009251545982955633,0.0,-0.0011462942836921739
2025-12-05,-0.0014586666192334397,-0.0014586666192334397,0.0,-0.0016792682958580239
2025-12-08,-0.0019050813794262433,-0.0019050813794262433,0.0,-0.0021270148805446597
2025-12-09,-0.00031796241614867604,-0.00031796241614867604,0.0,-0.0005400438219966176
2025-12-10,0.005793499477498409,0.005793499477498409,0.0,0.00557383410452936
2025-12-11,0.002041767532537264,0.002041767532537264,0.0,0.0018237624900838798
2025-12-12,-0.003972305155346523,-0.003972305155346523,0.0,-0.004187721377146856
2025-12-15,0.0008701562461508328,0.0008701562461508328,0.0,0.0006532224231245618
2025-12-16,-0.00043722554741687514,-0.00043722554741687514,0.0,-0.0006540935881976439
2025-12-17,-0.0018698397861228733,-0.0018698397861228733,0.0,-0.0020861316220486914
2025-12-18,0.0033560967539039144,0.0033560967539039144,0.0,0.0031408829742148635
2025-12-19,0.0015911344557426599,0.0015911344557426599,0.0,0.0013755630321576873
2025-12-22,0.0012001137080210889,0.0012001137080210889,0.0,0.0009834443375775588
2025-12-23,0.0024663048282644873,0.0024663048282644873,0.0,0.0022497258373637688
2025-12-24,0.001985839806143197,0.001985839806143197,0.0,0.0017670147035804204
2025-12-26,0.003118215955324022,0.003118215955324022,0.0,0.0029019711310953452
2025-12-29,-0.0024640520266321353,-0.0024640520266321353,0.0,-0.0026806705640231793
2025-12-30,0.0005575510055260136,0.0005575510055260136,0.0,0.00034196191306411043
2025-12-31,-0.004238077648550553,-0.004238077648550553,0.0,-0.00445483945807645
2026-01-02,0.0029777619607511685,0.003306400385808317,0.6572768501143876,0.0027914983204878323
2026-01-05,0.006264119986892469,0.006264119986892469,0.0,0.006078618382082157
2026-01-06,0.0016234224561086918,0.0016234224561086918,0.0,0.0014387243641897623
2026-01-07,-0.0015542842820226443,-0.0015542842820226443,0.0,-0.001738387037109953
2026-01-08,-0.0013779351554181751,-0.0013779351554181751,0.0,-0.0015621070596254817
2026-01-09,0.002264449609810537,0.002264449609810537,0.0,0.0020802163175550597
2026-01-12,0.002629927329721893,0.002629927329721893,0.0,0.0024437022761401275
2026-01-13,-0.0011997358837807504,-0.0011997358837807504,0.0,-0.0013863657913894243
2026-01-14,0.003094999585977032,0.003094999585977032,0.0,0.0029083156695584415
2026-01-15,-0.0007109605998544266,-0.0007109605998544266,0.0,-0.0008975056177944068
2026-01-16,-0.0016652821103113613,-0.0016652821103113613,0.0,-0.0018518590576914573
2026-01-20,-0.0026681102199009876,-0.0026681102199009876,0.0,-0.002855807749005285
2026-01-21,0.00555901172385731,0.00555901172385731,0.0,0.00537119317398957
2026-01-22,0.0034157774891965254,0.0034157774891965254,0.0,0.003227687219363849
2026-01-23,0.004915156350592476,0.004915156350592476,0.0,0.004727742106342735
2026-01-26,0.004235319381653557,0.004235319381653557,0.0,0.004048125012263248
2026-01-27,0.0064152982333214315,0.0064152982333214315,0.0,0.006228813435133726
2026-01-28,-0.00085709586483107,-0.00085709586483107,0.0,-0.0010438176199534456
2026-01-29,0.0014069915198391403,0.0014069915198391403,0.0,0.0012202317958786388
2026-01-30,-0.013010440191887351,-0.013010440191887351,0.0,-0.013196617625833403
2026-02-02,-0.0035678073928383514,-0.0033624835883879767,0.4106476089007251,-0.003775087460450964
2026-02-03,0.0026379009996504443,0.0026379009996504443,0.0,0.0024299543250152662
2026-02-04,-0.0018740912522177133,-0.0018740912522177133,0.0,-0.0020818666788472327
2026-02-05,-0.0024053377559593025,-0.0024053377559593025,0.0,-0.002612657581262233
2026-02-06,0.008804173982605024,0.008804173982605024,0.0,0.008596119843956952
2026-02-09,0.006010875736581767,0.006010875736581767,0.0,0.005803390594086655
2026-02-10,0.002764187576185906,0.002764187576185906,0.0,0.0025570885834673993
2026-02-11,0.00041755903880003054,0.00041755903880003054,0.0,0.00021006235003165666
2026-02-12,-0.002643625655337045,-0.002643625655337045,0.0,-0.002851095530173191
2026-02-13,0.003891328212515255,0.003891328212515255,0.0,0.0036842633051802232
2026-02-17,-0.0022981703719886504,-0.0022981703719886504,0.0,-0.0025055608832824506
2026-02-18,-2.7309388211271823e-05,-2.7309388211271823e-05,0.0,-0.00023484763573106542
2026-02-19,0.0004743624436600591,0.0004743624436600591,0.0,0.0002668224405279826
2026-02-20,0.003025943551760113,0.003025943551760113,0.0,0.002819008847672333
2026-02-23,0.00022645011525090908,0.00022645011525090908,0.0,1.9708721300783e-05
2026-02-24,0.0004921453712396495,0.0004921453712396495,0.0,0.0002854184406103255
2026-02-25,0.001755412276169599,0.001755412276169599,0.0,0.0015487167632985848
2026-02-26,6.399488728670022e-05,6.399488728670022e-05,0.0,-0.00014258875929735435
2026-02-27,0.0019863390180137053,0.0019863390180137053,0.0,0.0017803332814743157
2026-03-02,-0.005702250316803048,-0.00520784145063824,0.988817732329468,-0.00600672081311758
2026-03-03,-0.008767845368738425,-0.008767845368738425,0.0,-0.009073460161521484
2026-03-04,0.0022966211148938154,0.0022966211148938154,0.0,0.0019895666655172315
2026-03-05,-0.008579877119047952,-0.008579877119047952,0.0,-0.00888570344956345
2026-03-06,-0.002212787645892389,-0.002212787645892389,0.0,-0.0025191719448097853
2026-03-09,0.007639383258412735,0.007639383258412735,0.0,0.007330064026138658
2026-03-10,-0.0036358168642099953,-0.0036358168642099953,0.0,-0.003943023726014026
2026-03-11,-0.007011444444769754,-0.007011444444769754,0.0,-0.007320106050846751
2026-03-12,-0.009064892478795827,-0.009064892478795827,0.0,-0.009374722020250175
2026-03-13,-0.004462516097053504,-0.004462516097053504,0.0,-0.004773869441276765
2026-03-16,0.010403975509851726,0.010403975509851726,0.0,0.010091868656912523
2026-03-17,0.005524610690680998,0.005524610690680998,0.0,0.005214242490122044
2026-03-18,-0.01177379463839101,-0.01177379463839101,0.0,-0.012084101872704131
2026-03-19,0.00046385796991077477,0.00046385796991077477,0.0,0.0001515651793587313
2026-03-20,-0.020110435089674583,-0.020110435089674583,0.0,-0.02042351216183437
2026-03-23,0.008427742697678209,0.008427742697678209,0.0,0.008111196606185242
2026-03-24,-0.005208371622965502,-0.005208371622965502,0.0,-0.005523476091345618
2026-03-25,0.008163651964739893,0.008163651964739893,0.0,0.007847651904142711
2026-03-26,-0.014742313867813772,-0.014742313867813772,0.0,-0.015056921535534498
2026-03-27,-0.0009668570903910156,-0.0009668570903910156,0.0,-0.0012831431130525968
2026-03-30,0.007299111130670166,0.007299111130670166,0.0,0.006982658032875588
2026-03-31,0.013475231111298447,0.013475231111298447,0.0,0.013160900897857469
2026-04-01,0.0020123702252317077,0.002876463862693912,1.728187274924104,0.0018504370777350058
2026-04-02,0.0030954701516574534,0.0030954701516574534,0.0,0.0029338169303695003
2026-04-06,0.000916688341165095,0.000916688341165095,0.0,0.0007537489917332281
2026-04-07,-0.0004646639840300004,-0.0004646639840300004,0.0,-0.00062669121684361
2026-04-08,0.005286895395668623,0.005286895395668623,0.0,0.005125307232655954
2026-04-09,0.001333506906285864,0.001333506906285864,0.0,0.0011724625100194292
2026-04-10,-0.00045545053421003345,-0.00045545053421003345,0.0,-0.0006164707099466844
2026-04-13,0.003551628186289957,0.003551628186289957,0.0,0.0033897051319105257
2026-04-14,0.004721074258161373,0.004721074258161373,0.0,0.0045592158703864375
2026-04-15,-8.914092159995057e-05,-8.914092159995057e-05,0.0,-0.0002509137538847854
2026-04-16,-0.00026232037439855027,-0.00026232037439855027,0.0,-0.0004240948222426227
2026-04-17,0.00311040736943613,0.00311040736943613,0.0,0.002949075070017359
2026-04-20,0.0001614705647141612,0.0001614705647141612,0.0,-2.524266840608696e-07
2026-04-21,-0.0032339117849582433,-0.0032339117849582433,0.0,-0.003394738377629211
2026-04-22,0.0019753286446893004,0.0019753286446893004,0.0,0.0018144437518652584
2026-04-23,2.7744474624391557e-05,2.7744474624391557e-05,0.0,-0.0001331048776729618
2026-04-24,0.0023331128397932055,0.0023331128397932055,0.0,0.002172263986666401
2026-04-27,-0.00017471530422974446,-0.00017471530422974446,0.0,-0.00033552227837469915
2026-04-28,0.0008378631094549949,0.0008378631094549949,0.0,0.0006770529986517837
2026-04-29,-0.0013365982828819067,-0.0013365982828819067,0.0,-0.001497393364148265
2026-04-30,0.0027813346164065056,0.0027813346164065056,0.0,0.0026209622469256914
2026-05-01,0.0009104934423809219,0.0010671398702877255,0.31329285581380983,0.0007614611033977254
2026-05-04,-0.002023848340474532,-0.002023848340474532,0.0,-0.0021736394791837537
2026-05-05,0.003434941636832889,0.003434941636832889,0.0,0.003285137241051787
2026-05-06,0.00502750523447526,0.00502750523447526,0.0,0.004877723262007637
2026-05-07,-0.0036238937892580925,-0.0036238937892580925,0.0,-0.0037736431063255557
2026-05-08,0.004577583087302273,0.004577583087302273,0.0,0.004428225029662924
2026-05-11,0.0016977021881499077,0.0016977021881499077,0.0,0.0015479589521792654
2026-05-12,-0.0012169153756905748,-0.0012169153756905748,0.0,-0.0013666476134888365
2026-05-13,0.0013502760314738627,0.0013502760314738627,0.0,0.0012005359005645365
2026-05-14,-0.0016792708894448616,-0.0016792708894448616,0.0,-0.001828587505675718
2026-05-15,-0.008003037973262073,-0.008003037973262073,0.0,-0.008152365454944563
2026-05-18,0.0014664102323553863,0.0014664102323553863,0.0,0.0013170305505459784
2026-05-19,-0.0027554070745251513,-0.0027554070745251513,0.0,-0.002904362288591137
2026-05-20,0.004763608975125289,0.004763608975125289,0.0,0.0046154657495647575
2026-05-21,1.2704711516819955e-05,1.2704711516819955e-05,0.0,-0.00013623757053575697
2026-05-22,-9.345511340863588e-05,-9.345511340863588e-05,0.0,-0.0002423973131107688
2026-05-26,0.0045394173244923675,0.0045394173244923675,0.0,0.004390059636501937
2026-05-27,-0.0016770554654033099,-0.0016770554654033099,0.0,-0.0018259689771849992
2026-05-28,0.001817301701815932,0.001817301701815932,0.0,0.0016679625184242647
2026-05-29,-0.0006521719335531584,-0.0006521719335531584,0.0,-0.0008014993584901908
2026-06-01,0.0005397180344819397,0.0006406123957027887,0.2017887224418489,0.00038613474583534184
2026-06-02,0.00194645651928127,0.00194645651928127,0.0,0.0017927497927388986
2026-06-03,-0.0035326285063679297,-0.0035326285063679297,0.0,-0.0036863164684018475
2026-06-04,0.001204789471325629,0.001204789471325629,0.0,0.0010510673328084478
2026-06-05,-0.011946017096052253,-0.011946017096052253,0.0,-0.012099727592836075
2026-06-08,0.0010968477988873016,0.0010968477988873016,0.0,0.00094217294009228
2026-06-09,9.42436139210745e-05,9.42436139210745e-05,0.0,-5.999673352287933e-05
2026-06-10,-0.003849650007198835,-0.003849650007198835,0.0,-0.004003889431528486
2026-06-11,0.008459851262798024,0.008459851262798024,0.0,0.008305997824177206
2026-06-12,0.001087223982521035,0.001087223982521035,0.0,0.0009334528037690615
2026-06-15,0.004399376624978579,0.004399376624978579,0.0,0.004245192423461401
2026-06-16,-0.0013070860595869593,-0.0013070860595869593,0.0,-0.0014612275999271234
2026-06-17,-0.005886064558113024,-0.005886064558113024,0.0,-0.00604191279252897
2026-06-18,0.004261490967829129,0.004261490967829129,0.0,0.004106008269394298
2026-06-22,-0.0012251129918477988,-0.0012251129918477988,0.0,-0.0013818245362903767
2026-06-23,-0.005418328545068962,-0.005418328545068962,0.0,-0.005575052216015763
2026-06-24,8.64849008739288e-05,8.64849008739288e-05,0.0,-7.029269435356034e-05
2026-06-25,0.002353333737586283,0.002353333737586283,0.0,0.002196980723903543
2026-06-26,-0.0002961458657483318,-0.0002961458657483318,0.0,-0.00045162826322301606
2026-06-29,0.0021269699662953556,0.0021269699662953556,0.0,0.001968518991715179
2026-06-30,-0.0003598664343401614,-0.0003598664343401614,0.0,-0.0005182961031252029
2026-07-01,-0.0029521642892496036,-0.002664325032582182,0.5756785133346846,-0.0030920072239729356
2026-07-02,-0.0006075655508671618,-0.0006075655508671618,0.0,-0.0007466171407646666
2026-07-06,0.004905746780161424,0.004905746780161424,0.0,0.004764432357444243
2026-07-07,-0.003329449638894144,-0.003329449638894144,0.0,-0.0034704207752554394
2026-07-08,-0.0020369158218749295,-0.0020369158218749295,0.0,-0.0021778634247868797
2026-07-09,0.0025382256540751325,0.0025382256540751325,0.0,0.002398803825753172
2026-07-10,5.055577478318973e-05,5.055577478318973e-05,0.0,-8.963956322280032e-05
2026-07-13,-0.0013740784741596013,-0.0013740784741596013,0.0,-0.0015161635972252081
2026-07-14,0.0022075424703447144,0.0022075424703447144,0.0,0.0020673564453943184
2026-07-15,0.000357001546261726,0.000357001546261726,0.0,0.00021717792450103374
2026-07-16,-0.0025591216368490155,-0.0025591216368490155,0.0,-0.002698947757362174
2026-07-17,0.0009218097478986831,0.0009218097478986831,0.0,0.0007816237254427685
2026-07-20,-0.0008784694070138599,-0.0008784694070138599,0.0,-0.0010194176642644873
2026-07-21,0.004751589419797586,0.004751589419797586,0.0,0.004610269515984742
2026-07-22,6.539395349514088e-05,6.539395349514088e-05,0.0,-7.633744337615708e-05
2026-07-23,-0.0016269134166089216,-0.0016269134166089216,0.0,-0.0017709129860719805
2026-07-24,0.00018541306819019887,0.00018541306819019887,0.0,4.142521677402011e-05
2026-07-27,-0.0024408943452289833,-0.0024408943452289833,0.0,-0.0025852614562327098
2026-07-28,-0.0007031991805563909,-0.0007031991805563909,0.0,-0.0008456592340845015
2026-07-29,-0.004159786167680313,-0.004159786167680313,0.0,-0.004299596141085938
2026-07-30,-0.0015795012864648905,-0.0015795012864648905,0.0,-0.0017189041697170332
2026-07-31,-0.00120279759883124,-0.00120279759883124,0.0,-0.001342189367444283
2026-08-03,-0.0013330485183576934,-0.001047638708423393,0.5708196198684947,-0.0014729324366499034
2026-08-04,0.003562850697854225,0.003562850697854225,0.0,0.0034228923413191564
2026-08-05,0.0009082694999473784,0.0009082694999473784,0.0,0.0007682811287920616
2026-08-06,-0.0007307583185672817,-0.0007307583185672817,0.0,-0.0008707543343387323
2026-08-07,0.0024813817437097097,0.0024813817437097097,0.0,0.002342140491877791
2026-08-10,0.0005829950310269894,0.0005829950310269894,0.0,0.0004429843217717478
2026-08-11,-0.00010019368888458668,-0.00010019368888458668,0.0,-0.00024020929360372666
2026-08-12,0.0030041502184519064,0.0030041502184519064,0.0,0.002864884197202592
2026-08-13,0.0013998640629864223,0.0013998640629864223,0.0,0.0012609474614298346
2026-08-14,0.0003390335505675246,0.0003390335505675246,0.0,0.00020010533852414948
2026-08-17,0.0007023519513713605,0.0007023519513713605,0.0,0.0005630464511822415
2026-08-18,-0.002796262174263875,-0.002796262174263875,0.0,-0.0029351990165547106
2026-08-19,0.001639408477928983,0.001639408477928983,0.0,0.0015004948686983765
2026-08-20,0.0002136808000634538,0.0002136808000634538,0.0,7.475359191644776e-05
2026-08-21,0.0012068391887860574,0.0012068391887860574,0.0,0.001067535736887584
2026-08-24,-0.00029467210058120585,-0.00029467210058120585,0.0,-0.0004339855759697323
2026-08-25,0.001678884869964925,0.001678884869964925,0.0,0.001539948334726941
2026-08-26,-0.0005737401377622353,-0.0005737401377622353,0.0,-0.0007123160309583195
2026-08-27,0.001535596027157471,0.001535596027157471,0.0,0.0013973993863914895
2026-08-28,-0.003306125400619253,-0.003306125400619253,0.0,-0.0034462074171554384
2026-08-31,0.0006364326881902471,0.0006364326881902471,0.0,0.0004948803974548245
2026-09-01,-0.0013153562658253515,-0.0012372615023212852,0.15618952700804486,-0.0014758761944510543
2026-09-02,0.00113190434170507,0.00113190434170507,0.0,0.000971136619803095
2026-09-03,0.0014849662922822304,0.0014849662922822304,0.0,0.0013254865823111078
2026-09-04,-0.0012449344541519691,-0.0012449344541519691,0.0,-0.00140524881682304
2026-09-08,0.00013070096190426206,0.00013070096190426206,0.0,-3.0902569468375176e-05
2026-09-09,-0.0016787327783933659,-0.0016787327783933659,0.0,-0.0018407601658222607
2026-09-10,-0.0027570664237570597,-0.0027570664237570597,0.0,-0.0029212386168677093
2026-09-11,-0.0011688828472982138,-0.0011688828472982138,0.0,-0.0013356378173132123
2026-09-14,-0.002297543971549132,-0.002297543971549132,0.0,-0.002466439191515405
2026-09-15,0.00012694393931100834,0.00012694393931100834,0.0,-4.1977430582430315e-05
2026-09-16,-0.0016309759938604174,-0.0016309759938604174,0.0,-0.0018007469010921538
2026-09-17,0.0029196947111016502,0.0029196947111016502,0.0,0.00275075619463656
2026-09-18,-0.0028112691279931212,-0.0028112691279931212,0.0,-0.0029810253687056493
2026-09-21,0.0042657486545401024,0.0042657486545401024,0.0,0.004094683605585339
2026-09-22,6.403359931206332e-05,6.403359931206332e-05,0.0,-0.00010655701373540755
2026-09-23,-0.0059334524399990984,-0.0059334524399990984,0.0,-0.006105318552545155
2026-09-24,-0.001742353390054019,-0.001742353390054019,0.0,-0.0019159907621633956
2026-09-25,0.001086473759170925,0.001086473759170925,0.0,0.0009128159090284137
2026-09-28,-0.005497968655181262,-0.005497968655181262,0.0,-0.005672464951204414
2026-09-29,-0.0006078393744124444,-0.0006078393744124444,0.0,-0.0007811236140148607
2026-09-30,-0.0004976995070071766,-0.0004976995070071766,0.0,-0.0006692877994613971
2026-10-01,-0.00028920852605174296,0.0003027142346048173,1.1838455213135148,-0.00036910086803921605
2026-10-02,0.0025333003020924227,0.0025333003020924227,0.0,0.0024532734346080906
