Date,net,gross,turnover,excess
2008-06-02,0.0013908831899105412,0.0017461459409942037,0.7105255021672406,0.001357617818705534
2008-06-03,-0.0015902071878276525,-0.0015902071878276525,0.0,-0.001623552290430167
2008-06-04,-0.0021037627522955127,-0.0021037627522955127,0.0,-0.0021368630591321134
2008-06-05,0.0011233277638007522,0.0011233277638007522,0.0,0.0010901266735447277
2008-06-06,0.0067080385331852455,0.0067080385331852455,0.0,0.006674976322738584
2008-06-09,-0.002821101903603962,-0.002821101903603962,0.0,-0.002855342862241074
2008-06-10,-0.0035874033236371616,-0.0035874033236371616,0.0,-0.0036237342115101197
2008-06-11,0.0036950849878794045,0.0036950849878794045,0.0,0.0036600025069614653
2008-06-12,-0.00382604691443722,-0.00382604691443722,0.0,-0.0038620147715843498
2008-06-13,-0.0011666012455481267,-0.0011666012455481267,0.0,-0.0012022258314027096
2008-06-16,0.0006015925273823441,0.0006015925273823441,0.0,0.0005643747507167688
2008-06-17,0.0020212841216054045,0.0020212841216054045,0.0,0.0019855006021613744
2008-06-18,0.0030701493638221056,0.0030701493638221056,0.0,0.0030355621415095128
2008-06-19,-0.0032704519009696398,-0.0032704519009696398,0.0,-0.003304795505509895
2008-06-20,0.002112971893618809,0.002112971893618809,0.0,0.0020794909107939713
2008-06-23,-0.0008239534112672864,-0.0008239534112672864,0.0,-0.000857883731627841
2008-06-24,0.0012969379376932544,0.0012969379376932544,0.0,0.0012639563315263002
2008-06-25,0.0009432519065610823,0.0009432519065610823,0.0,0.0009105875172622679
2008-06-26,0.00487942568288946,0.00487942568288946,0.0,0.00484819518218731
2008-06-27,0.001486269202292556,0.001486269202292556,0.0,0.0014559712412800737
2008-06-30,-0.0010305092604678823,-0.0010305092604678823,0.0,-0.0010651151826637638
2008-07-01,-0.001346958565575651,-0.0012141955620138534,0.26552600712359725,-0.001373895940818244
2008-07-02,0.003665849334140603,0.003665849334140603,0.0,0.0036398782752056187
2008-07-03,-0.0015093540808320816,-0.0015093540808320816,0.0,-0.0015357817404611793
2008-07-07,1.8629247597878873e-05,1.8629247597878873e-05,0.0,-8.166677271532869e-06
2008-07-08,-0.003376477867102823,-0.003376477867102823,0.0,-0.0034031290182930944
2008-07-09,0.004893025176604171,0.004893025176604171,0.0,0.004867108895606883
2008-07-10,0.0008791669305467931,0.0008791669305467931,0.0,0.0008552211373375752
2008-07-11,0.0011414585941733613,0.0011414585941733613,0.0,0.0011183540569433947
2008-07-14,0.003029296841229989,0.003029296841229989,0.0,0.0030073192964797453
2008-07-15,0.0010036907839390263,0.0010036907839390263,0.0,0.0009835143920508239
2008-07-16,-0.006619415868880485,-0.006619415868880485,0.0,-0.006639331494920533
2008-07-17,-0.005023490040760303,-0.005023490040760303,0.0,-0.005043910710156619
2008-07-18,-0.0028881646977403364,-0.0028881646977403364,0.0,-0.002909130950497681
2008-07-21,0.00115913090940567,0.00115913090940567,0.0,0.0011381267284446995
2008-07-22,-0.00496080750037986,-0.00496080750037986,0.0,-0.0049827193839508755
2008-07-23,-0.004567817503666416,-0.004567817503666416,0.0,-0.004590109504470076
2008-07-24,0.004581337103996441,0.004581337103996441,0.0,0.004558376484035684
2008-07-25,-0.002635956194617317,-0.002635956194617317,0.0,-0.002660391335405104
2008-07-28,0.004352437500517725,0.004352437500517725,0.0,0.004328259345173447
2008-07-29,-0.004119177485595538,-0.004119177485595538,0.0,-0.004143399879697944
2008-07-30,0.00130992597816193,0.00130992597816193,0.0,0.0012861653425740073
2008-07-31,0.0018702182868626238,0.0018702182868626238,0.0,0.001846687264719079
2008-08-01,0.0008321624916767245,0.0009320673983863603,0.19980981341922047,0.0008041608052360533
2008-08-04,-0.0020385290390633193,-0.0020385290390633193,0.0,-0.0020681591280851796
2008-08-05,-0.00571157261769395,-0.00571157261769395,0.0,-0.0057411238099831135
2008-08-06,-0.0019712788498861267,-0.0019712788498861267,0.0,-0.0019987320351758605
2008-08-07,0.0038866857695516455,0.0038866857695516455,0.0,0.0038589644117002857
2008-08-08,-0.006492242641865098,-0.006492242641865098,0.0,-0.006520790890414368
2008-08-11,-0.005521349359395411,-0.005521349359395411,0.0,-0.005552532126403776
2008-08-12,0.0027387841529404877,0.0027387841529404877,0.0,0.00270800185279079
2008-08-13,0.002704221653169858,0.002704221653169858,0.0,0.002673493917867386
2008-08-14,-0.001958867475249537,-0.001958867475249537,0.0,-0.00199021546398212
2008-08-15,-0.0022158026306056122,-0.0022158026306056122,0.0,-0.002246392049170596
2008-08-18,0.0028063256142301096,0.0028063256142301096,0.0,0.0027761647621244298
2008-08-19,0.0031240288493157298,0.0031240288493157298,0.0,0.003094091891855778
2008-08-20,0.0009548240207899461,0.0009548240207899461,0.0,0.0009262901535404397
2008-08-21,0.003760531539648282,0.003760531539648282,0.0,0.003731791236049962
2008-08-22,-0.005935142575368424,-0.005935142575368424,0.0,-0.005963684633548898
2008-08-25,0.004240227678038666,0.004240227678038666,0.0,0.004211232629818533
2008-08-26,-0.0009877759706420353,-0.0009877759706420353,0.0,-0.001016423543419876
2008-08-27,0.0001985712021670416,0.0001985712021670416,0.0,0.00017064241089944688
2008-08-28,-0.00266112818514741,-0.00266112818514741,0.0,-0.002690256749349531
2008-08-29,0.0003010660439521917,0.0003010660439521917,0.0,0.00027238029279951897
2008-09-02,-0.0002634473609911536,-0.00017405690192229262,0.17878091813766014,-0.0002845615407438919
2008-09-03,7.364080261829109e-05,7.364080261829109e-05,0.0,5.239963970361821e-05
2008-09-04,0.0034038421510544925,0.0034038421510544925,0.0,0.003382724884882793
2008-09-05,-0.0021783582730903195,-0.0021783582730903195,0.0,-0.0021994992369284085
2008-09-08,-0.003107073928877657,-0.003107073928877657,0.0,-0.0031286282656851497
2008-09-09,0.0025010109017149507,0.0025010109017149507,0.0,0.002480358612878838
2008-09-10,-0.0028827033182267092,-0.0028827033182267092,0.0,-0.002903338077418877
2008-09-11,-0.0019212161722281795,-0.0019212161722281795,0.0,-0.0019412183506170605
2008-09-12,0.0007016786350904081,0.0007016786350904081,0.0,0.0006832715540648162
2008-09-15,0.012093952286194254,0.012093952286194254,0.0,0.012080946914627771
2008-09-16,-0.008230293225646612,-0.008230293225646612,0.0,-0.008241171123059766
2008-09-17,0.01471458907155565,0.01471458907155565,0.0,0.014714207230523935
2008-09-18,-0.013550772793112897,-0.013550772793112897,0.0,-0.013553790141797622
2008-09-19,-0.005206561777079455,-0.005206561777079455,0.0,-0.005218933161801378
2008-09-22,0.012716750385795894,0.012716750385795894,0.0,0.012700479530680583
2008-09-23,-0.0009900457994989065,-0.0009900457994989065,0.0,-0.0010005377125944705
2008-09-24,-0.0027103000891284257,-0.0027103000891284257,0.0,-0.0027167633338359993
2008-09-25,-0.0006451432568965743,-0.0006451432568965743,0.0,-0.0006547835884562917
2008-09-26,-0.0007963894972585761,-0.0007963894972585761,0.0,-0.0008074288492835504
2008-09-29,0.009847346983097527,0.009847346983097527,0.0,0.009835044526588614
2008-09-30,-0.009696689738059816,-0.009696689738059816,0.0,-0.009708459085155984
2008-10-01,-0.00015796068815132625,2.6738086288613516e-05,0.36939754887989257,-0.00016712418588121927
2008-10-02,0.005090427157847355,0.005090427157847355,0.0,0.005083694107050903
2008-10-03,0.0017686853906122568,0.0017686853906122568,0.0,0.001763182522348906
2008-10-06,0.005352298393930699,0.005352298393930699,0.0,0.005346327955632047
2008-10-07,0.004600415408885894,0.004600415408885894,0.0,0.004591336307335899
2008-10-08,0.0002798067523113179,0.0002798067523113179,0.0,0.0002722095160008015
2008-10-09,0.0027533526278955556,0.0027533526278955556,0.0,0.0027467713173640017
2008-10-10,-0.0014632651275270359,-0.0014632651275270359,0.0,-0.001466007101222145
2008-10-13,-0.013256976451335056,-0.013256976451335056,0.0,-0.013259708486864126
2008-10-14,0.0025491553639278575,0.0025491553639278575,0.0,0.002545414248348534
2008-10-15,0.010032095865714075,0.010032095865714075,0.0,0.010029659101029442
2008-10-16,-0.004730276112454801,-0.004730276112454801,0.0,-0.004735388262841459
2008-10-17,0.0016273119882119769,0.0016273119882119769,0.0,0.0016183314077282145
2008-10-20,-0.0031442004104248467,-0.0031442004104248467,0.0,-0.003158177638945105
2008-10-21,0.0034587813372080056,0.0034587813372080056,0.0,0.003446592577702456
2008-10-22,0.00549675022149021,0.00549675022149021,0.0,0.005485131219637143
2008-10-23,-0.0005892740292057219,-0.0005892740292057219,0.0,-0.0006002524445575738
2008-10-24,0.0028812829309863286,0.0028812829309863286,0.0,0.00287146242374253
2008-10-27,0.00305091514416711,0.00305091514416711,0.0,0.0030412548121979462
2008-10-28,-0.009209914004570163,-0.009209914004570163,0.0,-0.009218719451976942
2008-10-29,0.001204045866129544,0.001204045866129544,0.0,0.0011971376502948963
2008-10-30,-0.006051207050255858,-0.006051207050255858,0.0,-0.0060557506689661676
2008-10-31,-0.001006726437664418,-0.001006726437664418,0.0,-0.0010116485469520667
2008-11-03,0.0005217169555471468,0.0006595272885576708,0.2756206660211474,0.0005206137897464986
2008-11-04,-0.006379893566694883,-0.006379893566694883,0.0,-0.006380985489449188
2008-11-05,0.006059842202892796,0.006059842202892796,0.0,0.006059048689572451
2008-11-06,0.005224167034840077,0.005224167034840077,0.0,0.0052234659959897985
2008-11-07,-0.0030361723485736736,-0.0030361723485736736,0.0,-0.0030369091167322657
2008-11-10,0.0006314296638076922,0.0006314296638076922,0.0,0.0006307503320981822
2008-11-11,0.004010068819386259,0.004010068819386259,0.0,0.004009382654489139
2008-11-12,0.005443262212049271,0.005443262212049271,0.0,0.005442809488698967
2008-11-13,-0.0079296316072619,-0.0079296316072619,0.0,-0.007930202040007347
2008-11-14,0.004927815274160086,0.004927815274160086,0.0,0.004927476351641333
2008-11-17,0.0021094546978308593,0.0021094546978308593,0.0,0.0021091422666310046
2008-11-18,0.0017310009254616343,0.0017310009254616343,0.0,0.001730679128056457
2008-11-19,0.0060620813715654975,0.0060620813715654975,0.0,0.006061889180759037
2008-11-20,0.007915488703578166,0.007915488703578166,0.0,0.007915399659120892
2008-11-21,-0.005576387724271714,-0.005576387724271714,0.0,-0.005576452853844723
2008-11-24,-0.007070758035374269,-0.007070758035374269,0.0,-0.007071154823161845
2008-11-25,0.0011390309429653023,0.0011390309429653023,0.0,0.0011387518064470976
2008-11-26,-0.0021378975605506056,-0.0021378975605506056,0.0,-0.00213803922742878
2008-11-28,0.0023473242578320175,0.0023473242578320175,0.0,0.002347296713942416
2008-12-01,0.00802614222468967,0.008063601868979031,0.0749192885785915,0.008025913663914351
2008-12-02,-0.0025387190285279804,-0.0025387190285279804,0.0,-0.002538923075786823
2008-12-03,-0.0009803770781845467,-0.0009803770781845467,0.0,-0.000980443247065319
2008-12-04,0.003092837927289427,0.003092837927289427,0.0,0.003092772472315144
2008-12-05,-0.0018444022967855078,-0.0018444022967855078,0.0,-0.0018444699970072524
2008-12-08,-0.004413471879437192,-0.004413471879437192,0.0,-0.004413571417641281
2008-12-09,0.002811823439536232,0.002811823439536232,0.0,0.002811728737500561
2008-12-10,-0.0025537069731207396,-0.0025537069731207396,0.0,-0.0025537069731207396
2008-12-11,0.0002943040206284664,0.0002943040206284664,0.0,0.0002942723616498814
2008-12-12,-0.0012311633590585958,-0.0012311633590585958,0.0,-0.0012312268918924169
2008-12-15,0.0008557451907236224,0.0008557451907236224,0.0,0.0008556199250610404
2008-12-16,-0.004589863413531958,-0.004589863413531958,0.0,-0.0045899899292550185
2008-12-17,-0.00012687480189865763,-0.00012687480189865763,0.0,-0.00012702452689792657
2008-12-18,0.001745073949278364,0.001745073949278364,0.0,0.001745073949278364
2008-12-19,0.0014758276397504044,0.0014758276397504044,0.0,0.001475766564459839
2008-12-22,1.1662427262804087e-05,1.1662427262804087e-05,0.0,1.1631349836557168e-05
2008-12-23,0.000447396526019217,0.000447396526019217,0.0,0.00044733436263580444
2008-12-24,-7.32284216681256e-05,-7.32284216681256e-05,0.0,-7.32284216681256e-05
2008-12-26,-0.0009036280890161175,-0.0009036280890161175,0.0,-0.0009037217444506451
2008-12-29,0.0008434724239083646,0.0008434724239083646,0.0,0.0008432870970682208
2008-12-30,-0.0009833944366430813,-0.0009833944366430813,0.0,-0.0009837063986913959
2008-12-31,-0.0029063199767358494,-0.0029063199767358494,0.0,-0.002906659175960863
2009-01-02,-0.00388344107418781,-0.003826991636110555,0.1128988761543572,-0.0038839505229093835
2009-01-05,-0.0006984953538076155,-0.0006984953538076155,0.0,-0.000699369813539414
2009-01-06,-0.0017853872121124104,-0.0017853872121124104,0.0,-0.001786258399835042
2009-01-07,0.0030477630832699276,0.0030477630832699276,0.0,0.0030470851616349773
2009-01-08,4.0507413231249956e-05,4.0507413231249956e-05,0.0,3.9943583626282346e-05
2009-01-09,0.002595490652268495,0.002595490652268495,0.0,0.0025950520233784273
2009-01-12,0.0038067688942715616,0.0038067688942715616,0.0,0.0038060065781365515
2009-01-13,0.00041393481963636347,0.00041393481963636347,0.0,0.00041322212605733746
2009-01-14,0.002881837805214893,0.002881837805214893,0.0,0.0028810586727023883
2009-01-15,-0.0007587753831654886,-0.0007587753831654886,0.0,-0.0007595000789636068
2009-01-16,-0.0019917917089060655,-0.0019917917089060655,0.0,-0.001992579270506621
2009-01-20,0.0053326953595882465,0.0053326953595882465,0.0,0.0053318507607052175
2009-01-21,-0.004395290718096634,-0.004395290718096634,0.0,-0.004396024742002564
2009-01-22,0.0010436344690856192,0.0010436344690856192,0.0,0.0010429817473537471
2009-01-23,-0.001092273364205365,-0.001092273364205365,0.0,-0.0010929951603663567
2009-01-26,-0.001701629142496941,-0.001701629142496941,0.0,-0.0017026079775174553
2009-01-27,0.001047836808724556,0.001047836808724556,0.0,0.001046995832255619
2009-01-28,-0.0035068399477887757,-0.0035068399477887757,0.0,-0.003508075672762155
2009-01-29,0.0017817954171019945,0.0017817954171019945,0.0,0.0017803263947489085
2009-01-30,0.0013136992435704986,0.0013136992435704986,0.0,0.0013121521378260841
2009-02-02,0.0012544518181365483,0.0013217150320723459,0.13452642787172053,0.001253496358596137
2009-02-03,-0.002228913784873998,-0.002228913784873998,0.0,-0.0022300442096351686
2009-02-04,-0.00014401459055557453,-0.00014401459055557453,0.0,-0.00014505013722550405
2009-02-05,-0.0016226102909077111,-0.0016226102909077111,0.0,-0.0016236098059893005
2009-02-06,-0.0038637204709144335,-0.0038637204709144335,0.0,-0.0038646690300973862
2009-02-09,-0.00018514053562190824,-0.00018514053562190824,0.0,-0.00018617955462145574
2009-02-10,0.005139670935221385,0.005139670935221385,0.0,0.005138666477122125
2009-02-11,-8.728478782171756e-05,-8.728478782171756e-05,0.0,-8.83127472324547e-05
2009-02-12,4.230976886221427e-05,4.230976886221427e-05,0.0,4.131699257869748e-05
2009-02-13,-0.0005672431708344527,-0.0005672431708344527,0.0,-0.0005682363919931456
2009-02-17,0.0063566179736258555,0.0063566179736258555,0.0,0.006355528590593545
2009-02-18,-0.0004400775351238728,-0.0004400775351238728,0.0,-0.0004412039114831593
2009-02-19,-0.0006210112659910116,-0.0006210112659910116,0.0,-0.0006220965462182028
2009-02-20,0.0006880400798077169,0.0006880400798077169,0.0,0.0006870693784789193
2009-02-23,0.003231144683627063,0.003231144683627063,0.0,0.0032300586828537935
2009-02-24,-0.003053124485475789,-0.003053124485475789,0.0,-0.003054320053655523
2009-02-25,0.0007152449322938015,0.0007152449322938015,0.0,0.0007141571125964122
2009-02-26,0.0010178460262020295,0.0010178460262020295,0.0,0.001016860030364345
2009-02-27,0.0017388506315820784,0.0017388506315820784,0.0,0.0017378916286401017
2009-03-02,0.007358739829098404,0.007403298909454348,0.08911816071164128,0.007357973062670154
2009-03-03,-0.0005215827440151477,-0.0005215827440151477,0.0,-0.0005223714498121708
2009-03-04,-0.005405983208910059,-0.005405983208910059,0.0,-0.0054067377155096255
2009-03-05,0.0053306493675124855,0.0053306493675124855,0.0,0.0053301089610207335
2009-03-06,-0.0015071540270320538,-0.0015071540270320538,0.0,-0.00150773365049537
2009-03-09,0.0029999885252134373,0.0029999885252134373,0.0,0.0029993347286293506
2009-03-10,-0.006727835280840977,-0.006727835280840977,0.0,-0.006728543948687382
2009-03-11,0.0004748323420040723,0.0004748323420040723,0.0,0.00047421042265950936
2009-03-12,-0.005448694622284478,-0.005448694622284478,0.0,-0.005449266147243684
2009-03-13,-0.0007255398508826394,-0.0007255398508826394,0.0,-0.0007260184713222573
2009-03-16,-0.001134326218942383,-0.001134326218942383,0.0,-0.0011349243161693
2009-03-17,-0.003551313403039824,-0.003551313403039824,0.0,-0.0035519013640995397
2009-03-18,-0.0035146657951700133,-0.0035146657951700133,0.0,-0.0035151523948870026
2009-03-19,-0.00122396615792697,-0.00122396615792697,0.0,-0.0012244032282118676
2009-03-20,0.0025297746482577654,0.0025297746482577654,0.0,0.002529325374280462
2009-03-23,-0.009077269155861378,-0.009077269155861378,0.0,-0.009077760665762545
2009-03-24,0.00429211126611051,0.00429211126611051,0.0,0.004291714136626907
2009-03-25,-0.001922663626524157,-0.001922663626524157,0.0,-0.0019230536214071188
2009-03-26,-0.0032221376992197515,-0.0032221376992197515,0.0,-0.003222434716554905
2009-03-27,0.004960480842150838,0.004960480842150838,0.0,0.004960239270890097
2009-03-30,0.006905981075029599,0.006905981075029599,0.0,0.006905612985639846
2009-03-31,-0.0024839797608174896,-0.0024839797608174896,0.0,-0.002484463408221342
2009-04-01,-0.0013629939521899725,-0.0013174938507317657,0.09100020291631154,-0.001364056863465095
2009-04-02,-0.007410378749267976,-0.007410378749267976,0.0,-0.007411424951808457
2009-04-03,-0.0029804413919488626,-0.0029804413919488626,0.0,-0.0029813852812493836
2009-04-06,0.00188297945864635,0.00188297945864635,0.0,0.0018821015542094172
2009-04-07,0.004001209043160925,0.004001209043160925,0.0,0.004000317872498625
2009-04-08,-0.0014107221218844224,-0.0014107221218844224,0.0,-0.0014115494452513484
2009-04-09,-0.0059664123871385755,-0.0059664123871385755,0.0,-0.0059672307884557595
2009-04-13,-0.0003737211061407564,-0.0003737211061407564,0.0,-0.0003745015466565645
2009-04-14,0.00304248798179918,0.00304248798179918,0.0,0.0030417531456004548
2009-04-15,-0.0014104683477523805,-0.0014104683477523805,0.0,-0.0014111328210291605
2009-04-16,-0.0017064007595262165,-0.0017064007595262165,0.0,-0.0017069701632664417
2009-04-17,0.00015309493439841226,0.00015309493439841226,0.0,0.00015249017841863384
2009-04-20,0.007771464659478422,0.007771464659478422,0.0,0.007770859145672326
2009-04-21,-0.0033487359147824636,-0.0033487359147824636,0.0,-0.003349425578594974
2009-04-22,0.0001917884214890364,0.0001917884214890364,0.0,0.00019116123908419802
2009-04-23,-0.002738063036410887,-0.002738063036410887,0.0,-0.0027385116988598163
2009-04-24,-0.0031233042965389535,-0.0031233042965389535,0.0,-0.0031237432956656547
2009-04-27,0.0037478495002820633,0.0037478495002820633,0.0,0.003747293176131812
2009-04-28,-0.00024707418994263097,-0.00024707418994263097,0.0,-0.00024764769881219944
2009-04-29,-0.004706827635801547,-0.004706827635801547,0.0,-0.004707311953701341
2009-04-30,-0.00037344233769132096,-0.00037344233769132096,0.0,-0.00037403538461830204
2009-05-01,-0.002499482953472021,-0.002479300147622099,0.040365611699768496,-0.002500131029161943
2009-05-04,-0.004848426333891598,-0.004848426333891598,0.0,-0.0048492398187125
2009-05-05,0.0006588365387640849,0.0006588365387640849,0.0,0.0006580558243020003
2009-05-06,-0.002861087849230337,-0.002861087849230337,0.0,-0.0028618730138156518
2009-05-07,0.0009813007157208897,0.0009813007157208897,0.0,0.0009805752362687687
2009-05-08,-0.005020783061713718,-0.005020783061713718,0.0,-0.005021514832369598
2009-05-11,0.003067225827867448,0.003067225827867448,0.0,0.003066487551672011
2009-05-12,-0.00047868126137462497,-0.00047868126137462497,0.0,-0.0004794403352281527
2009-05-13,0.005019253268427004,0.005019253268427004,0.0,0.005018577002567565
2009-05-14,-0.0017519118310044268,-0.0017519118310044268,0.0,-0.0017525768469106525
2009-05-15,0.0025949917265697398,0.0025949917265697398,0.0,0.0025942957463261805
2009-05-18,-0.006157059813700183,-0.006157059813700183,0.0,-0.006157855175429102
2009-05-19,-0.00113181374350535,-0.00113181374350535,0.0,-0.001132527660722983
2009-05-20,-0.0007482746982493405,-0.0007482746982493405,0.0,-0.0007489813308595913
2009-05-21,0.000840444965786169,0.000840444965786169,0.0,0.0008397041632385565
2009-05-22,-0.0018464249595365745,-0.0018464249595365745,0.0,-0.0018471321812737961
2009-05-26,-0.0032778193212880113,-0.0032778193212880113,0.0,-0.0032785146381258865
2009-05-27,0.00048543085800223373,0.00048543085800223373,0.0,0.0004847941952854189
2009-05-28,-0.0022229808160293407,-0.0022229808160293407,0.0,-0.002223545192753575
2009-05-29,-0.002807905478688366,-0.002807905478688366,0.0,-0.0028084210264570286
2009-06-01,-0.007038416232659994,-0.006937406192036644,0.2020200812465611,-0.0070398936580694065
2009-06-02,0.0004882832322647968,0.0004882832322647968,0.0,0.0004866951517238919
2009-06-03,0.005334187341184071,0.005334187341184071,0.0,0.005332597324337108
2009-06-04,-0.004744758553785533,-0.004744758553785533,0.0,-0.004746369611323887
2009-06-05,-0.0017286686108011207,-0.0017286686108011207,0.0,-0.0017308295250750057
2009-06-08,3.103652733016382e-05,3.103652733016382e-05,0.0,2.8884927265325406e-05
2009-06-09,-0.00031363998287181616,-0.00031363998287181616,0.0,-0.00031579175015883354
2009-06-10,-0.0006789845512309434,-0.0006789845512309434,0.0,-0.0006810214661804957
2009-06-11,-0.0012748703345152324,-0.0012748703345152324,0.0,-0.0012770167494610496
2009-06-12,0.002074299249226641,0.002074299249226641,0.0,0.002072272325640423
2009-06-15,0.006143494977350894,0.006143494977350894,0.0,0.006141570658954197
2009-06-16,0.0024604133666799033,0.0024604133666799033,0.0,0.0024584596069839363
2009-06-17,-0.000591254164573396,-0.000591254164573396,0.0,-0.0005932196863001142
2009-06-18,-0.001864192110278995,-0.001864192110278995,0.0,-0.0018662702563993297
2009-06-19,0.000751857424136082,0.000751857424136082,0.0,0.0007497887372438947
2009-06-22,0.005813960913650051,0.005813960913650051,0.0,0.005811658136896117
2009-06-23,-0.0008656353942821937,-0.0008656353942821937,0.0,-0.0008679707359976085
2009-06-24,-0.0011577370402447995,-0.0011577370402447995,0.0,-0.001159951004744408
2009-06-25,-0.0009891638905441535,-0.0009891638905441535,0.0,-0.0009912554825596762
2009-06-26,0.00010341298217930728,0.00010341298217930728,0.0,0.00010121046994350891
2009-06-29,-0.000955183112311131,-0.000955183112311131,0.0,-0.0009575021271652623
2009-06-30,0.001479136587245744,0.001479136587245744,0.0,0.00147693862545577
2009-07-01,-0.0014323440673267296,-0.0013038703124614859,0.2569475097304589,-0.0014328814647280193
2009-07-02,0.0069477247141531695,0.0069477247141531695,0.0,0.006947177691851733
2009-07-06,0.0022108175727115764,0.0022108175727115764,0.0,0.0022101583910194805
2009-07-07,0.004801064365641539,0.004801064365641539,0.0,0.004800390005972997
2009-07-08,0.0033414856896401,0.0033414856896401,0.0,0.0033408157457127116
2009-07-09,-0.001972071416590948,-0.001972071416590948,0.0,-0.001972801334356955
2009-07-10,0.0023169266774427655,0.0023169266774427655,0.0,0.002316247924075575
2009-07-13,-0.0030792770727985364,-0.0030792770727985364,0.0,-0.0030799707684001486
2009-07-14,-0.0016160636392820171,-0.0016160636392820171,0.0,-0.0016167374147888656
2009-07-15,-0.008912702213134671,-0.008912702213134671,0.0,-0.008913365517271508
2009-07-16,0.0004857462839711335,0.0004857462839711335,0.0,0.00048510763647477607
2009-07-17,-0.0019058443193702423,-0.0019058443193702423,0.0,-0.0019064187386521722
2009-07-20,-0.00433930982358377,-0.00433930982358377,0.0,-0.0043399386505899905
2009-07-21,0.0020936815530756547,0.0020936815530756547,0.0,0.002093082845108583
2009-07-22,-0.0010533876432802236,-0.0010533876432802236,0.0,-0.0010540008530755083
2009-07-23,-0.005618063202465273,-0.005618063202465273,0.0,-0.005618669108305861
2009-07-24,-5.108141820053813e-05,-5.108141820053813e-05,0.0,-5.161832159436847e-05
2009-07-27,-0.001980542039883737,-0.001980542039883737,0.0,-0.00198110841503746
2009-07-28,0.002195893932990911,0.002195893932990911,0.0,0.0021953413961730284
2009-07-29,0.003629860658619366,0.003629860658619366,0.0,0.0036292928123884314
2009-07-30,-0.0037755386857589723,-0.0037755386857589723,0.0,-0.0037761005334933195
2009-07-31,-0.0014289948072344627,-0.0014289948072344627,0.0,-0.0014295317139474057
2009-08-03,-0.007296344633754059,-0.007221945871077384,0.14879752535341567,-0.00729739406886755
2009-08-04,-0.0009339060968883706,-0.0009339060968883706,0.0,-0.0009348925018135361
2009-08-05,-0.0004003712166569251,-0.0004003712166569251,0.0,-0.0004013518666592719
2009-08-06,0.0017527168501114687,0.0017527168501114687,0.0,0.001751793011703438
2009-08-07,-0.002079941027916532,-0.002079941027916532,0.0,-0.0020809299957857525
2009-08-10,0.0018252635620756852,0.0018252635620756852,0.0,0.0018242331905300635
2009-08-11,0.003044650187552067,0.003044650187552067,0.0,0.0030436628107138866
2009-08-12,-0.0029359983841354964,-0.0029359983841354964,0.0,-0.002936948553079656
2009-08-13,-0.0009686843802515499,-0.0009686843802515499,0.0,-0.0009696174824439327
2009-08-14,0.003772911054105599,0.003772911054105599,0.0,0.003771929031453098
2009-08-17,0.006077485084154066,0.006077485084154066,0.0,0.006076479904589982
2009-08-18,-0.0030105053547770932,-0.0030105053547770932,0.0,-0.0030115476106543733
2009-08-19,-0.0008084844623911236,-0.0008084844623911236,0.0,-0.0008094514172221118
2009-08-20,-0.0017263839250986068,-0.0017263839250986068,0.0,-0.0017273462038551687
2009-08-21,-0.0036234418698992688,-0.0036234418698992688,0.0,-0.0036243941464099262
2009-08-24,0.0004992629233568913,0.0004992629233568913,0.0,0.0004983317165262984
2009-08-25,0.0005676784040329341,0.0005676784040329341,0.0,0.0005667442955245553
2009-08-26,0.0008888332450287528,0.0008888332450287528,0.0,0.0008880061221406886
2009-08-27,-0.0012101142633159645,-0.0012101142633159645,0.0,-0.0012109459376583016
2009-08-28,0.000972977489106519,0.000972977489106519,0.0,0.0009721520189120167
2009-08-31,0.002776437256503339,0.002776437256503339,0.0,0.0027756068027889333
2009-09-01,0.00527620228207093,0.005424329370433023,0.29625417672438353,0.005275868551421203
2009-09-02,0.002721240415241688,0.002721240415241688,0.0,0.00272088234667636
2009-09-03,-0.0011625599877992387,-0.0011625599877992387,0.0,-0.0011629587454348822
2009-09-04,-0.0027899910265021255,-0.0027899910265021255,0.0,-0.002790357167289423
2009-09-08,-0.004108621976098292,-0.004108621976098292,0.0,-0.004108973597957274
2009-09-09,-0.0014849758533553858,-0.0014849758533553858,0.0,-0.0014853060060091713
2009-09-10,-0.0012782359844458746,-0.0012782359844458746,0.0,-0.001278558365962576
2009-09-11,0.0022453226563241557,0.0022453226563241557,0.0,0.0022450069726001835
2009-09-14,-0.0022334552523192164,-0.0022334552523192164,0.0,-0.0022337826748886325
2009-09-15,-0.0014340776921905052,-0.0014340776921905052,0.0,-0.0014343708604186852
2009-09-16,-0.0038929473786453173,-0.0038929473786453173,0.0,-0.003893167517578835
2009-09-17,0.0015398176208292202,0.0015398176208292202,0.0,0.001539612130135127
2009-09-18,-0.0010456343821242386,-0.0010456343821242386,0.0,-0.001045803402728516
2009-09-21,0.0015917129090838866,0.0015917129090838866,0.0,0.0015914848315443531
2009-09-22,-0.0015503817396723685,-0.0015503817396723685,0.0,-0.0015506163916664685
2009-09-23,0.0029214918306395,0.0029214918306395,0.0,0.0029212635923282298
2009-09-24,0.0024529307075169537,0.0024529307075169537,0.0,0.0024527122631050865
2009-09-25,0.0013218489278798984,0.0013218489278798984,0.0,0.0013216213079519279
2009-09-28,-0.0030257410980308874,-0.0030257410980308874,0.0,-0.003025996911780004
2009-09-29,0.0008598463107281074,0.0008598463107281074,0.0,0.0008595587242077435
2009-09-30,7.984591754306436e-05,7.984591754306436e-05,0.0,7.953170223559698e-05
2009-10-01,-0.0008263477052572465,-0.0005429691086558108,0.5667571932028596,-0.000828592586636239
2009-10-02,0.0010360496472476832,0.0010360496472476832,0.0,0.0010338111205854983
2009-10-05,0.0019362918259993034,0.0019362918259993034,0.0,0.0019344995724866758
2009-10-06,0.0018110773100468158,0.0018110773100468158,0.0,0.0018092823850745625
2009-10-07,0.002057529729861951,0.002057529729861951,0.0,0.0020555076333081033
2009-10-08,0.0003309702296370176,0.0003309702296370176,0.0,0.00032962004443367324
2009-10-09,-0.004001573895673238,-0.004001573895673238,0.0,-0.004003149509624245
2009-10-12,0.0004791446216030337,0.0004791446216030337,0.0,0.0004775738375265147
2009-10-13,0.001458802444000984,0.001458802444000984,0.0,0.001457231081876893
2009-10-14,0.00020716010432830778,0.00020716010432830778,0.0,0.00020558698484575161
2009-10-15,-0.002490238515198251,-0.002490238515198251,0.0,-0.0024918118841862577
2009-10-16,0.000834919373394527,0.000834919373394527,0.0,0.000833349011159208
2009-10-19,0.0019796033942116598,0.0019796033942116598,0.0,0.0019778075433671207
2009-10-20,8.15957600923678e-05,8.15957600923678e-05,0.0,7.979718525745706e-05
2009-10-21,-0.000615621097944552,-0.000615621097944552,0.0,-0.0006171949491604018
2009-10-22,-0.0003338774958926427,-0.0003338774958926427,0.0,-0.0003352258755469583
2009-10-23,-0.0009650407068959588,-0.0009650407068959588,0.0,-0.0009666134141467303
2009-10-26,-0.002845243776705586,-0.002845243776705586,0.0,-0.0028470398260602007
2009-10-27,0.001022759770420878,0.001022759770420878,0.0,0.0010209676545797452
2009-10-28,-0.0014857363128445433,-0.0014857363128445433,0.0,-0.0014873056501498345
2009-10-29,0.0013741871740151623,0.0013741871740151623,0.0,0.001372843568978102
2009-10-30,0.0007937128912538505,0.0007937128912538505,0.0,0.0007925920340953115
2009-11-02,0.0005737545520956289,0.0007025409464633814,0.257572788735412,0.0005718630247389561
2009-11-03,0.0006524832939074354,0.0006524832939074354,0.0,0.0006505944638120834
2009-11-04,0.0015134418529196836,0.0015134418529196836,0.0,0.0015118675604300627
2009-11-05,0.002723948922344288,0.002723948922344288,0.0,0.0027226889928938978
2009-11-06,0.0016303954506335927,0.0016303954506335927,0.0,0.0016285042224742417
2009-11-09,0.006320647508692767,0.006320647508692767,0.0,0.006318440145838295
2009-11-10,-0.000890890177658421,-0.000890890177658421,0.0,-0.0008931011232592802
2009-11-11,0.002306925540073834,0.002306925540073834,0.0,0.0023047150999084814
2009-11-12,-0.004846194217427935,-0.004846194217427935,0.0,-0.004848405963386548
2009-11-13,0.004848923151832718,0.004848923151832718,0.0,0.00484702973226116
2009-11-16,0.006338182478131671,0.006338182478131671,0.0,0.006335970743929721
2009-11-17,-0.00042856449871042646,-0.00042856449871042646,0.0,-0.00043046332667604853
2009-11-18,-0.0009209580038421761,-0.0009209580038421761,0.0,-0.0009222237513459261
2009-11-19,-0.002530621582176762,-0.002530621582176762,0.0,-0.0025312543077232424
2009-11-20,-0.0009057378190799881,-0.0009057378190799881,0.0,-0.0009063701363523779
2009-11-23,0.0038295508989778515,0.0038295508989778515,0.0,0.0038279704714427355
2009-11-24,0.0006659366052366167,0.0006659366052366167,0.0,0.0006643546376117648
2009-11-25,0.004557763166719742,0.004557763166719742,0.0,0.004556180931460479
2009-11-27,-0.005048154700766805,-0.005048154700766805,0.0,-0.005049105135972322
2009-11-30,0.0029845712217355658,0.0029845712217355658,0.0,0.0029826727871490027
2009-12-01,0.004035881356180493,0.0041444624397424246,0.21716216712383601,0.004033810682373235
2009-12-02,2.044545920432128e-05,2.044545920432128e-05,0.0,1.8725803176995054e-05
2009-12-03,-0.0018087334069062377,-0.0018087334069062377,0.0,-0.0018107970006275727
2009-12-04,-0.0050003089029008185,-0.0050003089029008185,0.0,-0.005002371921564819
2009-12-07,2.674647101574834e-05,2.674647101574834e-05,0.0,2.5372190410461236e-05
2009-12-08,-0.0019924751585064238,-0.0019924751585064238,0.0,-0.0019935058732334443
2009-12-09,-0.0002325343293879678,-0.0002325343293879678,0.0,-0.00023356472515872884
2009-12-10,-5.971361833889688e-07,-5.971361833889688e-07,0.0,-1.2840418753290177e-06
2009-12-11,-0.0015989060364629548,-0.0015989060364629548,0.0,-0.0015999363949052527
2009-12-14,0.003097316065350464,0.003097316065350464,0.0,0.0030959425959917078
2009-12-15,-0.0034467095298778005,-0.0034467095298778005,0.0,-0.0034484271919024458
2009-12-16,0.0023359495791461793,0.0023359495791461793,0.0,0.002334576186809516
2009-12-17,-0.004734268205467296,-0.004734268205467296,0.0,-0.004735642096320674
2009-12-18,0.000269282223255507,0.000269282223255507,0.0,0.0002675661286258388
2009-12-21,-0.0019626490506928773,-0.0019626490506928773,0.0,-0.0019653949175514147
2009-12-22,-0.0005729087577940328,-0.0005729087577940328,0.0,-0.0005756537815389104
2009-12-23,0.00230602846787753,0.00230602846787753,0.0,0.0023036267875702968
2009-12-24,0.0013768611101649952,0.0013768611101649952,0.0,0.0013751450061626313
2009-12-28,-9.301859815580293e-05,-9.301859815580293e-05,0.0,-9.679483771163718e-05
2009-12-29,-0.0008796845249275931,-0.0008796845249275931,0.0,-0.0008831174201800342
2009-12-30,-0.0007250022793690025,-0.0007250022793690025,0.0,-0.0007267184913145096
2009-12-31,-0.002198948011606805,-0.002198948011606805,0.0,-0.002201007232685486
2010-01-04,0.00744781222361679,0.007632785031281175,0.36994561532911596,0.0074457839585549855
2010-01-05,0.0012819482404320404,0.0012819482404320404,0.0,0.0012801816857284584
2010-01-06,0.00273408605735459,0.00273408605735459,0.0,0.0027325707578864343
2010-01-07,-0.0009189800408077042,-0.0009189800408077042,0.0,-0.0009202447572947104
2010-01-08,0.0024895330062393306,0.0024895330062393306,0.0,0.002488268951484331
2010-01-11,0.0007524823919082824,0.0007524823919082824,0.0,0.0007514697175508276
2010-01-12,-0.005095116763388918,-0.005095116763388918,0.0,-0.005096383146425419
2010-01-13,0.002181989798868633,0.002181989798868633,0.0,0.002180474550085747
2010-01-14,7.185262562714456e-06,7.185262562714456e-06,0.0,5.920984540550704e-06
2010-01-15,-0.0041606104794013055,-0.0041606104794013055,0.0,-0.004162127619234622
2010-01-19,0.0036050083617058526,0.0036050083617058526,0.0,0.0036034948308757307
2010-01-20,-0.007435286792311202,-0.007435286792311202,0.0,-0.0074365506645274315
2010-01-21,-0.005872128469753934,-0.005872128469753934,0.0,-0.005873638641912725
2010-01-22,-0.004961215742953162,-0.004961215742953162,0.0,-0.00496272077157511
2010-01-25,0.0015505849891814805,0.0015505849891814805,0.0,0.0015490843278734624
2010-01-26,-0.0032052341866961598,-0.0032052341866961598,0.0,-0.003206986548217236
2010-01-27,-0.001313991731686448,-0.001313991731686448,0.0,-0.0013159906622616704
2010-01-28,-0.002680153142374464,-0.002680153142374464,0.0,-0.002682150526093055
2010-01-29,-0.0033918449173390153,-0.0033918449173390153,0.0,-0.0033938391374502296
2010-02-01,0.006138616700600341,0.006192439362998625,0.10764532479621632,0.006135792766622145
2010-02-02,0.004511844186981806,0.004511844186981806,0.0,0.004509023979461347
2010-02-03,-0.0019054276289439676,-0.0019054276289439676,0.0,-0.0019082529930056075
2010-02-04,-0.013661632292434667,-0.013661632292434667,0.0,-0.013664173156423914
2010-02-05,-0.0017234558677821088,-0.0017234558677821088,0.0,-0.001726263189766504
2010-02-08,-0.0025683332717002516,-0.0025683332717002516,0.0,-0.0025716996529583547
2010-02-09,0.005876807258587746,0.005876807258587746,0.0,0.005873444470728135
2010-02-10,-0.0015762017532623407,-0.0015762017532623407,0.0,-0.0015792918019100926
2010-02-11,0.004421966701819047,0.004421966701819047,0.0,0.004418878666049649
2010-02-12,-0.001469320612406566,-0.001469320612406566,0.0,-0.001472133028727064
2010-02-16,0.00855728735969774,0.00855728735969774,0.0,0.008554476644172337
2010-02-17,0.00027490377023275947,0.00027490377023275947,0.0,0.0002720832333623415
2010-02-18,0.003102949262202337,0.003102949262202337,0.0,0.003100128409906873
2010-02-19,-0.00020508446565892235,-0.00020508446565892235,0.0,-0.00020819130743134236
2010-02-22,-0.00017606495679922674,-0.00017606495679922674,0.0,-0.00017917154047373052
2010-02-23,-0.006138108691645883,-0.006138108691645883,0.0,-0.006141497450255151
2010-02-24,0.0030051648465556635,0.0030051648465556635,0.0,0.0030017845685214213
2010-02-25,-0.0017141015911099622,-0.0017141015911099622,0.0,-0.0017177680435210198
2010-02-26,0.0036345782720956787,0.0036345782720956787,0.0,0.0036309143819923386
2010-03-01,0.0018913175994355047,0.0020484862241270108,0.314337249383178,0.0018867977770142031
2010-03-02,0.0033132890581042407,0.0033132890581042407,0.0,0.0033084275803119275
2010-03-03,0.002242420941493739,0.002242420941493739,0.0,0.0022375571716155103
2010-03-04,-0.0018757140704920294,-0.0018757140704920294,0.0,-0.00188057938817412
2010-03-05,0.003956388808748379,0.003956388808748379,0.0,0.003951177358148197
2010-03-08,3.347981060741745e-05,3.347981060741745e-05,0.0,2.791781545365979e-05
2010-03-09,0.0005396988044921169,0.0005396988044921169,0.0,0.0005341367829835599
2010-03-10,0.0005576620285927536,0.0005576620285927536,0.0,0.0005524472353532745
2010-03-11,0.0005165319244444522,0.0005165319244444522,0.0,0.0005109690398205726
2010-03-12,0.001041893628008328,0.001041893628008328,0.0,0.001036678043094765
2010-03-15,-0.001987945187815421,-0.001987945187815421,0.0,-0.001993857053163447
2010-03-16,0.005308360338895035,0.005308360338895035,0.0,0.005302797794172382
2010-03-17,0.002130563267810359,0.002130563267810359,0.0,0.002125344487914121
2010-03-18,-0.002273826914929722,-0.002273826914929722,0.0,-0.0022793952771235845
2010-03-19,-0.004672335694280716,-0.004672335694280716,0.0,-0.004677902276923732
2010-03-22,0.002518892943392581,0.002518892943392581,0.0,0.0025136777163954917
2010-03-23,0.0005216709655191387,0.0005216709655191387,0.0,0.0005168016916517538
2010-03-24,-0.007108580547738996,-0.007108580547738996,0.0,-0.0071134501794329445
2010-03-25,-0.002093689729356085,-0.002093689729356085,0.0,-0.0020985544501958106
2010-03-26,0.00297651418163003,0.00297651418163003,0.0,0.0029716509102185066
2010-03-29,0.004437429763203715,0.004437429763203715,0.0,0.004432216914035953
2010-03-30,0.00015088530841445014,0.00015088530841445014,0.0,0.0001453214510379309
2010-03-31,-6.757987040872937e-05,-6.757987040872937e-05,0.0,-7.314384626499372e-05
2010-04-01,0.003933165140076467,0.0041138458751606155,0.36136147016851433,0.00392798465976308
2010-04-05,0.0004494999859223636,0.0004494999859223636,0.0,0.0004436869934934457
2010-04-06,0.0016918984938461001,0.0016918984938461001,0.0,0.0016864078811301747
2010-04-07,-0.0005506654486530094,-0.0005506654486530094,0.0,-0.0005561581818229081
2010-04-08,0.00043587966711355897,0.00043587966711355897,0.0,0.00043038762447213303
2010-04-09,0.003181306021715402,0.003181306021715402,0.0,0.003176136526193862
2010-04-12,-9.759667042286146e-05,-9.759667042286146e-05,0.0,-0.00010276990706391555
2010-04-13,0.0007586084029815865,0.0007586084029815865,0.0,0.0007534352811224628
2010-04-14,0.004012465562262424,0.004012465562262424,0.0,0.004007291548892031
2010-04-15,-0.0003190410155359258,-0.0003190410155359258,0.0,-0.0003242197254828234
2010-04-16,-0.005973501144508009,-0.005973501144508009,0.0,-0.005978679480899366
2010-04-19,-0.0018350168389215105,-0.0018350168389215105,0.0,-0.0018401881390889426
2010-04-20,0.0022843856036973698,0.0022843856036973698,0.0,0.0022792164689812554
2010-04-21,0.0003213062297968694,0.0003213062297968694,0.0,0.00031645764450559453
2010-04-22,-0.0009718914710230564,-0.0009718914710230564,0.0,-0.0009770636735124223
2010-04-23,0.003293182195950539,0.003293182195950539,0.0,0.003288011138494034
2010-04-26,-0.00026685336646570246,-0.00026685336646570246,0.0,-0.00027202829104602225
2010-04-27,-0.007404322337081881,-0.007404322337081881,0.0,-0.007409496948217514
2010-04-28,0.0010715205976608022,0.0010715205976608022,0.0,0.0010663547484831071
2010-04-29,0.005893055806262648,0.005893055806262648,0.0,0.005887565745712341
2010-04-30,-0.0021475113508040433,-0.0021475113508040433,0.0,-0.0021526853919303372
2010-05-03,0.001446998672065103,0.0015775814438594438,0.26116554358881705,0.001440899067774903
2010-05-04,-0.010845139705283002,-0.010845139705283002,0.0,-0.010850881532191601
2010-05-05,-0.005023155267752877,-0.005023155267752877,0.0,-0.005028531987351887
2010-05-06,-0.007818565580135384,-0.007818565580135384,0.0,-0.00782250637660245
2010-05-07,-0.0017006545329502076,-0.0017006545329502076,0.0,-0.0017053078865460324
2010-05-10,0.011923843285662539,0.011923843285662539,0.0,0.011918117140849333
2010-05-11,-0.00037668016329250875,-0.00037668016329250875,0.0,-0.00038241364985199433
2010-05-12,0.003598986892830558,0.003598986892830558,0.0,0.0035932536382878993
2010-05-13,-0.0031685554435918473,-0.0031685554435918473,0.0,-0.0031742909069873517
2010-05-14,-0.005505903103613319,-0.005505903103613319,0.0,-0.005511636616148838
2010-05-17,-0.001895025253789151,-0.001895025253789151,0.0,-0.0019007553576061167
2010-05-18,-0.004257335098440618,-0.004257335098440618,0.0,-0.004263422084838566
2010-05-19,-0.0022628630673616756,-0.0022628630673616756,0.0,-0.0022689472359865275
2010-05-20,-0.00886283908299923,-0.00886283908299923,0.0,-0.00886892175052168
2010-05-21,0.00470533164940079,0.00470533164940079,0.0,0.004699254913741859
2010-05-24,-0.0028652112715721323,-0.0028652112715721323,0.0,-0.0028712911417422106
2010-05-25,-0.0016825906018982373,-0.0016825906018982373,0.0,-0.0016886685578901346
2010-05-26,-0.0017868023123343013,-0.0017868023123343013,0.0,-0.0017928791423336289
2010-05-27,0.010538253965486133,0.010538253965486133,0.0,0.010532178333358394
2010-05-28,-0.0015842095801994471,-0.0015842095801994471,0.0,-0.001589934402123668
2010-06-01,-0.004246537487487045,-0.003992446877501554,0.508181219971121,-0.004251308216952731
2010-06-02,0.001973406919007603,0.001973406919007603,0.0,0.001968627741043953
2010-06-03,-0.0011768382484874662,-0.0011768382484874662,0.0,-0.0011810227348830271
2010-06-04,0.0010521903876128391,0.0010521903876128391,0.0,0.0010480075166450042
2010-06-07,9.356303312779701e-05,9.356303312779701e-05,0.0,8.997647846329253e-05
2010-06-08,0.00022551289511807404,0.00022551289511807404,0.0,0.00022192623049453755
2010-06-09,-0.0007642962646322582,-0.0007642962646322582,0.0,-0.0007672853726285815
2010-06-10,9.719687998321902e-05,9.719687998321902e-05,0.0,9.420852091690903e-05
2010-06-11,0.002973570046306717,0.002973570046306717,0.0,0.0029711792828668927
2010-06-14,-0.001212024583364113,-0.001212024583364113,0.0,-0.0012141185347795474
2010-06-15,0.0021247873492491465,0.0021247873492491465,0.0,0.002122096192912319
2010-06-16,0.0006178306207924589,0.0006178306207924589,0.0,0.0006148383732787056
2010-06-17,0.0021368210483447836,0.0021368210483447836,0.0,0.0021341274832114925
2010-06-18,0.0005001946301903537,0.0005001946301903537,0.0,0.0004969002072263093
2010-06-21,0.0002553979644459581,0.0002553979644459581,0.0,0.00025180346455553444
2010-06-22,-0.0003090283521922643,-0.0003090283521922643,0.0,-0.00031292271665664796
2010-06-23,0.0013325229885068346,0.0013325229885068346,0.0,0.0013286290148880804
2010-06-24,-0.003255943734425837,-0.003255943734425837,0.0,-0.00325983939111902
2010-06-25,0.0018744234454495246,0.0018744234454495246,0.0,0.0018705319146862733
2010-06-28,0.0010071017204575927,0.0010071017204575927,0.0,0.0010020096953046041
2010-06-29,-0.002532667369348207,-0.002532667369348207,0.0,-0.002537161801021718
2010-06-30,-0.0012301992188611388,-0.0012301992188611388,0.0,-0.001235588094617929
2010-07-01,-0.0024338304236609654,-0.0023782950142362536,0.11107081884947373,-0.0024386585808655794
2010-07-02,-0.000877683349621905,-0.000877683349621905,0.0,-0.0008825103592852757
2010-07-06,0.0005650180174578967,0.0005650180174578967,0.0,0.0005601926935678307
2010-07-07,0.0007541701843976067,0.0007541701843976067,0.0,0.0007496276822688725
2010-07-08,-0.000613582379176858,-0.000613582379176858,0.0,-0.0006178422513621952
2010-07-09,0.0013490444622863418,0.0013490444622863418,0.0,0.0013445017070285406
2010-07-12,0.0002384423022625537,0.0002384423022625537,0.0,0.00023389711330508027
2010-07-13,-8.14326909603924e-05,-8.14326909603924e-05,0.0,-8.56942087813216e-05
2010-07-14,0.000741538771728445,0.000741538771728445,0.0,0.0007372773916102641
2010-07-15,-0.000713524614378902,-0.000713524614378902,0.0,-0.0007177872475106063
2010-07-16,-0.0020391276255407043,-0.0020391276255407043,0.0,-0.002043389052134852
2010-07-19,4.193808905372798e-05,4.193808905372798e-05,0.0,3.711238804648662e-05
2010-07-20,0.002621901339195487,0.002621901339195487,0.0,0.0026173594271589077
2010-07-21,0.001639171048855026,0.001639171048855026,0.0,0.0016346244106625824
2010-07-22,0.0010152875358069302,0.0010152875358069302,0.0,0.001010737947732312
2010-07-23,-0.0003723937103005115,-0.0003723937103005115,0.0,-0.00037694512365195234
2010-07-26,0.0008581263648157478,0.0008581263648157478,0.0,0.0008535756212005173
2010-07-27,-0.0017417650850625188,-0.0017417650850625188,0.0,-0.0017460328528128006
2010-07-28,1.1665041504738127e-05,1.1665041504738127e-05,0.0,7.4002130745186125e-06
2010-07-29,-0.0007805565354795929,-0.0007805565354795929,0.0,-0.000784821383594953
2010-07-30,0.0018493799288530344,0.0018493799288530344,0.0,0.0018451163989814227
2010-08-02,-0.000422015015614452,-0.00032230360403540104,0.1994228231581657,-0.00042717821527832447
2010-08-03,0.0007040816792811544,0.0007040816792811544,0.0,0.0006989197345604576
2010-08-04,0.00041748085975168436,0.00041748085975168436,0.0,0.00041231807968997473
2010-08-05,0.0007118854326908508,0.0007118854326908508,0.0,0.000707044862223401
2010-08-06,0.00018013989976228828,0.00018013989976228828,0.0,0.00017529853837619372
2010-08-09,0.0004222599496874757,0.0004222599496874757,0.0,0.00041741838819847436
2010-08-10,0.0009010065040917503,0.0009010065040917503,0.0,0.0008961644737461576
2010-08-11,-0.0004961869226880466,-0.0004961869226880466,0.0,-0.0005010299525661726
2010-08-12,-0.00030870734707522107,-0.00030870734707522107,0.0,-0.0003138726581785499
2010-08-13,0.001310119670503207,0.001310119670503207,0.0,0.0013052775340844807
2010-08-16,0.0030717653729672723,0.0030717653729672723,0.0,0.00306659887796057
2010-08-17,0.00026964264941664595,0.00026964264941664595,0.0,0.00026414940021797593
2010-08-18,0.0003277082539445697,0.0003277082539445697,0.0,0.000322537819204604
2010-08-19,-0.00033455596958076317,-0.00033455596958076317,0.0,-0.0003397267904873647
2010-08-20,-0.00013304438840944233,-0.00013304438840944233,0.0,-0.00013789166328954776
2010-08-23,0.0004934870651558398,0.0004934870651558398,0.0,0.0004883167954679678
2010-08-24,0.0007311552789213138,0.0007311552789213138,0.0,0.000725984427730413
2010-08-25,0.0001189143464972453,0.0001189143464972453,0.0,0.00011374263437522437
2010-08-26,0.0004430088751896655,0.0004430088751896655,0.0,0.0004378370230633365
2010-08-27,-0.0016962936443872811,-0.0016962936443872811,0.0,-0.00170114274451891
2010-08-30,0.0021018867369213545,0.0021018867369213545,0.0,0.002097362659822184
2010-08-31,0.0022951373579211953,0.0022951373579211953,0.0,0.0022906111173185773
2010-09-01,-0.0003467014480886821,-0.00016629674979495856,0.3608093965876823,-0.00035178423613067323
2010-09-02,0.0004440413513719932,0.0004440413513719932,0.0,0.0004385623416311719
2010-09-03,-0.0011787278747004137,-0.0011787278747004137,0.0,-0.001184206918415656
2010-09-07,0.0032024246839541526,0.0032024246839541526,0.0,0.00319694573053198
2010-09-08,-0.0005530230665776736,-0.0005530230665776736,0.0,-0.0005585022645293215
2010-09-09,-0.0025584480308599167,-0.0025584480308599167,0.0,-0.002563927186560683
2010-09-10,-3.9038511803979326e-05,-3.9038511803979326e-05,0.0,-4.45174715383173e-05
2010-09-13,0.0030741549639310417,0.0030741549639310417,0.0,0.003068284653133862
2010-09-14,0.0013977205705162365,0.0013977205705162365,0.0,0.001391850008195903
2010-09-15,-0.0014241679522007944,-0.0014241679522007944,0.0,-0.0014300386287210934
2010-09-16,-0.0007538054894058455,-0.0007538054894058455,0.0,-0.000760067420065591
2010-09-17,0.0010076487991694805,0.0010076487991694805,0.0,0.0010013869343482582
2010-09-20,0.0026096686388634716,0.0026096686388634716,0.0,0.0026030153140748683
2010-09-21,0.002899947395602842,0.002899947395602842,0.0,0.0028932938295095248
2010-09-22,-0.0005363086732566025,-0.0005363086732566025,0.0,-0.0005425711047516486
2010-09-23,8.228818957767281e-05,8.228818957767281e-05,0.0,7.602580464570578e-05
2010-09-24,-0.00038327061886378466,-0.00038327061886378466,0.0,-0.0003891416114348063
2010-09-27,0.001249813887801654,0.001249813887801654,0.0,0.0012435515290120155
2010-09-28,0.0020921015140131782,0.0020921015140131782,0.0,0.002085839046815743
2010-09-29,-0.0002744309874885831,-0.0002744309874885831,0.0,-0.0002806936357742738
2010-09-30,0.0007905101904404077,0.0007905101904404077,0.0,0.0007842475659154525
2010-10-01,-0.0003798473142906378,-0.00026145553424961054,0.2367835600820382,-0.0003870577634738842
2010-10-04,-0.0011688417881371427,-0.0011688417881371427,0.0,-0.0011747017078963982
2010-10-05,0.007375814178613549,0.007375814178613549,0.0,0.007370404264492279
2010-10-06,0.0016605134009288758,0.0016605134009288758,0.0,0.0016546578006156002
2010-10-07,-0.0008157466303477801,-0.0008157466303477801,0.0,-0.0008216010754171233
2010-10-08,0.005871961719186025,0.005871961719186025,0.0,0.005866557091746234
2010-10-11,0.0008254136142875623,0.0008254136142875623,0.0,0.0008200127388590652
2010-10-12,-0.0007052510190218575,-0.0007052510190218575,0.0,-0.0007111013965076093
2010-10-13,0.004101344494480408,0.004101344494480408,0.0,0.00409549362886542
2010-10-14,-0.001095072474852743,-0.001095072474852743,0.0,-0.0011013703624938866
2010-10-15,-0.0012865424848352847,-0.0012865424848352847,0.0,-0.0012928411862750309
2010-10-18,0.0022270759312155164,0.0022270759312155164,0.0,0.0022203262968296606
2010-10-19,-0.004492326768210875,-0.004492326768210875,0.0,-0.004498624773479122
2010-10-20,0.003854679703273911,0.003854679703273911,0.0,0.0038483783476279546
2010-10-21,-0.003061062115140678,-0.003061062115140678,0.0,-0.003066910714729092
2010-10-22,0.0009839627139505147,0.0009839627139505147,0.0,0.0009781119961449307
2010-10-25,0.003168619348179691,0.003168619348179691,0.0,0.0031623193077036957
2010-10-26,-0.001419562557808951,-0.001419562557808951,0.0,-0.0014258602467467523
2010-10-27,-0.003476313200832859,-0.003476313200832859,0.0,-0.0034826119447730645
2010-10-28,0.0024558693454572733,0.0024558693454572733,0.0,0.0024500181044137806
2010-10-29,0.0026536838826367593,0.0026536838826367593,0.0,0.0026482843031040725
2010-11-01,-0.000358746156477463,-0.00024331966378798864,0.23085298537897023,-0.00036433805260580564
2010-11-02,0.003952980378768789,0.003952980378768789,0.0,0.0039473992364796665
2010-11-03,0.00039295634277713987,0.00039295634277713987,0.0,0.0003873768637002351
2010-11-04,0.010384916555526758,0.010384916555526758,0.0,0.010379337241720864
2010-11-05,-0.001040822912931394,-0.001040822912931394,0.0,-0.001046397903903475
2010-11-08,0.000868702175863767,0.000868702175863767,0.0,0.0008631267511864834
2010-11-09,-0.007587587165116316,-0.007587587165116316,0.0,-0.007593162228124348
2010-11-10,0.0017178038421472586,0.0017178038421472586,0.0,0.001712225596025289
2010-11-11,-0.0030790053764823133,-0.0030790053764823133,0.0,-0.003084582903193955
2010-11-12,-0.008663439491613079,-0.008663439491613079,0.0,-0.008669018311784127
2010-11-15,-0.004795698773734536,-0.004795698773734536,0.0,-0.004801710687550921
2010-11-16,-0.005424354635751194,-0.005424354635751194,0.0,-0.0054307983281648075
2010-11-17,0.0016317804303653816,0.0016317804303653816,0.0,0.0016257638165022407
2010-11-18,0.007847694591540888,0.007847694591540888,0.0,0.007841249024316373
2010-11-19,0.0001409207513427546,0.0001409207513427546,0.0,0.00013490847282221618
2010-11-22,0.001502621163007145,0.001502621163007145,0.0,0.0014961795049701484
2010-11-23,-0.004504548022160937,-0.004504548022160937,0.0,-0.004510988946102899
2010-11-24,0.0015388506852156425,0.0015388506852156425,0.0,0.0015319780083461198
2010-11-26,-0.0031602250071935956,-0.0031602250071935956,0.0,-0.003167096879757855
2010-11-29,0.0014806351025613562,0.0014806351025613562,0.0,0.001472902381824885
2010-11-30,0.0003727097845607208,0.0003727097845607208,0.0,0.0003654074830532554
2010-12-01,0.0028827083188520675,0.0030141566843322476,0.26289673096036725,0.0028761027064882045
2010-12-02,0.0022227290083007833,0.0022227290083007833,0.0,0.002216139259822537
2010-12-03,0.0018276296620856058,0.0018276296620856058,0.0,0.0018218640989570646
2010-12-06,0.002541051186605081,0.002541051186605081,0.0,0.0025348742080200824
2010-12-07,-0.0049570645693223225,-0.0049570645693223225,0.0,-0.004962829218018615
2010-12-08,-0.003711089740451645,-0.003711089740451645,0.0,-0.003717267265824531
2010-12-09,0.0004429519076742938,0.0004429519076742938,0.0,0.0004371854345923991
2010-12-10,-0.0003251481774719789,-0.0003251481774719789,0.0,-0.0003305026729048509
2010-12-13,0.002243181595615873,0.002243181595615873,0.0,0.00223700325818553
2010-12-14,-0.002002846441374495,-0.002002846441374495,0.0,-0.002009024273077863
2010-12-15,-0.0035072237130852058,-0.0035072237130852058,0.0,-0.0035129901116278087
2010-12-16,0.0023161126778075136,0.0023161126778075136,0.0,0.002310757475804385
2010-12-17,0.0036212854624382285,0.0036212854624382285,0.0,0.0036167545218197023
2010-12-20,0.0011558874139609987,0.0011558874139609987,0.0,0.0011501215239458134
2010-12-21,0.003195131432247811,0.003195131432247811,0.0,0.003189365785074882
2010-12-22,0.0004080210918044891,0.0004080210918044891,0.0,0.00040225611376392464
2010-12-23,-0.0014003766120128658,-0.0014003766120128658,0.0,-0.00140614150463949
2010-12-27,0.0011854512233770986,0.0011854512233770986,0.0,0.0011784506401482549
2010-12-28,-0.0009417580551123184,-0.0009417580551123184,0.0,-0.0009479347743721184
2010-12-29,0.004994034078960485,0.004994034078960485,0.0,0.004988680738993304
2010-12-30,-0.0010590836684719607,-0.0010590836684719607,0.0,-0.0010640243203876736
2010-12-31,0.00260185690150716,0.00260185690150716,0.0,0.00259691606008255
2011-01-03,0.002074683079241302,0.002193800504650678,0.23823485081857934,0.002069613801881452
2011-01-04,-0.001346263014622484,-0.001346263014622484,0.0,-0.0013509913941757714
2011-01-05,-0.002653942770164064,-0.002653942770164064,0.0,-0.002658670034619678
2011-01-06,-0.0004489418324997718,-0.0004489418324997718,0.0,-0.0004540043971807552
2011-01-07,0.0005276608374011893,0.0005276608374011893,0.0,0.0005229361500437629
2011-01-10,0.00094437590064822,0.00094437590064822,0.0,0.0009393132661380532
2011-01-11,0.0012198386679871387,0.0012198386679871387,0.0,0.0012147751940146422
2011-01-12,0.0034401482351056334,0.0034401482351056334,0.0,0.0034350836781311183
2011-01-13,7.381914927684363e-05,7.381914927684363e-05,0.0,6.875154852727545e-05
2011-01-14,-0.00012881419070642774,-0.00012881419070642774,0.0,-0.00013388185676489677
2011-01-18,0.0009726470096351747,0.0009726470096351747,0.0,0.0009672416207498906
2011-01-19,-0.0017746112591463525,-0.0017746112591463525,0.0,-0.0017800175651408472
2011-01-20,-0.005177977376523146,-0.005177977376523146,0.0,-0.005183382006261352
2011-01-21,0.0003697516696088421,0.0003697516696088421,0.0,0.00036435195632424425
2011-01-24,0.001736429821831198,0.001736429821831198,0.0,0.0017310297575997174
2011-01-25,0.0014222185940793164,0.0014222185940793164,0.0,0.0014168168845860392
2011-01-26,0.0012572433146298412,0.0012572433146298412,0.0,0.0012518402595027031
2011-01-27,0.00015076296311700155,0.00015076296311700155,0.0,0.0001456964851397167
2011-01-28,-0.0039953330035424894,-0.0039953330035424894,0.0,-0.004000399615060999
2011-01-31,0.0017416771990714786,0.0017416771990714786,0.0,0.0017366141406927988
2011-02-01,0.0042360326497463685,0.00427943524363994,0.08680518778733279,0.004230931955480564
2011-02-02,-0.0007403145448183768,-0.0007403145448183768,0.0,-0.0007457463710185541
2011-02-03,-0.0006114721549704827,-0.0006114721549704827,0.0,-0.0006162244081992414
2011-02-04,-0.002054575581884266,-0.002054575581884266,0.0,-0.0020596667551677126
2011-02-07,0.00045165756487008935,0.00045165756487008935,0.0,0.0004462288712974866
2011-02-08,0.0006819643058897373,0.0006819643058897373,0.0,0.000676874516069612
2011-02-09,-0.0010392407874336707,-0.0010392407874336707,0.0,-0.0010439918065975563
2011-02-10,-0.0019707094489841426,-0.0019707094489841426,0.0,-0.0019747810337158844
2011-02-11,0.0024516613067908644,0.0024516613067908644,0.0,0.0024475910851656157
2011-02-14,0.0016664843168077148,0.0016664843168077148,0.0,0.0016620730774527482
2011-02-15,-0.001119501395869693,-0.001119501395869693,0.0,-0.0011239138788339059
2011-02-16,0.002363475942551041,0.002363475942551041,0.0,0.0023594036533789216
2011-02-17,0.003533224060051854,0.003533224060051854,0.0,0.0035301686236377137
2011-02-18,0.001518251480838284,0.001518251480838284,0.0,0.0015148545329368985
2011-02-22,-0.00398901050126832,-0.00398901050126832,0.0,-0.003993087878035624
2011-02-23,0.0009420750558435387,0.0009420750558435387,0.0,0.0009380004206015668
2011-02-24,-0.00019584493523716606,-0.00019584493523716606,0.0,-0.00020025982417023309
2011-02-25,0.006366742013615756,0.006366742013615756,0.0,0.006362327270388762
2011-02-28,0.002618861321952215,0.002618861321952215,0.0,0.0026137619565297166
2011-03-01,-0.0026085187038035196,-0.0024930204862678718,0.23099643507120884,-0.002614480811207115
2011-03-02,0.0008769884588282206,0.0008769884588282206,0.0,0.0008714534892627516
2011-03-03,0.0029214928210454794,0.0029214928210454794,0.0,0.002915958181148512
2011-03-04,0.0019780479172784027,0.0019780479172784027,0.0,0.0019729400296982914
2011-03-07,-0.003901079052634482,-0.003901079052634482,0.0,-0.003905760656814999
2011-03-08,0.0009521490325603565,0.0009521490325603565,0.0,0.0009474661887556405
2011-03-09,0.00060782727786024,0.00060782727786024,0.0,0.0006035704219207677
2011-03-10,-0.007629439416152128,-0.007629439416152128,0.0,-0.007632844760652834
2011-03-11,0.0013952292707499758,0.0013952292707499758,0.0,0.0013918221522879715
2011-03-14,-0.002443615579167835,-0.002443615579167835,0.0,-0.0024474482229824364
2011-03-15,-0.006888006271509872,-0.006888006271509872,0.0,-0.006892265475607476
2011-03-16,-0.003977274989131141,-0.003977274989131141,0.0,-0.003981536211194824
2011-03-17,0.00859541046878376,0.00859541046878376,0.0,0.008592000555238762
2011-03-18,0.003197177644745919,0.003197177644745919,0.0,0.0031941957250773913
2011-03-21,0.005529885150929115,0.005529885150929115,0.0,0.0055256261951138076
2011-03-22,0.000420778873235772,0.000420778873235772,0.0,0.00041652151612762555
2011-03-23,0.00022974608654902084,0.00022974608654902084,0.0,0.00022591457458928413
2011-03-24,0.0017854768491785133,0.0017854768491785133,0.0,0.0017816453969581923
2011-03-25,-0.001733102251747276,-0.001733102251747276,0.0,-0.001736933240528851
2011-03-28,-0.002345549869707808,-0.002345549869707808,0.0,-0.002350232740094067
2011-03-29,0.0008364920675709708,0.0008364920675709708,0.0,0.0008322342334496814
2011-03-30,0.004344390689559274,0.004344390689559274,0.0,0.0043401330974670305
2011-03-31,0.0016655713439102104,0.0016655713439102104,0.0,0.0016617406374317164
2011-04-01,0.002636695201577055,0.002730115836863778,0.18684127057317815,0.0026339418256596738
2011-04-04,0.0031099384665855823,0.0031099384665855823,0.0,0.0031075772787697784
2011-04-05,-0.0005405267415833359,-0.0005405267415833359,0.0,-0.0005432815321904603
2011-04-06,-0.00018668940898181052,-0.00018668940898181052,0.0,-0.0001890506474177169
2011-04-07,0.0003126284664209944,0.0003126284664209944,0.0,0.00031105430991777147
2011-04-08,0.001676677907675339,0.001676677907675339,0.0,0.001675103747063873
2011-04-11,-0.0027892551681952815,-0.0027892551681952815,0.0,-0.002791222896454993
2011-04-12,-0.0013645796103324281,-0.0013645796103324281,0.0,-0.001366547292723975
2011-04-13,0.0023577214225714016,0.0023577214225714016,0.0,0.002355360230666288
2011-04-14,0.0012723247358426004,0.0012723247358426004,0.0,0.001269569957726506
2011-04-15,0.004233282113797587,0.004233282113797587,0.0,0.004230527306455639
2011-04-18,-0.003636577747475056,-0.003636577747475056,0.0,-0.0036393326516474286
2011-04-19,0.003453360779175574,0.003453360779175574,0.0,0.003450999504300893
2011-04-20,0.005718275796720906,0.005718275796720906,0.0,0.005715914454126557
2011-04-21,0.00298867062629693,0.00298867062629693,0.0,0.002986309172205981
2011-04-25,0.00041000444982475237,0.00041000444982475237,0.0,0.00040724935226826793
2011-04-26,0.0027084814226141507,0.0027084814226141507,0.0,0.0027057263157624855
2011-04-27,0.0025124729566525783,0.0025124729566525783,0.0,0.0025101113840043624
2011-04-28,0.0008979717432415768,0.0008979717432415768,0.0,0.0008963973290967487
2011-04-29,0.002326219324972234,0.002326219324972234,0.0,0.0023246448992652294
2011-05-02,-0.0028315952224938767,-0.002785122225928527,0.09294599313067482,-0.0028336865891464406
2011-05-03,-0.0029534921346944243,-0.0029534921346944243,0.0,-0.0029547479357272333
2011-05-04,-0.003597917912428694,-0.003597917912428694,0.0,-0.003599173906969435
2011-05-05,-0.008794764761800633,-0.008794764761800633,0.0,-0.008795602249215023
2011-05-06,0.0006030557464031805,0.0006030557464031805,0.0,0.0006022178700352681
2011-05-09,0.005126758842847856,0.005126758842847856,0.0,0.005125502068277606
2011-05-10,0.00155782468970167,0.00155782468970167,0.0,0.0015565682532935495
2011-05-11,-0.007367840604526665,-0.007367840604526665,0.0,-0.007369096938340155
2011-05-12,9.254044204465295e-05,9.254044204465295e-05,0.0,9.17025602822658e-05
2011-05-13,-0.0033279286310246015,-0.0033279286310246015,0.0,-0.00332918544752902
2011-05-16,-0.0010255430107602992,-0.0010255430107602992,0.0,-0.0010272190614502037
2011-05-17,0.0015658956552331293,0.0015658956552331293,0.0,0.0015642195134337664
2011-05-18,0.0027962691683278695,0.0027962691683278695,0.0,0.0027941741646999203
2011-05-19,-0.00013747474753900146,-0.00013747474753900146,0.0,-0.0001395694419905503
2011-05-20,-0.001968082370658042,-0.001968082370658042,0.0,-0.0019701770803119156
2011-05-23,-0.005556378967604747,-0.005556378967604747,0.0,-0.005558892880867363
2011-05-24,0.0030873393438553,0.0030873393438553,0.0,0.0030848246876837545
2011-05-25,0.0021028029954399674,0.0021028029954399674,0.0,0.002100288750786898
2011-05-26,0.004237183093112273,0.004237183093112273,0.0,0.004235088122317413
2011-05-27,0.0041044833371042255,0.0041044833371042255,0.0,0.004102388833993224
2011-05-31,0.004527946545496375,0.004527946545496375,0.0,0.004525433683185283
2011-06-01,-0.004403040765996624,-0.004314388512585254,0.17730450682273252,-0.004405393522116754
2011-06-02,-0.0013020664788546688,-0.0013020664788546688,0.0,-0.0013039489302785607
2011-06-03,0.0005980077849376819,0.0005980077849376819,0.0,0.0005961249487080387
2011-06-06,-0.0046866783453846095,-0.0046866783453846095,0.0,-0.004689031669888672
2011-06-07,0.0032108632202576537,0.0032108632202576537,0.0,0.0032085081572959776
2011-06-08,-0.0012013659731917592,-0.0012013659731917592,0.0,-0.0012032490737909326
2011-06-09,-0.0003656264142990473,-0.0003656264142990473,0.0,-0.00036798073478589154
2011-06-10,-0.006347705452588115,-0.006347705452588115,0.0,-0.006350059908476989
2011-06-13,-0.0009744827799411659,-0.0009744827799411659,0.0,-0.0009768396015859694
2011-06-14,0.002351751571161964,0.002351751571161964,0.0,0.0023493943859783694
2011-06-15,-0.004565761610990204,-0.004565761610990204,0.0,-0.004568117920892038
2011-06-16,-0.0018318760850353222,-0.0018318760850353222,0.0,-0.0018342341020298116
2011-06-17,0.0025485693026245926,0.0025485693026245926,0.0,0.002546682340087273
2011-06-20,0.0011062632221021662,0.0011062632221021662,0.0,0.0011048485715231418
2011-06-21,0.005353540655746558,0.005353540655746558,0.0,0.00535212625288937
2011-06-22,-0.002926646119997822,-0.002926646119997822,0.0,-0.002927588260291373
2011-06-23,-0.0005928154413310516,-0.0005928154413310516,0.0,-0.0005932867294037284
2011-06-24,-0.002269842887855811,-0.002269842887855811,0.0,-0.0022707855523387806
2011-06-27,0.00011080286103370973,0.00011080286103370973,0.0,0.00010985985754358401
2011-06-28,0.0017723476214515088,0.0017723476214515088,0.0,0.0017709331410366291
2011-06-29,0.0035211529596750335,0.0035211529596750335,0.0,0.0035202102369390827
2011-06-30,0.0018230358525919144,0.0018230358525919144,0.0,0.0018216225530829756
2011-07-01,0.0034608379507430342,0.0035574905093551656,0.1933051172241556,0.0034599679611851592
2011-07-05,0.002618517384998409,0.002618517384998409,0.0,0.002617648124038179
2011-07-06,0.00012698373426478504,0.00012698373426478504,0.0,0.00012654920251939925
2011-07-07,0.003124353003524316,0.003124353003524316,0.0,0.003123049422650614
2011-07-08,-0.00010717524844694459,-0.00010717524844694459,0.0,-0.00010847847704233197
2011-07-11,-0.005666566278648699,-0.005666566278648699,0.0,-0.005667869519329649
2011-07-12,0.0007107672168646939,0.0007107672168646939,0.0,0.0007094633335547855
2011-07-13,0.005934371486832957,0.005934371486832957,0.0,0.005933936885912591
2011-07-14,-0.00429946993649577,-0.00429946993649577,0.0,-0.00429990431456463
2011-07-15,0.0031837385266739737,0.0031837385266739737,0.0,0.0031828694462287354
2011-07-18,-0.002354027422586946,-0.002354027422586946,0.0,-0.00235489626364604
2011-07-19,0.004188417275377443,0.004188417275377443,0.0,0.004187113747662414
2011-07-20,0.0013320824601315007,0.0013320824601315007,0.0,0.0013312137560094717
2011-07-21,0.002794041172450523,0.002794041172450523,0.0,0.002791869661756005
2011-07-22,0.0024776731109110717,0.0024776731109110717,0.0,0.0024755021223155887
2011-07-25,-0.0018114427001807432,-0.0018114427001807432,0.0,-0.001813613226938519
2011-07-26,0.0030056312325963397,0.0030056312325963397,0.0,0.003002592021564093
2011-07-27,-0.007481678306540118,-0.007481678306540118,0.0,-0.007485150795242924
2011-07-28,0.000459064783325136,0.000459064783325136,0.0,0.00045602439091196016
2011-07-29,0.0035655714435320895,0.0035655714435320895,0.0,0.003561228197944428
2011-08-01,-0.0010104996277460199,-0.0009342675279987445,0.1524641994943415,-0.0010149611163030032
2011-08-02,-0.0018077199254490361,-0.0018077199254490361,0.0,-0.0018103886301976348
2011-08-03,-0.0004253906096250981,-0.0004253906096250981,0.0,-0.00042628035158053884
2011-08-04,-0.014775591223305629,-0.014775591223305629,0.0,-0.014776481006154743
2011-08-05,-0.003002595269799291,-0.003002595269799291,0.0,-0.003003040882078885
2011-08-08,-0.014895645734615215,-0.014895645734615215,0.0,-0.014897874530655336
2011-08-09,0.01642550472874449,0.01642550472874449,0.0,0.016424165231353406
2011-08-10,-0.004126153578114966,-0.004126153578114966,0.0,-0.004127044970913918
2011-08-11,0.004107518993487602,0.004107518993487602,0.0,0.004106181296834937
2011-08-12,0.0029295964388322826,0.0029295964388322826,0.0,0.002928705042555269
2011-08-15,0.0068792808262052585,0.0068792808262052585,0.0,0.006878389715446611
2011-08-16,-0.00024918055924894045,-0.00024918055924894045,0.0,-0.0002505162265763074
2011-08-17,0.003980375862662644,0.003980375862662644,0.0,0.003979930628157579
2011-08-18,-0.010317103930075566,-0.010317103930075566,0.0,-0.010317548972658108
2011-08-19,-0.0007070243264492015,-0.0007070243264492015,0.0,-0.0007079154169094531
2011-08-22,0.0007428884089870635,0.0007428884089870635,0.0,0.000742442829286459
2011-08-23,0.003413349485378747,0.003413349485378747,0.0,0.003412903941870263
2011-08-24,-0.006662100413927563,-0.006662100413927563,0.0,-0.006662991169492012
2011-08-25,-0.0015414664258021071,-0.0015414664258021071,0.0,-0.0015419121292145797
2011-08-26,0.007789329478975482,0.007789329478975482,0.0,0.00778888370010287
2011-08-29,0.004472378283737477,0.004472378283737477,0.0,0.004471487482727299
2011-08-30,0.00402253549622178,0.00402253549622178,0.0,0.004022090311995669
2011-08-31,0.0016162753877360103,0.0016162753877360103,0.0,0.001615385406775304
2011-09-01,-0.00036341399445460887,-0.00019968418231530727,0.32745962427880826,-0.0003640571472475786
2011-09-02,0.0004192870148054251,0.0004192870148054251,0.0,0.00041864388561092835
2011-09-06,-0.0033692927817695617,-0.0033692927817695617,0.0,-0.0033699359740493595
2011-09-07,0.0020269143691347136,0.0020269143691347136,0.0,0.0020262716855075
2011-09-08,-0.0006835981242463429,-0.0006835981242463429,0.0,-0.0006842411132520994
2011-09-09,-0.003382934260589332,-0.003382934260589332,0.0,-0.0033832557035609256
2011-09-12,-0.0009351411423773603,-0.0009351411423773603,0.0,-0.0009354623294695419
2011-09-13,0.0012652600631646305,0.0012652600631646305,0.0,0.0012649389468711463
2011-09-14,0.0008953923894592375,0.0008953923894592375,0.0,0.0008950711774950967
2011-09-15,0.00046386144990773204,0.00046386144990773204,0.0,0.00046354017030046624
2011-09-16,1.3090789512171241e-05,1.3090789512171241e-05,0.0,1.2769474878373413e-05
2011-09-19,-0.001175980597366899,-0.001175980597366899,0.0,-0.0011763019129891795
2011-09-20,0.0004099880464452088,0.0004099880464452088,0.0,0.0004096668197255059
2011-09-21,-0.003240879462568569,-0.003240879462568569,0.0,-0.0032412007202701236
2011-09-22,-0.004384840477688501,-0.004384840477688501,0.0,-0.004384840477688501
2011-09-23,-0.003630642995886779,-0.003630642995886779,0.0,-0.0036309636739925272
2011-09-26,0.0005617154671244684,0.0005617154671244684,0.0,0.0005610746658550269
2011-09-27,0.0016849499396787149,0.0016849499396787149,0.0,0.0016846294961391235
2011-09-28,-0.004307927118332611,-0.004307927118332611,0.0,-0.0043085682623780295
2011-09-29,0.0023226490891234963,0.0023226490891234963,0.0,0.002322008604908535
2011-09-30,-0.004324857114695324,-0.004324857114695324,0.0,-0.004325497953838127
2011-10-03,0.00205202100137325,0.0022425727182122657,0.3811034336783228,0.002051497919342849
2011-10-04,-0.0019529409389132946,-0.0019529409389132946,0.0,-0.0019532028081689578
2011-10-05,-0.0007606945712250734,-0.0007606945712250734,0.0,-0.0007606945712250734
2011-10-06,-0.0017150496671051174,-0.0017150496671051174,0.0,-0.001715311169344089
2011-10-07,-0.0010494031243210022,-0.0010494031243210022,0.0,-0.0010496643940753143
2011-10-10,-0.0026275590446983577,-0.0026275590446983577,0.0,-0.002627820172050718
2011-10-11,0.0007598966597610612,0.0007598966597610612,0.0,0.0007593751200442617
2011-10-12,-0.0027531339227069296,-0.0027531339227069296,0.0,-0.0027536556690430183
2011-10-13,0.0015346560927427255,0.0015346560927427255,0.0,0.0015341350970626793
2011-10-14,-0.00047527495065591285,-0.00047527495065591285,0.0,-0.0004757963641266253
2011-10-17,0.002254306296981312,0.002254306296981312,0.0,0.0022532637289380954
2011-10-18,-0.0008751758266438703,-0.0008751758266438703,0.0,-0.0008762196199212923
2011-10-19,0.0005875883238366519,0.0005875883238366519,0.0,0.0005868058359400778
2011-10-20,0.00030364693246198726,0.00030364693246198726,0.0,0.0003028642049770347
2011-10-21,-0.0007977039050151014,-0.0007977039050151014,0.0,-0.000798225805854443
2011-10-24,-0.0020497977524286393,-0.0020497977524286393,0.0,-0.0020503194363189203
2011-10-25,0.0037201983805132954,0.0037201983805132954,0.0,0.00371993781787926
2011-10-26,-0.002514442044931342,-0.002514442044931342,0.0,-0.0025149641802906923
2011-10-27,-0.0037958253468732828,-0.0037958253468732828,0.0,-0.0037963467978018475
2011-10-28,0.0012494037509225286,0.0012494037509225286,0.0,0.0012491435440382592
2011-10-31,0.002785066929485769,0.002785066929485769,0.0,0.002784806552122814
2011-11-01,0.0026635642422427885,0.0027679202601218478,0.2087120357580862,0.0026632321415192483
2011-11-02,0.0003635913139077296,0.0003635913139077296,0.0,0.00036325992622635803
2011-11-03,0.00048233737873037974,0.00048233737873037974,0.0,0.00048200596726507086
2011-11-04,0.00014897129845681256,0.00014897129845681256,0.0,0.0001486398554551306
2011-11-07,0.0004679768705433407,0.0004679768705433407,0.0,0.0004676454178030092
2011-11-08,-0.0007528447619908896,-0.0007528447619908896,0.0,-0.0007531762453098021
2011-11-09,-0.0004997600024866378,-0.0004997600024866378,0.0,-0.0005000914365760472
2011-11-10,-0.0009549039914478197,-0.0009549039914478197,0.0,-0.0009552353928409288
2011-11-11,0.00029968846139949434,0.00029968846139949434,0.0,0.0002993571225397409
2011-11-14,0.00044761856039787773,0.00044761856039787773,0.0,0.0004472872019184445
2011-11-15,-1.509599116500393e-05,-1.509599116500393e-05,0.0,-1.542737893553321e-05
2011-11-16,-0.0005949942406794362,-0.0005949942406794362,0.0,-0.0005953256274621047
2011-11-17,-0.0016036525107583355,-0.0016036525107583355,0.0,-0.001604315206406115
2011-11-18,-0.00027254611107285776,-0.00027254611107285776,0.0,-0.000272877353724814
2011-11-21,-0.0006260790238094005,-0.0006260790238094005,0.0,-0.0006267414733549231
2011-11-22,0.0004345951571600448,0.0004345951571600448,0.0,0.00043393278980833136
2011-11-23,-0.0005732083568207313,-0.0005732083568207313,0.0,-0.0005738707812028077
2011-11-25,-0.0016746835067608101,-0.0016746835067608101,0.0,-0.0016753458558796692
2011-11-28,0.000690294102357436,0.000690294102357436,0.0,0.0006893009090655638
2011-11-29,0.00016948657940263345,0.00016948657940263345,0.0,0.00016882435981519878
2011-11-30,0.0005029966178395906,0.0005029966178395906,0.0,0.0005026654969098479
2011-12-01,-3.915907507034966e-06,0.0001449496102663428,0.29773103554681524,-4.3230330957398285e-06
2011-12-02,0.0013314877638850309,0.0013314877638850309,0.0,0.001330673085641264
2011-12-05,0.0003215258852291569,0.0003215258852291569,0.0,0.0003211185600875552
2011-12-06,5.8814609483315294e-05,5.8814609483315294e-05,0.0,5.840728771656818e-05
2011-12-07,0.0008288893853669599,0.0008288893853669599,0.0,0.0008280747430680728
2011-12-08,-0.0007757648181793142,-0.0007757648181793142,0.0,-0.000776172130636145
2011-12-09,-0.00023368870031936773,-0.00023368870031936773,0.0,-0.00023409602091800685
2011-12-12,-0.0007151915271598197,-0.0007151915271598197,0.0,-0.0007155988502116422
2011-12-13,-0.0005823534741768999,-0.0005823534741768999,0.0,-0.0005827608047419297
2011-12-14,-0.0013001948956330445,-0.0013001948956330445,0.0,-0.0013006022323193602
2011-12-15,0.00018228761315142172,0.00018228761315142172,0.0,0.00018228761315142172
2011-12-16,0.002551373816258362,0.002551373816258362,0.0,0.002551373816258362
2011-12-19,0.00015026491045300183,0.00015026491045300183,0.0,0.00014985758878031474
2011-12-20,0.0006221275763429457,0.0006221275763429457,0.0,0.0006217202562472436
2011-12-21,-0.0010649517797433061,-0.0010649517797433061,0.0,-0.001065359093314026
2011-12-22,0.00018495867130807753,0.00018495867130807753,0.0,0.00018455134655605062
2011-12-23,-0.00024291373828755347,-0.00024291373828755347,0.0,-0.0002433210610979927
2011-12-27,0.0007139113006169318,0.0007139113006169318,0.0,0.0007130966498948821
2011-12-28,-0.0006268590285254394,-0.0006268590285254394,0.0,-0.0006272663463957688
2011-12-29,0.0005111846845329282,0.0005111846845329282,0.0,0.0005103700356294147
2011-12-30,0.0008297442209272976,0.0008297442209272976,0.0,0.0008289295827522121
2012-01-03,-0.000599607384804246,-0.0004276675462955293,0.3438796770172224,-0.0006003835047048405
2012-01-04,0.00018274999938294734,0.00018274999938294734,0.0,0.00018197434115190312
2012-01-05,0.0014819228830273978,0.0014819228830273978,0.0,0.0014811472215088136
2012-01-06,0.0017515946088866308,0.0017515946088866308,0.0,0.001750818920748776
2012-01-09,-0.0011234175293548532,-0.0011234175293548532,0.0,-0.0011238053891279188
2012-01-10,-0.0015515674567447846,-0.0015515674567447846,0.0,-0.0015523431561239823
2012-01-11,0.001397104177925268,0.001397104177925268,0.0,0.0013963285064421834
2012-01-12,0.0007402216625653768,0.0007402216625653768,0.0,0.0007390581177148624
2012-01-13,0.0015690712920233274,0.0015690712920233274,0.0,0.0015679077272523973
2012-01-17,-0.00026976262486677616,-0.00026976262486677616,0.0,-0.0002709262317974904
2012-01-18,-0.0015001797075437917,-0.0015001797075437917,0.0,-0.001501343307224228
2012-01-19,-0.0018223450347789605,-0.0018223450347789605,0.0,-0.0018242843002794003
2012-01-20,-0.0008317853431012434,-0.0008317853431012434,0.0,-0.0008337245266993267
2012-01-23,-0.0012352684747828357,-0.0012352684747828357,0.0,-0.001236819791729806
2012-01-24,-0.0002539442951238202,-0.0002539442951238202,0.0,-0.0002554955675651223
2012-01-25,0.0010140709980481777,0.0010140709980481777,0.0,0.0010125197347585957
2012-01-26,0.0021930058117136664,0.0021930058117136664,0.0,0.002191066686966226
2012-01-27,0.0008144388762660881,0.0008144388762660881,0.0,0.000812111808400105
2012-01-30,0.002120899299236534,0.002120899299236534,0.0,0.0021189600394732723
2012-01-31,0.0010375072711290567,0.0010375072711290567,0.0,0.0010351800454641883
2012-02-01,-0.0015727367515265822,-0.001345000143618158,0.4554732158169511,-0.0015759871925630665
2012-02-02,0.0007081965041724203,0.0007081965041724203,0.0,0.0007038562120671416
2012-02-03,-0.003084950345683346,-0.003084950345683346,0.0,-0.0030892898128360275
2012-02-06,0.0009713379370979158,0.0009713379370979158,0.0,0.0009669948652774814
2012-02-07,-0.0017329111308724832,-0.0017329111308724832,0.0,-0.0017372530688163708
2012-02-08,-0.0007549478593418257,-0.0007549478593418257,0.0,-0.000759834819227557
2012-02-09,-0.002190196139946754,-0.002190196139946754,0.0,-0.0021950840937403834
2012-02-10,0.002391511065995333,0.002391511065995333,0.0,0.002386620222424064
2012-02-13,-0.000862579606744962,-0.000862579606744962,0.0,-0.0008685534570496751
2012-02-14,-0.00011631066413841928,-0.00011631066413841928,0.0,-0.00012282910689741564
2012-02-15,-0.000995852716095702,-0.000995852716095702,0.0,-0.001001828142591993
2012-02-16,-0.001997758769736402,-0.001997758769736402,0.0,-0.0020031924349759155
2012-02-17,-0.001893257046013952,-0.001893257046013952,0.0,-0.001898149984788111
2012-02-21,-0.0013886387526685917,-0.0013886387526685917,0.0,-0.0013929902597605895
2012-02-22,0.0008121773470211036,0.0008121773470211036,0.0,0.0008072800604047443
2012-02-23,0.0012995568349032371,0.0012995568349032371,0.0,0.0012946606242448787
2012-02-24,-0.001917831291722294,-0.001917831291722294,0.0,-0.0019232696153480655
2012-02-27,0.0026855187274248404,0.0026855187274248404,0.0,0.0026789893493583037
2012-02-28,0.00024962772064496264,0.00024962772064496264,0.0,0.0002441905171476519
2012-02-29,-0.0028366609707399792,-0.0028366609707399792,0.0,-0.0028410104402586205
2012-03-01,-0.001626538575441594,-0.0014703989705026066,0.3122792098778143,-0.0016306742618156414
2012-03-02,0.00027111193076989615,0.00027111193076989615,0.0,0.00026748851461072363
2012-03-05,0.0007905277368958075,0.0007905277368958075,0.0,0.0007863869518001992
2012-03-06,0.0020788754695475475,0.0020788754695475475,0.0,0.0020747354476422235
2012-03-07,-4.097726898455445e-05,-4.097726898455445e-05,0.0,-4.5115288068178114e-05
2012-03-08,-0.001963129327299251,-0.001963129327299251,0.0,-0.0019672673858626456
2012-03-09,0.00045189576598714254,0.00045189576598714254,0.0,0.00044723831810696896
2012-03-12,0.0009349745906870321,0.0009349745906870321,0.0,0.0009303176333527104
2012-03-13,-0.0022094977472424393,-0.0022094977472424393,0.0,-0.0022136363635451677
2012-03-14,-0.004183578732162019,-0.004183578732162019,0.0,-0.004188237077041723
2012-03-15,0.0001246339353835335,0.0001246339353835335,0.0,0.00012048912544296029
2012-03-16,0.0007336044553567511,0.0007336044553567511,0.0,0.000728941680192427
2012-03-19,-0.0003167951568235905,-0.0003167951568235905,0.0,-0.0003219751291952646
2012-03-20,0.0006891219958728989,0.0006891219958728989,0.0,0.0006839416395130576
2012-03-21,0.0021321389275252844,0.0021321389275252844,0.0,0.0021274773580415083
2012-03-22,0.0012401802028010334,0.0012401802028010334,0.0,0.001236038647159118
2012-03-23,0.0009881224178585057,0.0009881224178585057,0.0,0.0009839820599265214
2012-03-26,0.0007194053520385157,0.0007194053520385157,0.0,0.0007147485218746791
2012-03-27,0.0017439766762865627,0.0017439766762865627,0.0,0.0017393206264051015
2012-03-28,0.0003433612256074081,0.0003433612256074081,0.0,0.0003387070639871307
2012-03-29,0.0021456578959428985,0.0021456578959428985,0.0,0.0021420382815145246
2012-03-30,-0.0030163159284608554,-0.0030163159284608554,0.0,-0.0030199337404631624
2012-04-02,-0.0004462677874365051,-0.00015327726592784252,0.5859810430172165,-0.0004499456389795575
2012-04-03,-0.0023560418436560093,-0.0023560418436560093,0.0,-0.002359713015695541
2012-04-04,0.0031227753466860353,0.0031227753466860353,0.0,0.0031191030019465495
2012-04-05,0.001017614193032701,0.001017614193032701,0.0,0.0010139433977895739
2012-04-09,0.0032845596462942606,0.0032845596462942606,0.0,0.003280430569116879
2012-04-10,0.002950252459385183,0.002950252459385183,0.0,0.0029461252078415066
2012-04-11,-0.0008519418611109275,-0.0008519418611109275,0.0,-0.0008560674776601597
2012-04-12,-0.0023352049723385226,-0.0023352049723385226,0.0,-0.0023393310614262673
2012-04-13,0.0033632989803269453,0.0033632989803269453,0.0,0.0033591715929614605
2012-04-16,0.0007295466468038025,0.0007295466468038025,0.0,0.0007258795145570089
2012-04-17,0.00021582015584953318,0.00021582015584953318,0.0,0.00021215338266372083
2012-04-18,0.0010061855322580637,0.0010061855322580637,0.0,0.0010029771986431058
2012-04-19,-0.0011449449693767821,-0.0011449449693767821,0.0,-0.0011481528702081464
2012-04-20,-0.0009813598880220598,-0.0009813598880220598,0.0,-0.0009850266238655855
2012-04-23,0.0024737245727559642,0.0024737245727559642,0.0,0.0024700573534787553
2012-04-24,-0.0011042434210452035,-0.0011042434210452035,0.0,-0.0011083676751938486
2012-04-25,0.0014652075045247237,0.0014652075045247237,0.0,0.0014610826392472368
2012-04-26,0.001264789527068766,0.001264789527068766,0.0,0.0012606654715044963
2012-04-27,-2.4911124447579702e-05,-2.4911124447579702e-05,0.0,-2.9034481937933104e-05
2012-04-30,0.0004795596430127169,0.0004795596430127169,0.0,0.0004749781194128659
2012-05-01,-0.001612518208485958,-0.0015225781022982776,0.17988021237525603,-0.0016161041927245134
2012-05-02,0.00328279641468443,0.00328279641468443,0.0,0.0032796093357156967
2012-05-03,0.0012420590573190005,0.0012420590573190005,0.0,0.0012384736394033444
2012-05-04,0.0038662744191901854,0.0038662744191901854,0.0,0.0038634857743089263
2012-05-07,0.0003968143250618894,0.0003968143250618894,0.0,0.000392830606450644
2012-05-08,0.0028296916781824777,0.0028296916781824777,0.0,0.0028261063369530988
2012-05-09,0.001778060268476045,0.001778060268476045,0.0,0.001774474966504112
2012-05-10,-0.001048220285598922,-0.001048220285598922,0.0,-0.0010522039270966705
2012-05-11,0.00320230083606865,0.00320230083606865,0.0,0.0031983171784244558
2012-05-14,0.0036535873047025547,0.0036535873047025547,0.0,0.0036496036962281085
2012-05-15,0.0009869320010968963,0.0009869320010968963,0.0,0.000983346803775226
2012-05-16,0.0001809714678304708,0.0001809714678304708,0.0,0.00017698793033463954
2012-05-17,-0.0006201265107314002,-0.0006201265107314002,0.0,-0.0006241100454618495
2012-05-18,-0.00033503095822329243,-0.00033503095822329243,0.0,-0.00033821779359316046
2012-05-21,-0.0010085918942683847,-0.0010085918942683847,0.0,-0.001012177088671466
2012-05-22,0.002111977846821045,0.002111977846821045,0.0,0.0021083926385198396
2012-05-23,0.003541557901748371,0.003541557901748371,0.0,0.003537972722488316
2012-05-24,0.00012419276527131373,0.00012419276527131373,0.0,0.00012020928667902874
2012-05-25,0.0005427884083923917,0.0005427884083923917,0.0,0.0005392032793608332
2012-05-29,-0.0005011650102427767,-0.0005011650102427767,0.0,-0.0005047501318419184
2012-05-30,0.005743617632844922,0.005743617632844922,0.0,0.005740829199594328
2012-05-31,0.0015036703142556895,0.0015036703142556895,0.0,0.00150088194185655
2012-06-01,0.00481661095670205,0.00486803983991102,0.1028577664179813,0.004813812689610744
2012-06-04,-0.003281619267563207,-0.003281619267563207,0.0,-0.0032848075257533244
2012-06-05,-0.0002394852693629046,-0.0002394852693629046,0.0,-0.00024267357251111935
2012-06-06,-0.006161845160709389,-0.006161845160709389,0.0,-0.006165432005443075
2012-06-07,-7.916138138575057e-05,-7.916138138575057e-05,0.0,-8.27483217003958e-05
2012-06-08,0.003223509786163259,0.003223509786163259,0.0,0.0032199228446205853
2012-06-11,0.0020147088397668433,0.0020147088397668433,0.0,0.0020111219480697068
2012-06-12,-0.0032783901353073963,-0.0032783901353073963,0.0,-0.0032823755359808185
2012-06-13,0.0015033729473561408,0.0015033729473561408,0.0,0.0014993874902842336
2012-06-14,-0.0010424928630019537,-0.0010424928630019537,0.0,-0.0010468768373748081
2012-06-15,0.0007197320344571878,0.0007197320344571878,0.0,0.000716145130200652
2012-06-18,0.00041749810363711504,0.00041749810363711504,0.0,0.0004135126668302257
2012-06-19,-0.004306344651728855,-0.004306344651728855,0.0,-0.004309931538401327
2012-06-20,0.0009993242089221255,0.0009993242089221255,0.0,0.000995737255393838
2012-06-21,0.004459256585610527,0.004459256585610527,0.0,0.004455669647581217
2012-06-22,-0.0016825988287409999,-0.0016825988287409999,0.0,-0.0016861856979166943
2012-06-25,0.0029428672369922193,0.0029428672369922193,0.0,0.0029388817978813022
2012-06-26,-0.00182763401739916,-0.00182763401739916,0.0,-0.0018316194060848784
2012-06-27,-0.0005358351663011796,-0.0005358351663011796,0.0,-0.0005394220443543244
2012-06-28,0.0013292054850699841,0.0013292054850699841,0.0,0.0013256185987340254
2012-06-29,-0.008666785017248158,-0.008666785017248158,0.0,-0.008670371883064845
2012-07-02,0.0020554012986522263,0.0022940817279710757,0.4773608586378673,0.0020498560631025506
2012-07-03,-0.0037921906950941775,-0.0037921906950941775,0.0,-0.0037971742669761135
2012-07-05,0.0034706756597135957,0.0034706756597135957,0.0,0.003466241039817075
2012-07-06,0.004811578742134337,0.004811578742134337,0.0,0.004807148480222034
2012-07-09,-0.00042871558495871653,-0.00042871558495871653,0.0,-0.00043369286524383704
2012-07-10,0.002310183931655052,0.002310183931655052,0.0,0.0023052060484008894
2012-07-11,-0.0005749766551556013,-0.0005749766551556013,0.0,-0.0005805040346823026
2012-07-12,0.0028502245705486207,0.0028502245705486207,0.0,0.0028446962940453803
2012-07-13,-0.0012278179439428882,-0.0012278179439428882,0.0,-0.00123334178666883
2012-07-16,0.00030966215641514694,0.00030966215641514694,0.0,0.0003041364013614248
2012-07-17,-0.0011512631959508246,-0.0011512631959508246,0.0,-0.0011567884688547055
2012-07-18,0.0005734994961830164,0.0005734994961830164,0.0,0.0005685251354253312
2012-07-19,-0.0012796213478795115,-0.0012796213478795115,0.0,-0.001284594904517457
2012-07-20,0.003490304864200988,0.003490304864200988,0.0,0.0034853295110712067
2012-07-23,0.003308792741419042,0.003308792741419042,0.0,0.0033032699969206994
2012-07-24,0.001822311974944757,0.001822311974944757,0.0,0.00181679435697079
2012-07-25,-0.0012517633215166635,-0.0012517633215166635,0.0,-0.0012572781212018506
2012-07-26,-0.002471538328323253,-0.002471538328323253,0.0,-0.0024776067401460536
2012-07-27,-0.005169233705841103,-0.005169233705841103,0.0,-0.0051753063379459474
2012-07-30,0.0017451254728555465,0.0017451254728555465,0.0,0.0017390439681469626
2012-07-31,0.002205058196485865,0.002205058196485865,0.0,0.002198979681936667
2012-08-01,-0.0007873982308743699,-0.0006493167626592244,0.2761629364302877,-0.0007924075065750909
2012-08-02,0.0020379467663693696,0.0020379467663693696,0.0,0.002033434979255074
2012-08-03,-0.005061459494237419,-0.005061459494237419,0.0,-0.005065969368848643
2012-08-06,-0.0008860601967567439,-0.0008860601967567439,0.0,-0.0008910764730696388
2012-08-07,-0.0025409070198449957,-0.0025409070198449957,0.0,-0.0025464259461670416
2012-08-08,-0.0016795815301247075,-0.0016795815301247075,0.0,-0.0016851033957330395
2012-08-09,-0.0003536649901743072,-0.0003536649901743072,0.0,-0.00035918880196822504
2012-08-10,0.0006733271181083023,0.0006733271181083023,0.0,0.0006683050983428521
2012-08-13,0.0011669096912860777,0.0011669096912860777,0.0,0.0011613862495009125
2012-08-14,-0.0015427384685022805,-0.0015427384685022805,0.0,-0.00154826056015859
2012-08-15,-0.002154063729421618,-0.002154063729421618,0.0,-0.002158583267097532
2012-08-16,-0.0015901533274037538,-0.0015901533274037538,0.0,-0.0015946749117758151
2012-08-17,0.001006974276353878,0.001006974276353878,0.0,0.0010024511786820302
2012-08-20,-0.0007913380094087819,-0.0007913380094087819,0.0,-0.0007968650698115813
2012-08-21,-0.0014047584542649094,-0.0014047584542649094,0.0,-0.0014102864349156976
2012-08-22,0.0013435306908415878,0.0013435306908415878,0.0,0.001338001074297352
2012-08-23,0.00041729383475463955,0.00041729383475463955,0.0,0.0004117657807025884
2012-08-24,0.0013514781046215507,0.0013514781046215507,0.0,0.0013464530419376294
2012-08-27,0.0018783272540354723,0.0018783272540354723,0.0,0.0018728012540419694
2012-08-28,-6.438020740462402e-05,-6.438020740462402e-05,0.0,-6.940186512537616e-05
2012-08-29,0.00031574692416413974,0.00031574692416413974,0.0,0.00030972085351197495
2012-08-30,0.00135625483747992,0.00135625483747992,0.0,0.001351233444461865
2012-08-31,-0.0001239010985926159,-0.0001239010985926159,0.0,-0.00012841906855752156
2012-09-04,0.00043618002967571456,0.0005248552163874542,0.17735037342335824,0.0004307607967382569
2012-09-05,0.0005256225700780437,0.0005256225700780437,0.0,0.0005196624685404352
2012-09-06,-0.001647389921480391,-0.001647389921480391,0.0,-0.0016533491850787856
2012-09-07,-0.003505485024943078,-0.003505485024943078,0.0,-0.003511446919118097
2012-09-10,0.0005892519980963407,0.0005892519980963407,0.0,0.0005838269876628952
2012-09-11,-0.0013160088915094015,-0.0013160088915094015,0.0,-0.0013214330440517032
2012-09-12,-0.0018489220426496367,-0.0018489220426496367,0.0,-0.0018543481136921703
2012-09-13,-0.0003112828103708498,-0.0003112828103708498,0.0,-0.00031671158179630374
2012-09-14,-0.002939125559031308,-0.002939125559031308,0.0,-0.002945097707852404
2012-09-17,0.003476209195760749,0.003476209195760749,0.0,0.0034702323096372127
2012-09-18,0.00039602731136900715,0.00039602731136900715,0.0,0.0003905988545001796
2012-09-19,-0.0008350501633094254,-0.0008350501633094254,0.0,-0.0008410208300087006
2012-09-20,4.899105575661977e-05,4.899105575661977e-05,0.0,4.301904719085313e-05
2012-09-21,-0.0003367406604304346,-0.0003367406604304346,0.0,-0.0003427125902748998
2012-09-24,0.0011634368488029345,0.0011634368488029345,0.0,0.0011574643776843087
2012-09-25,-0.0005445408823027131,-0.0005445408823027131,0.0,-0.000550511485495756
2012-09-26,0.001740006412832562,0.001740006412832562,0.0,0.0017340349348898205
2012-09-27,-0.0007527630044934508,-0.0007527630044934508,0.0,-0.0007576464762103887
2012-09-28,0.0007131332921495037,0.0007131332921495037,0.0,0.0007077061142400479
2012-10-01,-0.001019837071628782,-0.0007719131384658073,0.49584786632577676,-0.0010252032713756077
2012-10-02,0.0005485759397800827,0.0005485759397800827,0.0,0.0005432078871147001
2012-10-03,-0.00032624355628096957,-0.00032624355628096957,0.0,-0.0003316106239019729
2012-10-04,0.0025008683824936373,0.0025008683824936373,0.0,0.0024949043229071334
2012-10-05,-0.002283080952168337,-0.002283080952168337,0.0,-0.002289635941038051
2012-10-08,-0.00064174700274644,-0.00064174700274644,0.0,-0.0006483070027977642
2012-10-09,-0.0019464695373471175,-0.0019464695373471175,0.0,-0.0019524344551104182
2012-10-10,-0.00016103916312859567,-0.00016103916312859567,0.0,-0.0001670079749167504
2012-10-11,0.0023312016448684414,0.0023312016448684414,0.0,0.0023252325108602395
2012-10-12,-0.0007572971033735776,-0.0007572971033735776,0.0,-0.0007638580318156195
2012-10-15,0.0014527978481413406,0.0014527978481413406,0.0,0.0014462352555288818
2012-10-16,0.0010116850476789008,0.0010116850476789008,0.0,0.0010063182620141744
2012-10-17,-0.000701189987434625,-0.000701189987434625,0.0,-0.0007077471744134615
2012-10-18,-0.0013218469713374148,-0.0013218469713374148,0.0,-0.0013278094487385883
2012-10-19,-0.003816006231115665,-0.003816006231115665,0.0,-0.003821971348064121
2012-10-22,-0.0005931191777959199,-0.0005931191777959199,0.0,-0.0005990919439754645
2012-10-23,-0.0028249483461365577,-0.0028249483461365577,0.0,-0.0028315196975163
2012-10-24,-0.0015608716181861881,-0.0015608716181861881,0.0,-0.0015674492198270744
2012-10-25,0.0005496871932983982,0.0005496871932983982,0.0,0.0005431061327954475
2012-10-26,0.0006823285159047732,0.0006823285159047732,0.0,0.0006751505052767338
2012-10-31,0.002840093736817373,0.002840093736817373,0.0,0.0028335154039076764
2012-11-01,0.0014438039449578,0.0017228588627324903,0.5581098355488802,0.0014390759718773663
2012-11-02,0.0024649703566550496,0.0024649703566550496,0.0,0.0024602419728836245
2012-11-05,0.000186089236670961,0.000186089236670961,0.0,0.00018031357798653822
2012-11-06,-0.00342221708661139,-0.00342221708661139,0.0,-0.0034274674468292373
2012-11-07,0.001056582258229577,0.001056582258229577,0.0,0.0010513274952987759
2012-11-08,-0.002107361176215683,-0.002107361176215683,0.0,-0.002112614581278638
2012-11-09,-0.00048539400871949745,-0.00048539400871949745,0.0,-0.000490124515873362
2012-11-12,0.0012877676371063629,0.0012877676371063629,0.0,0.0012830365670694788
2012-11-13,-0.0002660019116818013,-0.0002660019116818013,0.0,-0.00027178250775915897
2012-11-14,-0.0018389318582857639,-0.0018389318582857639,0.0,-0.0018441872880200307
2012-11-15,-0.0001551130312394955,-0.0001551130312394955,0.0,-0.00015931927213838637
2012-11-16,0.0010366497837690503,0.0010366497837690503,0.0,0.0010334949830609224
2012-11-19,0.0005040329319767611,0.0005040329319767611,0.0,0.0004993019329829968
2012-11-20,-0.00027212614342941865,-0.00027212614342941865,0.0,-0.0002763309566085511
2012-11-21,0.0006984173970943086,0.0006984173970943086,0.0,0.0006931610300911605
2012-11-23,-0.0006574248159417762,-0.0006574248159417762,0.0,-0.0006626802839322573
2012-11-26,0.0007505808354095755,0.0007505808354095755,0.0,0.0007453245206159434
2012-11-27,0.0008300383387225274,0.0008300383387225274,0.0,0.0008247829899975529
2012-11-28,0.0017038580425079441,0.0017038580425079441,0.0,0.0016986037612349372
2012-11-29,0.0001348253125068588,0.0001348253125068588,0.0,0.00013009842809388102
2012-11-30,0.0015393108535279865,0.0015393108535279865,0.0,0.0015351093169508453
2012-12-03,-0.0014608186698150671,-0.0011726017121848065,0.5764339152606781,-0.0014667423111990995
2012-12-04,0.00013070782763802136,0.00013070782763802136,0.0,0.000124776978405787
2012-12-05,0.0015700496702171218,0.0015700496702171218,0.0,0.0015641190774779252
2012-12-06,0.001504979218055702,0.001504979218055702,0.0,0.0014990517014561535
2012-12-07,-0.0008095086563579823,-0.0008095086563579823,0.0,-0.0008148407715008763
2012-12-10,0.0003734695017940659,0.0003734695017940659,0.0,0.000368135960205431
2012-12-11,-2.008351485671689e-06,-2.008351485671689e-06,0.0,-6.748692586872662e-06
2012-12-12,-0.0007701750078223935,-0.0007701750078223935,0.0,-0.0007743228090374329
2012-12-13,-0.002537194152772426,-0.002537194152772426,0.0,-0.0025407503160748265
2012-12-14,0.0010145722804442148,0.0010145722804442148,0.0,0.0010121995120274344
2012-12-17,0.0004904412871740149,0.0004904412871740149,0.0,0.00048747632178449714
2012-12-18,0.000876197986050764,0.000876197986050764,0.0,0.0008726406045527532
2012-12-19,0.00033241490849955646,0.00033241490849955646,0.0,0.0003294512821532492
2012-12-20,0.0012942556223309865,0.0012942556223309865,0.0,0.0012906996613058087
2012-12-21,-0.0007154261882079682,-0.0007154261882079682,0.0,-0.000718980630437312
2012-12-24,-0.0006899122596368823,-0.0006899122596368823,0.0,-0.000693467542012658
2012-12-26,0.00015109314634975668,0.00015109314634975668,0.0,0.00014575900667008947
2012-12-27,0.0017335387676311598,0.0017335387676311598,0.0,0.0017287975468433065
2012-12-28,-0.001010663997475847,-0.001010663997475847,0.0,-0.0010112563111877558
2012-12-31,0.0018201043105103842,0.0018201043105103842,0.0,0.0018171417530864205
2013-01-02,0.0055781022453760265,0.005838218296609243,0.5202321024667254,0.005572457867801734
2013-01-03,-0.006052748139482422,-0.006052748139482422,0.0,-0.006058365202224153
2013-01-04,0.0016392861833982586,0.0016392861833982586,0.0,0.0016343582390827332
2013-01-07,-0.0008830434047158997,-0.0008830434047158997,0.0,-0.0008879678300617261
2013-01-08,-0.0011450998222075626,-0.0011450998222075626,0.0,-0.0011500261448117277
2013-01-09,0.0023866155051917026,0.0023866155051917026,0.0,0.002382390831714862
2013-01-10,0.00452163464935551,0.00452163464935551,0.0,0.004517414365655316
2013-01-11,0.0009721856441655685,0.0009721856441655685,0.0,0.0009672716390880518
2013-01-14,0.0011143109258620054,0.0011143109258620054,0.0,0.0011086972912504778
2013-01-15,-0.00025498484851893544,-0.00025498484851893544,0.0,-0.0002612971332908935
2013-01-16,-0.0013755827499611906,-0.0013755827499611906,0.0,-0.0013811942911407546
2013-01-17,0.002774015359543913,0.002774015359543913,0.0,0.002769102323787753
2013-01-18,0.0011403762884605317,0.0011403762884605317,0.0,0.0011347681411423237
2013-01-22,0.0006804562659783464,0.0006804562659783464,0.0,0.0006748508906550595
2013-01-23,-0.0003316116825390347,-0.0003316116825390347,0.0,-0.00033721540495291444
2013-01-24,0.0004761748856751957,0.0004761748856751957,0.0,0.00047057035746978805
2013-01-25,-0.0008660704256404639,-0.0008660704256404639,0.0,-0.0008716737973273029
2013-01-28,-0.002832001335949963,-0.002832001335949963,0.0,-0.0028369061283203805
2013-01-29,0.002085288952930142,0.002085288952930142,0.0,0.002080378119743958
2013-01-30,-9.226263403272483e-06,-9.226263403272483e-06,0.0,-1.4132657808717761e-05
2013-01-31,0.0002470115399535455,0.0002470115399535455,0.0,0.00024210512590874136
2013-02-01,0.0031188031653459625,0.003356586676924511,0.47556702315725646,0.0031144240534975863
2013-02-04,-0.0018429628315072,-0.0018429628315072,0.0,-0.0018480523961178362
2013-02-05,0.0010718920399757081,0.0010718920399757081,0.0,0.0010667982069613553
2013-02-06,0.001675879254923185,0.001675879254923185,0.0,0.001670787901811816
2013-02-07,-0.001816800535268448,-0.001816800535268448,0.0,-0.0018218880175938806
2013-02-08,0.002394566861915637,0.002394566861915637,0.0,0.0023894751756800797
2013-02-11,0.0008880852586838905,0.0008880852586838905,0.0,0.0008815459118312249
2013-02-12,0.0005239992695675877,0.0005239992695675877,0.0,0.00051746255614069
2013-02-13,-0.0006068503345805221,-0.0006068503345805221,0.0,-0.0006141116239511518
2013-02-14,0.0006361146130615669,0.0006361146130615669,0.0,0.0006281249952014758
2013-02-15,0.0009367420261188197,0.0009367420261188197,0.0,0.0009294808318425505
2013-02-19,0.0013113934454591636,0.0013113934454591636,0.0,0.0013026837104261673
2013-02-20,-0.00133148027330654,-0.00133148027330654,0.0,-0.0013401848379611953
2013-02-21,-0.0020549760988621824,-0.0020549760988621824,0.0,-0.0020644117385253615
2013-02-22,0.002766062168565675,0.002766062168565675,0.0,0.00275661772185742
2013-02-25,-0.003535526552554291,-0.003535526552554291,0.0,-0.0035442335908772177
2013-02-26,0.0007915454189464377,0.0007915454189464377,0.0,0.0007813708770207323
2013-02-27,0.0033260258577296753,0.0033260258577296753,0.0,0.0033180344451954574
2013-02-28,0.00011388845886650678,0.00011388845886650678,0.0,0.0001059090676270408
2013-03-01,0.0015847803772410796,0.0018757775766686802,0.5819943988551536,0.0015764324415486319
2013-03-04,8.778313637614055e-05,8.778313637614055e-05,0.0,7.943708761332975e-05
2013-03-05,0.0011070570603308738,0.0011070570603308738,0.0,0.0011009874608170517
2013-03-06,-0.0001884217995203885,-0.0001884217995203885,0.0,-0.00019600479718513567
2013-03-07,-0.0038148851398223105,-0.0038148851398223105,0.0,-0.0038224688187119276
2013-03-08,0.0011141891743511323,0.0011141891743511323,0.0,0.0011065916502126748
2013-03-11,-0.0005310675743356308,-0.0005310675743356308,0.0,-0.0005386610592809792
2013-03-12,-0.001370063735877447,-0.001370063735877447,0.0,-0.001377659147088394
2013-03-13,0.0011396896329551875,0.0011396896329551875,0.0,0.001132849284236386
2013-03-14,0.0013724255944631558,0.0013724255944631558,0.0,0.0013648293417903325
2013-03-15,0.00035729378206772466,0.00035729378206772466,0.0,0.00035046162976289195
2013-03-18,0.0010244964860417483,0.0010244964860417483,0.0,0.00101918349562037
2013-03-19,0.0008403218707475624,0.0008403218707475624,0.0,0.0008350114749844105
2013-03-20,0.00018092174731743071,0.00018092174731743071,0.0,0.0001756134779816788
2013-03-21,-0.000984747923964524,-0.000984747923964524,0.0,-0.0009900557355621365
2013-03-22,0.0004560718421970922,0.0004560718421970922,0.0,0.0004507615366980638
2013-03-25,-0.00019472298344458405,-0.00019472298344458405,0.0,-0.0002007905845999836
2013-03-26,0.0018874421177799139,0.0018874421177799139,0.0,0.0018821324737563901
2013-03-27,0.0014802953361885418,0.0014802953361885418,0.0,0.0014734747835490518
2013-03-28,0.0012483861060794688,0.0012483861060794688,0.0,0.0012430849671240926
2013-04-01,-0.001757519919819317,-0.0016601581410582433,0.1947235575220373,-0.0017635980073018916
2013-04-02,0.002860702430814932,0.002860702430814932,0.0,0.002855372840139528
2013-04-03,0.0013807083417787247,0.0013807083417787247,0.0,0.0013761463604745493
2013-04-04,0.007113047266046335,0.007113047266046335,0.0,0.0071077284629396656
2013-04-05,0.0006668024747897849,0.0006668024747897849,0.0,0.0006615016184601108
2013-04-08,0.00090018060146968,0.00090018060146968,0.0,0.0008948814264139508
2013-04-09,-0.002480728729388537,-0.002480728729388537,0.0,-0.0024852689357177872
2013-04-10,0.0027282643160733144,0.0027282643160733144,0.0,0.0027229611438706865
2013-04-11,0.001966832927907225,0.001966832927907225,0.0,0.001961536626901649
2013-04-12,0.006397289030059428,0.006397289030059428,0.0,0.006392753581018194
2013-04-15,0.005701480928911762,0.005701480928911762,0.0,0.0056969591751954264
2013-04-16,-0.0009131711019991773,-0.0009131711019991773,0.0,-0.0009176807191737874
2013-04-17,0.0008259918463360272,0.0008259918463360272,0.0,0.0008214802835495651
2013-04-18,-0.0035486801180284466,-0.0035486801180284466,0.0,-0.0035524382883385095
2013-04-19,0.0032350774683536088,0.0032350774683536088,0.0,0.0032313129801109447
2013-04-22,0.0004315244166299692,0.0004315244166299692,0.0,0.00042776566942120893
2013-04-23,0.0038687494360836183,0.0038687494360836183,0.0,0.0038649914543364998
2013-04-24,-0.0006951655548358415,-0.0006951655548358415,0.0,-0.0006996669295496791
2013-04-25,-0.0029433167858745612,-0.0029433167858745612,0.0,-0.0029470691606944136
2013-04-26,0.0022873935829268444,0.0022873935829268444,0.0,0.002283635988229703
2013-04-29,-0.0014833778203054981,-0.0014833778203054981,0.0,-0.0014871313676418803
2013-04-30,0.00010373577373190557,0.00010373577373190557,0.0,9.997959777738425e-05
2013-05-01,0.0016876725554832994,0.0019061406171896333,0.4369361234125753,0.00168237900229709
2013-05-02,0.0016727176760400475,0.0016727176760400475,0.0,0.0016683164393760013
2013-05-03,-0.002268133218932711,-0.002268133218932711,0.0,-0.0022725304192064122
2013-05-06,0.000972593673691291,0.000972593673691291,0.0,0.0009690715249812975
2013-05-07,0.0006567805807651261,0.0006567805807651261,0.0,0.0006532603120467358
2013-05-08,0.0008565834804927785,0.0008565834804927785,0.0,0.0008530644804764043
2013-05-09,-0.000264266609582009,-0.000264266609582009,0.0,-0.00026778395635356183
2013-05-10,-0.00038291286399383395,-0.00038291286399383395,0.0,-0.0003864307209467079
2013-05-13,-0.001450950085951641,-0.001450950085951641,0.0,-0.001455348331539802
2013-05-14,0.0013549054193660037,0.0013549054193660037,0.0,0.0013505036659225236
2013-05-15,0.004029597345566627,0.004029597345566627,0.0,0.004026078559790238
2013-05-16,0.0011258725142559989,0.0011258725142559989,0.0,0.0011232392388237022
2013-05-17,0.0011544678044896894,0.0011544678044896894,0.0,0.001150958934021548
2013-05-20,-0.0017755394172888073,-0.0017755394172888073,0.0,-0.001779922735584858
2013-05-21,0.002818038768803932,0.002818038768803932,0.0,0.002814528700218496
2013-05-22,-0.006090429035090161,-0.006090429035090161,0.0,-0.006093933700470095
2013-05-23,-0.004340095618602935,-0.004340095618602935,0.0,-0.004344491136734512
2013-05-24,-0.001704653932686595,-0.001704653932686595,0.0,-0.0017081787562223765
2013-05-28,-0.004372670353028352,-0.004372670353028352,0.0,-0.00437708051800328
2013-05-29,-0.0028488383432764275,-0.0028488383432764275,0.0,-0.0028532591631059206
2013-05-30,-0.0008375146261410116,-0.0008375146261410116,0.0,-0.0008410568512657376
2013-05-31,-0.004095391375605217,-0.004095391375605217,0.0,-0.004098935239379392
2013-06-03,-0.0023933614809671377,-0.0018750508054553583,1.0366213510237576,-0.002396208989664477
2013-06-04,-0.00020560076612430311,-0.00020560076612430311,0.0,-0.00020788478904435658
2013-06-05,-0.004933903902184844,-0.004933903902184844,0.0,-0.004936759109929783
2013-06-06,0.0024444117316171354,0.0024444117316171354,0.0,0.0024415522047332152
2013-06-07,0.00416461190626638,0.00416461190626638,0.0,0.00416232599245516
2013-06-10,0.0005835293513332118,0.0005835293513332118,0.0,0.0005806755807970775
2013-06-11,-0.0037734265723570193,-0.0037734265723570193,0.0,-0.003776279835726562
2013-06-12,-6.187296621285032e-05,-6.187296621285032e-05,0.0,-6.472952162701376e-05
2013-06-13,0.004359897702454596,0.004359897702454596,0.0,0.004357041093057358
2013-06-14,-0.0019048216411410301,-0.0019048216411410301,0.0,-0.0019076744631169695
2013-06-17,0.0034936539350263196,0.0034936539350263196,0.0,0.0034907994551834193
2013-06-18,0.0021361760745526315,0.0021361760745526315,0.0,0.0021333246248352116
2013-06-19,-0.006093143239591314,-0.006093143239591314,0.0,-0.006095992840504035
2013-06-20,-0.0038321421734243133,-0.0038321421734243133,0.0,-0.0038349970801225624
2013-06-21,0.001189226497727569,0.001189226497727569,0.0,0.001186368241240788
2013-06-24,-0.004628493314270732,-0.004628493314270732,0.0,-0.004631921976091042
2013-06-25,0.003932187758936001,0.003932187758936001,0.0,0.003928754225250158
2013-06-26,0.0033257775611115203,0.0033257775611115203,0.0,0.0033223481501616285
2013-06-27,0.0036512647589632685,0.0036512647589632685,0.0,0.003647838823395013
2013-06-28,-0.0012593461363122893,-0.0012593461363122893,0.0,-0.001261627558938107
2013-07-01,0.001719091571692477,0.002117380454790263,0.7965777661955672,0.0017175500726556373
2013-07-02,0.000625650199473915,0.000625650199473915,0.0,0.00062449578509575
2013-07-03,0.0003765426826802809,0.0003765426826802809,0.0,0.0003746186211367178
2013-07-05,0.0025243234055098984,0.0025243234055098984,0.0,0.002522784138188097
2013-07-08,0.001149977702749272,0.001149977702749272,0.0,0.001148053467411136
2013-07-09,0.00017723666726565668,0.00017723666726565668,0.0,0.00017569722395919212
2013-07-10,0.002007765708489817,0.002007765708489817,0.0,0.0020062262567026134
2013-07-11,0.0048962958047809035,0.0048962958047809035,0.0,0.004894756257115014
2013-07-12,-0.0003144523957711032,-0.0003144523957711032,0.0,-0.00031599217611505713
2013-07-15,0.0008754756670035224,0.0008754756670035224,0.0,0.0008739359016074376
2013-07-16,-0.0006335737601376179,-0.0006335737601376179,0.0,-0.0006347286153699635
2013-07-17,0.0017031057399901073,0.0017031057399901073,0.0,0.0017019509073405738
2013-07-18,0.0013763205309054172,0.0013763205309054172,0.0,0.0013751656376543755
2013-07-19,-0.0005118758027808923,-0.0005118758027808923,0.0,-0.0005130307449381535
2013-07-22,-0.0009682149692846753,-0.0009682149692846753,0.0,-0.0009697548678965876
2013-07-23,0.0006662752899748714,0.0006662752899748714,0.0,0.0006655053636392907
2013-07-24,-0.0005220739393021478,-0.0005220739393021478,0.0,-0.0005232288525002619
2013-07-25,0.0008922615933890654,0.0008922615933890654,0.0,0.0008914916636411291
2013-07-26,-0.0008776048248224644,-0.0008776048248224644,0.0,-0.0008787597511641335
2013-07-29,-0.0012733395428536909,-0.0012733395428536909,0.0,-0.001274494437969237
2013-07-30,0.0004929033549265771,0.0004929033549265771,0.0,0.0004913635552585879
2013-07-31,0.00012518767315894408,0.00012518767315894408,0.0,0.00012364785008863453
2013-08-01,0.003995649070252183,0.0042246265312346765,0.45795492196504023,0.003994676893754732
2013-08-02,0.00047887148871206264,0.00047887148871206264,0.0,0.0004779010088599809
2013-08-05,0.00021349540072668205,0.00021349540072668205,0.0,0.00021228193186537733
2013-08-06,-0.0008031504074205165,-0.0008031504074205165,0.0,-0.0008041213141070366
2013-08-07,-0.002278832964689781,-0.002278832964689781,0.0,-0.0022800459787282548
2013-08-08,-0.0005618616105518282,-0.0005618616105518282,0.0,-0.0005630728633391045
2013-08-09,-0.0008453808920205752,-0.0008453808920205752,0.0,-0.0008465917103153859
2013-08-12,-0.0008505622663980139,-0.0008505622663980139,0.0,-0.0008520144631995666
2013-08-13,0.0029358762235947022,0.0029358762235947022,0.0,0.002934424817430086
2013-08-14,-0.0013844346972520238,-0.0013844346972520238,0.0,-0.0013856464699258599
2013-08-15,-0.002987916946308955,-0.002987916946308955,0.0,-0.002989127648226293
2013-08-16,0.00027426656841655905,0.00027426656841655905,0.0,0.0002730581843546446
2013-08-19,-0.0010080227267952324,-0.0010080227267952324,0.0,-0.0010094730429119445
2013-08-20,0.0009830700387758462,0.0009830700387758462,0.0,0.0009821037873974298
2013-08-21,-0.0009858456170669383,-0.0009858456170669383,0.0,-0.0009868124783815975
2013-08-22,0.0022751626284287507,0.0022751626284287507,0.0,0.0022744379416391957
2013-08-23,-0.0017014772786990706,-0.0017014772786990706,0.0,-0.0017022030228296405
2013-08-26,-0.0022749934894882307,-0.0022749934894882307,0.0,-0.0022759600922239976
2013-08-27,-0.004334222851791525,-0.004334222851791525,0.0,-0.004335429336079162
2013-08-28,0.00046437289153788974,0.00046437289153788974,0.0,0.0004636510320545482
2013-08-29,0.0011213122559967648,0.0011213122559967648,0.0,0.0011208308713332778
2013-08-30,-0.000715774226488719,-0.000715774226488719,0.0,-0.0007164968281174296
2013-09-03,0.0017578492888976616,0.0018255804579998536,0.13546233820422898,0.0017574208991771826
2013-09-04,0.002789575214455109,0.002789575214455109,0.0,0.0027891475368302487
2013-09-05,0.00016461454410632292,0.00016461454410632292,0.0,0.00016418584841176412
2013-09-06,-0.00021847903786120781,-0.00021847903786120781,0.0,-0.000218907793622796
2013-09-09,0.002597347220194113,0.002597347220194113,0.0,0.0025969185441718614
2013-09-10,0.0025917145009082265,0.0025917145009082265,0.0,0.002591284879375586
2013-09-11,-0.00036339529710249785,-0.00036339529710249785,0.0,-0.0003638258596561949
2013-09-12,0.00012123737251212852,0.00012123737251212852,0.0,0.00012102215723154215
2013-09-13,0.0002480108894100663,0.0002480108894100663,0.0,0.00024779565211421574
2013-09-16,0.0022776393145300666,0.0022776393145300666,0.0,0.0022772087498890456
2013-09-17,0.000762832862171603,0.000762832862171603,0.0,0.0007626171673010847
2013-09-18,-0.00041991848310507507,-0.00041991848310507507,0.0,-0.00042013431604258903
2013-09-19,0.000548502571277476,0.000548502571277476,0.0,0.0005482868143739691
2013-09-20,0.0006042997389339444,0.0006042997389339444,0.0,0.0006040838827683488
2013-09-23,-0.001505791119805755,-0.001505791119805755,0.0,-0.0015062230507241724
2013-09-24,-0.0013805084154046021,-0.0013805084154046021,0.0,-0.0013809398008270404
2013-09-25,-0.00044358210805017784,-0.00044358210805017784,0.0,-0.00044401299267086156
2013-09-26,0.0009298963446846553,0.0009298963446846553,0.0,0.0009298963446846553
2013-09-27,-8.641284610100275e-05,-8.641284610100275e-05,0.0,-8.684390690479754e-05
2013-09-30,-0.0003876767142546589,-0.0003876767142546589,0.0,-0.0003881077437233129
2013-10-01,0.0030518281075364584,0.0031467108993423754,0.1897655836115334,0.0030513933472893586
2013-10-02,-0.001258370601379788,-0.001258370601379788,0.0,-0.001258805725223737
2013-10-03,-0.0020916595034070617,-0.0020916595034070617,0.0,-0.0020923115115806627
2013-10-04,0.0010275206145371474,0.0010275206145371474,0.0,0.0010268697350160477
2013-10-07,-0.003925986810214943,-0.003925986810214943,0.0,-0.003926638243613624
2013-10-08,-0.0029545341665883074,-0.0029545341665883074,0.0,-0.0029556163478925987
2013-10-09,0.0014286876535467563,0.0014286876535467563,0.0,0.0014276081449684527
2013-10-10,0.0053372534477698075,0.0053372534477698075,0.0,0.005336172648618183
2013-10-11,0.0024086068283393214,0.0024086068283393214,0.0,0.0024068698765867124
2013-10-14,0.0017125193480342915,0.0017125193480342915,0.0,0.0017107789418649825
2013-10-15,-0.0023895917341255624,-0.0023895917341255624,0.0,-0.0023926417357314693
2013-10-16,0.0020395571106095467,0.0020395571106095467,0.0,0.002037382824885587
2013-10-17,0.000917200933686857,0.000917200933686857,0.0,0.0009161119650982064
2013-10-18,0.001576009519017596,0.001576009519017596,0.0,0.0015751376879164776
2013-10-21,-0.00040430203730501546,-0.00040430203730501546,0.0,-0.0004051749942201371
2013-10-22,1.7909142495664554e-05,1.7909142495664554e-05,0.0,1.7036474508363297e-05
2013-10-23,-0.0018540425251966086,-0.0018540425251966086,0.0,-0.0018549152059821555
2013-10-24,0.001199249241532696,0.001199249241532696,0.0,0.0011985957264923424
2013-10-25,0.0003186998556428122,0.0003186998556428122,0.0,0.00031782764468378055
2013-10-28,0.00018201727099076415,0.00018201727099076415,0.0,0.0001811448322050608
2013-10-29,0.0008665295622030111,0.0008665295622030111,0.0,0.0008656569933236108
2013-10-30,-0.0010352594930994607,-0.0010352594930994607,0.0,-0.0010361326807796724
2013-10-31,-0.00042381363079113665,-0.00042381363079113665,0.0,-0.0004246860784119933
2013-11-01,0.0010903709144671758,0.0011656777225967918,0.15061361625934644,0.0010895086590503337
2013-11-04,0.0014137527326463228,0.0014137527326463228,0.0,0.0014126744329985652
2013-11-05,-0.0009469935567018029,-0.0009469935567018029,0.0,-0.0009480731351575143
2013-11-06,0.0013397385647146987,0.0013397385647146987,0.0,0.0013386598436725804
2013-11-07,-0.004477621119154063,-0.004477621119154063,0.0,-0.0044787010515805
2013-11-08,0.004014788449739459,0.004014788449739459,0.0,0.0040134974110482904
2013-11-11,0.0011511859779178568,0.0011511859779178568,0.0,0.0011498905809513482
2013-11-12,0.00026773588411610483,0.00026773588411610483,0.0,0.0002660070238418055
2013-11-13,0.001002575952612661,0.001002575952612661,0.0,0.0010008467053647147
2013-11-14,0.00011362013715765507,0.00011362013715765507,0.0,0.00011188944228197055
2013-11-15,0.0026238951220747264,0.0026238951220747264,0.0,0.002622164263160621
2013-11-18,-0.00041662805351916354,-0.00041662805351916354,0.0,-0.0004185795204070914
2013-11-19,0.000719554691029689,0.000719554691029689,0.0,0.0007178206539762344
2013-11-20,0.00036448289882873297,0.00036448289882873297,0.0,0.00036274782595449785
2013-11-21,0.002433993995698547,0.002433993995698547,0.0,0.002432475348002209
2013-11-22,0.0003789172334172086,0.0003789172334172086,0.0,0.00037739552844719853
2013-11-25,-0.0014883261740201714,-0.0014883261740201714,0.0,-0.0014900658091485908
2013-11-26,0.000822662542244057,0.000822662542244057,0.0,0.0008211422330300666
2013-11-27,0.002085835223286203,0.002085835223286203,0.0,0.002084313880450249
2013-11-29,0.00029311678421573006,0.00029311678421573006,0.0,0.00029181053441812384
2013-12-02,0.001047829950250545,0.0011586659910238772,0.22167208154665394,0.0010466298342937154
2013-12-03,-0.0007409984579861417,-0.0007409984579861417,0.0,-0.0007424397475294153
2013-12-04,0.0003509983250649107,0.0003509983250649107,0.0,0.0003495577323266823
2013-12-05,0.0013436340782611023,0.0013436340782611023,0.0,0.0013421931555740259
2013-12-06,0.0026013825144510783,0.0026013825144510783,0.0,0.0025999403304028785
2013-12-09,0.00018664379407939968,0.00018664379407939968,0.0,0.00018495840430411776
2013-12-10,-0.0020704497721288906,-0.0020704497721288906,0.0,-0.002072135365753567
2013-12-11,-0.0029721602941370495,-0.0029721602941370495,0.0,-0.002973843621757647
2013-12-12,0.0008076259962175314,0.0008076259962175314,0.0,0.0008059459311751403
2013-12-13,-0.0007485779297098372,-0.0007485779297098372,0.0,-0.0007502588805781536
2013-12-16,0.0013562163232756497,0.0013562163232756497,0.0,0.0013545361940828385
2013-12-17,-0.0009465886936956824,-0.0009465886936956824,0.0,-0.0009482703095212262
2013-12-18,0.005041760356404357,0.005041760356404357,0.0,0.0050400797791764484
2013-12-19,-0.0006203818976201481,-0.0006203818976201481,0.0,-0.0006218271101629467
2013-12-20,-0.0008030523789925859,-0.0008030523789925859,0.0,-0.000804737782603359
2013-12-23,0.002376386793900398,0.002376386793900398,0.0,0.002374702268228329
2013-12-24,0.0008404474250853777,0.0008404474250853777,0.0,0.0008387603075826346
2013-12-26,0.0014862168437217438,0.0014862168437217438,0.0,0.001484528810346124
2013-12-27,0.0013906216908494695,0.0013906216908494695,0.0,0.0013889320402808633
2013-12-30,0.0015513270969358395,0.0015513270969358395,0.0,0.0015496359352952633
2013-12-31,0.0016191268219203359,0.0016191268219203359,0.0,0.0016174339771937189
2014-01-02,-0.0036540500613293503,-0.0034839951562387617,0.3401098101813907,-0.003655693174264787
2014-01-03,-0.002189494639577627,-0.002189494639577627,0.0,-0.002191144730709125
2014-01-06,-0.0006226975063995388,-0.0006226975063995388,0.0,-0.0006238743754350861
2014-01-07,0.0018852821334016667,0.0018852821334016667,0.0,0.001884341040565807
2014-01-08,0.0007260296735687177,0.0007260296735687177,0.0,0.0007248517875322393
2014-01-09,0.001079153291633217,0.001079153291633217,0.0,0.0010782105148598939
2014-01-10,-0.001888246981836872,-0.001888246981836872,0.0,-0.001889426321292636
2014-01-13,-0.003150848510662718,-0.003150848510662718,0.0,-0.003151555200828676
2014-01-14,0.0033394063527274476,0.0033394063527274476,0.0,0.0033384661380456496
2014-01-15,0.0018138514940144734,0.0018138514940144734,0.0,0.001812909125638612
2014-01-16,-0.0006365113084081386,-0.0006365113084081386,0.0,-0.0006374548444790436
2014-01-17,-0.0017257065434361785,-0.0017257065434361785,0.0,-0.0017268854509935388
2014-01-21,0.0030499298811110798,0.0030499298811110798,0.0,0.00304898786864485
2014-01-22,-0.00027129997257557825,-0.00027129997257557825,0.0,-0.0002722439471441058
2014-01-23,-0.0008207287203694236,-0.0008207287203694236,0.0,-0.0008216725203559845
2014-01-24,-0.004912425345609539,-0.004912425345609539,0.0,-0.004913368617022039
2014-01-27,-0.000110813172314983,-0.000110813172314983,0.0,-0.00011198828736990162
2014-01-28,0.0008221915343080699,0.0008221915343080699,0.0,0.000821016508912265
2014-01-29,-0.0028191862700570613,-0.0028191862700570613,0.0,-0.0028201268221256844
2014-01-30,0.002350972132710405,0.002350972132710405,0.0,0.0023505027709071627
2014-01-31,-0.004242069698712436,-0.004242069698712436,0.0,-0.004242539821121894
2014-02-03,-0.006124180691399861,-0.005748807764062391,0.7507458546749098,-0.006125509310082522
2014-02-04,0.0005075347735510327,0.0005075347735510327,0.0,0.000505942129154033
2014-02-05,-0.0010164132982876106,-0.0010164132982876106,0.0,-0.0010182718499566585
2014-02-06,0.0020205236301633622,0.0020205236301633622,0.0,0.0020186660137585704
2014-02-07,0.0006312919766882086,0.0006312919766882086,0.0,0.0006291668659869615
2014-02-10,0.0008356742628994329,0.0008356742628994329,0.0,0.0008338142116824271
2014-02-11,0.0008357484454037944,0.0008357484454037944,0.0,0.0008344192900487141
2014-02-12,-0.0002101401960222793,-0.0002101401960222793,0.0,-0.0002114698983117808
2014-02-13,-0.0011089797638834664,-0.0011089797638834664,0.0,-0.0011097775027272643
2014-02-14,-0.0014408294457803894,-0.0014408294457803894,0.0,-0.0014413609809953822
2014-02-18,-0.001122377998377333,-0.001122377998377333,0.0,-0.001123705890892869
2014-02-19,-0.002377131116315767,-0.002377131116315767,0.0,-0.002378723702489525
2014-02-20,0.0007059643187470321,0.0007059643187470321,0.0,0.0007046387290316669
2014-02-21,7.533270781467927e-05,7.533270781467927e-05,0.0,7.400665352347364e-05
2014-02-24,0.0003625153814215132,0.0003625153814215132,0.0,0.00036118927755964393
2014-02-25,7.509434823527172e-05,7.509434823527172e-05,0.0,7.37680059163437e-05
2014-02-26,0.0016479898547667737,0.0016479898547667737,0.0,0.001646663463055644
2014-02-27,-0.0013247445016574266,-0.0013247445016574266,0.0,-0.0013258064807524681
2014-02-28,-0.0006817157832801346,-0.0006817157832801346,0.0,-0.0006830423860974117
2014-03-03,-0.0036363853712615413,-0.0033393814447411074,0.5940078530408565,-0.003637989366658229
2014-03-04,0.004596792796628391,0.004596792796628391,0.0,0.004595180858054855
2014-03-05,-0.00016272951305218442,-0.00016272951305218442,0.0,-0.00016466588299378183
2014-03-06,0.0007515383020035848,0.0007515383020035848,0.0,0.0007499247206843026
2014-03-07,0.0007345033182937222,0.0007345033182937222,0.0,0.0007325666867864285
2014-03-10,0.00011506332879251957,0.00011506332879251957,0.0,0.000113449197440089
2014-03-11,-0.000901027773888563,-0.000901027773888563,0.0,-0.0009026419478090247
2014-03-12,-0.0007700619125962094,-0.0007700619125962094,0.0,-0.0007716757528780679
2014-03-13,-0.0030300847545274845,-0.0030300847545274845,0.0,-0.003031698309445909
2014-03-14,-0.0014927659288704875,-0.0014927659288704875,0.0,-0.0014943783575114295
2014-03-17,0.002754784701898938,0.002754784701898938,0.0,0.0027528504543555695
2014-03-18,0.0015360314163621602,0.0015360314163621602,0.0,0.0015344185207468574
2014-03-19,-0.0017316022643429907,-0.0017316022643429907,0.0,-0.0017335384222995638
2014-03-20,-0.0006416330173248941,-0.0006416330173248941,0.0,-0.0006435684037384289
2014-03-21,-0.0021795780170207335,-0.0021795780170207335,0.0,-0.0021815131173608783
2014-03-24,-0.0005686047754851487,-0.0005686047754851487,0.0,-0.0005705389019333127
2014-03-25,0.0006315452944829492,0.0006315452944829492,0.0,0.0006299337342860668
2014-03-26,-0.001106809793424035,-0.001106809793424035,0.0,-0.0011084215887652146
2014-03-27,-0.0013504746046519855,-0.0013504746046519855,0.0,-0.0013517637108793844
2014-03-28,0.00160050989398286,0.00160050989398286,0.0,0.0015992211910053004
2014-03-31,0.0024956413261281174,0.0024956413261281174,0.0,0.0024940298509732286
2014-04-01,0.0017503161181076088,0.0018849243723209064,0.2692165084265123,0.001749263576578928
2014-04-02,-0.0004916084990831404,-0.0004916084990831404,0.0,-0.0004921347162057147
2014-04-03,-0.0007786933250945038,-0.0007786933250945038,0.0,-0.0007792194106797476
2014-04-04,-0.002619928622752954,-0.002619928622752954,0.0,-0.0026207174383604047
2014-04-07,-0.0015554721708660457,-0.0015554721708660457,0.0,-0.0015562599313871876
2014-04-08,0.0005865066523533802,0.0005865066523533802,0.0,0.0005857195192211409
2014-04-09,0.0038892947734767702,0.0038892947734767702,0.0,0.0038882449474008213
2014-04-10,-0.0051197099803445,-0.0051197099803445,0.0,-0.00512076188872246
2014-04-11,-0.003161080439273656,-0.003161080439273656,0.0,-0.0031621295924880197
2014-04-14,0.0015793959168450833,0.0015793959168450833,0.0,0.0015783484701554767
2014-04-15,0.001372943609139643,0.001372943609139643,0.0,0.0013718953111499551
2014-04-16,0.0017102758511049476,0.0017102758511049476,0.0,0.0017092268141083301
2014-04-17,0.000584220504642019,0.000584220504642019,0.0,0.000583433037637677
2014-04-21,0.0009470407709772921,0.0009470407709772921,0.0,0.0009459905012264922
2014-04-22,0.0008516888784007026,0.0008516888784007026,0.0,0.0008509007950052199
2014-04-23,-0.0006826206900806264,-0.0006826206900806264,0.0,-0.0006831463072921692
2014-04-24,-0.0005129192003887617,-0.0005129192003887617,0.0,-0.000513181917449408
2014-04-25,-0.0020081313511806087,-0.0020081313511806087,0.0,-0.002008919295896426
2014-04-28,0.0015312613716329526,0.0015312613716329526,0.0,0.001530474236879721
2014-04-29,0.001037012306809748,0.001037012306809748,0.0,0.001036487139189681
2014-04-30,0.0011670001597667845,0.0011670001597667845,0.0,0.0011662119911387905
2014-05-01,-3.847338340978723e-05,0.00012879346761374144,0.3345337020470498,-3.929774833655616e-05
2014-05-02,-0.0018146737988685713,-0.0018146737988685713,0.0,-0.0018152226702662217
2014-05-05,0.000591443916386325,0.000591443916386325,0.0,0.0005906212767932848
2014-05-06,-0.001244300201013293,-0.001244300201013293,0.0,-0.0012451230580324557
2014-05-07,0.0022661213903796273,0.0022661213903796273,0.0,0.0022652989913589613
2014-05-08,-0.0010374089982951862,-0.0010374089982951862,0.0,-0.001038232229537485
2014-05-09,-0.0008834360116930506,-0.0008834360116930506,0.0,-0.0008842588615564896
2014-05-12,0.000755282877953567,0.000755282877953567,0.0,0.0007544603531516351
2014-05-13,-0.0007527573921920494,-0.0007527573921920494,0.0,-0.0007535801946916247
2014-05-14,-0.002419892812042579,-0.002419892812042579,0.0,-0.0024207153375645687
2014-05-15,-0.0008795017563869578,-0.0008795017563869578,0.0,-0.0008803233893478674
2014-05-16,0.0009215220101403965,0.0009215220101403965,0.0,0.0009207007018633152
2014-05-19,0.001625253473078292,0.001625253473078292,0.0,0.0016244318249180629
2014-05-20,-0.0008179365045959397,-0.0008179365045959397,0.0,-0.0008187587512225465
2014-05-21,0.0006574619885890698,0.0006574619885890698,0.0,0.0006563660616668702
2014-05-22,-0.0007125720873376595,-0.0007125720873376595,0.0,-0.0007133942746652374
2014-05-23,0.0004979391939006206,0.0004979391939006206,0.0,0.0004968432942898489
2014-05-27,0.002635331601931412,0.002635331601931412,0.0,0.0026342354577541154
2014-05-28,-0.002823043585938767,-0.002823043585938767,0.0,-0.0028241410210765984
2014-05-29,0.0011445755615784314,0.0011445755615784314,0.0,0.0011434795132700178
2014-05-30,0.0013672871215670845,0.0013672871215670845,0.0,0.0013661905116250056
2014-06-02,-0.0025426182132178843,-0.0021111670193680876,0.8629023876998773,-0.0025446796672036497
2014-06-03,-0.002021067556135736,-0.002021067556135736,0.0,-0.0020231311025679767
2014-06-04,7.950261650213619e-05,7.950261650213619e-05,0.0,7.743810559762719e-05
2014-06-05,0.0037370005262393757,0.0037370005262393757,0.0,0.00373493605327124
2014-06-06,0.0007944644820476743,0.0007944644820476743,0.0,0.0007924017856302688
2014-06-09,-0.002096442072930471,-0.002096442072930471,0.0,-0.0020985043919633877
2014-06-10,-0.00230932701409281,-0.00230932701409281,0.0,-0.002311390331064406
2014-06-11,-0.0004812409021288655,-0.0004812409021288655,0.0,-0.000483305320920109
2014-06-12,0.00025729424057541195,0.00025729424057541195,0.0,0.0002552295920653047
2014-06-13,0.00024715950233122896,0.00024715950233122896,0.0,0.0002450949766081433
2014-06-16,0.00031045598809442687,0.00031045598809442687,0.0,0.00030839158029267576
2014-06-17,-0.0023328441827767943,-0.0023328441827767943,0.0,-0.002334908442504035
2014-06-18,0.005204930028298138,0.005204930028298138,0.0,0.0052033809970496265
2014-06-19,-0.00277852835909298,-0.00277852835909298,0.0,-0.0027795598088649447
2014-06-20,0.0013995320246393828,0.0013995320246393828,0.0,0.0013984999122952373
2014-06-23,-0.0012404769442523333,-0.0012404769442523333,0.0,-0.0012420246128663158
2014-06-24,0.0007032906218309432,0.0007032906218309432,0.0,0.0007017425095776702
2014-06-25,0.0018678033463084276,0.0018678033463084276,0.0,0.0018662554854004748
2014-06-26,0.0006954396999736545,0.0006954396999736545,0.0,0.0006933767738029061
2014-06-27,0.001363611613431459,0.001363611613431459,0.0,0.001362064666707159
2014-06-30,9.240136642674202e-05,9.240136642674202e-05,0.0,9.033941802824573e-05
2014-07-01,6.058102690609246e-05,0.00032621291256496043,0.5312637713178288,5.917009632294022e-05
2014-07-02,-0.001987508804012439,-0.001987508804012439,0.0,-0.0019889194282464765
2014-07-03,-0.0006701563688320533,-0.0006701563688320533,0.0,-0.0006708622952901527
2014-07-07,-0.0020828917131455738,-0.0020828917131455738,0.0,-0.002085716248117804
2014-07-08,-0.0003320001723515764,-0.0003320001723515764,0.0,-0.0003341205103822704
2014-07-09,0.0013802499866666373,0.0013802499866666373,0.0,0.001378129339819125
2014-07-10,-0.0023439464046374203,-0.0023439464046374203,0.0,-0.0023453593144701483
2014-07-11,0.0004945283540962464,0.0004945283540962464,0.0,0.0004931139893432653
2014-07-14,0.0012693023763399314,0.0012693023763399314,0.0,0.0012671812894238502
2014-07-15,-0.004270256638352898,-0.004270256638352898,0.0,-0.004271669909810971
2014-07-16,0.0012455898259691178,0.0012455898259691178,0.0,0.0012441738972244945
2014-07-17,-0.0009735242499666619,-0.0009735242499666619,0.0,-0.0009749394045724601
2014-07-18,0.002517713501682284,0.002517713501682284,0.0,0.0025162977414378493
2014-07-21,0.000959481470083734,0.000959481470083734,0.0,0.000957360173256766
2014-07-22,0.001512676214074915,0.001512676214074915,0.0,0.0015105558094970033
2014-07-23,0.0021006592732166762,0.0021006592732166762,0.0,0.0020985402731946786
2014-07-24,-0.002073480498200997,-0.002073480498200997,0.0,-0.00207559755179957
2014-07-25,0.0009449650410386923,0.0009449650410386923,0.0,0.0009428460622080024
2014-07-28,-5.124245478593803e-05,-5.124245478593803e-05,0.0,-5.4066591127919814e-05
2014-07-29,-0.0017940878706901309,-0.0017940878706901309,0.0,-0.0017954999705519703
2014-07-30,-0.004936442812829345,-0.004936442812829345,0.0,-0.00493926923564539
2014-07-31,-0.009011783859215639,-0.009011783859215639,0.0,-0.009013908286724949
2014-08-01,0.0019766377492320686,0.002229562326656387,0.5058491548489753,0.0019750043467179515
2014-08-04,0.002272252530971075,0.002272252530971075,0.0,0.002270076798186499
2014-08-05,-0.004568817967975924,-0.004568817967975924,0.0,-0.004570448767039594
2014-08-06,-0.000560773790026281,-0.000560773790026281,0.0,-0.0005624066100785338
2014-08-07,-0.0012880357975065815,-0.0012880357975065815,0.0,-0.0012896688657528588
2014-08-08,0.0028443123601205045,0.0028443123601205045,0.0,0.002842678721064592
2014-08-11,0.0035269300209141985,0.0035269300209141985,0.0,0.0035247535113977113
2014-08-12,-0.0016833156950112338,-0.0016833156950112338,0.0,-0.0016849465240549016
2014-08-13,0.004155529551902237,0.004155529551902237,0.0,0.004153354123173699
2014-08-14,0.0036156924654944245,0.0036156924654944245,0.0,0.0036135194706316013
2014-08-15,0.0022166372519758504,0.0022166372519758504,0.0,0.0022150090883718164
2014-08-18,0.002593481408284637,0.002593481408284637,0.0,0.0025918542127290165
2014-08-19,4.498069290304052e-05,4.498069290304052e-05,0.0,4.335462704113463e-05
2014-08-20,-0.002413372623215726,-0.002413372623215726,0.0,-0.0024155406849086084
2014-08-21,0.0014458176633886932,0.0014458176633886932,0.0,0.0014447329300516106
2014-08-22,-0.0015085974502809796,-0.0015085974502809796,0.0,-0.0015102239199195752
2014-08-25,0.0013350616946765648,0.0013350616946765648,0.0,0.001332892190181949
2014-08-26,0.0010224027536627212,0.0010224027536627212,0.0,0.0010207762074721128
2014-08-27,0.0018157416390891523,0.0018157416390891523,0.0,0.0018135735046800841
2014-08-28,-0.0011341556231753147,-0.0011341556231753147,0.0,-0.0011357809344339765
2014-08-29,0.0006040387088748211,0.0006040387088748211,0.0,0.0006024129038855544
2014-09-02,0.0006361404612216237,0.000867686251192934,0.46309157994301187,0.0006349341016987183
2014-09-03,0.0002238585049707531,0.0002238585049707531,0.0,0.00022265211036417298
2014-09-04,-0.0019790767618852456,-0.0019790767618852456,0.0,-0.0019802831529291505
2014-09-05,0.0015231341301817913,0.0015231341301817913,0.0,0.001521927707578712
2014-09-08,-0.0016760778517049824,-0.0016760778517049824,0.0,-0.001676882117272644
2014-09-09,-0.004636791946790342,-0.004636791946790342,0.0,-0.004637596230179061
2014-09-10,0.00010495055585302282,0.00010495055585302282,0.0,0.00010414622293350884
2014-09-11,-5.909481678290085e-05,-5.909481678290085e-05,0.0,-5.9899148581437434e-05
2014-09-12,-0.005193897671323278,-0.005193897671323278,0.0,-0.005194702003753044
2014-09-15,-0.0016394822621963456,-0.0016394822621963456,0.0,-0.001640286650395095
2014-09-16,0.0022016980571668565,0.0022016980571668565,0.0,0.0022008936513354138
2014-09-17,-0.0009085623373272789,-0.0009085623373272789,0.0,-0.0009093667195313963
2014-09-18,0.001985016230088732,0.001985016230088732,0.0,0.0019842118381255924
2014-09-19,0.001704451540184948,0.001704451540184948,0.0,0.0017036471695009649
2014-09-22,-0.002182860534567621,-0.002182860534567621,0.0,-0.002183262710789391
2014-09-23,-0.001694887843291526,-0.001694887843291526,0.0,-0.0016952900312189522
2014-09-24,0.001791870802196227,0.001791870802196227,0.0,0.0017910664081327373
2014-09-25,-0.004320704895043326,-0.004320704895043326,0.0,-0.004321107082467011
2014-09-26,0.0020560955320605423,0.0020560955320605423,0.0,0.0020556933213685858
2014-09-29,-0.002553198648713617,-0.002553198648713617,0.0,-0.002554003047997607
2014-09-30,0.0019363320343004364,0.0019363320343004364,0.0,0.0019355276075031685
2014-10-01,-0.0010696199259908612,-0.0008179699654832229,0.5032999210151621,-0.0010705385243066138
2014-10-02,-0.002456395358454655,-0.002456395358454655,0.0,-0.0024568547582303276
2014-10-03,0.007485722745959711,0.007485722745959711,0.0,0.007485263192098129
2014-10-06,-0.0034018343144396335,-0.0034018343144396335,0.0,-0.003402752490004883
2014-10-07,-0.0021545692883979672,-0.0021545692883979672,0.0,-0.0021554878890218364
2014-10-08,0.00625245420363485,0.00625245420363485,0.0,0.0062519947684257365
2014-10-09,-0.0056202286422014636,-0.0056202286422014636,0.0,-0.005620687688378001
2014-10-10,-0.0016975621353669812,-0.0016975621353669812,0.0,-0.0016980215332150013
2014-10-13,-0.003052714048519256,-0.003052714048519256,0.0,-0.0030531735527685225
2014-10-14,0.005393022557474536,0.005393022557474536,0.0,0.005392103165122983
2014-10-15,-0.0011197887565563835,-0.0011197887565563835,0.0,-0.001120707474418416
2014-10-16,-0.0011847609261453895,-0.0011847609261453895,0.0,-0.001186139213246985
2014-10-17,0.0021927312465159776,0.0021927312465159776,0.0,0.0021918122399316045
2014-10-20,0.004263811156963504,0.004263811156963504,0.0,0.00426289242464929
2014-10-21,0.0044016396043962125,0.0044016396043962125,0.0,0.004400721403141643
2014-10-22,0.0003742546356240162,0.0003742546356240162,0.0,0.0003733369801931687
2014-10-23,0.002049738151174374,0.002049738151174374,0.0,0.002049279346654924
2014-10-24,0.001069670989863214,0.001069670989863214,0.0,0.0010692123121248684
2014-10-27,0.00010534980654264281,0.00010534980654264281,0.0,0.00010443258324787115
2014-10-28,0.0019564949537105303,0.0019564949537105303,0.0,0.0019555777434327264
2014-10-29,0.00019898376105653703,0.00019898376105653703,0.0,0.00019760830754702243
2014-10-30,0.004223044830296452,0.004223044830296452,0.0,0.0042225863580600004
2014-10-31,0.00984929974444193,0.00984929974444193,0.0,0.009848841531448053
2014-11-03,0.0028873010049019765,0.003034988539189154,0.2953750685744544,0.002886505647698759
2014-11-04,-0.0006169407071415778,-0.0006169407071415778,0.0,-0.000618131529452264
2014-11-05,0.0018109149032812244,0.0018109149032812244,0.0,0.0018097240807568708
2014-11-06,-0.00041847161819419387,-0.00041847161819419387,0.0,-0.0004196624400925001
2014-11-07,-0.0001063665400863334,-0.0001063665400863334,0.0,-0.00010755736212936912
2014-11-10,0.001573163086157514,0.001573163086157514,0.0,0.0015723692047709629
2014-11-11,-0.0005318045164867113,-0.0005318045164867113,0.0,-0.000532598397511072
2014-11-12,0.00045783933203713545,0.00045783933203713545,0.0,0.00045704545089027184
2014-11-13,0.0021040590340746235,0.0021040590340746235,0.0,0.0021032651530331764
2014-11-14,-0.002052026720123501,-0.002052026720123501,0.0,-0.0020528206006815105
2014-11-17,-0.001123754275997646,-0.001123754275997646,0.0,-0.0011249450975433382
2014-11-18,0.0007799468060329939,0.0007799468060329939,0.0,0.0007791529247435119
2014-11-19,-0.001758940598674763,-0.001758940598674763,0.0,-0.0017593375392296869
2014-11-20,-0.0003233582018291603,-0.0003233582018291603,0.0,-0.00032415208334483437
2014-11-21,0.0035954880674293754,0.0035954880674293754,0.0,0.0035950911266342234
2014-11-24,0.002031263349271173,0.002031263349271173,0.0,0.0020304694685077227
2014-11-25,0.001300760643864196,0.001300760643864196,0.0,0.001299966763566928
2014-11-26,0.0025584978381680834,0.0025584978381680834,0.0,0.0025577039581689567
2014-11-28,0.007090781298712878,0.007090781298712878,0.0,0.007089987419298676
2014-12-01,-0.007667437381976838,-0.007590346613861154,0.15418153623126715,-0.007668593745714401
2014-12-02,0.0021209339607981548,0.0021209339607981548,0.0,0.002119775779797678
2014-12-03,0.0009546827238586797,0.0009546827238586797,0.0,0.0009542966407415217
2014-12-04,0.002017845063952084,0.002017845063952084,0.0,0.002017072877226393
2014-12-05,0.00014294157684702213,0.00014294157684702213,0.0,0.0001421693468973869
2014-12-08,0.0008648720225963302,0.0008648720225963302,0.0,0.00086371367307964
2014-12-09,-0.002047164666903911,-0.002047164666903911,0.0,-0.002048709169941433
2014-12-10,-0.0015729132197180862,-0.0015729132197180862,0.0,-0.0015740715311496698
2014-12-11,0.0016203421003146978,0.0016203421003146978,0.0,0.0016191838395551914
2014-12-12,-0.0005035196186957691,-0.0005035196186957691,0.0,-0.000504291827279156
2014-12-15,0.0006365012508693368,0.0006365012508693368,0.0,0.0006349568553065881
2014-12-16,-0.00016836623524740801,-0.00016836623524740801,0.0,-0.00016952455238874455
2014-12-17,0.004989007357435682,0.004989007357435682,0.0,0.004987849045709755
2014-12-18,0.002245197005575239,0.002245197005575239,0.0,0.002243652377044477
2014-12-19,0.0011648334530001136,0.0011648334530001136,0.0,0.001163288728874562
2014-12-22,0.005021107493903498,0.005021107493903498,0.0,0.005019176526824124
2014-12-23,-0.004268978091532372,-0.004268978091532372,0.0,-0.0042701368311328265
2014-12-24,0.001276032298079821,0.001276032298079821,0.0,0.0012756460969008895
2014-12-26,0.0010997937233283572,0.0010997937233283572,0.0,0.0010994075086098575
2014-12-29,0.0034624650890027198,0.0034624650890027198,0.0,0.003461306409877008
2014-12-30,-0.002305804527883426,-0.002305804527883426,0.0,-0.0023069633167254753
2014-12-31,0.0006332843408158872,0.0006332843408158872,0.0,0.0006317393866714135
2015-01-02,0.005114034652836885,0.005247181583323268,0.26629386097290986,0.0051134126721423395
2015-01-05,0.003278306214026916,0.003278306214026916,0.0,0.003277376368278587
2015-01-06,0.002108695784921233,0.002108695784921233,0.0,0.0021077650875384246
2015-01-07,0.001747359147758587,0.001747359147758587,0.0,0.001746427903734003
2015-01-08,-0.00013694176150302884,-0.00013694176150302884,0.0,-0.00013787345770918563
2015-01-09,0.0007537103800554501,0.0007537103800554501,0.0,0.0007530892728797726
2015-01-12,0.001931312401872054,0.001931312401872054,0.0,0.0019303805461835808
2015-01-13,-0.00072984110337182,-0.00072984110337182,0.0,-0.0007307734575744894
2015-01-14,6.682644173983121e-05,6.682644173983121e-05,0.0,6.558355417044548e-05
2015-01-15,0.0030403308510096316,0.0030403308510096316,0.0,0.0030393986680717733
2015-01-16,-0.003989578223568491,-0.003989578223568491,0.0,-0.003990511189422968
2015-01-20,0.0016109394453571735,0.0016109394453571735,0.0,0.0016100075109754663
2015-01-21,-0.0029660767892931705,-0.0029660767892931705,0.0,-0.002967009139500206
2015-01-22,0.0029965888898486615,0.0029965888898486615,0.0,0.0029956573075407616
2015-01-23,0.004249349506027844,0.004249349506027844,0.0,0.004248727935502092
2015-01-26,0.00022348517596282313,0.00022348517596282313,0.0,0.0002225517279715437
2015-01-27,-0.0030926748303446994,-0.0030926748303446994,0.0,-0.0030932971672916576
2015-01-28,0.003879663210103468,0.003879663210103468,0.0,0.0038790414046181694
2015-01-29,0.0008721946633916122,0.0008721946633916122,0.0,0.0008712609589756578
2015-01-30,1.3165917265078875e-05,1.3165917265078875e-05,0.0,1.2543298481236365e-05
2015-02-02,-0.0010173024140225362,-0.0008371123278519965,0.3603801723410832,-0.0010180198249075984
2015-02-03,-0.005188742221643339,-0.005188742221643339,0.0,-0.0051894612713206945
2015-02-04,0.0026511216305473706,0.0026511216305473706,0.0,0.0026507623002611563
2015-02-05,-0.0024834767081994835,-0.0024834767081994835,0.0,-0.002484195567054439
2015-02-06,-0.004145483895246049,-0.004145483895246049,0.0,-0.004146202567894527
2015-02-09,-0.00198853011714617,-0.00198853011714617,0.0,-0.0019888892974131295
2015-02-10,0.001457444944895414,0.001457444944895414,0.0,0.001457085839636084
2015-02-11,0.0013109057429099291,0.0013109057429099291,0.0,0.001310546582755582
2015-02-12,-0.001668202244445971,-0.001668202244445971,0.0,-0.0016689206633765468
2015-02-13,-0.002265819493246668,-0.002265819493246668,0.0,-0.0022661786398561184
2015-02-17,-0.0023641606446642704,-0.0023641606446642704,0.0,-0.0023648787667487495
2015-02-18,0.002793741002814931,0.002793741002814931,0.0,0.0027930230597156035
2015-02-19,-0.0010048056939485628,-0.0010048056939485628,0.0,-0.0010055238479663286
2015-02-20,0.0014584553412235746,0.0014584553412235746,0.0,0.0014577372631416998
2015-02-23,0.0029563408498636257,0.0029563408498636257,0.0,0.0029556226617228416
2015-02-24,0.0018282407330099115,0.0018282407330099115,0.0,0.0018275223224334001
2015-02-25,-9.41719694858012e-06,-9.41719694858012e-06,0.0,-1.0135744831292443e-05
2015-02-26,0.0001415639444166672,0.0001415639444166672,0.0,0.00014048612365349705
2015-02-27,0.0009245254214562681,0.0009245254214562681,0.0,0.0009238068636503618
2015-03-02,-0.00032416225061948634,-0.00010307073344451023,0.44218303434989087,-0.0003246810509355505
2015-03-03,-0.0013526516886629425,-0.0013526516886629425,0.0,-0.0013531707499025772
2015-03-04,-7.910686940626466e-05,-7.910686940626466e-05,0.0,-7.936621406252617e-05
2015-03-05,0.0015962054221896338,0.0015962054221896338,0.0,0.0015956867546301735
2015-03-06,-0.0023759962529478207,-0.0023759962529478207,0.0,-0.002376255805842663
2015-03-09,0.0018898229509036746,0.0018898229509036746,0.0,0.0018893044989854873
2015-03-10,0.0007574410743147464,0.0007574410743147464,0.0,0.000756922103300408
2015-03-11,0.0028209389082602954,0.0028209389082602954,0.0,0.0028201601398943708
2015-03-12,0.0017386033686255242,0.0017386033686255242,0.0,0.0017378234421240083
2015-03-13,0.0016730188422677816,0.0016730188422677816,0.0,0.0016722382032220253
2015-03-16,0.0011728594083628696,0.0011728594083628696,0.0,0.0011715572024198586
2015-03-17,0.001138833491011848,0.001138833491011848,0.0,0.0011375304862082792
2015-03-18,0.001594406304266105,0.001594406304266105,0.0,0.0015936240365025359
2015-03-19,0.0008089903516483865,0.0008089903516483865,0.0,0.0008082074340707956
2015-03-20,-0.0007367524654310342,-0.0007367524654310342,0.0,-0.0007370135477717206
2015-03-23,-0.0024185885817507025,-0.0024185885817507025,0.0,-0.002419371528524459
2015-03-24,0.0012275675167485733,0.0012275675167485733,0.0,0.0012270462109231662
2015-03-25,-0.00408696747476045,-0.00408696747476045,0.0,-0.004088010754235138
2015-03-26,-0.002330076743881526,-0.002330076743881526,0.0,-0.00233085752909384
2015-03-27,0.00336744564226632,0.00336744564226632,0.0,0.0033664058711044796
2015-03-30,0.0035834682954891672,0.0035834682954891672,0.0,0.003582426686736369
2015-03-31,0.0005164257990035725,0.0005164257990035725,0.0,0.0005156431310710109
2015-04-01,-0.0005979604290378138,-0.0005482892329436995,0.09934239218818845,-0.000598735818466183
2015-04-02,-0.0009963810630209124,-0.0009963810630209124,0.0,-0.0009968976963447603
2015-04-06,0.00022625681476795556,0.00022625681476795556,0.0,0.00022548227921756085
2015-04-07,0.0012861217361170851,0.0012861217361170851,0.0,0.0012856053163580777
2015-04-08,0.003471335647500462,0.003471335647500462,0.0,0.0034705604837196335
2015-04-09,0.0011558904934287906,0.0011558904934287906,0.0,0.001155113892946463
2015-04-10,-0.00043656113153134335,-0.00043656113153134335,0.0,-0.0004370791837480036
2015-04-13,0.0011430495594286771,0.0011430495594286771,0.0,0.0011422726616559487
2015-04-14,-0.0003855533880688933,-0.0003855533880688933,0.0,-0.00038607163471796497
2015-04-15,-0.0006660827746256537,-0.0006660827746256537,0.0,-0.0006666009150507694
2015-04-16,-0.0005375788556460925,-0.0005375788556460925,0.0,-0.0005380968124361813
2015-04-17,-0.0019546742623803848,-0.0019546742623803848,0.0,-0.0019549331666319377
2015-04-20,0.0022445499872045804,0.0022445499872045804,0.0,0.0022437740848066435
2015-04-21,0.0009456266326013374,0.0009456266326013374,0.0,0.0009448498017557471
2015-04-22,-7.773212273731733e-05,-7.773212273731733e-05,0.0,-7.850934436742598e-05
2015-04-23,-0.001376394123096647,-0.001376394123096647,0.0,-0.0013771713126011042
2015-04-24,0.0010925935094343586,0.0010925935094343586,0.0,0.0010918168895593017
2015-04-27,-0.0012395930030124624,-0.0012395930030124624,0.0,-0.001240111050717979
2015-04-28,-0.0025345916449751593,-0.0025345916449751593,0.0,-0.002535109350621001
2015-04-29,-0.003924665433984731,-0.003924665433984731,0.0,-0.00392492393621491
2015-04-30,-0.002536592700074447,-0.002536592700074447,0.0,-0.0025368506572934885
2015-05-01,0.001766449473239673,0.0018595785824020439,0.18625821832472875,0.001766138987339311
2015-05-04,-0.0003040628207156004,-0.0003040628207156004,0.0,-0.0003046837356422176
2015-05-05,-0.0059029897523787955,-0.0059029897523787955,0.0,-0.0059033001835728394
2015-05-06,-0.004065578811810688,-0.004065578811810688,0.0,-0.004066198648173975
2015-05-07,0.0035337032792379652,0.0035337032792379652,0.0,0.003533393715826802
2015-05-08,0.004943374628019415,0.004943374628019415,0.0,0.004943064757336095
2015-05-11,-0.0041638058018267365,-0.0041638058018267365,0.0,-0.004164426398663912
2015-05-12,-0.0019844242124703593,-0.0019844242124703593,0.0,-0.0019853540223622773
2015-05-13,-0.002296373965679166,-0.002296373965679166,0.0,-0.0022969934934064158
2015-05-14,0.002426655027884639,0.002426655027884639,0.0,0.002426345464407013
2015-05-15,0.002742692993694895,0.002742692993694895,0.0,0.002742073444255717
2015-05-18,-0.0005495741777989949,-0.0005495741777989949,0.0,-0.0005501942034386662
2015-05-19,0.002230519538572784,0.002230519538572784,0.0,0.0022298996084054827
2015-05-20,0.0009252458290476273,0.0009252458290476273,0.0,0.0009246255122554493
2015-05-21,0.0012865225335627617,0.0012865225335627617,0.0,0.0012859020565422724
2015-05-22,0.001863977637510894,0.001863977637510894,0.0,0.0018633569379847019
2015-05-26,0.002466126644996125,0.002466126644996125,0.0,0.002465505623692424
2015-05-27,0.0031979563658997012,0.0031979563658997012,0.0,0.0031976456429084143
2015-05-28,-0.0017156487918635888,-0.0017156487918635888,0.0,-0.001715959789328856
2015-05-29,-0.0017522158353928674,-0.0017522158353928674,0.0,-0.001752526685354483
2015-06-01,0.0006995179413802344,0.0008574006877608564,0.31576549276125426,0.000699071741084226
2015-06-02,-0.004964611196827673,-0.004964611196827673,0.0,-0.004964834236098699
2015-06-03,-0.00045430250438993625,-0.00045430250438993625,0.0,-0.00045474684876141435
2015-06-04,0.0013454923896745186,0.0013454923896745186,0.0,0.0013450482040659492
2015-06-05,-1.8571486591456576e-05,-1.8571486591456576e-05,0.0,-1.923846936072483e-05
2015-06-08,-0.0025170106264240655,-0.0025170106264240655,0.0,-0.00251745527512209
2015-06-09,-0.002276518608988254,-0.002276518608988254,0.0,-0.0022769623770276678
2015-06-10,-0.0014806862527614317,-0.0014806862527614317,0.0,-0.001481129222468827
2015-06-11,0.003978177517805603,0.003978177517805603,0.0,0.0039779562929612294
2015-06-12,-0.0003268426488607368,-0.0003268426488607368,0.0,-0.000327286490153775
2015-06-15,-0.0003561907010176668,-0.0003561907010176668,0.0,-0.0003566344279406602
2015-06-16,0.0010242928316492872,0.0010242928316492872,0.0,0.0010240710305298105
2015-06-17,-0.001060254543388539,-0.001060254543388539,0.0,-0.001060476523600685
2015-06-18,0.00026904442678188367,0.00026904442678188367,0.0,0.0002688226321468982
2015-06-19,0.0017540471420196546,0.0017540471420196546,0.0,0.0017538253003062843
2015-06-22,-0.0013106280906476364,-0.0013106280906476364,0.0,-0.0013108502387532103
2015-06-23,0.00090256284746415,0.00090256284746415,0.0,0.000902340928595986
2015-06-24,-0.00011432988203408101,-0.00011432988203408101,0.0,-0.00011455195862402584
2015-06-25,-0.0012134836667974103,-0.0012134836667974103,0.0,-0.0012137057234060601
2015-06-26,-0.0017957193934486915,-0.0017957193934486915,0.0,-0.0017959412377206044
2015-06-29,-0.0015046321886226233,-0.0015046321886226233,0.0,-0.0015050752476019288
2015-06-30,-0.0005722344663474654,-0.0005722344663474654,0.0,-0.0005724557316838001
2015-07-01,0.0032180012906266597,0.0033765548660875666,0.3171071509217508,0.00321783124927951
2015-07-02,-0.00013156318060947303,-0.00013156318060947303,0.0,-0.00013173346337364691
2015-07-06,0.004165956994204079,0.004165956994204079,0.0,0.004165616488292913
2015-07-07,0.0030102498166053593,0.0030102498166053593,0.0,0.0030099074307438933
2015-07-08,-0.0012434367305145244,-0.0012434367305145244,0.0,-0.0012437804707192584
2015-07-09,-0.002118121043245269,-0.002118121043245269,0.0,-0.0021186358133546096
2015-07-10,-0.0018338326289425444,-0.0018338326289425444,0.0,-0.0018340037408905857
2015-07-13,0.0021980100998688634,0.0021980100998688634,0.0,0.0021976687053350667
2015-07-14,0.0009991686054418025,0.0009991686054418025,0.0,0.000998997412233076
2015-07-15,0.002731114929867884,0.002731114929867884,0.0,0.0027307720930112977
2015-07-16,0.002217568222933508,0.002217568222933508,0.0,0.0022172241582057053
2015-07-17,0.0024664628163919566,0.0024664628163919566,0.0,0.0024659452271275878
2015-07-20,0.0026552877162582256,0.0026552877162582256,0.0,0.0026545953898161495
2015-07-21,-0.0008562140626856563,-0.0008562140626856563,0.0,-0.0008567350851095761
2015-07-22,0.0027835510877356473,0.0027835510877356473,0.0,0.002782857156086325
2015-07-23,0.0009889153764650604,0.0009889153764650604,0.0,0.0009883930678494886
2015-07-24,0.000624910895669295,0.000624910895669295,0.0,0.000624213604037336
2015-07-27,0.0012331239636045321,0.0012331239636045321,0.0,0.0012322516542776153
2015-07-28,-0.0009612480281082636,-0.0009612480281082636,0.0,-0.0009621217067556348
2015-07-29,-0.0004426385981045611,-0.0004426385981045611,0.0,-0.0004436857303494309
2015-07-30,0.0011131713995440329,0.0011131713995440329,0.0,0.0011119504343636971
2015-07-31,0.0016160219611409676,0.0016160219611409676,0.0,0.0016146245939951235
2015-08-03,0.002519678042922857,0.0026629826430255576,0.2866092002051914,0.00251795380634559
2015-08-04,-0.001515199827815561,-0.001515199827815561,0.0,-0.0015169245641566541
2015-08-05,0.000501212456469835,0.000501212456469835,0.0,0.000499489920300418
2015-08-06,-0.0007022560557743418,-0.0007022560557743418,0.0,-0.0007031176875737873
2015-08-07,-0.00014166912224111705,-0.00014166912224111705,0.0,-0.00014296080499409262
2015-08-10,-0.002646495228574075,-0.002646495228574075,0.0,-0.0026490782854045524
2015-08-11,0.0015435189248795833,0.0015435189248795833,0.0,0.0015413711955305706
2015-08-12,-0.0009996655425847933,-0.0009996655425847933,0.0,-0.0010018160776173834
2015-08-13,0.0005740578529260798,0.0005740578529260798,0.0,0.0005719091368227968
2015-08-14,0.0012929669924182097,0.0012929669924182097,0.0,0.0012910322083965987
2015-08-17,0.002410586393034597,0.002410586393034597,0.0,0.0024084342847941055
2015-08-18,-0.00016905305807934923,-0.00016905305807934923,0.0,-0.0001705625910613411
2015-08-19,-0.0006625987117321319,-0.0006625987117321319,0.0,-0.0006636767964071888
2015-08-20,-0.005394088986911294,-0.005394088986911294,0.0,-0.00539451998048511
2015-08-21,-0.0027895762727906392,-0.0027895762727906392,0.0,-0.0027902198129296316
2015-08-24,-0.0056895584716858405,-0.0056895584716858405,0.0,-0.005690842491988125
2015-08-25,-0.0013523703996488612,-0.0013523703996488612,0.0,-0.0013538611004350592
2015-08-26,0.007018174306754554,0.007018174306754554,0.0,0.007016898057190918
2015-08-27,0.0005965818811275447,0.0005965818811275447,0.0,0.0005952979325996525
2015-08-28,-0.0009593049674679888,-0.0009593049674679888,0.0,-0.0009605895700583014
2015-08-31,-0.004329756197953283,-0.004329756197953283,0.0,-0.004331467597748763
2015-09-01,-0.0010185875586607995,-0.0007720186461048772,0.4931378251118973,-0.0010187466515805396
2015-09-02,0.000945145906451117,0.000945145906451117,0.0,0.000944985173183394
2015-09-03,-0.0002270579579560783,-0.0002270579579560783,0.0,-0.0002271657616934313
2015-09-04,0.0015951599538299721,0.0015951599538299721,0.0,0.0015950523058550182
2015-09-08,-0.001741688682709186,-0.001741688682709186,0.0,-0.0017420149042583861
2015-09-09,0.0008955632655716084,0.0008955632655716084,0.0,0.0008954019472696554
2015-09-10,-0.0009724044283143662,-0.0009724044283143662,0.0,-0.0009725125877498808
2015-09-11,-9.416533487227596e-05,-9.416533487227596e-05,0.0,-9.438031929601809e-05
2015-09-14,0.00010964670278568178,0.00010964670278568178,0.0,0.00010927070620866411
2015-09-15,0.0004986489774434499,0.0004986489774434499,0.0,0.0004982727175479148
2015-09-16,-0.003155287443712629,-0.003155287443712629,0.0,-0.0031556109781238828
2015-09-17,-0.00104307497230971,-0.00104307497230971,0.0,-0.0010431278093293783
2015-09-18,0.002623636815384245,0.002623636815384245,0.0,0.0026236892932235945
2015-09-21,0.00023279874837722758,0.00023279874837722758,0.0,0.00023274536945905262
2015-09-22,0.002956876703581024,0.002956876703581024,0.0,0.0029569301624345003
2015-09-23,0.001137199762481833,0.001137199762481833,0.0,0.0011371452913290679
2015-09-24,-0.0013547466660405183,-0.0013547466660405183,0.0,-0.001354801526076211
2015-09-25,0.00015452628762036014,0.00015452628762036014,0.0,0.0001545806837511462
2015-09-28,0.003321968792916019,0.003321968792916019,0.0,0.003321914343879085
2015-09-29,-0.0011398825416895075,-0.0011398825416895075,0.0,-0.001139938124324248
2015-09-30,-3.274467905034495e-05,-3.274467905034495e-05,0.0,-3.268948583616525e-05
2015-10-01,0.0002705189614138348,0.00043914798065958216,0.3372580384910754,0.0002707339038514533
2015-10-02,-0.0026513380439654455,-0.0026513380439654455,0.0,-0.0026513380439654455
2015-10-05,-0.0034579168145667527,-0.0034579168145667527,0.0,-0.003458024064384539
2015-10-06,-0.0029412770591970006,-0.0029412770591970006,0.0,-0.0029412770591970006
2015-10-07,-0.0017752486405111512,-0.0017752486405111512,0.0,-0.0017752486405111512
2015-10-08,-0.0016359004985107006,-0.0016359004985107006,0.0,-0.001635795628988642
2015-10-09,-0.0010139701593459005,-0.0010139701593459005,0.0,-0.001014074550474594
2015-10-12,0.0016024943571464334,0.0016024943571464334,0.0,0.0016023902628383286
2015-10-13,0.0010475949755954783,0.0010475949755954783,0.0,0.001047490412937983
2015-10-14,-0.0011887426240433374,-0.0011887426240433374,0.0,-0.0011887426240433374
2015-10-15,-0.0003880509786517994,-0.0003880509786517994,0.0,-0.0003881554996872089
2015-10-16,0.0006903814820051757,0.0006903814820051757,0.0,0.0006902770744427931
2015-10-19,0.0023624200914429405,0.0023624200914429405,0.0,0.0023622108728370153
2015-10-20,-0.0011923996503685474,-0.0011923996503685474,0.0,-0.0011926102463947696
2015-10-21,0.002230434186703878,0.002230434186703878,0.0,0.002230329236722911
2015-10-22,0.0007579000130528701,0.0007579000130528701,0.0,0.0007579000130528701
2015-10-23,-0.00024111838871654356,-0.00024111838871654356,0.0,-0.00024122420881053837
2015-10-26,0.000863581025016158,0.000863581025016158,0.0,0.000863369525195473
2015-10-27,0.0010883881922794103,0.0010883881922794103,0.0,0.0010880701890972479
2015-10-28,-0.0002713782603643855,-0.0002713782603643855,0.0,-0.00027180352934983153
2015-10-29,-0.0002565958188459616,-0.0002565958188459616,0.0,-0.0002573394875575124
2015-10-30,-0.0007670692860615169,-0.0007670692860615169,0.0,-0.0007679185965000384
2015-11-02,5.457510662276732e-06,6.639782950257356e-05,0.12188063768096054,4.384585889348416e-06
2015-11-03,-0.0009618218708012938,-0.0009618218708012938,0.0,-0.0009626279645316042
2015-11-04,0.0022745401965300616,0.0022745401965300616,0.0,0.0022738697152479693
2015-11-05,0.0012862486534499507,0.0012862486534499507,0.0,0.0012855751910086717
2015-11-06,0.0015657346294886132,0.0015657346294886132,0.0,0.0015646543957027609
2015-11-09,0.0007685158945880399,0.0007685158945880399,0.0,0.0007666197557872616
2015-11-10,0.001917488128091005,0.001917488128091005,0.0,0.0019157248183414434
2015-11-11,-0.0006314147203896336,-0.0006314147203896336,0.0,-0.0006331845283572637
2015-11-12,0.0001065485128026733,0.0001065485128026733,0.0,0.00010464487163311103
2015-11-13,0.002091837418031206,0.002091837418031206,0.0,0.0020900693899566338
2015-11-16,0.0003196194252774731,0.0003196194252774731,0.0,0.00031757122597048326
2015-11-17,0.001068402556559711,0.001068402556559711,0.0,0.001066489739583176
2015-11-18,0.0001300184670292026,0.0001300184670292026,0.0,0.00012837557725715502
2015-11-19,-0.0014594088359872748,-0.0014594088359872748,0.0,-0.001460915189965411
2015-11-20,0.0007865180566528629,0.0007865180566528629,0.0,0.0007850158808214404
2015-11-23,0.0008846180685526672,0.0008846180685526672,0.0,0.0008827033448236113
2015-11-24,-0.0011073059267175944,-0.0011073059267175944,0.0,-0.001109497860006809
2015-11-25,0.0012338613699105494,0.0012338613699105494,0.0,0.0012312639216949656
2015-11-27,0.0025749887223669443,0.0025749887223669443,0.0,0.0025726592403429106
2015-11-30,0.0002737563960506506,0.0002737563960506506,0.0,0.0002707270926167466
2015-12-01,-0.001263991418511079,-0.0010897718329740957,0.34843917107378014,-0.0012653733921771477
2015-12-02,0.001629041842799328,0.001629041842799328,0.0,0.0016276612740939284
2015-12-03,-0.00647841157707596,-0.00647841157707596,0.0,-0.006479803453704781
2015-12-04,0.0017327314898309965,0.0017327314898309965,0.0,0.0017313207515810842
2015-12-07,0.004214614599846067,0.004214614599846067,0.0,0.004212738301292437
2015-12-08,0.0010826277057962574,0.0010826277057962574,0.0,0.0010808431716814138
2015-12-09,-0.0030726307608025527,-0.0030726307608025527,0.0,-0.0030743585005307858
2015-12-10,0.0023267422741550803,0.0023267422741550803,0.0,0.002325171875377377
2015-12-11,0.0021005242762621723,0.0021005242762621723,0.0,0.002099067820018213
2015-12-14,0.0015409680234359513,0.0015409680234359513,0.0,0.0015392287383006018
2015-12-15,-0.00016296576202534663,-0.00016296576202534663,0.0,-0.0001646508423049245
2015-12-16,0.00014803315118205873,0.00014803315118205873,0.0,0.00014621471419888195
2015-12-17,0.0038563593746892,0.0038563593746892,0.0,0.003854809214156532
2015-12-18,-0.003151391057685915,-0.003151391057685915,0.0,-0.003152695669754928
2015-12-21,-2.1249283541191488e-05,-2.1249283541191488e-05,0.0,-2.287231613797757e-05
2015-12-22,-0.0007198761002544796,-0.0007198761002544796,0.0,-0.0007212961068734278
2015-12-23,-0.0021334012617292286,-0.0021334012617292286,0.0,-0.002134748905819759
2015-12-24,-0.0011623061301132553,-0.0011623061301132553,0.0,-0.001163639687460668
2015-12-28,0.002278010305639233,0.002278010305639233,0.0,0.002276485550807421
2015-12-29,0.00012765555816840468,0.00012765555816840468,0.0,0.00012611352474073154
2015-12-30,0.0009277120629613833,0.0009277120629613833,0.0,0.0009263032354453309
2015-12-31,-0.0010617742235997651,-0.0010617742235997651,0.0,-0.0010628525058927777
2016-01-04,0.0013010823035013441,0.001440610915393048,0.27905722378377096,0.0013000795024216115
2016-01-05,0.001440552963476005,0.001440552963476005,0.0,0.0014396235553984153
2016-01-06,0.0005124839109997836,0.0005124839109997836,0.0,0.0005114974489610987
2016-01-07,-0.0006194875821513568,-0.0006194875821513568,0.0,-0.0006204306538308115
2016-01-08,0.0010074741520587072,0.0010074741520587072,0.0,0.001006535415411669
2016-01-11,0.0047530111567000155,0.0047530111567000155,0.0,0.004752018088093644
2016-01-12,-0.00038365181863719844,-0.00038365181863719844,0.0,-0.0003846796105633841
2016-01-13,-0.000669342426327435,-0.000669342426327435,0.0,-0.0006704162233492026
2016-01-14,0.0016095016951298557,0.0016095016951298557,0.0,0.0016082872986962766
2016-01-15,0.0019156228873438153,0.0019156228873438153,0.0,0.001914492771651621
2016-01-19,0.000980361384646855,0.000980361384646855,0.0,0.0009790665785570835
2016-01-20,0.0003001230716821457,0.0003001230716821457,0.0,0.00029881942879383835
2016-01-21,-0.00029303028178684354,-0.00029303028178684354,0.0,-0.000294437117374307
2016-01-22,-0.0013036230508084445,-0.0013036230508084445,0.0,-0.0013051273269948946
2016-01-25,0.000929749091129084,0.000929749091129084,0.0,0.0009282087009477058
2016-01-26,-0.00249333795552531,-0.00249333795552531,0.0,-0.002494888341626233
2016-01-27,-0.0011740220257687728,-0.0011740220257687728,0.0,-0.001175594684058814
2016-01-28,-0.0012365049682404594,-0.0012365049682404594,0.0,-0.0012381620231128336
2016-01-29,0.0005580949784065314,0.0005580949784065314,0.0,0.0005565491876225854
2016-02-01,0.000516639883438863,0.00062046257348225,0.2076453800868832,0.0005165169228179063
2016-02-02,0.003916448788569893,0.003916448788569893,0.0,0.003916339718467211
2016-02-03,-0.006435391170617977,-0.006435391170617977,0.0,-0.006435547706540911
2016-02-04,-0.0017035356328464202,-0.0017035356328464202,0.0,-0.0017035995479638766
2016-02-05,0.0029851725082354896,0.0029851725082354896,0.0,0.0029851281216838627
2016-02-08,0.0015943349794702577,0.0015943349794702577,0.0,0.0015942483528493152
2016-02-09,0.0024876516165452944,0.0024876516165452944,0.0,0.0024875515833961827
2016-02-10,-0.0017071472651561947,-0.0017071472651561947,0.0,-0.0017072809023643304
2016-02-11,3.9529535785121084e-05,3.9529535785121084e-05,0.0,3.942762553717598e-05
2016-02-12,-0.0022191955255764784,-0.0022191955255764784,0.0,-0.002219301526189369
2016-02-16,0.0004520556327076708,0.0004520556327076708,0.0,0.0004519722107659848
2016-02-17,-0.00329482142364379,-0.00329482142364379,0.0,-0.0032949101870741425
2016-02-18,-0.0011725625286548302,-0.0011725625286548302,0.0,-0.0011726122317835487
2016-02-19,-0.0003044557637467138,-0.0003044557637467138,0.0,-0.00030449154975904736
2016-02-22,-0.0027321347240237825,-0.0027321347240237825,0.0,-0.0027321701124908564
2016-02-23,0.0013598758584907333,0.0013598758584907333,0.0,0.001359876237210436
2016-02-24,-0.0007648975874059438,-0.0007648975874059438,0.0,-0.0007649149810961379
2016-02-25,-0.00184529232104369,-0.00184529232104369,0.0,-0.001845299480143104
2016-02-26,0.0018934536557013715,0.0018934536557013715,0.0,0.0018934699589696952
2016-02-29,-0.0017822368074364991,-0.0017822368074364991,0.0,-0.0017822447748315907
2016-03-01,-0.006556252995399192,-0.006356557181860234,0.39939162707791953,-0.006558103652278232
2016-03-02,-0.001989114612123699,-0.001989114612123699,0.0,-0.001991024414434612
2016-03-03,-0.0031345033184897453,-0.0031345033184897453,0.0,-0.0031359581764952085
2016-03-04,-0.004475026557918427,-0.004475026557918427,0.0,-0.004476505106253735
2016-03-07,-0.0005961120797706165,-0.0005961120797706165,0.0,-0.0005977523638775559
2016-03-08,0.0037845558885503117,0.0037845558885503117,0.0,0.003783075358536538
2016-03-09,-0.002521734429342337,-0.002521734429342337,0.0,-0.002523305121977912
2016-03-10,-0.0019176028412215551,-0.0019176028412215551,0.0,-0.001919198893762726
2016-03-11,-0.006336372688953706,-0.006336372688953706,0.0,-0.006337998995157849
2016-03-14,0.0010573605855037638,0.0010573605855037638,0.0,0.0010557076523037047
2016-03-15,0.003350502579595238,0.003350502579595238,0.0,0.0033488371413877434
2016-03-16,-0.003776534076451954,-0.003776534076451954,0.0,-0.0037780885723867233
2016-03-17,-0.004781712972008023,-0.004781712972008023,0.0,-0.004783129065694174
2016-03-18,-0.0003079138334149967,-0.0003079138334149967,0.0,-0.0003092814389489889
2016-03-21,-0.0004473838917984363,-0.0004473838917984363,0.0,-0.0004488424762448876
2016-03-22,-0.00018101271419701526,-0.00018101271419701526,0.0,-0.00018241955092967142
2016-03-23,0.004924479072859089,0.004924479072859089,0.0,0.0049230741367283955
2016-03-24,0.001059502206218088,0.001059502206218088,0.0,0.0010580943635908012
2016-03-28,-0.0016695510378288425,-0.0016695510378288425,0.0,-0.0016709695702020696
2016-03-29,-0.002497524531225981,-0.002497524531225981,0.0,-0.0024986361921515085
2016-03-30,-0.0009221202837540465,-0.0009221202837540465,0.0,-0.0009230694944822338
2016-03-31,0.0008042365755884795,0.0008042365755884795,0.0,0.0008032466758529558
2016-04-01,0.002708262788130078,0.0030826001706374395,0.7486747650144172,0.00270297258364158
2016-04-04,0.002648459517381241,0.002648459517381241,0.0,0.002643189962141484
2016-04-05,0.0029611555230462105,0.0029611555230462105,0.0,0.002955875778548043
2016-04-06,-0.002047206006101643,-0.002047206006101643,0.0,-0.0020524971092399855
2016-04-07,0.0032970943399841524,0.0032970943399841524,0.0,0.0032918111057937656
2016-04-08,-0.003907609311859295,-0.003907609311859295,0.0,-0.003912905177608401
2016-04-11,-0.001115074903563662,-0.001115074903563662,0.0,-0.0011203557400705129
2016-04-12,-0.00433043950223666,-0.00433043950223666,0.0,-0.004335486630301193
2016-04-13,-0.0035374516766635278,-0.0035374516766635278,0.0,-0.0035427114730173887
2016-04-14,-0.00086231182330887,-0.00086231182330887,0.0,-0.0008673298012044197
2016-04-15,0.0023752497677731466,0.0023752497677731466,0.0,0.002370234993697713
2016-04-18,-0.0005512107679728206,-0.0005512107679728206,0.0,-0.0005562343461029638
2016-04-19,-0.003220384513939911,-0.003220384513939911,0.0,-0.003225177796295375
2016-04-20,-0.0041728847844128,-0.0041728847844128,0.0,-0.004178122043439259
2016-04-21,0.0003982761907546095,0.0003982761907546095,0.0,0.0003930552311183148
2016-04-22,-0.0009580779386928473,-0.0009580779386928473,0.0,-0.0009633004533863549
2016-04-25,0.00047654444417855046,0.00047654444417855046,0.0,0.0004708718677436814
2016-04-26,-0.0022994539539329395,-0.0022994539539329395,0.0,-0.0023049015697978554
2016-04-27,0.0012235096520738509,0.0012235096520738509,0.0,0.001218071430831062
2016-04-28,0.004276240790012098,0.004276240790012098,0.0,0.004271251177278744
2016-04-29,0.0012256205786653762,0.0012256205786653762,0.0,0.001220615038565906
2016-05-02,-0.0005738691758492287,-0.0004843428393437321,0.17905267301078978,-0.0005789102824892664
2016-05-03,0.004896146908504706,0.004896146908504706,0.0,0.00489133121508742
2016-05-04,0.0009132649025087591,0.0009132649025087591,0.0,0.0009088923398754472
2016-05-05,0.0010373736442321757,0.0010373736442321757,0.0,0.0010327679048494078
2016-05-06,-0.0010913568675359198,-0.0010913568675359198,0.0,-0.0010957355990368475
2016-05-09,0.0005158215195373295,0.0005158215195373295,0.0,0.0005102948525819922
2016-05-10,-0.003640762703106204,-0.003640762703106204,0.0,-0.003646291430810716
2016-05-11,0.0010878783599972408,0.0010878783599972408,0.0,0.0010819047198023107
2016-05-12,-0.002073575437649078,-0.002073575437649078,0.0,-0.0020797837352031306
2016-05-13,0.0025517235010936723,0.0025517235010936723,0.0,0.002545294976289123
2016-05-16,-0.0035050815512436273,-0.0035050815512436273,0.0,-0.0035115219943016134
2016-05-17,0.00012055643702102437,0.00012055643702102437,0.0,0.00011413242261924292
2016-05-18,-0.005006843629728697,-0.005006843629728697,0.0,-0.0050137271076501405
2016-05-19,0.0012571640983756183,0.0012571640983756183,0.0,0.0012503058877472851
2016-05-20,-0.0011941146438124717,-0.0011941146438124717,0.0,-0.001201436827285061
2016-05-23,0.0014348427419721421,0.0014348427419721421,0.0,0.0014268411338872178
2016-05-24,-0.003798650428511685,-0.003798650428511685,0.0,-0.0038066604718155284
2016-05-25,-0.0014190428197925486,-0.0014190428197925486,0.0,-0.0014265740104650456
2016-05-26,0.001131336529321958,0.001131336529321958,0.0,0.001124497180384862
2016-05-27,-0.0022103263061316047,-0.0022103263061316047,0.0,-0.002217399548384346
2016-05-31,3.781248837042561e-05,3.781248837042561e-05,0.0,3.0067441585111937e-05
2016-06-01,7.442822325676168e-05,0.000177258421616866,0.20566039672001243,6.671286857329918e-05
2016-06-02,0.0005898846062133423,0.0005898846062133423,0.0,0.0005827094994427637
2016-06-03,0.0049285388794222396,0.0049285388794222396,0.0,0.004921105115546707
2016-06-06,-0.0034769711556580374,-0.0034769711556580374,0.0,-0.0034841678750798365
2016-06-07,-0.0008057501403989642,-0.0008057501403989642,0.0,-0.0008129332021062885
2016-06-08,-0.0013296944270538846,-0.0013296944270538846,0.0,-0.0013358486220213322
2016-06-09,0.0019100568587719913,0.0019100568587719913,0.0,0.0019036509124761105
2016-06-10,0.0036250542910416517,0.0036250542910416517,0.0,0.0036186416442889105
2016-06-13,0.0028710718162343607,0.0028710718162343607,0.0,0.0028641324733686287
2016-06-14,-0.0001818502008709144,-0.0001818502008709144,0.0,-0.0001888003508406951
2016-06-15,0.0020113707533786496,0.0020113707533786496,0.0,0.002004678675647264
2016-06-16,0.0020908863629136576,0.0020908863629136576,0.0,0.002083929340328049
2016-06-17,-0.002794670692711554,-0.002794670692711554,0.0,-0.0028013775970562376
2016-06-20,-0.003418064111355257,-0.003418064111355257,0.0,-0.00342527603447235
2016-06-21,-0.0021805965991680276,-0.0021805965991680276,0.0,-0.002187538057837648
2016-06-22,0.0019068667043551368,0.0019068667043551368,0.0,0.0018999334906783427
2016-06-23,-0.004271203130354673,-0.004271203130354673,0.0,-0.004278914696971147
2016-06-24,0.010683290990953997,0.010683290990953997,0.0,0.010676623221792008
2016-06-27,0.003691152315203672,0.003691152315203672,0.0,0.0036841880310239956
2016-06-28,-0.001492120145190401,-0.001492120145190401,0.0,-0.0014988397730665236
2016-06-29,-0.00393977977786375,-0.00393977977786375,0.0,-0.003946494029319343
2016-06-30,0.0002978171745167124,0.0002978171745167124,0.0,0.0002911171750602672
2016-07-01,0.002718277174780237,0.002915738888877417,0.39492342819458626,0.0027109800515589216
2016-07-05,0.00519737047026636,0.00519737047026636,0.0,0.0051898234486939645
2016-07-06,0.001202118272164432,0.001202118272164432,0.0,0.0011948230171077872
2016-07-07,0.0010945348246240716,0.0010945348246240716,0.0,0.001086694771074847
2016-07-08,0.0012883226483628718,0.0012883226483628718,0.0,0.0012810195544936016
2016-07-11,-0.003572437426648478,-0.003572437426648478,0.0,-0.0035808274996427043
2016-07-12,-0.0051169859276962715,-0.0051169859276962715,0.0,-0.005124821586676933
2016-07-13,0.002575524179257771,0.002575524179257771,0.0,0.0025671683202386775
2016-07-14,-0.0032074543870083128,-0.0032074543870083128,0.0,-0.0032158203822399423
2016-07-15,-0.0010843715636296158,-0.0010843715636296158,0.0,-0.0010927248950104711
2016-07-18,-8.55274083663149e-05,-8.55274083663149e-05,0.0,-9.414577776684785e-05
2016-07-19,0.0020943624250711057,0.0020943624250711057,0.0,0.0020860137177939235
2016-07-20,-0.001584663538280462,-0.001584663538280462,0.0,-0.0015932900866552572
2016-07-21,0.002740680726921685,0.002740680726921685,0.0,0.0027323300189980963
2016-07-22,-0.0005813554115818853,-0.0005813554115818853,0.0,-0.0005899866440229723
2016-07-25,-0.00013237025644996514,-0.00013237025644996514,0.0,-0.00014099912303839848
2016-07-26,0.00015656831880916933,0.00015656831880916933,0.0,0.00014820962622360927
2016-07-27,0.003101500823638359,0.003101500823638359,0.0,0.0030931415138170416
2016-07-28,0.0006997977245657427,0.0006997977245657427,0.0,0.0006930465157000636
2016-07-29,0.0023034196468676438,0.0023034196468676438,0.0,0.0022961259475741164
2016-08-01,-0.001436967752291296,-0.0013165505500242203,0.24083440453394758,-0.0014467313094860626
2016-08-02,-0.0012843869328507118,-0.0012843869328507118,0.0,-0.0012941656152031817
2016-08-03,-0.0005516643118804732,-0.0005516643118804732,0.0,-0.0005611036510877665
2016-08-04,0.0011857062969899967,0.0011857062969899967,0.0,0.0011769420531516101
2016-08-05,-0.0031193331721178774,-0.0031193331721178774,0.0,-0.003128436412484354
2016-08-08,-0.0005890023509336206,-0.0005890023509336206,0.0,-0.000599448431559012
2016-08-09,0.002608360322738479,0.002608360322738479,0.0,0.0025985892057894
2016-08-10,0.0021026595899984457,0.0021026595899984457,0.0,0.00209322104546029
2016-08-11,-0.003217637187205913,-0.003217637187205913,0.0,-0.0032270792412030153
2016-08-12,0.0010017292288360125,0.0010017292288360125,0.0,0.000992292562594992
2016-08-15,-0.0014953521349828636,-0.0014953521349828636,0.0,-0.0015058017278038534
2016-08-16,-0.0007447313362278773,-0.0007447313362278773,0.0,-0.0007538301788350208
2016-08-17,0.0006844495502706938,0.0006844495502706938,0.0,0.0006743410628935746
2016-08-18,0.0012517737071771062,0.0012517737071771062,0.0,0.0012420009817148045
2016-08-19,-0.002250110663388649,-0.002250110663388649,0.0,-0.0022598855582269465
2016-08-22,0.0006793779848390802,0.0006793779848390802,0.0,0.0006696069983304983
2016-08-23,0.00023289049750951918,0.00023289049750951918,0.0,0.00022278136052363698
2016-08-24,-0.0009349126503640504,-0.0009349126503640504,0.0,-0.000945359190605628
2016-08-25,-0.0002736687276205796,-0.0002736687276205796,0.0,-0.0002847873902749395
2016-08-26,-0.002688455734662476,-0.002688455734662476,0.0,-0.0026995738562418745
2016-08-29,0.003584275311262486,0.003584275311262486,0.0,0.0035731625194020357
2016-08-30,-0.0013881898512826396,-0.0013881898512826396,0.0,-0.0013993097233986
2016-08-31,0.00038098123388463634,0.00038098123388463634,0.0,0.0003698641077636434
2016-09-01,0.001111207503114775,0.001249059753208659,0.2757045001876052,0.0010993418175126073
2016-09-02,0.0017993405196747858,0.0017993405196747858,0.0,0.0017878141220682468
2016-09-06,0.00506921589286824,0.00506921589286824,0.0,0.005057687390195188
2016-09-07,-0.0007003468818426173,-0.0007003468818426173,0.0,-0.0007126021853361751
2016-09-08,-0.004420346897349603,-0.004420346897349603,0.0,-0.004432601334075114
2016-09-09,-0.009194997740554767,-0.009194997740554767,0.0,-0.009207246682250703
2016-09-12,0.0033163672184275406,0.0033163672184275406,0.0,0.003303050042272988
2016-09-13,-0.006375213023717796,-0.006375213023717796,0.0,-0.006388174667297181
2016-09-14,0.0014970718932263427,0.0014970718932263427,0.0,0.0014851981740552605
2016-09-15,0.0029009635613022056,0.0029009635613022056,0.0,0.002890527476179944
2016-09-16,-0.001029191905977167,-0.001029191905977167,0.0,-0.001039631091507072
2016-09-19,0.0007231423537532589,0.0007231423537532589,0.0,0.0007123443353599936
2016-09-20,0.0003683385066428624,0.0003683385066428624,0.0,0.0003575396884948258
2016-09-21,0.00656436148387618,0.00656436148387618,0.0,0.006556442051945721
2016-09-22,0.0035759342366949998,0.0035759342366949998,0.0,0.0035694503755909547
2016-09-23,-0.0009564477661079263,-0.0009564477661079263,0.0,-0.000962933975341711
2016-09-26,-0.0017700180957941347,-0.0017700180957941347,0.0,-0.0017790258466039784
2016-09-27,0.0025083122405784586,0.0025083122405784586,0.0,0.002498945863170181
2016-09-28,0.0005238102085418639,0.0005238102085418639,0.0,0.0005140811146798702
2016-09-29,-0.0031419324909406354,-0.0031419324909406354,0.0,-0.0031513017446732146
2016-09-30,-1.4412802390451063e-06,-1.4412802390451063e-06,0.0,-1.1528027314561293e-05
2016-10-03,-0.0021437005923701236,-0.0020235452105613616,0.24031076361756704,-0.0021566937427166533
2016-10-04,-0.007040917107685618,-0.007040917107685618,0.0,-0.007054328603754042
2016-10-05,-6.456100759921757e-05,-6.456100759921757e-05,0.0,-7.756826927592621e-05
2016-10-06,-0.001315182840655238,-0.001315182840655238,0.0,-0.0013281901222728352
2016-10-07,0.0003483872835725599,0.0003483872835725599,0.0,0.00033537959520090415
2016-10-10,0.0009770413964900193,0.0009770413964900193,0.0,0.0009640338158285503
2016-10-11,-0.0051528179452865475,-0.0051528179452865475,0.0,-0.005167044656568566
2016-10-12,0.0006637374495692683,0.0006637374495692683,0.0,0.0006491024610756424
2016-10-13,-0.000513959361231775,-0.000513959361231775,0.0,-0.0005257484708931551
2016-10-14,-0.0014241356654789428,-0.0014241356654789428,0.0,-0.0014367379717432614
2016-10-17,0.0011029529248085534,0.0011029529248085534,0.0,0.0010891305701392102
2016-10-18,0.004143903747708233,0.004143903747708233,0.0,0.004130081756933151
2016-10-19,0.0012163549868224877,0.0012163549868224877,0.0,0.0012025343575922
2016-10-20,-3.078772973552635e-05,-3.078772973552635e-05,0.0,-4.4607959798768534e-05
2016-10-21,0.00022099272451736596,0.00022099272451736596,0.0,0.00020757896200228126
2016-10-24,0.00011955764551618842,0.00011955764551618842,0.0,0.0001061439533771305
2016-10-25,-2.2089648580081445e-05,-2.2089648580081445e-05,0.0,-3.5909777015832506e-05
2016-10-26,-0.003482421461364682,-0.003482421461364682,0.0,-0.003495835122468528
2016-10-27,-0.004185269247446888,-0.004185269247446888,0.0,-0.004197057988113545
2016-10-28,-0.0004289066775478023,-0.0004289066775478023,0.0,-0.0004406965983948421
2016-10-31,0.0028941799559243364,0.0028941799559243364,0.0,0.0028803571482452785
2016-11-01,-0.0011151700357505678,-0.0008964740815731176,0.4373919083546495,-0.0011316984935673343
2016-11-02,-0.00024784553168211154,-0.00024784553168211154,0.0,-0.0002648577951231393
2016-11-03,-0.0014309261964571274,-0.0014309261964571274,0.0,-0.001448411717477917
2016-11-04,0.0015198832213263458,0.0015198832213263458,0.0,0.001502393683698663
2016-11-07,0.0032431087635123035,0.0032431087635123035,0.0,0.003223733185417297
2016-11-08,-0.0010464612752955071,-0.0010464612752955071,0.0,-0.001066771474118346
2016-11-09,-0.00611699373008312,-0.00611699373008312,0.0,-0.0061377797393187975
2016-11-10,-0.004518878403713789,-0.004518878403713789,0.0,-0.004541103504868489
2016-11-11,-0.0020670063908800884,-0.0020670063908800884,0.0,-0.0020892477172153954
2016-11-14,-0.0014660816356735218,-0.0014660816356735218,0.0,-0.001491644044642276
2016-11-15,0.0023147047747453797,0.0023147047747453797,0.0,0.002291030257698756
2016-11-16,0.0014181377850934762,0.0014181377850934762,0.0,0.0013963653735680225
2016-11-17,-0.0018387270812415535,-0.0018387270812415535,0.0,-0.0018590748952638442
2016-11-18,-0.0025758973439691246,-0.0025758973439691246,0.0,-0.00259625120808762
2016-11-21,0.00017906241319121108,0.00017906241319121108,0.0,0.00015727942163945298
2016-11-22,0.002483236812245604,0.002483236812245604,0.0,0.0024605073933765998
2016-11-23,-0.0028688361993942646,-0.0028688361993942646,0.0,-0.0028925031772438514
2016-11-25,-0.0006271527806064325,-0.0006271527806064325,0.0,-0.0006498836459724052
2016-11-28,0.0024877560870328885,0.0024877560870328885,0.0,0.00246502291025914
2016-11-29,0.0012703845031392103,0.0012703845031392103,0.0,0.0012476604723810729
2016-11-30,-0.005259974127394207,-0.005259974127394207,0.0,-0.005282693493621628
2016-12-01,-0.005948794528397694,-0.005783078252552198,0.3314325516911347,-0.005968939180398885
2016-12-02,0.002234498162539511,0.002234498162539511,0.0,0.0022138309859789655
2016-12-05,0.00011516744696749015,0.00011516744696749015,0.0,9.407339028411673e-05
2016-12-06,0.0012388445947761895,0.0012388445947761895,0.0,0.0012177507280525688
2016-12-07,0.0032926098082879385,0.0032926098082879385,0.0,0.003270657091561896
2016-12-08,0.002271219066808383,0.002271219066808383,0.0,0.0022497023122258343
2016-12-09,-0.0009665518661301498,-0.0009665518661301498,0.0,-0.000989355601411881
2016-12-12,-0.0029342532239290398,-0.0029342532239290398,0.0,-0.002956198090581348
2016-12-13,0.0011533236133487446,0.0011533236133487446,0.0,0.0011300825538886267
2016-12-14,-0.005583735567884718,-0.005583735567884718,0.0,-0.005606974539367703
2016-12-15,-0.0008150089138956318,-0.0008150089138956318,0.0,-0.00083653589263632
2016-12-16,-0.0007953938958933371,-0.0007953938958933371,0.0,-0.0008169222496224324
2016-12-19,0.002415902651490942,0.002415902651490942,0.0,0.0023935117669296947
2016-12-20,0.0011141315689067177,0.0011141315689067177,0.0,0.0010917449163592424
2016-12-21,-0.0006309801719738273,-0.0006309801719738273,0.0,-0.0006529343999746252
2016-12-22,0.00011921998889663499,0.00011921998889663499,0.0,9.769517367091996e-05
2016-12-23,0.0010910478039796168,0.0010910478039796168,0.0,0.0010690926971514902
2016-12-27,1.9609764668748753e-05,1.9609764668748753e-05,0.0,-2.343470859330968e-06
2016-12-28,0.0012116484652193726,0.0012116484652193726,0.0,0.0011892648083850084
2016-12-29,0.001752479208790847,0.001752479208790847,0.0,0.0017326801536933197
2016-12-30,-0.0009323272069561295,-0.0009323272069561295,0.0,-0.0009538449809799358
2017-01-03,0.0030374503205976566,0.003191663824044122,0.3084270068930742,0.0030114116800310513
2017-01-04,0.0033412144395099652,0.0033412144395099652,0.0,0.003315720408314776
2017-01-05,0.003599669113559578,0.003599669113559578,0.0,0.003574681222282177
2017-01-06,-0.002195243184039408,-0.002195243184039408,0.0,-0.0022207036635540525
2017-01-09,0.0002869392301474427,0.0002869392301474427,0.0,0.00026244779159372955
2017-01-10,0.0001628178660029178,0.0001628178660029178,0.0,0.00013783795928986448
2017-01-11,0.0031353248851448967,0.0031353248851448967,0.0,0.0031103457503577855
2017-01-12,0.00037646103349686655,0.00037646103349686655,0.0,0.0003514967169490403
2017-01-13,-0.0006164841331869342,-0.0006164841331869342,0.0,-0.0006419361326951679
2017-01-17,0.0009221471256124492,0.0009221471256124492,0.0,0.0008957131172737718
2017-01-18,-0.0030655811565871716,-0.0030655811565871716,0.0,-0.0030910316868793686
2017-01-19,-0.002451752507907079,-0.002451752507907079,0.0,-0.002476728128191938
2017-01-20,0.002069677743755882,0.002069677743755882,0.0,0.0020456703723931097
2017-01-23,0.00309388967482338,0.00309388967482338,0.0,0.0030689122196995984
2017-01-24,0.00013162231419605597,0.00013162231419605597,0.0,0.00010714894430083871
2017-01-25,0.00010784613062364556,0.00010784613062364556,0.0,8.386282554167357e-05
2017-01-26,0.0006872227545893228,0.0006872227545893228,0.0,0.0006627504937360579
2017-01-27,-0.00010120368763955057,-0.00010120368763955057,0.0,-0.00012616214976634486
2017-01-30,-0.0015982013719110233,-0.0015982013719110233,0.0,-0.0016231603118047055
2017-01-31,0.0015121228332901637,0.0015121228332901637,0.0,0.0014866667973050072
2017-02-01,-3.3717263421273458e-06,0.00020185346855483566,0.41045038979364784,-2.4252024541146433e-05
2017-02-02,0.0009471547165025296,0.0009471547165025296,0.0,0.0009258542626534391
2017-02-03,0.001525125483829104,0.001525125483829104,0.0,0.001504243671492571
2017-02-06,0.0003424087826962019,0.0003424087826962019,0.0,0.0003202757412332043
2017-02-07,-0.0008063872495991387,-0.0008063872495991387,0.0,-0.000828519914097984
2017-02-08,0.001861710327308863,0.001861710327308863,0.0,0.0018395767743269414
2017-02-09,0.001468204291257047,0.001468204291257047,0.0,0.0014460727857087748
2017-02-10,0.0028653424975806363,0.0028653424975806363,0.0,0.0028427950591812697
2017-02-13,0.00035071713504120083,0.00035071713504120083,0.0,0.00032900786533098447
2017-02-14,0.00035664276402846973,0.00035664276402846973,0.0,0.00033409891355379377
2017-02-15,0.00219298263241674,0.00219298263241674,0.0,0.002170856650905724
2017-02-16,-0.0005718101617906424,-0.0005718101617906424,0.0,-0.0005935163227409872
2017-02-17,0.000548355681941004,0.000548355681941004,0.0,0.0005266489080941007
2017-02-21,0.00324181563032222,0.00324181563032222,0.0,0.003219692017248219
2017-02-22,-9.56219220524801e-05,-9.56219220524801e-05,0.0,-0.00011732464684051394
2017-02-23,0.00046348912519755814,0.00046348912519755814,0.0,0.00044220366035010674
2017-02-24,-0.0006361587590841822,-0.0006361587590841822,0.0,-0.0006574437387121036
2017-02-27,-0.001088093884336172,-0.001088093884336172,0.0,-0.0011089621647641498
2017-02-28,-0.001444014614747413,-0.001444014614747413,0.0,-0.0014661361778243315
2017-03-01,0.004411509091019505,0.00456794028030183,0.31286237856455934,0.004382816944464783
2017-03-02,-0.00702045729341827,-0.00702045729341827,0.0,-0.007050933521534922
2017-03-03,0.0009195413724505386,0.0009195413724505386,0.0,0.0008871859631389162
2017-03-06,-0.0018030361957124263,-0.0018030361957124263,0.0,-0.0018367738797348604
2017-03-07,-0.0033614270166182347,-0.0033614270166182347,0.0,-0.0033960978717661014
2017-03-08,-0.0055852512002648735,-0.0055852512002648735,0.0,-0.005618551115670217
2017-03-09,-0.0032734170820334363,-0.0032734170820334363,0.0,-0.0033067435555593186
2017-03-10,0.0010819300996205428,0.0010819300996205428,0.0,0.0010481249251485998
2017-03-13,0.0019451973631237074,0.0019451973631237074,0.0,0.0019090823513484077
2017-03-14,-0.0028917680442833715,-0.0028917680442833715,0.0,-0.002927410148745672
2017-03-15,0.008984831999521381,0.008984831999521381,0.0,0.008951490523556139
2017-03-16,-0.00011701987563372818,-0.00011701987563372818,0.0,-0.00015031887516810217
2017-03-17,0.0003498904597551977,0.0003498904597551977,0.0,0.0003165909069363123
2017-03-20,0.000978270853474017,0.000978270853474017,0.0,0.0009435855419407368
2017-03-21,-0.006584223603363082,-0.006584223603363082,0.0,-0.0066193665098423825
2017-03-22,0.0014318516163660533,0.0014318516163660533,0.0,0.001396675675449256
2017-03-23,3.4274343925444484e-05,3.4274343925444484e-05,0.0,-4.3167642360520097e-07
2017-03-24,0.0016336753759840228,0.0016336753759840228,0.0,0.001598044035728189
2017-03-27,-0.0008044276127839867,-0.0008044276127839867,0.0,-0.0008400506743799845
2017-03-28,0.0034871193115173504,0.0034871193115173504,0.0,0.003451492170197723
2017-03-29,0.002512792407377562,0.002512792407377562,0.0,0.0024771828898264093
2017-03-30,0.0010092994990191784,0.0010092994990191784,0.0,0.0009737026491939898
2017-03-31,-0.0003319937427558317,-0.0003319937427558317,0.0,-0.0003666610480607567
2017-04-03,0.000956115196059093,0.001053618131744205,0.195005871370458,0.0009232901459166811
2017-04-04,0.0013460432927341337,0.0013460432927341337,0.0,0.0013132433426776995
2017-04-05,-0.0020374956870748973,-0.0020374956870748973,0.0,-0.002070713633905951
2017-04-06,0.0009063082371651987,0.0009063082371651987,0.0,0.0008735070036446452
2017-04-07,-0.00011838480664150275,-0.00011838480664150275,0.0,-0.00015244588756468014
2017-04-10,0.000436168557466976,0.000436168557466976,0.0,0.00040210724942836025
2017-04-11,0.00059595288509251,0.00059595288509251,0.0,0.0005618924134570413
2017-04-12,-0.0007165384355550808,-0.0007165384355550808,0.0,-0.0007501772795138298
2017-04-13,-0.0016085242355656781,-0.0016085242355656781,0.0,-0.0016421644367696471
2017-04-17,0.003142612702767167,0.003142612702767167,0.0,0.0031081283685136874
2017-04-18,-0.0030758475560680454,-0.0030758475560680454,0.0,-0.0031099053318123754
2017-04-19,-0.002288496924246153,-0.002288496924246153,0.0,-0.0023221400688532264
2017-04-20,0.003989563193661727,0.003989563193661727,0.0,0.003956756884961883
2017-04-21,-0.0013400188546939251,-0.0013400188546939251,0.0,-0.0013728177964228605
2017-04-24,0.0030338963102327643,0.0030338963102327643,0.0,0.0030002538287195136
2017-04-25,0.0017805570284070704,0.0017805570284070704,0.0,0.0017464998238065923
2017-04-26,-0.0004476772885450009,-0.0004476772885450009,0.0,-0.000482151507908396
2017-04-27,-0.0003196487139245363,-0.0003196487139245363,0.0,-0.00035328294397280824
2017-04-28,-0.0013956627237824426,-0.0013956627237824426,0.0,-0.0014288771221613447
2017-05-01,0.0012530938191124275,0.0013896217387765475,0.27305583932771965,0.0012255616917317906
2017-05-02,0.0007323691935530174,0.0007323691935530174,0.0,0.0007051776518409907
2017-05-03,-0.0006936803571585548,-0.0006936803571585548,0.0,-0.0007218827507502649
2017-05-04,-0.001321546201407231,-0.001321546201407231,0.0,-0.0013497450332961452
2017-05-05,0.0027911599180170388,0.0027911599180170388,0.0,0.0027616254026153956
2017-05-08,-0.00036088557784796915,-0.00036088557784796915,0.0,-0.0003911066646326873
2017-05-09,0.0024162081622598475,0.0024162081622598475,0.0,0.002385989058607083
2017-05-10,0.0019992442234118,0.0019992442234118,0.0,0.001969347789249755
2017-05-11,-0.0005252223215884699,-0.0005252223215884699,0.0,-0.0005544574990364727
2017-05-12,-0.0003917315512780295,-0.0003917315512780295,0.0,-0.00042062794498079557
2017-05-15,0.0018381696147944382,0.0018381696147944382,0.0,0.0018082673286524348
2017-05-16,-0.0011844721377813894,-0.0011844721377813894,0.0,-0.0012143843596684363
2017-05-17,-0.008642312333656976,-0.008642312333656976,0.0,-0.0086722181455973
2017-05-18,-1.7164213959919294e-05,-1.7164213959919294e-05,0.0,-4.769382959077477e-05
2017-05-19,0.0026349600632131764,0.0026349600632131764,0.0,0.0026047660326148185
2017-05-22,0.0002340186848115433,0.0002340186848115433,0.0,0.00020313884594293273
2017-05-23,0.0022666135813880217,0.0022666135813880217,0.0,0.0022360680904827753
2017-05-24,0.0008345986248134984,0.0008345986248134984,0.0,0.0008037047442775168
2017-05-25,0.0017470742748870727,0.0017470742748870727,0.0,0.0017161757127749342
2017-05-26,-0.00034561163542701223,-0.00034561163542701223,0.0,-0.0003765199804413989
2017-05-30,-0.000992693488675922,-0.000992693488675922,0.0,-0.001023599897737247
2017-05-31,-0.0011723107562305879,-0.0011723107562305879,0.0,-0.0012045551140768965
2017-06-01,0.004840137688060908,0.00505572418603184,0.4311729959419389,0.004800818874541046
2017-06-02,0.00422513943296976,0.00422513943296976,0.0,0.004185896436630406
2017-06-05,-0.0015707672816008822,-0.0015707672816008822,0.0,-0.0016095967179955491
2017-06-06,-0.0006429244273286061,-0.0006429244273286061,0.0,-0.0006821643927328941
2017-06-07,0.000829036305926456,0.000829036305926456,0.0,0.0007889780894536448
2017-06-08,-2.2094090033397684e-05,-2.2094090033397684e-05,0.0,-6.25600853213539e-05
2017-06-09,-0.003382683065260017,-0.003382683065260017,0.0,-0.003423149086625784
2017-06-12,-0.0005603127206276204,-0.0005603127206276204,0.0,-0.0005999651718361385
2017-06-13,0.0022097480849680995,0.0022097480849680995,0.0,0.002169277393488208
2017-06-14,0.00013814311405080382,0.00013814311405080382,0.0,9.767503529852818e-05
2017-06-15,-0.002954341716362885,-0.002954341716362885,0.0,-0.002995218398624831
2017-06-16,0.00011141330045250086,0.00011141330045250086,0.0,7.012427762558902e-05
2017-06-19,0.00336019188675607,0.00336019188675607,0.0,0.0033189029986861063
2017-06-20,-0.0027462987878810186,-0.0027462987878810186,0.0,-0.002787174864565651
2017-06-21,0.0011934639848130146,0.0011934639848130146,0.0,0.0011538110021981412
2017-06-22,0.0019959770039092994,0.0019959770039092994,0.0,0.001957551743263707
2017-06-23,0.001578357108408257,0.001578357108408257,0.0,0.0015395253305648612
2017-06-26,0.0006766287365631563,0.0006766287365631563,0.0,0.0006365725344880868
2017-06-27,-0.0035297723473787235,-0.0035297723473787235,0.0,-0.003570236488851962
2017-06-28,0.0038516560250634324,0.0038516560250634324,0.0,0.003810778938409577
2017-06-29,-0.005685149506918119,-0.005685149506918119,0.0,-0.005726839460307813
2017-06-30,-0.0011373578318417676,-0.0011373578318417676,0.0,-0.001178645932038083
2017-07-03,-0.0012794116503743735,-0.0004458366033337491,1.6671500940813822,-0.0012578729983906461
2017-07-05,0.0013079850489148281,0.0013079850489148281,0.0,0.0013293612355085363
2017-07-06,-0.0009563931991110053,-0.0009563931991110053,0.0,-0.0009353050735144388
2017-07-07,0.0034888920912385935,0.0034888920912385935,0.0,0.0035102464770282865
2017-07-10,0.0005490399318117678,0.0005490399318117678,0.0,0.0005701779677332856
2017-07-11,0.0005369091248155211,0.0005369091248155211,0.0,0.0005580131328760446
2017-07-12,0.0022989012591860813,0.0022989012591860813,0.0,0.0023199720090735427
2017-07-13,0.0015299608844960844,0.0015299608844960844,0.0,0.001550889558401095
2017-07-14,0.0007997801581578479,0.0007997801581578479,0.0,0.0008204121479285715
2017-07-17,-0.001173977066443399,-0.001173977066443399,0.0,-0.0011527885237933731
2017-07-18,-0.0002545226888538421,-0.0002545226888538421,0.0,-0.0002332602688993106
2017-07-19,0.00023065198420568755,0.00023065198420568755,0.0,0.0002527410323911099
2017-07-20,0.0020216475015544244,0.0020216475015544244,0.0,0.002044531536036883
2017-07-21,-0.0007024117451480683,-0.0007024117451480683,0.0,-0.0006794630467471182
2017-07-24,0.0007439148493135761,0.0007439148493135761,0.0,0.0007671132013856707
2017-07-25,0.0014976248379525714,0.0014976248379525714,0.0,0.001520973301856873
2017-07-26,-0.0008782521616891303,-0.0008782521616891303,0.0,-0.0008560093752488253
2017-07-27,-0.0016313694827098102,-0.0016313694827098102,0.0,-0.0016094702462534796
2017-07-28,-0.000880520424709208,-0.000880520424709208,0.0,-0.0008591203870658633
2017-07-31,0.00012430761159842874,0.00012430761159842874,0.0,0.00014556116463276862
2017-08-01,0.0013911005310809355,0.0020356277561646152,1.2890544501676504,0.0013606344958767536
2017-08-02,0.0004032505170168399,0.0004032505170168399,0.0,0.0003728707988174221
2017-08-03,-0.0018766835874834964,-0.0018766835874834964,0.0,-0.0019070680152716215
2017-08-04,0.0011631993452665412,0.0011631993452665412,0.0,0.0011328368765969763
2017-08-07,0.0011027281141908762,0.0011027281141908762,0.0,0.001073784883894998
2017-08-08,-0.002133063667647428,-0.002133063667647428,0.0,-0.002162879228809787
2017-08-09,-0.0032568259771120767,-0.0032568259771120767,0.0,-0.0032866170533377708
2017-08-10,-0.00806766313483076,-0.00806766313483076,0.0,-0.008097130612547488
2017-08-11,0.0021766958928237656,0.0021766958928237656,0.0,0.0021478915623211717
2017-08-14,0.0031094744498609828,0.0031094744498609828,0.0,0.0030806456303420753
2017-08-15,0.001469769566687651,0.001469769566687651,0.0,0.0014406200931751214
2017-08-16,0.0006858596845733533,0.0006858596845733533,0.0,0.0006572654720791442
2017-08-17,-0.006373069505055562,-0.006373069505055562,0.0,-0.006401099281127578
2017-08-18,0.0027138268848609925,0.0027138268848609925,0.0,0.0026852961437298832
2017-08-21,-0.0003935645249939501,-0.0003935645249939501,0.0,-0.00042183983903394825
2017-08-22,0.004091644715644938,0.004091644715644938,0.0,0.004063373736613988
2017-08-23,0.0003454397692164157,0.0003454397692164157,0.0,0.0003174099242804163
2017-08-24,-0.00023559034886977415,-0.00023559034886977415,0.0,-0.0002641960578353751
2017-08-25,0.0020988922905900154,0.0020988922905900154,0.0,0.002070003160846205
2017-08-28,-0.001429659744531575,-0.001429659744531575,0.0,-0.0014574272599963101
2017-08-29,0.000299233174117175,0.000299233174117175,0.0,0.00027033659404588495
2017-08-30,0.00032770790786784687,0.00032770790786784687,0.0,0.00029880798253731594
2017-08-31,0.0017867994695217604,0.0017867994695217604,0.0,0.0017584682300723184
2017-09-01,-0.0002782899623707813,-3.828715181897202e-05,0.4800056211038214,-0.0003178973198316178
2017-09-05,-0.0027297681164871745,-0.0027297681164871745,0.0,-0.002769766727542727
2017-09-06,0.0018357526331274077,0.0018357526331274077,0.0,0.001794170148461055
2017-09-07,0.0022369495885072865,0.0022369495885072865,0.0,0.00219615899985193
2017-09-08,-0.0014693091620729959,-0.0014693091620729959,0.0,-0.001509703907783611
2017-09-11,0.0030858008732506104,0.0030858008732506104,0.0,0.003044614195896035
2017-09-12,0.0017229201063138078,0.0017229201063138078,0.0,0.0016825252295289605
2017-09-13,-0.0017567052917265569,-0.0017567052917265569,0.0,-0.001797100308367437
2017-09-14,0.0005597563660912908,0.0005597563660912908,0.0,0.0005189654641254353
2017-09-15,0.001305803721013854,0.001305803721013854,0.0,0.0012650127731099305
2017-09-18,0.0016570802044131305,0.0016570802044131305,0.0,0.0016158931198247978
2017-09-19,0.0020454394929008135,0.0020454394929008135,0.0,0.0020046483023808113
2017-09-20,-0.0020335363011755314,-0.0020335363011755314,0.0,-0.002073931626125153
2017-09-21,-0.0008605249962984063,-0.0008605249962984063,0.0,-0.0009009201564699618
2017-09-22,0.0007034586022158784,0.0007034586022158784,0.0,0.0006634595421308519
2017-09-25,-0.0026534229315963165,-0.0026534229315963165,0.0,-0.0026946101407032633
2017-09-26,-0.0001358711355760045,-0.0001358711355760045,0.0,-0.00017745415358448122
2017-09-27,0.0007519488263141305,0.0007519488263141305,0.0,0.0007103658196726364
2017-09-28,0.00075860049493226,0.00075860049493226,0.0,0.0007174134546633314
2017-09-29,0.001657689571023857,0.001657689571023857,0.0,0.001616502467989662
2017-10-02,0.0015198006891901095,0.0017487491842309577,0.4578969900816534,0.001491379082733782
2017-10-03,0.003302353572136818,0.003302353572136818,0.0,0.0032724568043484294
2017-10-04,0.0008698009169123555,0.0008698009169123555,0.0,0.000839580308612671
2017-10-05,-0.00011017860313222716,-0.00011017860313222716,0.0,-0.00014012430625844733
2017-10-06,-0.001368583657399225,-0.001368583657399225,0.0,-0.0013985280689837545
2017-10-09,-0.0012761648040264806,-0.0012761648040264806,0.0,-0.0013060931507381545
2017-10-10,0.00238375134938118,0.00238375134938118,0.0,0.0023535531128175214
2017-10-11,0.0001440293352190647,0.0001440293352190647,0.0,0.00011323257166160534
2017-10-12,-0.0016365506759361548,-0.0016365506759361548,0.0,-0.0016670640049922872
2017-10-13,0.0013602767454954368,0.0013602767454954368,0.0,0.0013297830003413007
2017-10-16,0.0008010205705597517,0.0008010205705597517,0.0,0.000769940289277384
2017-10-17,-2.429582622209825e-05,-2.429582622209825e-05,0.0,-5.4815391901767985e-05
2017-10-18,0.001928171993337724,0.001928171993337724,0.0,0.0018976527177755331
2017-10-19,-0.0017884409607754614,-0.0017884409607754614,0.0,-0.001819268658052129
2017-10-20,0.0025849445222827505,0.0025849445222827505,0.0,0.0025538531354233874
2017-10-23,-0.0026296130818045382,-0.0026296130818045382,0.0,-0.002660450297427685
2017-10-24,0.0022606863346150696,0.0022606863346150696,0.0,0.002229310337408653
2017-10-25,-0.0009525881345692211,-0.0009525881345692211,0.0,-0.0009839918186488837
2017-10-26,-0.0009825386815520698,-0.0009825386815520698,0.0,-0.0010136453061792392
2017-10-27,0.0029591684536323104,0.0029591684536323104,0.0,0.002928359048250549
2017-10-30,-0.0022940250678028518,-0.0022940250678028518,0.0,-0.0023254412220875733
2017-10-31,0.0013912080359941292,0.0013912080359941292,0.0,0.001358963975816395
2017-11-01,-0.0012336994516676247,-0.0010630987637969547,0.3412013757413143,-0.001265228240356474
2017-11-02,0.0009592710657506665,0.0009592710657506665,0.0,0.0009281012997438003
2017-11-03,8.354681443645262e-05,8.354681443645262e-05,0.0,5.20920237345738e-05
2017-11-06,0.00174260988359487,0.00174260988359487,0.0,0.0017108827026498393
2017-11-07,-0.0014793712475189569,-0.0014793712475189569,0.0,-0.001511938175895877
2017-11-08,0.0012151833174440796,0.0012151833174440796,0.0,0.0011823674844995944
2017-11-09,-0.002427689198619465,-0.002427689198619465,0.0,-0.0024607948376780624
2017-11-10,0.0008700930364777815,0.0008700930364777815,0.0,0.0008372957009955749
2017-11-13,-0.000772287665460003,-0.000772287665460003,0.0,-0.0008053693926728502
2017-11-14,-0.0026963579404261084,-0.0026963579404261084,0.0,-0.0027299699477179758
2017-11-15,-0.0033691786626975917,-0.0033691786626975917,0.0,-0.003402477783817072
2017-11-16,0.007177384565395961,0.007177384565395961,0.0,0.007143597281714813
2017-11-17,-0.0014594782027688158,-0.0014594782027688158,0.0,-0.0014936493941659682
2017-11-20,0.0020238235464964394,0.0020238235464964394,0.0,0.0019891334580340496
2017-11-21,0.004655413122144569,0.004655413122144569,0.0,0.004620690508738298
2017-11-22,0.0004039141425578041,0.0004039141425578041,0.0,0.000369388910743735
2017-11-24,0.003171843246049688,0.003171843246049688,0.0,0.0031375835087399193
2017-11-27,-0.0035848621307585926,-0.0035848621307585926,0.0,-0.003618899338199113
2017-11-28,0.0027489516139429515,0.0027489516139429515,0.0,0.002714154860194285
2017-11-29,-0.0019469867858277201,-0.0019469867858277201,0.0,-0.0019815552014702652
2017-11-30,0.0020805729046864396,0.0020805729046864396,0.0,0.002046579265100614
2017-12-01,-5.195203322838626e-05,0.0004205784658988243,0.9450609982541619,-0.00012952148604377853
2017-12-04,-0.0028974923361748672,-0.0028974923361748672,0.0,-0.0029769978372316836
2017-12-05,-0.00039707067753858016,-0.00039707067753858016,0.0,-0.0004766596127112025
2017-12-06,-0.0010158039140911734,-0.0010158039140911734,0.0,-0.0010954042875686895
2017-12-07,3.021746869724673e-05,3.021746869724673e-05,0.0,-4.8790089757101124e-05
2017-12-08,0.0023089155380282556,0.0023089155380282556,0.0,0.002230530944043971
2017-12-11,0.0016224434545408783,0.0016224434545408783,0.0,0.001541016342161777
2017-12-12,-0.0003656616943334967,-0.0003656616943334967,0.0,-0.0004476623314594854
2017-12-13,0.00422391111932896,0.00422391111932896,0.0,0.004144384843574342
2017-12-14,-0.0019460349087664364,-0.0019460349087664364,0.0,-0.002026681040663261
2017-12-15,0.0014654786478212056,0.0014654786478212056,0.0,0.0013853966468693726
2017-12-18,0.003266227982047898,0.003266227982047898,0.0,0.003181845018268502
2017-12-19,-0.005225863032414679,-0.005225863032414679,0.0,-0.005309527243337336
2017-12-20,-0.0019821852549918306,-0.0019821852549918306,0.0,-0.0020666284587235943
2017-12-21,0.0028813923720640844,0.0028813923720640844,0.0,0.0027987526942437474
2017-12-22,0.0015002179747152233,0.0015002179747152233,0.0,0.0014189055052792228
2017-12-26,0.0015545914270056471,0.0015545914270056471,0.0,0.0014646377034667852
2017-12-27,0.002874622990103326,0.002874622990103326,0.0,0.0027865796495153317
2017-12-28,0.0016902964144538402,0.0016902964144538402,0.0,0.0016054408401698572
2017-12-29,0.001461499766294061,0.001461499766294061,0.0,0.001376695643016862
2018-01-02,0.0031049769310627084,0.003221172807277295,0.23239175242932955,0.0030096635338681997
2018-01-03,0.00376718012585342,0.00376718012585342,0.0,0.003674179958062751
2018-01-04,0.0022759654208726054,0.0022759654208726054,0.0,0.002183107273576931
2018-01-05,0.001419797759801611,0.001419797759801611,0.0,0.0013283600769198997
2018-01-08,0.00015195204171858379,0.00015195204171858379,0.0,5.656465169757353e-05
2018-01-09,-0.003406775911756088,-0.003406775911756088,0.0,-0.0035014904274045574
2018-01-10,0.0007746221561852895,0.0007746221561852895,0.0,0.0006811123461595971
2018-01-11,0.004865299505079301,0.004865299505079301,0.0,0.004771151355128078
2018-01-12,0.005774635855787524,0.005774635855787524,0.0,0.005680672639932541
2018-01-16,0.0003041426530334679,0.0003041426530334679,0.0,0.00020906795966975513
2018-01-17,0.001011176878753739,0.001011176878753739,0.0,0.0009167786157266201
2018-01-18,-0.002891982644342428,-0.002891982644342428,0.0,-0.0029870069777361537
2018-01-19,0.0025020957293047097,0.0025020957293047097,0.0,0.0024076256568557643
2018-01-22,0.0028840111938690516,0.0028840111938690516,0.0,0.002788971653244786
2018-01-23,0.005997628961705859,0.005997628961705859,0.0,0.005903363384491796
2018-01-24,0.003639141054809558,0.003639141054809558,0.0,0.0035457637803139558
2018-01-25,-0.0007714887058414277,-0.0007714887058414277,0.0,-0.0008640689919463171
2018-01-26,0.003965468685747764,0.003965468685747764,0.0,0.0038735213053726213
2018-01-29,-0.007716224618149803,-0.007716224618149803,0.0,-0.0078106684767536
2018-01-30,-0.006643798355251418,-0.006643798355251418,0.0,-0.006737872864200198
2018-01-31,0.0035630382029807617,0.0035630382029807617,0.0,0.003467382831569241
2018-02-01,-0.004044504437137331,-0.003309327348794744,1.4703541766851587,-0.004057261050895812
2018-02-02,-0.011064990449942913,-0.011064990449942913,0.0,-0.011077702460936645
2018-02-05,-0.014233498190078242,-0.014233498190078242,0.0,-0.014245955001764975
2018-02-06,0.0048767068391766255,0.0048767068391766255,0.0,0.00486484481871525
2018-02-07,-0.008305744629606204,-0.008305744629606204,0.0,-0.008318079821136288
2018-02-08,-0.013687193375063855,-0.013687193375063855,0.0,-0.013699123376789189
2018-02-09,0.0009769021637842101,0.0009769021637842101,0.0,0.000965649148025332
2018-02-12,0.006629149444644655,0.006629149444644655,0.0,0.006617257240231347
2018-02-13,0.0019680757471904897,0.0019680757471904897,0.0,0.0019561450848824746
2018-02-14,0.008175525749941182,0.008175525749941182,0.0,0.008163572770221787
2018-02-15,0.007459501661954748,0.007459501661954748,0.0,0.007447143611817474
2018-02-16,0.0018958445783143762,0.0018958445783143762,0.0,0.0018828749612136548
2018-02-20,-0.005700550737603782,-0.005700550737603782,0.0,-0.005714026037585899
2018-02-21,-0.005062019531897111,-0.005062019531897111,0.0,-0.00507503824883306
2018-02-22,0.0031454348244475128,0.0031454348244475128,0.0,0.003132755694763102
2018-02-23,0.007734249519873337,0.007734249519873337,0.0,0.007721409818297393
2018-02-26,0.0044563822820378185,0.0044563822820378185,0.0,0.004442822050683048
2018-02-27,-0.009592101183980795,-0.009592101183980795,0.0,-0.00960580816708804
2018-02-28,-0.004241431313023347,-0.004241431313023347,0.0,-0.004254560209200398
2018-03-01,-0.004965127989109863,-0.004463737080860453,1.0027818164988445,-0.004941877988820723
2018-03-02,0.0032761327273762575,0.0032761327273762575,0.0,0.0032999538830199154
2018-03-05,0.0007022305465502754,0.0007022305465502754,0.0,0.0007264903359612618
2018-03-06,0.0021742845412342504,0.0021742845412342504,0.0,0.0021981910269995163
2018-03-07,-0.0005817838182011759,-0.0005817838182011759,0.0,-0.000558071254166096
2018-03-08,-0.0016362477051042879,-0.0016362477051042879,0.0,-0.001612627249458136
2018-03-09,0.0039730759037903685,0.0039730759037903685,0.0,0.003996841732180444
2018-03-12,5.876094365664386e-05,5.876094365664386e-05,0.0,8.274625919158108e-05
2018-03-13,-0.001905424633108388,-0.001905424633108388,0.0,-0.0018811591679963383
2018-03-14,0.00015482767721319846,0.00015482767721319846,0.0,0.0001796995568208415
2018-03-15,-0.0005726059486544921,-0.0005726059486544921,0.0,-0.0005476048622992339
2018-03-16,0.0011523877651007375,0.0011523877651007375,0.0,0.0011775867292390916
2018-03-19,-0.0013927930357988672,-0.0013927930357988672,0.0,-0.0013674162688962245
2018-03-20,0.0006817448941585091,0.0006817448941585091,0.0,0.0007073991435109548
2018-03-21,0.0026057265733616664,0.0026057265733616664,0.0,0.0026303089275844247
2018-03-22,-0.005554728522853547,-0.005554728522853547,0.0,-0.005530671117688971
2018-03-23,-0.0017784507315489195,-0.0017784507315489195,0.0,-0.001753593620855974
2018-03-26,0.006019220935386427,0.006019220935386427,0.0,0.006044974873549112
2018-03-27,-0.0044250046137327415,-0.0044250046137327415,0.0,-0.004400108800234192
2018-03-28,-0.0027891558416446305,-0.0027891558416446305,0.0,-0.002764424396723888
2018-03-29,0.0032605672986683043,0.0032605672986683043,0.0,0.003285556599983312
2018-04-02,-0.004100772790150087,-0.00390615087623547,0.38924382782913497,-0.004095557986917816
2018-04-03,0.0013266097598831905,0.0013266097598831905,0.0,0.001331962218681756
2018-04-04,0.0012291757151008387,0.0012291757151008387,0.0,0.001234308448328737
2018-04-05,-0.0011652691069493626,-0.0011652691069493626,0.0,-0.0011601944921470577
2018-04-06,-0.0018894477612486638,-0.0018894477612486638,0.0,-0.0018842584627867705
2018-04-09,0.0013686651575546271,0.0013686651575546271,0.0,0.0013740859863329011
2018-04-10,0.004941473846072908,0.004941473846072908,0.0,0.0049467319360387415
2018-04-11,0.001466323746291076,0.001466323746291076,0.0,0.0014711936692017086
2018-04-12,9.935486419765382e-05,9.935486419765382e-05,0.0,0.00010417493012743863
2018-04-13,-0.0004395155123430028,-0.0004395155123430028,0.0,-0.00043467472452018833
2018-04-16,0.0005315805191201672,0.0005315805191201672,0.0,0.0005365381265073349
2018-04-17,0.00144877633701479,0.00144877633701479,0.0,0.001453722146326738
2018-04-18,0.0006628915295945337,0.0006628915295945337,0.0,0.0006677558997460203
2018-04-19,-0.00208762961473985,-0.00208762961473985,0.0,-0.0020827882123335873
2018-04-20,-0.002564162535898862,-0.002564162535898862,0.0,-0.002559190340779482
2018-04-23,-0.001023680848917241,-0.001023680848917241,0.0,-0.0010183401326845942
2018-04-24,-0.0027722003580397114,-0.0027722003580397114,0.0,-0.0027667793474714904
2018-04-25,-0.0018143760163811251,-0.0018143760163811251,0.0,-0.0018087982526920209
2018-04-26,0.0018873600900821685,0.0018873600900821685,0.0,0.0018929849966034505
2018-04-27,0.00016173037023614611,0.00016173037023614611,0.0,0.00016718025327673114
2018-04-30,-0.0011702128570365566,-0.0011702128570365566,0.0,-0.001164591988022658
2018-05-01,-0.0022980316323039096,-0.002123346729026143,0.3493698065555254,-0.002272475344375668
2018-05-02,-0.0010629547551569418,-0.0010629547551569418,0.0,-0.0010374707274189614
2018-05-03,-7.054591714883429e-05,-7.054591714883429e-05,0.0,-4.509971163941192e-05
2018-05-04,0.0018102565768221002,0.0018102565768221002,0.0,0.0018357096169336635
2018-05-07,0.00027741668674274855,0.00027741668674274855,0.0,0.0003031159627974521
2018-05-08,-0.00018937987830724978,-0.00018937987830724978,0.0,-0.00016356758563234436
2018-05-09,0.0018660267047465595,0.0018660267047465595,0.0,0.0018919981029689116
2018-05-10,0.002074860098904452,0.002074860098904452,0.0,0.002100785774517615
2018-05-11,-0.00018609678864112134,-0.00018609678864112134,0.0,-0.00016010107095005568
2018-05-14,0.0011011610076436806,0.0011011610076436806,0.0,0.0011274521993363726
2018-05-15,-0.0010701541921811497,-0.0010701541921811497,0.0,-0.0010441126382009717
2018-05-16,0.0013801185887445389,0.0013801185887445389,0.0,0.0014061300298776466
2018-05-17,-0.000844893296664373,-0.000844893296664373,0.0,-0.0008190205242534611
2018-05-18,-0.0026075121619950625,-0.0026075121619950625,0.0,-0.002581692499407139
2018-05-21,0.0008022478779070585,0.0008022478779070585,0.0,0.0008287474557917047
2018-05-22,-0.00018163501778867275,-0.00018163501778867275,0.0,-0.00015521712054920124
2018-05-23,-0.002462972454022827,-0.002462972454022827,0.0,-0.002436814338133401
2018-05-24,-0.0013309262621492568,-0.0013309262621492568,0.0,-0.0013046598234651833
2018-05-25,-0.0042544085305492585,-0.0042544085305492585,0.0,-0.004228149370064191
2018-05-29,-0.007102838728680783,-0.007102838728680783,0.0,-0.007075578108354194
2018-05-30,0.0048361644358532185,0.0048361644358532185,0.0,0.004864159431611336
2018-05-31,-7.438692640215905e-05,-7.438692640215905e-05,0.0,-4.70342670182071e-05
2018-06-01,0.0016900897873837195,0.001807092184178405,0.23400479358958515,0.0017009412737484305
2018-06-04,0.0035698746236896284,0.0035698746236896284,0.0,0.0035808353005140616
2018-06-05,-0.0004695784857280394,-0.0004695784857280394,0.0,-0.0004589264093115
2018-06-06,0.0026268969470490955,0.0026268969470490955,0.0,0.002637589635589896
2018-06-07,-0.0018360401141205296,-0.0018360401141205296,0.0,-0.0018256288173364357
2018-06-08,0.0005889489249581992,0.0005889489249581992,0.0,0.0005994624316720551
2018-06-11,0.0008726205023577016,0.0008726205023577016,0.0,0.0008831943970377996
2018-06-12,-0.0006261288380341457,-0.0006261288380341457,0.0,-0.0006157401766608936
2018-06-13,-0.00040728546473278726,-0.00040728546473278726,0.0,-0.0003967880560402587
2018-06-14,-0.002913273002807193,-0.002913273002807193,0.0,-0.00290274059638755
2018-06-15,-0.001932689150583644,-0.001932689150583644,0.0,-0.001921905677426851
2018-06-18,-1.7278826598188246e-05,-1.7278826598188246e-05,0.0,-6.270837732294337e-06
2018-06-19,-0.002009760013268025,-0.002009760013268025,0.0,-0.001998750524545735
2018-06-20,0.0015481744942160702,0.0015481744942160702,0.0,0.0015593002312223121
2018-06-21,-0.0023218267084487154,-0.0023218267084487154,0.0,-0.0023108347164062185
2018-06-22,0.00318743185691317,0.00318743185691317,0.0,0.003198565984884803
2018-06-25,-0.003181555299130223,-0.003181555299130223,0.0,-0.003170637382786128
2018-06-26,0.00031312014752571393,0.00031312014752571393,0.0,0.00032431355548559834
2018-06-27,-0.004337891263285876,-0.004337891263285876,0.0,-0.004326783730002989
2018-06-28,0.00149579097208008,0.00149579097208008,0.0,0.0015072736578499934
2018-06-29,0.0022714122568625594,0.0022714122568625594,0.0,0.0022827657758184117
2018-07-02,-0.002254374069563969,-0.0020866657600199234,0.33541661908788617,-0.002261256652092502
2018-07-03,-0.0005722477025279504,-0.0005722477025279504,0.0,-0.000579258334629252
2018-07-05,0.0021491997479097247,0.0021491997479097247,0.0,0.0021423010424227577
2018-07-06,0.0020920134154167602,0.0020920134154167602,0.0,0.002084929402721084
2018-07-09,0.003474219414503432,0.003474219414503432,0.0,0.003466915390475544
2018-07-10,-0.0004292223292853281,-0.0004292223292853281,0.0,-0.0004367689730240997
2018-07-11,-0.005569288743317968,-0.005569288743317968,0.0,-0.005576728305828865
2018-07-12,0.0020559233257835263,0.0020559233257835263,0.0,0.0020488344833380066
2018-07-13,0.00019976288961376376,0.00019976288961376376,0.0,0.0001925306426510907
2018-07-16,-0.0017488486667515124,-0.0017488486667515124,0.0,-0.0017562442505006937
2018-07-17,0.0002159787099642596,0.0002159787099642596,0.0,0.00020870782006707754
2018-07-18,0.0007234235763484698,0.0007234235763484698,0.0,0.0007162108892263342
2018-07-19,-0.0008455531147599782,-0.0008455531147599782,0.0,-0.0008528168134294053
2018-07-20,0.0017179472176134247,0.0017179472176134247,0.0,0.0017107799480292742
2018-07-23,0.0012722082124558831,0.0012722082124558831,0.0,0.0012648831535906667
2018-07-24,0.0011142817550251483,0.0011142817550251483,0.0,0.0011067915205823856
2018-07-25,0.0029717305337260136,0.0029717305337260136,0.0,0.0029641994120076353
2018-07-26,-0.0005439410102331399,-0.0005439410102331399,0.0,-0.000551602860248291
2018-07-27,-0.002077134572864736,-0.002077134572864736,0.0,-0.002084797576117139
2018-07-30,-0.0009222127727533946,-0.0009222127727533946,0.0,-0.0009299215968376876
2018-07-31,0.000801494032679706,0.000801494032679706,0.0,0.0007939277611328587
2018-08-01,-0.00027543944929253605,-4.008756487061671e-05,0.47070376884352777,-0.0002526863279405733
2018-08-02,0.0009911111830758212,0.0009911111830758212,0.0,0.0010137279164420265
2018-08-03,-0.000844067967632145,-0.000844067967632145,0.0,-0.0008216651436048963
2018-08-06,0.0006456835715034082,0.0006456835715034082,0.0,0.0006687421175217844
2018-08-07,0.0027088594818549527,0.0027088594818549527,0.0,0.002731851425178072
2018-08-08,-0.0019465321722273998,-0.0019465321722273998,0.0,-0.0019238188947176705
2018-08-09,0.00022691310870959214,0.00022691310870959214,0.0,0.0002498270204328211
2018-08-10,-0.0019006271176601475,-0.0019006271176601475,0.0,-0.0018778499086125478
2018-08-13,-0.0001515768086832736,-0.0001515768086832736,0.0,-0.0001283757581204531
2018-08-14,0.001774058069023532,0.001774058069023532,0.0,0.0017973892174404044
2018-08-15,-0.0032341371886597248,-0.0032341371886597248,0.0,-0.003211104180744329
2018-08-16,0.0017499131444649318,0.0017499131444649318,0.0,0.001773282259020754
2018-08-17,-0.00020193470236717914,-0.00020193470236717914,0.0,-0.00017897557827179799
2018-08-20,-0.00037710902549281666,-0.00037710902549281666,0.0,-0.0003539004988324029
2018-08-21,0.0018661525985654848,0.0018661525985654848,0.0,0.0018895147909105184
2018-08-22,0.0009591692315848999,0.0009591692315848999,0.0,0.000982450687698001
2018-08-23,0.0014430995385703582,0.0014430995385703582,0.0,0.0014661676533459023
2018-08-24,2.2318962251910435e-05,2.2318962251910435e-05,0.0,4.534952562393146e-05
2018-08-27,0.00189095069558598,0.00189095069558598,0.0,0.0019143159279049165
2018-08-28,0.0023021211879690195,0.0023021211879690195,0.0,0.0023253979091561513
2018-08-29,0.001620723224229792,0.001620723224229792,0.0,0.0016437559913036488
2018-08-30,-0.0021569112207067143,-0.0021569112207067143,0.0,-0.0021342686909971843
2018-08-31,0.0006573935958271715,0.0006573935958271715,0.0,0.0006802626268566079
2018-09-04,-0.00011109573169543197,0.00016969033469549366,0.5615721327816319,-5.523015747834903e-05
2018-09-05,-0.0016443266607212292,-0.0016443266607212292,0.0,-0.0015880686809218983
2018-09-06,-0.0026487787683623365,-0.0026487787683623365,0.0,-0.0025925598667550106
2018-09-07,0.0013169760489422089,0.0013169760489422089,0.0,0.0013738352795963507
2018-09-10,0.0005661268188057456,0.0005661268188057456,0.0,0.0006230715422505854
2018-09-11,0.003951083185861348,0.003951083185861348,0.0,0.004007948314543386
2018-09-12,-0.0013136776817495033,-0.0013136776817495033,0.0,-0.0012570989899183629
2018-09-13,0.00045992697096886026,0.00045992697096886026,0.0,0.0005164229941837738
2018-09-14,0.002232250408688241,0.002232250408688241,0.0,0.002288949415896052
2018-09-17,-0.001907972469610164,-0.001907972469610164,0.0,-0.0018513211524892957
2018-09-18,0.0038147770515528645,0.0038147770515528645,0.0,0.003871698241839335
2018-09-19,-0.0006673854373032695,-0.0006673854373032695,0.0,-0.0006112664896142124
2018-09-20,-0.0002611629023997475,-0.0002611629023997475,0.0,-0.00020468514029774922
2018-09-21,0.00028807853472567757,0.00028807853472567757,0.0,0.00034485845756929866
2018-09-24,0.0009477463288065646,0.0009477463288065646,0.0,0.0010055459866988809
2018-09-25,-5.507611341659668e-06,-5.507611341659668e-06,0.0,5.18908997876521e-05
2018-09-26,-0.0018921823813319305,-0.0018921823813319305,0.0,-0.0018350475927133138
2018-09-27,0.002609101166895833,0.002609101166895833,0.0,0.0026659752311254054
2018-09-28,0.0007987640845616983,0.0007987640845616983,0.0,0.0008555331972032414
2018-10-01,0.0022527190167538347,0.0023217545155564956,0.13807099760526828,0.0023023251071719584
2018-10-02,-0.004383991943211929,-0.004383991943211929,0.0,-0.004334526720093285
2018-10-03,0.003088850482804828,0.003088850482804828,0.0,0.0031389161833272105
2018-10-04,-0.0035038637097770664,-0.0035038637097770664,0.0,-0.0034544464722986454
2018-10-05,-0.0024311336812687934,-0.0024311336812687934,0.0,-0.002381238505876685
2018-10-08,-0.0005907236313563713,-0.0005907236313563713,0.0,-0.0005404960336014903
2018-10-09,-0.0009047327016217244,-0.0009047327016217244,0.0,-0.0008537319655283121
2018-10-10,-0.009190569879294341,-0.009190569879294341,0.0,-0.009138980862143375
2018-10-11,-0.009936441134843599,-0.009936441134843599,0.0,-0.009883789918451489
2018-10-12,0.003196356026585301,0.003196356026585301,0.0,0.0032506633281033323
2018-10-15,-0.002006209764762956,-0.002006209764762956,0.0,-0.0019513914857026851
2018-10-16,0.0062165045415267794,0.0062165045415267794,0.0,0.006271371326637817
2018-10-17,0.00024406945421229231,0.00024406945421229231,0.0,0.00029828202125741914
2018-10-18,-0.0048786369610491764,-0.0048786369610491764,0.0,-0.004824459602663812
2018-10-19,0.001161748667280138,0.001161748667280138,0.0,0.0012163914698375422
2018-10-22,7.667293833413247e-05,7.667293833413247e-05,0.0,0.00013211243076743307
2018-10-23,-0.005451304353701891,-0.005451304353701891,0.0,-0.005396117101409974
2018-10-24,-0.008710301030570466,-0.008710301030570466,0.0,-0.008654313195080124
2018-10-25,0.006228776657892565,0.006228776657892565,0.0,0.0062860549357493635
2018-10-26,-0.0075046496164772325,-0.0075046496164772325,0.0,-0.007448534546326967
2018-10-29,0.00032592509284401494,0.00032592509284401494,0.0,0.0003836505580211235
2018-10-30,0.005316442909999219,0.005316442909999219,0.0,0.005373869060473389
2018-10-31,0.0027274180933540837,0.0027274180933540837,0.0,0.002784059989221611
2018-11-01,-0.004428872246747817,-0.003236243741917,2.385257009661671,-0.0044579966715131095
2018-11-02,0.0002790214790013845,0.0002790214790013845,0.0,0.0002498485060787802
2018-11-05,-0.0004569002614913664,-0.0004569002614913664,0.0,-0.00048660244110210557
2018-11-06,-0.00028491471560587733,-0.00028491471560587733,0.0,-0.0003144604855263959
2018-11-07,-0.0007028055198065042,-0.0007028055198065042,0.0,-0.0007324614126495289
2018-11-08,0.0018100182807219145,0.0018100182807219145,0.0,0.001780661555006897
2018-11-09,-0.000232336981049186,-0.000232336981049186,0.0,-0.00026193369245579924
2018-11-12,-0.0003301558727777376,-0.0003301558727777376,0.0,-0.0003597381596869877
2018-11-13,-0.0030916638371696337,-0.0030916638371696337,0.0,-0.0031216095390414534
2018-11-14,-0.0007662647060829864,-0.0007662647060829864,0.0,-0.0007958881644249062
2018-11-15,0.0006023205688274746,0.0006023205688274746,0.0,0.0005728722295734071
2018-11-16,-0.002767168775518747,-0.002767168775518747,0.0,-0.002796527711503816
2018-11-19,-0.0008453455126472553,-0.0008453455126472553,0.0,-0.0008749105936980789
2018-11-20,-0.0006168013148187823,-0.0006168013148187823,0.0,-0.0006463128469418259
2018-11-21,-0.000339080525977864,-0.000339080525977864,0.0,-0.0003688048634960042
2018-11-23,-0.0011697056470874045,-0.0011697056470874045,0.0,-0.0011994083010366996
2018-11-26,0.0006129286357099417,0.0006129286357099417,0.0,0.0005831753284770771
2018-11-27,0.0012280338467547391,0.0012280338467547391,0.0,0.0011983668633930558
2018-11-28,-0.0007391801136668041,-0.0007391801136668041,0.0,-0.0007687995348494965
2018-11-29,-0.00012913852568940953,-0.00012913852568940953,0.0,-0.00015833335533665366
2018-11-30,0.00025286110929578776,0.00025286110929578776,0.0,0.00022367439946350106
2018-12-03,-0.0011222701817575897,-0.0008836006294888898,0.47733910453716044,-0.0011257689714983979
2018-12-04,-0.00346818840343166,-0.00346818840343166,0.0,-0.0034716946899776384
2018-12-06,0.0012373486201862072,0.0012373486201862072,0.0,0.0012341856269731826
2018-12-07,-0.0031934911548366918,-0.0031934911548366918,0.0,-0.0031967520982811764
2018-12-10,0.00293038027719561,0.00293038027719561,0.0,0.002927382347418295
2018-12-11,0.0003124179446483133,0.0003124179446483133,0.0,0.0003091539842282644
2018-12-12,-0.0012498591317824381,-0.0012498591317824381,0.0,-0.0012531792290289103
2018-12-13,-0.0004137219030959649,-0.0004137219030959649,0.0,-0.00041691405621254677
2018-12-14,0.0017165484854411162,0.0017165484854411162,0.0,0.0017134073547379488
2018-12-17,-0.0028475138702903635,-0.0028475138702903635,0.0,-0.0028507968679807724
2018-12-18,0.0003947228182670237,0.0003947228182670237,0.0,0.0003917235140327735
2018-12-19,-0.002288949232325921,-0.002288949232325921,0.0,-0.002291996960560919
2018-12-20,-0.0030282240899563995,-0.0030282240899563995,0.0,-0.0030310527785738593
2018-12-21,0.002058228396513595,0.002058228396513595,0.0,0.002055673162311293
2018-12-24,-0.003773269605058638,-0.003773269605058638,0.0,-0.0037760923066357316
2018-12-26,0.0039553325363150815,0.0039553325363150815,0.0,0.003952881874319719
2018-12-27,-0.0005333966630927112,-0.0005333966630927112,0.0,-0.0005361759905074593
2018-12-28,-0.0022517759031903672,-0.0022517759031903672,0.0,-0.002254495162882595
2018-12-31,-0.001331448895555254,-0.001331448895555254,0.0,-0.001334017340551306
2019-01-02,-0.0032070879324539447,-0.0028031118370275276,0.8079521908531468,-0.0032115276196405295
2019-01-03,0.0014150978269176218,0.0014150978269176218,0.0,0.0014110432136122373
2019-01-04,-0.007924890525242034,-0.007924890525242034,0.0,-0.007929089463784806
2019-01-07,-0.0038664030188718668,-0.0038664030188718668,0.0,-0.0038699429831284726
2019-01-08,-0.003202177382889304,-0.003202177382889304,0.0,-0.0032053598888507145
2019-01-09,-0.0046094278738739725,-0.0046094278738739725,0.0,-0.0046123014067037315
2019-01-10,0.001242124048535631,0.001242124048535631,0.0,0.0012396986168149622
2019-01-11,0.000964137706098267,0.000964137706098267,0.0,0.0009615981171464136
2019-01-14,0.0026040278206007628,0.0026040278206007628,0.0,0.002601377623081961
2019-01-15,-0.0012775895839188811,-0.0012775895839188811,0.0,-0.0012804802566949351
2019-01-16,-0.0019566893869710222,-0.0019566893869710222,0.0,-0.0019594388222186287
2019-01-17,-0.0016462078241972211,-0.0016462078241972211,0.0,-0.0016487666921275494
2019-01-18,-0.002330028143732621,-0.002330028143732621,0.0,-0.0023324259934415525
2019-01-22,0.004372936134734218,0.004372936134734218,0.0,0.004370732888853706
2019-01-23,-0.0017238653187897635,-0.0017238653187897635,0.0,-0.0017264482837975946
2019-01-24,-0.00022677347022703742,-0.00022677347022703742,0.0,-0.00022915806182059186
2019-01-25,-0.005091537681489511,-0.005091537681489511,0.0,-0.005093922313141821
2019-01-28,0.0021099634601731143,0.0021099634601731143,0.0,0.0021080171938279335
2019-01-29,-0.001244749747406293,-0.001244749747406293,0.0,-0.001246889935073405
2019-01-30,-0.004979464604605299,-0.004979464604605299,0.0,-0.004981490247941389
2019-01-31,-0.0019992515318658644,-0.0019992515318658644,0.0,-0.002000810057997187
2019-02-01,-0.0015877472273917448,-0.0009855473502886625,1.2043997542060008,-0.0016395470215010489
2019-02-04,-0.0004542778331750874,-0.0004542778331750874,0.0,-0.0005065316816339482
2019-02-05,0.001180968129406823,0.001180968129406823,0.0,0.001128733275560337
2019-02-06,0.0010777703834257135,0.0010777703834257135,0.0,0.0010254862082830015
2019-02-07,0.0030406315119870797,0.0030406315119870797,0.0,0.0029883023739011457
2019-02-08,0.0013771447132548964,0.0013771447132548964,0.0,0.001324467777514823
2019-02-11,0.00031603953596870404,0.00031603953596870404,0.0,0.000262862013407785
2019-02-12,-0.0017584929411528227,-0.0017584929411528227,0.0,-0.00181124049555818
2019-02-13,-0.00013709333834022175,-0.00013709333834022175,0.0,-0.0001899887596468747
2019-02-14,0.0016042291159161781,0.0016042291159161781,0.0,0.0015515607415848608
2019-02-15,-0.002531022403694183,-0.002531022403694183,0.0,-0.002583757689072874
2019-02-19,-0.001270836706823486,-0.001270836706823486,0.0,-0.0013241295539534838
2019-02-20,-0.0006296840161758022,-0.0006296840161758022,0.0,-0.0006827020763897603
2019-02-21,-0.0003714239214920312,-0.0003714239214920312,0.0,-0.0004244153796738978
2019-02-22,0.0006479295716075306,0.0006479295716075306,0.0,0.0005947330783303507
2019-02-25,9.798860416854183e-06,9.798860416854183e-06,0.0,-4.364595852699957e-05
2019-02-26,0.00044254923282172065,0.00044254923282172065,0.0,0.00038954569274590034
2019-02-27,-0.0003948638376004565,-0.0003948638376004565,0.0,-0.00044788606027829124
2019-02-28,0.0008744660710393592,0.0008744660710393592,0.0,0.0008214605244677626
2019-03-01,0.0008777879919639187,0.0009749036551014445,0.19423132627525258,0.0008253060914304226
2019-03-04,0.0014377301655887909,0.0014377301655887909,0.0,0.0013846882659872477
2019-03-05,-0.0007795707688007525,-0.0007795707688007525,0.0,-0.0008326738177572067
2019-03-06,0.001823926657242847,0.001823926657242847,0.0,0.0017708567907583808
2019-03-07,0.00466481310783351,0.00466481310783351,0.0,0.004611886275623378
2019-03-08,-0.0011346263129793366,-0.0011346263129793366,0.0,-0.0011879709499266896
2019-03-11,-0.000495841094856786,-0.000495841094856786,0.0,-0.0005491376936301076
2019-03-12,-0.00024935927712188555,-0.00024935927712188555,0.0,-0.00030263487240094524
2019-03-13,-0.00162486609000978,-0.00162486609000978,0.0,-0.001677910103241728
2019-03-14,0.0015797619815125508,0.0015797619815125508,0.0,0.0015267866395953444
2019-03-15,-0.0009049456537997269,-0.0009049456537997269,0.0,-0.0009579876555012707
2019-03-18,-0.0018729496684680713,-0.0018729496684680713,0.0,-0.0019257326013199273
2019-03-19,-0.000748869128120333,-0.000748869128120333,0.0,-0.0008020141777652658
2019-03-20,0.0012182503923605648,0.0012182503923605648,0.0,0.0011649167991659246
2019-03-21,0.0026610015571284507,0.0026610015571284507,0.0,0.002607395408751388
2019-03-22,0.005159869564893782,0.005159869564893782,0.0,0.005106591906642861
2019-03-25,-0.0002575921011701565,-0.0002575921011701565,0.0,-0.00031108719542866727
2019-03-26,0.0006756516727504103,0.0006756516727504103,0.0,0.0006221674361751722
2019-03-27,0.003451216878164187,0.003451216878164187,0.0,0.0033981482704056242
2019-03-28,0.002142448652623141,0.002142448652623141,0.0,0.0020894590197032908
2019-03-29,-0.00023713319383922293,-0.00023713319383922293,0.0,-0.0002895423980194202
2019-04-01,-0.004270263368353122,-0.004190872554517666,0.15878162767114407,-0.004326919231925334
2019-04-02,0.0009854499313535214,0.0009854499313535214,0.0,0.0009289052814960807
2019-04-03,-0.002515840024650662,-0.002515840024650662,0.0,-0.0025728990770326953
2019-04-04,-0.00017448514960993755,-0.00017448514960993755,0.0,-0.00023144890823321448
2019-04-05,0.0009710260238458002,0.0009710260238458002,0.0,0.0009140688754391196
2019-04-08,-0.00241570801901958,-0.00241570801901958,0.0,-0.002472463450010657
2019-04-09,0.0005327541034432226,0.0005327541034432226,0.0,0.00047632802330281306
2019-04-10,0.0017686064563853243,0.0017686064563853243,0.0,0.001711922174636961
2019-04-11,0.0023673009447415794,0.0023673009447415794,0.0,0.0023105499980297624
2019-04-12,-0.0017283503496988706,-0.0017283503496988706,0.0,-0.0017854291409179377
2019-04-15,0.00030319481201224185,0.00030319481201224185,0.0,0.0002464199504240994
2019-04-16,-0.0017273665241878122,-0.0017273665241878122,0.0,-0.0017841528035362417
2019-04-17,-0.00014852030986878262,-0.00014852030986878262,0.0,-0.00020547975122720414
2019-04-18,0.0014279502580347714,0.0014279502580347714,0.0,0.001371473044689487
2019-04-22,-0.0011666047970202431,-0.0011666047970202431,0.0,-0.0012236126355799886
2019-04-23,0.0033401585154868574,0.0033401585154868574,0.0,0.0032829565235064618
2019-04-24,0.0052276761049048215,0.0052276761049048215,0.0,0.005170586358485248
2019-04-25,-0.00027705265965105585,-0.00027705265965105585,0.0,-0.00033409904179540424
2019-04-26,0.0021307474550140704,0.0021307474550140704,0.0,0.0020739510841083736
2019-04-29,-0.001957795153399111,-0.001957795153399111,0.0,-0.002015150691202194
2019-04-30,0.0003960553151332036,0.0003960553151332036,0.0,0.00033901298433666765
2019-05-01,0.000289951451517112,0.0004577354018973079,0.33556790075998266,0.0002170880758443564
2019-05-02,0.0001364165269355233,0.0001364165269355233,0.0,6.265663389159868e-05
2019-05-03,7.101896144012798e-05,7.101896144012798e-05,0.0,-1.8257052280079935e-06
2019-05-06,0.0029016065997506946,0.0029016065997506946,0.0,0.0028284543227247968
2019-05-07,0.0009831349231774755,0.0009831349231774755,0.0,0.0009102262343339074
2019-05-08,-0.0012620566383421128,-0.0012620566383421128,0.0,-0.001334986478944077
2019-05-09,0.0019742826846129713,0.0019742826846129713,0.0,0.0019013800309710914
2019-05-10,0.0005038112568309661,0.0005038112568309661,0.0,0.00043086615740448665
2019-05-13,0.0008467927377353579,0.0008467927377353579,0.0,0.0007744498871560931
2019-05-14,-0.0011756534183408052,-0.0011756534183408052,0.0,-0.0012480142970654165
2019-05-15,0.0021147755083026354,0.0021147755083026354,0.0,0.002042133180889404
2019-05-16,0.0005883805112723017,0.0005883805112723017,0.0,0.0005163064086192369
2019-05-17,0.0025199201154981754,0.0025199201154981754,0.0,0.002448140309659941
2019-05-20,-0.003229629102493692,-0.003229629102493692,0.0,-0.0033014618880328472
2019-05-21,0.0005885397917411161,0.0005885397917411161,0.0,0.0005167751270833973
2019-05-22,0.0028012120614622216,0.0028012120614622216,0.0,0.0027297417299636377
2019-05-23,0.002225122115595779,0.002225122115595779,0.0,0.0021539001422038787
2019-05-24,-0.0025474661732611814,-0.0025474661732611814,0.0,-0.0026181200371909554
2019-05-28,0.0005419936889736743,0.0005419936889736743,0.0,0.00047077855410314123
2019-05-29,-0.0006891554944771228,-0.0006891554944771228,0.0,-0.0007603819229046433
2019-05-30,0.0023763712424607064,0.0023763712424607064,0.0,0.002304852235384939
2019-05-31,0.001962083566576789,0.001962083566576789,0.0,0.0018914363979594538
2019-06-03,-0.000923807497861806,-0.0007249935091704351,0.39762797738296246,-0.0010013572362999729
2019-06-04,-0.001165909914510821,-0.001165909914510821,0.0,-0.0012435422808421439
2019-06-05,0.0034740098455634527,0.0034740098455634527,0.0,0.0033963933978590545
2019-06-06,-0.0017173923848838868,-0.0017173923848838868,0.0,-0.001794380763746414
2019-06-07,0.0010712505900638547,0.0010712505900638547,0.0,0.0009959732477044913
2019-06-10,-0.0018052353445481284,-0.0018052353445481284,0.0,-0.00188086445800741
2019-06-11,-0.0008183247492363765,-0.0008183247492363765,0.0,-0.0008932548365585658
2019-06-12,0.0028102589897294195,0.0028102589897294195,0.0,0.0027363521076415693
2019-06-13,0.0006569348878422421,0.0006569348878422421,0.0,0.0005846797840687912
2019-06-14,0.0013182244607428117,0.0013182244607428117,0.0,0.0012456233624756452
2019-06-17,-0.0005162705743197993,-0.0005162705743197993,0.0,-0.0005899016857132806
2019-06-18,0.0003876845010706287,0.0003876845010706287,0.0,0.00031439776791783436
2019-06-19,0.0018200450277492397,0.0018200450277492397,0.0,0.0017481043238449752
2019-06-20,-0.0020054430104754495,-0.0020054430104754495,0.0,-0.0020760551461578027
2019-06-21,-0.003153899713704944,-0.003153899713704944,0.0,-0.003223811606668617
2019-06-24,-1.6431004389971804e-05,-1.6431004389971804e-05,0.0,-8.66417517418366e-05
2019-06-25,-0.0008581521143146142,-0.0008581521143146142,0.0,-0.0009280251083903443
2019-06-26,-0.002966204637163239,-0.002966204637163239,0.0,-0.003037079592143298
2019-06-27,0.0018479325158025084,0.0018479325158025084,0.0,0.0017774319481518117
2019-06-28,0.0008348940233606772,0.0008348940233606772,0.0,0.0007647079503634143
2019-07-01,-0.0012875488630609278,-0.0010514218548519638,0.47225401641801434,-0.0013734872018679935
2019-07-02,0.004523788180237132,0.004523788180237132,0.0,0.004438210546203724
2019-07-03,0.0016824321188744218,0.0016824321188744218,0.0,0.001596457626453904
2019-07-05,-0.003543725828843103,-0.003543725828843103,0.0,-0.003630495940287092
2019-07-08,-0.0008533686842275845,-0.0008533686842275845,0.0,-0.0009413338249851265
2019-07-09,-0.0004320630982910245,-0.0004320630982910245,0.0,-0.0005200284668603468
2019-07-10,0.0009334204624116271,0.0009334204624116271,0.0,0.0008478431816351281
2019-07-11,-0.0035767206413291897,-0.0035767206413291897,0.0,-0.0036611035815987576
2019-07-12,0.0007317603506573622,0.0007317603506573622,0.0,0.0006481725657598739
2019-07-15,0.002106313530021664,0.002106313530021664,0.0,0.0020223278950006556
2019-07-16,-0.0007088015826186567,-0.0007088015826186567,0.0,-0.0007923886470175552
2019-07-17,0.0021095341443961857,0.0021095341443961857,0.0,0.0020263449345217484
2019-07-18,0.0021613310907728778,0.0021613310907728778,0.0,0.0020813266684735214
2019-07-19,-0.002918733600825396,-0.002918733600825396,0.0,-0.002999135529444098
2019-07-22,0.0010021664380457374,0.0010021664380457374,0.0,0.0009209677317698421
2019-07-23,0.0001949823519800109,0.0001949823519800109,0.0,0.00011457995564598149
2019-07-24,0.0013119564393377914,0.0013119564393377914,0.0,0.0012303599962155097
2019-07-25,-0.0021329626189762196,-0.0021329626189762196,0.0,-0.002214956768009294
2019-07-26,0.0015824432185618242,0.0015824432185618242,0.0,0.001499652474324183
2019-07-29,-0.0004696910607350224,-0.0004696910607350224,0.0,-0.0005520833777922943
2019-07-30,-0.0007022977008063203,-0.0007022977008063203,0.0,-0.0007834960418372876
2019-07-31,0.0010065511860288812,0.0010065511860288812,0.0,0.0009253526721393179
2019-08-01,0.009929458704693861,0.010112698900194284,0.36648039100086516,0.009864850598004142
2019-08-02,0.001070792526224773,0.001070792526224773,0.0,0.0010065057210098343
2019-08-05,0.003452468366516692,0.003452468366516692,0.0,0.0033888012550569733
2019-08-06,0.0031087963845668476,0.0031087963845668476,0.0,0.003044756657229619
2019-08-07,0.0025054868853975343,0.0025054868853975343,0.0,0.0024423549765630963
2019-08-08,0.0012357081955001181,0.0012357081955001181,0.0,0.0011725376998302725
2019-08-09,-0.000796031379035278,-0.000796031379035278,0.0,-0.0008585826044658014
2019-08-12,0.0047526160692401564,0.0047526160692401564,0.0,0.0046900769742793304
2019-08-13,-0.0028814096824223423,-0.0028814096824223423,0.0,-0.0029440208584185115
2019-08-14,0.005336013158313335,0.005336013158313335,0.0,0.0052747226944589425
2019-08-15,0.003531692213548654,0.003531692213548654,0.0,0.0034719208303552176
2019-08-16,-0.0013917969399322994,-0.0013917969399322994,0.0,-0.0014503395046699
2019-08-19,-0.003279924573848958,-0.003279924573848958,0.0,-0.0033406861023024524
2019-08-20,0.002290357155904532,0.002290357155904532,0.0,0.0022296437880843724
2019-08-21,-0.0007930385231924575,-0.0007930385231924575,0.0,-0.0008547446064410041
2019-08-22,-0.0006296566624182098,-0.0006296566624182098,0.0,-0.0006923099132500238
2019-08-23,0.004521832169758433,0.004521832169758433,0.0,0.004460147280658987
2019-08-26,-0.0007908957708352427,-0.0007908957708352427,0.0,-0.0008536076180173722
2019-08-27,0.0038827546196607,0.0038827546196607,0.0,0.0038206944926149865
2019-08-28,0.0004847699095247293,0.0004847699095247293,0.0,0.00042233186527136104
2019-08-29,-0.0010191273370950826,-0.0010191273370950826,0.0,-0.0010815726217107621
2019-08-30,0.0012706589367981191,0.0012706589367981191,0.0,0.0012082288890580735
2019-09-03,0.0026256834900759696,0.0026861656172840753,0.12096425441662954,0.0025704916085490387
2019-09-04,-0.001073118599672962,-0.001073118599672962,0.0,-0.0011278679876200422
2019-09-05,-0.005980924589220393,-0.005980924589220393,0.0,-0.006035650517320971
2019-09-06,4.1348635923199595e-05,4.1348635923199595e-05,0.0,-1.2962881744754531e-05
2019-09-09,-0.0050544569923896,-0.0050544569923896,0.0,-0.005108769414685239
2019-09-10,-0.004915230809353188,-0.004915230809353188,0.0,-0.00496914978986923
2019-09-11,-9.714304495722637e-05,-9.714304495722637e-05,0.0,-0.00015123570794832054
2019-09-12,-0.002089235982411175,-0.002089235982411175,0.0,-0.0021430447771066596
2019-09-13,-0.007115333499701948,-0.007115333499701948,0.0,-0.007169377747137639
2019-09-16,0.002140877037914768,0.002140877037914768,0.0,0.0020861495359676494
2019-09-17,0.0025655807758284688,0.0025655807758284688,0.0,0.0025108048792364707
2019-09-18,0.00047078712608406015,0.00047078712608406015,0.0,0.0004170781775397518
2019-09-19,0.0002627967824411215,0.0002627967824411215,0.0,0.0002096399477827335
2019-09-20,0.00418920166278447,0.00418920166278447,0.0,0.004136601656235612
2019-09-23,0.001702032476479376,0.001702032476479376,0.0,0.0016484970378004874
2019-09-24,0.0024504090909693854,0.0024504090909693854,0.0,0.0023974004286627165
2019-09-25,-0.003471585598257332,-0.003471585598257332,0.0,-0.0035238003213662462
2019-09-26,0.001514497893874145,0.001514497893874145,0.0,0.0014640480731599552
2019-09-27,0.00031479323436944817,0.00031479323436944817,0.0,0.0002651583388653489
2019-09-30,0.00023736195237833435,0.00023736195237833435,0.0,0.00018546427739454983
2019-10-01,0.000578555404503911,0.0006408160117286066,0.12452121444935652,0.0005331367146950531
2019-10-02,0.00128093309469679,0.00128093309469679,0.0,0.0012361282001744846
2019-10-03,0.0018116506031813362,0.0018116506031813362,0.0,0.0017688638521411808
2019-10-04,0.0013411532966520756,0.0013411532966520756,0.0,0.0012980676170124882
2019-10-07,-0.0015848206621735805,-0.0015848206621735805,0.0,-0.0016287078762985288
2019-10-08,0.0009436283588104555,0.0009436283588104555,0.0,0.0009005484766339204
2019-10-09,-0.0014582320426634876,-0.0014582320426634876,0.0,-0.001500821040559496
2019-10-10,-0.0038235875353752613,-0.0038235875353752613,0.0,-0.00386588617479536
2019-10-11,-0.004324970080773705,-0.004324970080773705,0.0,-0.00436717975864622
2019-10-14,0.002382846997420307,0.002382846997420307,0.0,0.002340738383617765
2019-10-15,-0.003247560632098412,-0.003247560632098412,0.0,-0.003289469254515519
2019-10-16,0.00012945070391934266,0.00012945070391934266,0.0,8.787265511783743e-05
2019-10-17,-0.0005257659100891265,-0.0005257659100891265,0.0,-0.000567346949396117
2019-10-18,0.0006028287981412195,0.0006028287981412195,0.0,0.0005612599112049006
2019-10-21,-0.001398667971909906,-0.001398667971909906,0.0,-0.0014405058933040238
2019-10-22,0.0015045477469639579,0.0015045477469639579,0.0,0.0014632521997337564
2019-10-23,-0.00036868466913730913,-0.00036868466913730913,0.0,-0.0004100147542077267
2019-10-24,0.001142495723632564,0.001142495723632564,0.0,0.0011006639616331637
2019-10-25,-0.0005721615817506631,-0.0005721615817506631,0.0,-0.0006137646402391226
2019-10-28,-0.0026094843852479954,-0.0026094843852479954,0.0,-0.0026508190785563303
2019-10-29,-0.00036901964343660776,-0.00036901964343660776,0.0,-0.0004097847261879175
2019-10-30,0.0017111498897490751,0.0017111498897490751,0.0,0.0016706479261270513
2019-10-31,0.0030078537515196846,0.0030078537515196846,0.0,0.0029693529699655833
2019-11-01,-0.00153344009610612,-0.0013459278487391035,0.37502449473416655,-0.0015906287839480852
2019-11-04,1.4266587048838986e-05,1.4266587048838986e-05,0.0,-4.339518272746909e-05
2019-11-05,-0.002775454778023656,-0.002775454778023656,0.0,-0.002834269810291355
2019-11-06,0.0014432584691590478,0.0014432584691590478,0.0,0.0013844487228543531
2019-11-07,-0.0025662336230785066,-0.0025662336230785066,0.0,-0.002625046114164405
2019-11-08,-0.0014663565860821848,-0.0014663565860821848,0.0,-0.001524779820776024
2019-11-11,-0.00023763910974972102,-0.00023763910974972102,0.0,-0.00029605956275439315
2019-11-12,-0.0005201840247008871,-0.0005201840247008871,0.0,-0.0005801413952714444
2019-11-13,0.00028080782073724997,0.00028080782073724997,0.0,0.00022162013493989762
2019-11-14,0.0018771899605325437,0.0018771899605325437,0.0,0.001818001734773946
2019-11-15,0.0006491362054419358,0.0006491362054419358,0.0,0.0005899443768255077
2019-11-18,0.0009937185298836138,0.0009937185298836138,0.0,0.0009345254561996482
2019-11-19,0.0015294268187404647,0.0015294268187404647,0.0,0.0014702318409593035
2019-11-20,-0.0007392695135406413,-0.0007392695135406413,0.0,-0.0007984674174322338
2019-11-21,-0.0021190480666600786,-0.0021190480666600786,0.0,-0.0021786289479117913
2019-11-22,0.0014561210783641254,0.0014561210783641254,0.0,0.001396544289306684
2019-11-25,0.00241440844653118,0.00241440844653118,0.0,0.0023536756960884477
2019-11-26,0.0012069587635930024,0.0012069587635930024,0.0,0.001146605693131227
2019-11-27,0.00043420640740143845,0.00043420640740143845,0.0,0.00037308212914932785
2019-11-29,-0.0018651743027553458,-0.0018651743027553458,0.0,-0.0019251461320302816
2019-12-02,-0.004200545686103396,-0.004005371477874942,0.3903484164569166,-0.004275937509442978
2019-12-03,0.003087836972245128,0.003087836972245128,0.0,0.003013698858393101
2019-12-04,0.001983568801456226,0.001983568801456226,0.0,0.0019104331008877934
2019-12-05,-0.000559121973579102,-0.000559121973579102,0.0,-0.0006317513096396539
2019-12-06,0.0023976210937144415,0.0023976210937144415,0.0,0.0023254656840292114
2019-12-09,-0.0011145795325258057,-0.0011145795325258057,0.0,-0.001187185563502438
2019-12-10,-0.0008450467256500005,-0.0008450467256500005,0.0,-0.0009186287680493222
2019-12-11,0.001991522916988897,0.001991522916988897,0.0,0.0019174489920244784
2019-12-12,-0.0011635621958605569,-0.0011635621958605569,0.0,-0.0012371295241833118
2019-12-13,0.0034684840039647113,0.0034684840039647113,0.0,0.003394420772833485
2019-12-16,0.0001513530909444949,0.0001513530909444949,0.0,7.733462875402091e-05
2019-12-17,0.0006799900669902659,0.0006799900669902659,0.0,0.0006064541847529297
2019-12-18,0.0010552594313488761,0.0010552594313488761,0.0,0.0009817322617453141
2019-12-19,0.002363196493900155,0.002363196493900155,0.0,0.0022892023495030014
2019-12-20,0.0006143324173955023,0.0006143324173955023,0.0,0.0005398883621317128
2019-12-23,0.0008093564760565108,0.0008093564760565108,0.0,0.0007344401300031573
2019-12-24,0.001076501018137721,0.001076501018137721,0.0,0.001002075360113454
2019-12-26,0.002550699489574315,0.002550699489574315,0.0,0.002476287722536751
2019-12-27,-0.0012417941847899794,-0.0012417941847899794,0.0,-0.0013156932576636315
2019-12-30,-0.001213530801680296,-0.001213530801680296,0.0,-0.0012874457743147305
2019-12-31,-0.0004991723238051415,-0.0004991723238051415,0.0,-0.0005721427164531528
2020-01-02,0.0062345888684476325,0.0063928229696421646,0.3164682023893265,0.00614486604604213
2020-01-03,0.001504261516820371,0.001504261516820371,0.0,0.0014161427403867352
2020-01-06,-0.0007466193647726049,-0.0007466193647726049,0.0,-0.00083705903119644
2020-01-07,-0.0008017184772166619,-0.0008017184772166619,0.0,-0.0008909978455776593
2020-01-08,-0.0012295440137950475,-0.0012295440137950475,0.0,-0.0013188469384806524
2020-01-09,0.0014121134339473151,0.0014121134339473151,0.0,0.0013227743379690218
2020-01-10,0.00037982628792576634,0.00037982628792576634,0.0,0.00029052867557195517
2020-01-13,0.0016312151282531495,0.0016312151282531495,0.0,0.0015401547666632227
2020-01-14,-0.00013025885886086552,-0.00013025885886086552,0.0,-0.00022127044634139662
2020-01-15,0.00019401264311280642,0.00019401264311280642,0.0,0.00010299716032294547
2020-01-16,0.002901069858364691,0.002901069858364691,0.0,0.0028112421201988455
2020-01-17,0.001519444456702379,0.001519444456702379,0.0,0.0014291116719098423
2020-01-21,-0.002750008096604528,-0.002750008096604528,0.0,-0.00284029594600965
2020-01-22,0.0005875544590427939,0.0005875544590427939,0.0,0.0004977757075110749
2020-01-23,0.000867153858605807,0.000867153858605807,0.0,0.0007773924070224483
2020-01-24,-0.0013973907929484275,-0.0013973907929484275,0.0,-0.00148653636614811
2020-01-27,-0.00633499480581079,-0.00633499480581079,0.0,-0.006424771913685167
2020-01-28,0.0027596226575099525,0.0027596226575099525,0.0,0.002668473984099239
2020-01-29,0.0020827979787707562,0.0020827979787707562,0.0,0.001992323307297546
2020-01-30,-0.00040145516559442207,-0.00040145516559442207,0.0,-0.0004924589144641753
2020-01-31,-0.00570548160925366,-0.00570548160925366,0.0,-0.0057953153407144945
2020-02-03,0.0026044049704201377,0.0028799643127086494,0.5511186845769797,0.0025378099841202734
2020-02-04,0.0030778712643511064,0.0030778712643511064,0.0,0.003011334147235428
2020-02-05,0.0015140409401832589,0.0015140409401832589,0.0,0.001447520472371129
2020-02-06,0.0024814266839536803,0.0024814266839536803,0.0,0.0024149143937478254
2020-02-07,0.0006053190010200105,0.0006053190010200105,0.0,0.0005392518914424739
2020-02-10,0.004196652022643077,0.004196652022643077,0.0,0.0041297245712534555
2020-02-11,-0.0009893108606636725,-0.0009893108606636725,0.0,-0.0010557840193963317
2020-02-12,0.0004558700258581183,0.0004558700258581183,0.0,0.000388959878771988
2020-02-13,0.00047115167588174245,0.00047115167588174245,0.0,0.0004038123278922135
2020-02-14,0.0009235781626524275,0.0009235781626524275,0.0,0.0008566730200527061
2020-02-18,0.0011650378174876685,0.0011650378174876685,0.0,0.0010981376550300824
2020-02-19,0.0014103227309205657,0.0014103227309205657,0.0,0.0013434288432997092
2020-02-20,0.0025851768862761304,0.0025851768862761304,0.0,0.0025182905838869313
2020-02-21,-0.001395787002241189,-0.001395787002241189,0.0,-0.0014617965663360256
2020-02-24,-0.004426548363659855,-0.004426548363659855,0.0,-0.004491270878862176
2020-02-25,-0.007413210676862403,-0.007413210676862403,0.0,-0.007477956306704911
2020-02-26,0.0008842956521861733,0.0008842956521861733,0.0,0.0008195110227775258
2020-02-27,-0.011299371024965366,-0.011299371024965366,0.0,-0.011360696074022812
2020-02-28,-0.0017093968223985678,-0.0017093968223985678,0.0,-0.0017634301987238003
2020-03-02,-0.0008284019676872978,-0.00048001478643144857,0.6967743625115621,-0.0008626911286830935
2020-03-03,0.00576656362729322,0.00576656362729322,0.0,0.00573759864284447
2020-03-04,0.0033908337704966485,0.0033908337704966485,0.0,0.003368685963946774
2020-03-05,0.0029697192578350684,0.0029697192578350684,0.0,0.002950673362417438
2020-03-06,0.006038334944537649,0.006038334944537649,0.0,0.0060242734218932835
2020-03-09,0.0021024955846298266,0.0021024955846298266,0.0,0.0020924800793446913
2020-03-10,-0.01198855792323672,-0.01198855792323672,0.0,-0.012002023822386836
2020-03-11,-0.007225217580583809,-0.007225217580583809,0.0,-0.007238015535937818
2020-03-12,-0.004052711589429325,-0.004052711589429325,0.0,-0.004062992045349382
2020-03-13,0.005868396922128483,0.005868396922128483,0.0,0.005859995011400981
2020-03-16,-0.0017911436265232172,-0.0017911436265232172,0.0,-0.0017986239834055218
2020-03-17,-0.008346075575773937,-0.008346075575773937,0.0,-0.008351994622180347
2020-03-18,-0.007879175842499087,-0.007879175842499087,0.0,-0.007879797464248143
2020-03-19,-0.0022799963582581517,-0.0022799963582581517,0.0,-0.002281236869332836
2020-03-20,0.00802340933125989,0.00802340933125989,0.0,0.008021859683026504
2020-03-23,0.010042300712037822,0.010042300712037822,0.0,0.010041679469442916
2020-03-24,0.0017961903438672433,0.0017961903438672433,0.0,0.0017958788654893617
2020-03-25,0.00428973154378931,0.00428973154378931,0.0,0.004290978069399356
2020-03-26,0.004938488001517083,0.004938488001517083,0.0,0.0049400479780213336
2020-03-27,0.0042517517095939095,0.0042517517095939095,0.0,0.004250814473070303
2020-03-30,0.0022028471197632626,0.0022028471197632626,0.0,0.0021990938850542144
2020-03-31,-0.002467409901800388,-0.002467409901800388,0.0,-0.002470852399257248
2020-04-01,0.004088108979144467,0.004509720294765485,0.8432226312419773,0.004087472954003021
2020-04-02,-0.0022437004872601918,-0.0022437004872601918,0.0,-0.0022443376934984344
2020-04-03,0.0002742988064021734,0.0002742988064021734,0.0,0.00027359813093827493
2020-04-06,-0.0032488350131637533,-0.0032488350131637533,0.0,-0.0032498873704302493
2020-04-07,-0.001300776173397078,-0.001300776173397078,0.0,-0.0013017434670064137
2020-04-08,-0.002039036560210983,-0.002039036560210983,0.0,-0.002040547202050098
2020-04-09,-0.0004276745589509856,-0.0004276745589509856,0.0,-0.00042937443497658616
2020-04-13,0.0013642024887110527,0.0013642024887110527,0.0,0.0013624382756506764
2020-04-14,-0.0007323267630854335,-0.0007323267630854335,0.0,-0.0007336928134894715
2020-04-15,0.004187873862395719,0.004187873862395719,0.0,0.004186920997786655
2020-04-16,0.0008866610350117821,0.0008866610350117821,0.0,0.0008856889753002741
2020-04-17,-0.0023426532159810387,-0.0023426532159810387,0.0,-0.0023434898903683006
2020-04-20,0.0028832994897600717,0.0028832994897600717,0.0,0.0028824720324187123
2020-04-21,0.005215725600158594,0.005215725600158594,0.0,0.005214956728651399
2020-04-22,-0.0006756001684167234,-0.0006756001684167234,0.0,-0.0006764592931633004
2020-04-23,0.00023198384214495604,0.00023198384214495604,0.0,0.00023119872975355083
2020-04-24,0.0008541774821833048,0.0008541774821833048,0.0,0.00085332009015427
2020-04-27,-0.0010517003808275804,-0.0010517003808275804,0.0,-0.0010525611051570944
2020-04-28,-0.00046749450943417425,-0.00046749450943417425,0.0,-0.0004682797418097867
2020-04-29,-0.0028135296628547524,-0.0028135296628547524,0.0,-0.0028142419883402567
2020-04-30,-0.0005185976006882864,-0.0005185976006882864,0.0,-0.0005192304257771748
2020-05-01,0.0021543867877489298,0.002192000272025485,0.07522696855341633,0.002153272196159117
2020-05-04,0.00018175718886670467,0.00018175718886670467,0.0,0.00018054919538957814
2020-05-05,-0.0005924335673412884,-0.0005924335673412884,0.0,-0.0005936422787627166
2020-05-06,0.0005458896988710382,0.0005458896988710382,0.0,0.000544776126645918
2020-05-07,0.0003803196822420585,0.0003803196822420585,0.0,0.00037929708307685514
2020-05-08,-0.002123918516911516,-0.002123918516911516,0.0,-0.0021250354658856195
2020-05-11,0.00020052341330045742,0.00020052341330045742,0.0,0.00019941422239294634
2020-05-12,0.0011712156063246049,0.0011712156063246049,0.0,0.0011700131895080125
2020-05-13,0.0013895114181268209,0.0013895114181268209,0.0,0.0013883043730350069
2020-05-14,0.0005299691739679702,0.0005299691739679702,0.0,0.0005288499169979043
2020-05-15,0.0006448292578211667,0.0006448292578211667,0.0,0.0006437080713826185
2020-05-18,-0.004016320121115635,-0.004016320121115635,0.0,-0.004017537281396974
2020-05-19,0.0010462659828571752,0.0010462659828571752,0.0,0.0010450647170194168
2020-05-20,-0.0010657818585204648,-0.0010657818585204648,0.0,-0.0010668945373547322
2020-05-21,-0.00013506016476216853,-0.00013506016476216853,0.0,-0.00013616895016809927
2020-05-22,0.0012623803269673495,0.0012623803269673495,0.0,0.0012612720350189672
2020-05-26,-0.003328756707733249,-0.003328756707733249,0.0,-0.0033300550891792063
2020-05-27,-0.00011679504564543475,-0.00011679504564543475,0.0,-0.00011817093459479282
2020-05-28,-0.0002679475932282349,-0.0002679475932282349,0.0,-0.000269322947603565
2020-05-29,8.942463700356562e-05,8.942463700356562e-05,0.0,8.81421178697492e-05
2020-06-01,-0.000677823737065264,-0.0006349439217355757,0.08575963065927295,-0.0006795313096437976
2020-06-02,-0.0014986871318346529,-0.0014986871318346529,0.0,-0.0015005154789656603
2020-06-03,-0.002566403216061275,-0.002566403216061275,0.0,-0.0025683468504269762
2020-06-04,-0.0009361638307595621,-0.0009361638307595621,0.0,-0.0009379753608845264
2020-06-05,-0.0019333396736652686,-0.0019333396736652686,0.0,-0.0019351473236430062
2020-06-08,0.0006396654117961642,0.0006396654117961642,0.0,0.0006376258410090895
2020-06-09,0.0006195901186594188,0.0006195901186594188,0.0,0.000617307235775066
2020-06-10,0.00156743179372687,0.00156743179372687,0.0,0.0015653863018959442
2020-06-11,0.0024451935809626235,0.0024451935809626235,0.0,0.0024431407328864
2020-06-12,-0.0006131455105513606,-0.0006131455105513606,0.0,-0.0006150883772119167
2020-06-15,-0.0002521936989005047,-0.0002521936989005047,0.0,-0.00025437638258554317
2020-06-16,-0.0002321228671549047,-0.0002321228671549047,0.0,-0.00023418310890850838
2020-06-17,0.0005222085674030374,0.0005222085674030374,0.0,0.0005201494135809755
2020-06-18,0.00042537889926275163,0.00042537889926275163,0.0,0.0004234385697828313
2020-06-19,0.0004017452944020672,0.0004017452944020672,0.0,0.0003999244780342467
2020-06-22,-0.0007635109605672596,-0.0007635109605672596,0.0,-0.0007654549344743392
2020-06-23,1.2636111931696448e-05,1.2636111931696448e-05,0.0,1.0695504037858287e-05
2020-06-24,0.0011298520137350554,0.0011298520137350554,0.0,0.00112803264160942
2020-06-25,-0.00011623992059317523,-0.00011623992059317523,0.0,-0.00011818555957331258
2020-06-26,0.0013632004711154888,0.0013632004711154888,0.0,0.001361498484946468
2020-06-29,-0.0010590465928151938,-0.0010590465928151938,0.0,-0.0010607538250204185
2020-06-30,-3.8071615959811567e-06,-3.8071615959811567e-06,0.0,-5.753621402513097e-06
2020-07-01,-0.0018181404211310426,-0.0014073088888314489,0.8216630645989957,-0.00182215090050349
2020-07-02,-8.782576704846612e-05,-8.782576704846612e-05,0.0,-9.183820780246225e-05
2020-07-06,-0.002787117305753428,-0.002787117305753428,0.0,-0.0027914162042000546
2020-07-07,0.0026951874519558494,0.0026951874519558494,0.0,0.002690893174839118
2020-07-08,-0.002371034428923058,-0.002371034428923058,0.0,-0.002375333162928291
2020-07-09,0.002423045553027192,0.002423045553027192,0.0,0.00241932338970542
2020-07-10,-0.000557824795697992,-0.000557824795697992,0.0,-0.0005615504314727386
2020-07-13,0.001420607060367951,0.001420607060367951,0.0,0.001416595698615509
2020-07-14,-1.2697922852189514e-05,-1.2697922852189514e-05,0.0,-1.6998157494804046e-05
2020-07-15,-0.0015057766993281652,-0.0015057766993281652,0.0,-0.0015103635939025884
2020-07-16,0.0010952601952496366,0.0010952601952496366,0.0,0.001092108532363982
2020-07-17,-0.0007075253313332253,-0.0007075253313332253,0.0,-0.0007106783217716344
2020-07-20,0.0010575683665365876,0.0010575683665365876,0.0,0.001053843119334881
2020-07-21,-0.00041435780056808813,-0.00041435780056808813,0.0,-0.0004180845621744377
2020-07-22,0.0012875682421116252,0.0012875682421116252,0.0,0.0012838420740985755
2020-07-23,0.0002831464352655022,0.0002831464352655022,0.0,0.0002797051951153361
2020-07-24,-0.0006987541566156885,-0.0006987541566156885,0.0,-0.0007019089694359987
2020-07-27,-0.0006053786021718022,-0.0006053786021718022,0.0,-0.0006085325687219988
2020-07-28,0.0012333129543147248,0.0012333129543147248,0.0,0.0012301597213904326
2020-07-29,-0.001432549084810053,-0.001432549084810053,0.0,-0.0014357038104792377
2020-07-30,-0.0005471924213336088,-0.0005471924213336088,0.0,-0.000549772139844147
2020-07-31,0.0032041344093673985,0.0032041344093673985,0.0,0.0032015552338101896
2020-08-03,0.0018043427114291521,0.0022719109505280333,0.9351364781976024,0.001799106752549266
2020-08-04,0.003979703141901991,0.003979703141901991,0.0,0.00397499212821624
2020-08-05,0.00010340448134726898,0.00010340448134726898,0.0,9.81750408444483e-05
2020-08-06,0.0027274995106580935,0.0027274995106580935,0.0,0.0027222702005541286
2020-08-07,-0.0034462539013816462,-0.0034462539013816462,0.0,-0.0034514797813114165
2020-08-10,-0.0009659653454079375,-0.0009659653454079375,0.0,-0.0009717185973257607
2020-08-11,-0.005922617738410185,-0.005922617738410185,0.0,-0.0059283723325511285
2020-08-12,-0.00034894664308238177,-0.00034894664308238177,0.0,-0.0003547095158191431
2020-08-13,-0.00010492410144780084,-0.00010492410144780084,0.0,-0.00011016352023173362
2020-08-14,-0.00036896402123132166,-0.00036896402123132166,0.0,-0.00037420357340507633
2020-08-17,0.003143427936368237,0.003143427936368237,0.0,0.003138187914958053
2020-08-18,0.00326544397388151,0.00326544397388151,0.0,0.0032607315412762996
2020-08-19,-0.004375171022726554,-0.004375171022726554,0.0,-0.0043809261235402035
2020-08-20,0.0024176855532307417,0.0024176855532307417,0.0,0.002411924344110644
2020-08-21,0.0003083191092640991,0.0003083191092640991,0.0,0.0003030847075747
2020-08-24,-0.0003721391724819112,-0.0003721391724819112,0.0,-0.0003784199862005335
2020-08-25,-0.0009097524299596094,-0.0009097524299596094,0.0,-0.0009155103608696344
2020-08-26,0.002465805117705777,0.002465805117705777,0.0,0.0024600459184918318
2020-08-27,-0.0039413592602683956,-0.0039413592602683956,0.0,-0.003947115030310153
2020-08-28,0.0034027029262471142,0.0034027029262471142,0.0,0.0033974654053905307
2020-08-31,0.0016851135713940035,0.0016851135713940035,0.0,0.0016793570331728827
2020-09-01,0.0019251590629827398,0.002226909212256878,0.6035002985485203,0.0019175944921720218
2020-09-02,0.0016619430147029046,0.0016619430147029046,0.0,0.0016543882862690214
2020-09-03,-0.00428701181426272,-0.00428701181426272,0.0,-0.004293932734332174
2020-09-04,-0.002678225381335886,-0.002678225381335886,0.0,-0.002685157305499316
2020-09-08,-0.001089862163898725,-0.001089862163898725,0.0,-0.0010980625842419056
2020-09-09,0.0022602099147845944,0.0022602099147845944,0.0,0.00225263723264636
2020-09-10,-0.0010576171743852392,-0.0010576171743852392,0.0,-0.0010651835179031916
2020-09-11,0.00104816703201549,0.00104816703201549,0.0,0.001041228495391439
2020-09-14,0.0014647529981228757,0.0014647529981228757,0.0,0.0014578171560875029
2020-09-15,0.00021757853614157163,0.00021757853614157163,0.0,0.00021064645413101983
2020-09-16,-0.001895010243025852,-0.001895010243025852,0.0,-0.0019025719051429834
2020-09-17,-0.0014010949162008846,-0.0014010949162008846,0.0,-0.00140677014952028
2020-09-18,-0.0009379860062070922,-0.0009379860062070922,0.0,-0.0009442951007462438
2020-09-21,-0.0019371335209059648,-0.0019371335209059648,0.0,-0.0019434448131822614
2020-09-22,0.0005547898114082184,0.0005547898114082184,0.0,0.0005484739715445906
2020-09-23,-0.00303874130627102,-0.00303874130627102,0.0,-0.0030456872982569843
2020-09-24,-0.000574448138315975,-0.000574448138315975,0.0,-0.0005807698279672551
2020-09-25,0.0005629453017534924,0.0005629453017534924,0.0,0.0005566222593984074
2020-09-28,0.003862988448728233,0.003862988448728233,0.0,0.003856034559495991
2020-09-29,0.0019898448375583744,0.0019898448375583744,0.0,0.0019841634425986888
2020-09-30,-0.0020050487441208853,-0.0020050487441208853,0.0,-0.0020113567494450457
2020-10-01,0.002604221234336901,0.0029085494478071627,0.6086564269406058,0.0025964632729200375
2020-10-02,-0.000892738747206745,-0.000892738747206745,0.0,-0.0009004820832955739
2020-10-05,-0.001598448899283178,-0.001598448899283178,0.0,-0.001607056747994542
2020-10-06,-0.0015287430009814917,-0.0015287430009814917,0.0,-0.00153735827772129
2020-10-07,0.0007933334602776565,0.0007933334602776565,0.0,0.0007847110685573444
2020-10-08,0.0012183399887006896,0.0012183399887006896,0.0,0.0012105831565730944
2020-10-09,0.003465398721205215,0.003465398721205215,0.0,0.0034567856777739624
2020-10-12,0.00455869576344381,0.00455869576344381,0.0,0.00455009876047343
2020-10-13,-0.002279359853323615,-0.002279359853323615,0.0,-0.0022887934507591777
2020-10-14,-0.0008418080275196527,-0.0008418080275196527,0.0,-0.0008521118567622565
2020-10-15,-0.0017181459576655067,-0.0017181459576655067,0.0,-0.0017275954145410301
2020-10-16,0.0005198566439581498,0.0005198566439581498,0.0,0.0005103984363449149
2020-10-19,-0.001434324369659401,-0.001434324369659401,0.0,-0.0014437799309517851
2020-10-20,-0.00031862879049993076,-0.00031862879049993076,0.0,-0.00032723140248382853
2020-10-21,0.0019871139692790862,0.0019871139692790862,0.0,0.0019785098801846494
2020-10-22,-0.002861858304603948,-0.002861858304603948,0.0,-0.002869593710491449
2020-10-23,0.0027893873519817536,0.0027893873519817536,0.0,0.002780779177756878
2020-10-26,-0.0016146479208990483,-0.0016146479208990483,0.0,-0.0016241027153594992
2020-10-27,0.0021202581187007574,0.0021202581187007574,0.0,0.00211165536792881
2020-10-28,-0.003931594910229763,-0.003931594910229763,0.0,-0.00394018785546251
2020-10-29,4.770123094188783e-05,4.770123094188783e-05,0.0,3.995115146980252e-05
2020-10-30,-0.003004943397017734,-0.003004943397017734,0.0,-0.0030126932771725357
2020-11-02,0.001741211666069331,0.0018779793002532408,0.2735352683672946,0.0017333923964724539
2020-11-03,-1.215697957013262e-05,-1.215697957013262e-05,0.0,-2.0824615222471298e-05
2020-11-04,0.005831662141988492,0.005831662141988492,0.0,0.005822994449205171
2020-11-05,0.0038545062931860663,0.0038545062931860663,0.0,0.0038458658470489375
2020-11-06,-0.000694393899704826,-0.000694393899704826,0.0,-0.0007030164059970821
2020-11-09,-0.009097621010753953,-0.009097621010753953,0.0,-0.009107109325218635
2020-11-10,-0.004834919428915119,-0.004834919428915119,0.0,-0.004843587930408194
2020-11-11,0.0008603009463905575,0.0008603009463905575,0.0,0.0008516096091705037
2020-11-12,0.0030492379533604286,0.0030492379533604286,0.0,0.0030405506759207334
2020-11-13,0.0013048981021677175,0.0013048981021677175,0.0,0.001297092463585858
2020-11-16,-6.576913876077395e-05,-6.576913876077395e-05,0.0,-7.356925933047029e-05
2020-11-17,-0.0003720233779264115,-0.0003720233779264115,0.0,-0.0003798237766318314
2020-11-18,7.156248731465809e-05,7.156248731465809e-05,0.0,6.37605147479706e-05
2020-11-19,0.0017467043497463308,0.0017467043497463308,0.0,0.0017406363843151416
2020-11-20,0.0013670028487944297,0.0013670028487944297,0.0,0.0013609406203275458
2020-11-23,-0.002722489200977618,-0.002722489200977618,0.0,-0.0027294123378264167
2020-11-24,-0.0010679844525034454,-0.0010679844525034454,0.0,-0.0010757844938108529
2020-11-25,-0.00022773787413243873,-0.00022773787413243873,0.0,-0.0002355424363607772
2020-11-27,0.0029186197045867335,0.0029186197045867335,0.0,0.0029108141780939357
2020-11-30,-0.0008523210654138857,-0.0008523210654138857,0.0,-0.0008592483585105101
2020-12-01,0.0009884276827261118,0.0011030468309134456,0.22923829637439516,0.0009804186039803974
2020-12-02,0.00012218882390269137,0.00012218882390269137,0.0,0.00011418425957315201
2020-12-03,0.0031812578056853447,0.0031812578056853447,0.0,0.003174143118826612
2020-12-04,-0.0013241176137924748,-0.0013241176137924748,0.0,-0.0013321075800012004
2020-12-07,0.0013332275574127195,0.0013332275574127195,0.0,0.0013261201577420738
2020-12-08,0.0004897057729567056,0.0004897057729567056,0.0,0.00048171583920010455
2020-12-09,-0.0026898535675373703,-0.0026898535675373703,0.0,-0.002696953808469099
2020-12-10,0.0019074524785982483,0.0019074524785982483,0.0,0.0019003416497959723
2020-12-11,0.0003954926727471886,0.0003954926727471886,0.0,0.00038838933781404323
2020-12-14,1.4941066616813714e-05,1.4941066616813714e-05,0.0,6.951562133675906e-06
2020-12-15,0.0022518747780171378,0.0022518747780171378,0.0,0.0022447730549297086
2020-12-16,0.0004275741367318897,0.0004275741367318897,0.0,0.0004195946247104726
2020-12-17,0.0019446385011638867,0.0019446385011638867,0.0,0.001937547276235459
2020-12-18,-0.0011931365645412306,-0.0011931365645412306,0.0,-0.0012002201878386256
2020-12-21,-0.0007490157241782924,-0.0007490157241782924,0.0,-0.000756990053649916
2020-12-22,-0.0006293425755360404,-0.0006293425755360404,0.0,-0.0006373202053216573
2020-12-23,0.0013956410652593565,0.0013956410652593565,0.0,0.0013876606607174469
2020-12-24,-0.0006316630133593737,-0.0006316630133593737,0.0,-0.0006396372731292593
2020-12-28,0.0018628274603211814,0.0018628274603211814,0.0,0.0018530777415470996
2020-12-29,0.0010592324233271722,0.0010592324233271722,0.0,0.001050378144444843
2020-12-30,0.002116706345915542,0.002116706345915542,0.0,0.002109627058777536
2020-12-31,-0.0009741899490596229,-0.0009741899490596229,0.0,-0.0009821448685268836
2021-01-04,0.00130813608335556,0.0014288101922952379,0.24134821787953792,0.0013007287762970734
2021-01-05,0.0009236251478901281,0.0009236251478901281,0.0,0.000916228207260804
2021-01-06,-0.0030442146122519054,-0.0030442146122519054,0.0,-0.003051608022802559
2021-01-07,-0.0004785133985576451,-0.0004785133985576451,0.0,-0.00048591847956907456
2021-01-08,-0.002181315159881292,-0.002181315159881292,0.0,-0.0021878990855201527
2021-01-11,-0.003213618428785092,-0.003213618428785092,0.0,-0.003220209807488211
2021-01-12,0.0008229853165133694,0.0008229853165133694,0.0,0.0008155576229079809
2021-01-13,0.0010510799531695536,0.0010510799531695536,0.0,0.0010436554306039454
2021-01-14,-0.0007276109026495003,-0.0007276109026495003,0.0,-0.000735031379557563
2021-01-15,-0.0019776962245442453,-0.0019776962245442453,0.0,-0.0019851195041010804
2021-01-19,0.0049431217399102945,0.0049431217399102945,0.0,0.004935690827466777
2021-01-20,0.003391780268128919,0.003391780268128919,0.0,0.003385191887341901
2021-01-21,0.0007636347408459532,0.0007636347408459532,0.0,0.0007562357945596194
2021-01-22,0.00032271503319392103,0.00032271503319392103,0.0,0.00031614078813516246
2021-01-25,0.0018164780237339695,0.0018164780237339695,0.0,0.0018090832318996685
2021-01-26,-0.0016300159610084242,-0.0016300159610084242,0.0,-0.00163576207385302
2021-01-27,-0.005458813626428194,-0.005458813626428194,0.0,-0.005465386151202746
2021-01-28,0.0018516733971254418,0.0018516733971254418,0.0,0.0018459061188215004
2021-01-29,-0.0038563785788157112,-0.0038563785788157112,0.0,-0.003861317224206984
2021-02-01,0.0020939992811974673,0.0022624496370251546,0.33690071165540253,0.0020881823782400565
2021-02-02,-0.0004601532895606164,-0.0004601532895606164,0.0,-0.00046595747904975914
2021-02-03,-0.00016199168890151938,-0.00016199168890151938,0.0,-0.00016530916475498102
2021-02-04,-0.0004980179911053817,-0.0004980179911053817,0.0,-0.0005013357472781042
2021-02-05,0.00227518766762258,0.00227518766762258,0.0,0.0022726987038228477
2021-02-08,0.003147626612038712,0.003147626612038712,0.0,0.0031434832517002573
2021-02-09,0.001691707304841028,0.001691707304841028,0.0,0.0016883980366780827
2021-02-10,0.00038546697434305166,0.00038546697434305166,0.0,0.0003813340243190034
2021-02-11,0.0003084611057431186,0.0003084611057431186,0.0,0.0003043289837002265
2021-02-12,-0.0005343177573471358,-0.0005343177573471358,0.0,-0.0005376229250865567
2021-02-16,-0.0029411951037462414,-0.0029411951037462414,0.0,-0.0029445011898627574
2021-02-17,-0.0004184552740694736,-0.0004184552740694736,0.0,-0.0004217664303790582
2021-02-18,-0.0016872484093426454,-0.0016872484093426454,0.0,-0.0016897323178183953
2021-02-19,-0.00011203964554895585,-0.00011203964554895585,0.0,-0.00011535443822321098
2021-02-22,-0.0012967112011716964,-0.0012967112011716964,0.0,-0.0012991974408542702
2021-02-23,-0.00036943958842594604,-0.00036943958842594604,0.0,-0.0003727568178862278
2021-02-24,0.00013391189591915875,0.00013391189591915875,0.0,0.00013142349431891827
2021-02-25,-0.012400855046742487,-0.012400855046742487,0.0,-0.012404172683830301
2021-02-26,0.0024810950514728702,0.0024810950514728702,0.0,0.0024777556873110374
2021-03-01,0.002701334633652852,0.003112985238873156,0.823301210440544,0.002698362229767512
2021-03-02,-0.0005218974095138051,-0.0005218974095138051,0.0,-0.0005242704254817279
2021-03-03,-0.004963801087627506,-0.004963801087627506,0.0,-0.004966767870432937
2021-03-04,-0.0075524692804072036,-0.0075524692804072036,0.0,-0.00755484662828418
2021-03-05,0.0016313515444199567,0.0016313515444199567,0.0,0.0016289681843356357
2021-03-08,-0.005303056310944521,-0.005303056310944521,0.0,-0.005306033890379732
2021-03-09,0.00687196660679934,0.00687196660679934,0.0,0.006868983730942618
2021-03-10,0.002156366061435655,0.002156366061435655,0.0,0.002153985213971047
2021-03-11,0.0042046545980238825,0.0042046545980238825,0.0,0.004202275458052691
2021-03-12,-0.0025306089724135283,-0.0025306089724135283,0.0,-0.0025329847969182092
2021-03-15,0.0014040881213384093,0.0014040881213384093,0.0,0.001401710296328061
2021-03-16,0.00026271702171287714,0.00026271702171287714,0.0,0.00026152866341182555
2021-03-17,0.001998633226877322,0.001998633226877322,0.0,0.001997444972245416
2021-03-18,-0.006787767381907783,-0.006787767381907783,0.0,-0.006788361115676123
2021-03-19,0.0006521701660586743,0.0006521701660586743,0.0,0.0006515750865877979
2021-03-22,0.0017362394967221917,0.0017362394967221917,0.0,0.0017344546459429366
2021-03-23,-0.0032440644485872694,-0.0032440644485872694,0.0,-0.0032446590554510266
2021-03-24,-0.002386550238480667,-0.002386550238480667,0.0,-0.002387740739616267
2021-03-25,0.0008431414233431855,0.0008431414233431855,0.0,0.0008419499728385906
2021-03-26,0.004064874152191589,0.004064874152191589,0.0,0.0040636830368058555
2021-03-29,-0.0030435918234062997,-0.0030435918234062997,0.0,-0.0030453760828307794
2021-03-30,-0.002964112495733473,-0.002964112495733473,0.0,-0.002965303210517173
2021-03-31,0.00214432372352924,0.00214432372352924,0.0,0.002142535880691747
2021-04-01,0.004076537086190157,0.004316573584750127,0.48007299712035406,0.004075614597911963
2021-04-05,0.0012374463810798098,0.0012374463810798098,0.0,0.0012360669741675403
2021-04-06,0.0006746542725104554,0.0006746542725104554,0.0,0.0006737348235707364
2021-04-07,-0.0003428050016687223,-0.0003428050016687223,0.0,-0.000343724365795404
2021-04-08,0.002331139933283488,0.002331139933283488,0.0,0.0023306802296651783
2021-04-09,-0.0006508668058131661,-0.0006508668058131661,0.0,-0.0006517859205757174
2021-04-12,-0.0012088929891874711,-0.0012088929891874711,0.0,-0.0012098121856635397
2021-04-13,0.0025132396602358664,0.0025132396602358664,0.0,0.0025118606375892747
2021-04-14,0.0015069006485608494,0.0015069006485608494,0.0,0.001505981615246113
2021-04-15,0.0028865018626449412,0.0028865018626449412,0.0,0.002885583017984923
2021-04-16,0.0007427635081025397,0.0007427635081025397,0.0,0.0007418450237747504
2021-04-19,-0.0007862888007541535,-0.0007862888007541535,0.0,-0.0007872071924289683
2021-04-20,-0.0019612507047337413,-0.0019612507047337413,0.0,-0.001962628439485273
2021-04-21,0.002869098188944097,0.002869098188944097,0.0,0.002867720086209874
2021-04-22,-0.001051508519692046,-0.001051508519692046,0.0,-0.0010528860856473632
2021-04-23,0.0036357915998790347,0.0036357915998790347,0.0,0.0036344138369901586
2021-04-26,0.001312455092839837,0.001312455092839837,0.0,0.0013110780084195951
2021-04-27,0.00033950834365104043,0.00033950834365104043,0.0,0.0003390493970422608
2021-04-28,0.0012259364529436656,0.0012259364529436656,0.0,0.0012254775274183978
2021-04-29,0.0009839429085833906,0.0009839429085833906,0.0,0.0009834840590957166
2021-04-30,-0.0032988818068188097,-0.0032988818068188097,0.0,-0.0032993405953383086
2021-05-03,0.001546975951978613,0.00240653579334138,1.71911968272579,0.0015477424761904013
2021-05-04,-0.002711563129878636,-0.002711563129878636,0.0,-0.0027111803783677647
2021-05-05,0.0017994581973985735,0.0017994581973985735,0.0,0.0017998441474716626
2021-05-06,0.0038381865421062145,0.0038381865421062145,0.0,0.0038385703733496
2021-05-07,0.0038697052794449682,0.0038697052794449682,0.0,0.0038700846085726057
2021-05-10,-0.0028991886346474427,-0.0028991886346474427,0.0,-0.002898813827109181
2021-05-11,-0.0007058840409561729,-0.0007058840409561729,0.0,-0.0007056949384715876
2021-05-12,-0.006808733721411997,-0.006808733721411997,0.0,-0.00680835468866423
2021-05-13,-0.00015198081007095077,-0.00015198081007095077,0.0,-0.00015159373809625482
2021-05-14,0.005041233450013172,0.005041233450013172,0.0,0.005041427075737759
2021-05-17,0.0013954936738596047,0.0013954936738596047,0.0,0.001395875001965847
2021-05-18,0.0005806403308032948,0.0005806403308032948,0.0,0.0005810200215188836
2021-05-19,-0.0030824445265461575,-0.0030824445265461575,0.0,-0.003082255021635387
2021-05-20,0.002197326685034806,0.002197326685034806,0.0,0.002197518002864446
2021-05-21,-0.0002487833457744948,-0.0002487833457744948,0.0,-0.0002485933174541878
2021-05-24,0.002893915829784044,0.002893915829784044,0.0,0.002894296178496183
2021-05-25,0.0004252398141841862,0.0004252398141841862,0.0,0.0004256167752441515
2021-05-26,0.00043445615109849456,0.00043445615109849456,0.0,0.0004348326145792832
2021-05-27,0.002201250795849319,0.002201250795849319,0.0,0.002201626751187529
2021-05-28,0.0009327321287031509,0.0009327321287031509,0.0,0.0009329188219014841
2021-06-01,0.0026519562289823995,0.0038044948373523457,2.305077216739835,0.0026505842119093617
2021-06-02,0.0018904518968547723,0.0018904518968547723,0.0,0.0018890843102705548
2021-06-03,-0.004486824202335038,-0.004486824202335038,0.0,-0.0044881907059685176
2021-06-04,0.003923255277014981,0.003923255277014981,0.0,0.003921886191507099
2021-06-07,0.0007257735186412262,0.0007257735186412262,0.0,0.0007244066818881835
2021-06-08,0.0003692917644579907,0.0003692917644579907,0.0,0.00036792534340643346
2021-06-09,-0.001286245591515689,-0.001286245591515689,0.0,-0.0012882949059311412
2021-06-10,0.0023072203495229093,0.0023072203495229093,0.0,0.0023051699290078604
2021-06-11,-0.0014013538894329658,-0.0014013538894329658,0.0,-0.0014034023304341442
2021-06-14,6.130464729547924e-05,6.130464729547924e-05,0.0,5.9255002294746927e-05
2021-06-15,-0.001159466195241432,-0.001159466195241432,0.0,-0.0011615157875743522
2021-06-16,-0.005386197194749864,-0.005386197194749864,0.0,-0.005388931314223663
2021-06-17,-0.00538542982006629,-0.00538542982006629,0.0,-0.005388170149978015
2021-06-18,-0.005179454339212852,-0.005179454339212852,0.0,-0.005182887555571639
2021-06-21,0.005624354130452147,0.005624354130452147,0.0,0.005620913369524361
2021-06-22,0.0014293665587723492,0.0014293665587723492,0.0,0.0014266204674738187
2021-06-23,-0.0006092567908715374,-0.0006092567908715374,0.0,-0.000612687337530787
2021-06-24,0.0023062514131688694,0.0023062514131688694,0.0,0.002302819984731381
2021-06-25,0.0013370077369807554,0.0013370077369807554,0.0,0.00133289401904877
2021-06-28,0.00023528761956437272,0.00023528761956437272,0.0,0.0002318614493107266
2021-06-29,-0.0011811085312969372,-0.0011811085312969372,0.0,-0.001183849196127762
2021-06-30,0.0003235638740792801,0.0003235638740792801,0.0,0.0003201363382182104
2021-07-01,-0.0006864448599436246,0.0005516551411484105,2.4762000021840738,-0.0006854269501414486
2021-07-02,0.0009258370250344594,0.0009258370250344594,0.0,0.0009268585171750087
2021-07-06,-0.006375834475744746,-0.006375834475744746,0.0,-0.00637481576374371
2021-07-07,-0.0013172296456548382,-0.0013172296456548382,0.0,-0.0013161916651969836
2021-07-08,-0.0044233776420807835,-0.0044233776420807835,0.0,-0.004422127282259272
2021-07-09,0.0071659837426159,0.0071659837426159,0.0,0.007167250236469536
2021-07-12,0.0020444806602955,0.0020444806602955,0.0,0.0020455144455302993
2021-07-13,-0.0007310524642630822,-0.0007310524642630822,0.0,-0.000730024836502612
2021-07-14,-0.0005828436083810118,-0.0005828436083810118,0.0,-0.0005816078110346467
2021-07-15,-0.002352799458427146,-0.002352799458427146,0.0,-0.0023517678696144983
2021-07-16,-0.0022135323473414514,-0.0022135323473414514,0.0,-0.0022124936464209466
2021-07-19,-0.010608172371595392,-0.010608172371595392,0.0,-0.010607126964703657
2021-07-20,0.004901855824017698,0.004901855824017698,0.0,0.004902933713305855
2021-07-21,0.006065241064391991,0.006065241064391991,0.0,0.006066304017333667
2021-07-22,0.00022046941105102746,0.00022046941105102746,0.0,0.00022151399413602082
2021-07-23,0.0018568169366848242,0.0018568169366848242,0.0,0.0018578608521790756
2021-07-26,0.000302621981807194,0.000302621981807194,0.0,0.0003036602852015289
2021-07-27,-0.004409454532161794,-0.004409454532161794,0.0,-0.00440841714314462
2021-07-28,0.004298320866094274,0.004298320866094274,0.0,0.004299371637357279
2021-07-29,0.002121676338227685,0.002121676338227685,0.0,0.0021229216767813
2021-07-30,-0.003862845791021474,-0.003862845791021474,0.0,-0.0038616081299943043
2021-08-02,-0.0016051963341513487,-0.0005887831451527603,2.0328263779970794,-0.00160721039629499
2021-08-03,0.001469062277463573,0.001469062277463573,0.0,0.0014670504502181585
2021-08-04,-0.0026723923514804238,-0.0026723923514804238,0.0,-0.002674404138092123
2021-08-05,0.0021301301642513426,0.0021301301642513426,0.0,0.0021281183035242006
2021-08-06,1.9974021047586277e-05,1.9974021047586277e-05,0.0,1.75598589161074e-05
2021-08-09,-0.0021022763298423897,-0.0021022763298423897,0.0,-0.0021046904913105497
2021-08-10,0.000479873506962436,0.000479873506962436,0.0,0.00047786164743750535
2021-08-11,0.0017351479374296819,0.0017351479374296819,0.0,0.0017331360912064798
2021-08-12,-5.399522934135259e-05,-5.399522934135259e-05,0.0,-5.640938719279159e-05
2021-08-13,-0.0003844651573922109,-0.0003844651573922109,0.0,-0.0003868793170366837
2021-08-16,-0.0009712890532384,-0.0009712890532384,0.0,-0.000973703225654819
2021-08-17,-0.0028308830544698793,-0.0028308830544698793,0.0,-0.0028336996266362666
2021-08-18,-0.002998841996433188,-0.002998841996433188,0.0,-0.0030016586787337293
2021-08-19,-0.002044537386540979,-0.002044537386540979,0.0,-0.0020469517859581054
2021-08-20,0.0002648208660547269,0.0002648208660547269,0.0,0.0002628088094372753
2021-08-23,0.004460330099289367,0.004460330099289367,0.0,0.004458318050066307
2021-08-24,0.002907673201525185,0.002907673201525185,0.0,0.002905661276291494
2021-08-25,0.0017860134964049479,0.0017860134964049479,0.0,0.0017835992828371804
2021-08-26,-0.0021294093797833424,-0.0021294093797833424,0.0,-0.002131421175007299
2021-08-27,0.0047202893430629,0.0047202893430629,0.0,0.004718277488796208
2021-08-30,0.0012225775716261378,0.0012225775716261378,0.0,0.0012205658476253493
2021-08-31,-0.0006084303630977672,-0.0006084303630977672,0.0,-0.0006100397153397621
2021-09-01,0.001535572527874951,0.0016155193355813502,0.15989361541247016,0.0015336460084969718
2021-09-02,0.0014480072350560036,0.0014480072350560036,0.0,0.0014460811272150164
2021-09-03,0.0001070263094917756,0.0001070263094917756,0.0,0.00010510011776012364
2021-09-07,-0.0002815374171424301,-0.0002815374171424301,0.0,-0.00028346361507401474
2021-09-08,-0.0007051975789043041,-0.0007051975789043041,0.0,-0.0007071237605221
2021-09-09,-0.0005912102565008848,-0.0005912102565008848,0.0,-0.0005927511690817064
2021-09-10,-0.0011603098415504665,-0.0011603098415504665,0.0,-0.0011622359479741432
2021-09-13,0.0024179217044388857,0.0024179217044388857,0.0,0.0024156104576105123
2021-09-14,-0.002087731357849232,-0.002087731357849232,0.0,-0.002089272301158833
2021-09-15,0.002982284108523414,0.002982284108523414,0.0,0.0029807432621999238
2021-09-16,0.0009206470791187638,0.0009206470791187638,0.0,0.0009191060946644238
2021-09-17,-0.002794144603593063,-0.002794144603593063,0.0,-0.0027956856306499142
2021-09-20,-0.0061144984364198685,-0.0061144984364198685,0.0,-0.006116039333816701
2021-09-21,0.0009720783665563282,0.0009720783665563282,0.0,0.0009709229076216594
2021-09-22,0.0025045981812654716,0.0025045981812654716,0.0,0.002503442688324343
2021-09-23,0.004270603806576734,0.004270603806576734,0.0,0.004269448226235525
2021-09-24,-0.0005811397857310441,-0.0005811397857310441,0.0,-0.000582295514464874
2021-09-27,0.0002045014196967454,0.0002045014196967454,0.0,0.00020296047499146738
2021-09-28,-0.005798332104104742,-0.005798332104104742,0.0,-0.00579987305828813
2021-09-29,0.00179833125128126,0.00179833125128126,0.0,0.00179679056740283
2021-09-30,-0.0032806562158439467,-0.0032806562158439467,0.0,-0.0032821969834059684
2021-10-01,0.00233466320584097,0.0032003232219759425,1.7313200322697153,0.0023357741421104203
2021-10-04,-0.00269471112678088,-0.00269471112678088,0.0,-0.0026936059165221845
2021-10-05,0.0023941881092677253,0.0023941881092677253,0.0,0.0023953005946724683
2021-10-06,-0.0010610655241297673,-0.0010610655241297673,0.0,-0.001059959487084353
2021-10-07,0.0031949197713825317,0.0031949197713825317,0.0,0.0031963058937446885
2021-10-08,-7.998379520801624e-05,-7.998379520801624e-05,0.0,-7.860840622982966e-05
2021-10-11,0.0005778930485522693,0.0005778930485522693,0.0,0.0005792687062587866
2021-10-12,-0.00026276203922181995,-0.00026276203922181995,0.0,-0.0002611135785437958
2021-10-13,0.0009414820262012569,0.0009414820262012569,0.0,0.0009428566259788367
2021-10-14,0.00402129782007532,0.00402129782007532,0.0,0.004022669260646359
2021-10-15,0.0034744227497267577,0.0034744227497267577,0.0,0.003475780750606304
2021-10-18,0.00010525354088120054,0.00010525354088120054,0.0,0.00010686925582478075
2021-10-19,-0.0001683189417462927,-0.0001683189417462927,0.0,-0.0001669728631425725
2021-10-20,0.0006074186580993235,0.0006074186580993235,0.0,0.0006087652973340888
2021-10-21,-0.0007132253053114823,-0.0007132253053114823,0.0,-0.0007116117645594225
2021-10-22,-0.0005672285560136547,-0.0005672285560136547,0.0,-0.0005656121642546002
2021-10-25,0.0017338399794923909,0.0017338399794923909,0.0,0.0017354586399460582
2021-10-26,0.001790197777548297,0.001790197777548297,0.0,0.0017918095153161583
2021-10-27,-0.002150877590902933,-0.002150877590902933,0.0,-0.002149272988067163
2021-10-28,0.0015649100420587203,0.0015649100420587203,0.0,0.0015665232358139096
2021-10-29,-0.0008897811273118617,-0.0008897811273118617,0.0,-0.0008884419997769065
2021-11-01,0.0020447169121662334,0.002141734036883225,0.19403424943421138,0.0020458390543812957
2021-11-02,-0.000232894160496544,-0.000232894160496544,0.0,-0.00023177396488480048
2021-11-03,0.0018279499656599363,0.0018279499656599363,0.0,0.0018290708844187014
2021-11-04,-0.0009656444350868432,-0.0009656444350868432,0.0,-0.0009647522324894204
2021-11-05,0.0016128283402536692,0.0016128283402536692,0.0,0.0016139465892925898
2021-11-08,0.0016845742957591892,0.0016845742957591892,0.0,0.0016859101999542716
2021-11-09,-0.000591071651725561,-0.000591071651725561,0.0,-0.000590185216122924
2021-11-10,-0.0013135089807588818,-0.0013135089807588818,0.0,-0.0013123991074797396
2021-11-11,0.002055257247114861,0.002055257247114861,0.0,0.002056371189736253
2021-11-12,0.0005639365806919816,0.0005639365806919816,0.0,0.000565044169043025
2021-11-15,0.0007351660199834686,0.0007351660199834686,0.0,0.0007362718657858245
2021-11-16,7.64778823669765e-06,7.64778823669765e-06,0.0,8.751364064866022e-06
2021-11-17,-0.00168179863908835,-0.00168179863908835,0.0,-0.0016806950868740983
2021-11-18,0.0002481028137897301,0.0002481028137897301,0.0,0.000249211567606704
2021-11-19,-0.001905845326757527,-0.001905845326757527,0.0,-0.0019047373401026475
2021-11-22,0.0002907823490625461,0.0002907823490625461,0.0,0.000291896240060519
2021-11-23,0.001414866774107626,0.001414866774107626,0.0,0.0014162023626007076
2021-11-24,-8.774293069901962e-05,-8.774293069901962e-05,0.0,-8.641259318669699e-05
2021-11-26,-0.01493946047669581,-0.01493946047669581,0.0,-0.01493812981351546
2021-11-29,0.0027269102224665165,0.0027269102224665165,0.0,0.0027282971761303015
2021-11-30,-0.0063380820446943265,-0.0063380820446943265,0.0,-0.006336934788974013
2021-12-01,-0.002364331778288875,-0.0019581488299211802,0.8123658967354881,-0.002363781668482234
2021-12-02,0.006120223703042882,0.006120223703042882,0.0,0.006120697590601378
2021-12-03,-0.0029783751513314805,-0.0029783751513314805,0.0,-0.002977824428767771
2021-12-06,0.004954531483521096,0.004954531483521096,0.0,0.004955090963796364
2021-12-07,0.00630092797836368,0.00630092797836368,0.0,0.006301472961996846
2021-12-08,0.0008047760779157365,0.0008047760779157365,0.0,0.000805390518033782
2021-12-09,-0.0035272691947990653,-0.0035272691947990653,0.0,-0.0035267448699383645
2021-12-10,0.0010757290175071876,0.0010757290175071876,0.0,0.0010762636263371335
2021-12-13,-0.0021137629474016206,-0.0021137629474016206,0.0,-0.002113320050862962
2021-12-14,-0.0008877225856654958,-0.0008877225856654958,0.0,-0.0008872745481075463
2021-12-15,0.0037543053830877415,0.0037543053830877415,0.0,0.0037548456213642046
2021-12-16,-0.002696186886609442,-0.002696186886609442,0.0,-0.0026957457930642113
2021-12-17,-0.0010802348057863398,-0.0010802348057863398,0.0,-0.001079787155715703
2021-12-20,-0.0021517153339214445,-0.0021517153339214445,0.0,-0.002151084942199235
2021-12-21,0.005799319669368197,0.005799319669368197,0.0,0.005799957410314418
2021-12-22,0.0021836349254036325,0.0021836349254036325,0.0,0.002184341265369424
2021-12-23,0.002144611065835189,0.002144611065835189,0.0,0.0021453089497030266
2021-12-27,0.0032908389855454967,0.0032908389855454967,0.0,0.003291356183042077
2021-12-28,1.9656639644649587e-05,1.9656639644649587e-05,0.0,2.016433107954543e-05
2021-12-29,0.0014449173238109125,0.0014449173238109125,0.0,0.0014453403526900636
2021-12-30,-0.0014043288274390164,-0.0014043288274390164,0.0,-0.0014039092716826979
2021-12-31,-0.001379736811444765,-0.001379736811444765,0.0,-0.0013792292881675487
2022-01-03,0.004152154890565418,0.004245239947608059,0.18617011408535591,0.004153251180700089
2022-01-04,0.000675972788929613,0.000675972788929613,0.0,0.0006769379062621543
2022-01-05,-0.0024727993725583985,-0.0024727993725583985,0.0,-0.002471716761563395
2022-01-06,0.0008211223915894905,0.0008211223915894905,0.0,0.0008223381116227081
2022-01-07,-0.0023929238936010178,-0.0023929238936010178,0.0,-0.002391712426752545
2022-01-10,-0.0006287669149348529,-0.0006287669149348529,0.0,-0.0006271758563009597
2022-01-11,-9.765280110174412e-05,-9.765280110174412e-05,0.0,-9.61802115497791e-05
2022-01-12,-0.0021429135189617865,-0.0021429135189617865,0.0,-0.00214144032053453
2022-01-13,-0.0027209415792947,-0.0027209415792947,0.0,-0.002719454990886957
2022-01-14,0.002844541644090537,0.002844541644090537,0.0,0.0028461705837185412
2022-01-18,0.0002790886145844773,0.0002790886145844773,0.0,0.0002811935893491018
2022-01-19,-0.004417009237425384,-0.004417009237425384,0.0,-0.004414906732186688
2022-01-20,-0.002698797452766022,-0.002698797452766022,0.0,-0.0026965297040154176
2022-01-21,-0.002777761873403173,-0.002777761873403173,0.0,-0.002775596059427736
2022-01-24,0.0018650037713083822,0.0018650037713083822,0.0,0.0018675809923856743
2022-01-25,-0.0013159776378053323,-0.0013159776378053323,0.0,-0.0013134199883711134
2022-01-26,0.0026297028837887204,0.0026297028837887204,0.0,0.002632145787611649
2022-01-27,0.0005598675993796487,0.0005598675993796487,0.0,0.0005624115166835167
2022-01-28,0.003749894314052815,0.003749894314052815,0.0,0.0037523054643426017
2022-01-31,0.0003347793823236245,0.0003347793823236245,0.0,0.00033777808773999355
2022-02-01,-0.0006062821869191604,-0.0004354330581514132,0.3416982575355844,-0.0006015374842604916
2022-02-02,0.00013462122936980236,0.00013462122936980236,0.0,0.0001393648000068299
2022-02-03,-0.0007455721635881707,-0.0007455721635881707,0.0,-0.0007405932065361892
2022-02-04,0.0019848374935060864,0.0019848374935060864,0.0,0.001990301515592042
2022-02-07,-0.0012287437539411084,-0.0012287437539411084,0.0,-0.001222127087724019
2022-02-08,0.0006001033020723856,0.0006001033020723856,0.0,0.0006065046895582609
2022-02-09,0.0014550662948236148,0.0014550662948236148,0.0,0.001461457417297553
2022-02-10,0.0022078545654409254,0.0022078545654409254,0.0,0.0022175218630152045
2022-02-11,-0.003577704966936879,-0.003577704966936879,0.0,-0.0035690323850572237
2022-02-14,0.002234380848722406,0.002234380848722406,0.0,0.0022450305725996125
2022-02-15,-0.0004940687045706937,-0.0004940687045706937,0.0,-0.000484423526838059
2022-02-16,-0.0016631974960169549,-0.0016631974960169549,0.0,-0.0016540106295144705
2022-02-17,-0.0017038352569660464,-0.0017038352569660464,0.0,-0.001695080531021159
2022-02-18,0.0004766041277284305,0.0004766041277284305,0.0,0.00048492346440157195
2022-02-22,0.0014612239628433166,0.0014612239628433166,0.0,0.0014704822922762453
2022-02-23,0.0009065492355424531,0.0009065492355424531,0.0,0.00091506207199957
2022-02-24,0.0036454418737879024,0.0036454418737879024,0.0,0.003653226378691872
2022-02-25,-0.0014703865305115693,-0.0014703865305115693,0.0,-0.0014626778650288412
2022-02-28,-0.0012830621143579135,-0.0012830621143579135,0.0,-0.0012743847170435954
2022-03-01,0.0013666059927610608,0.0017329065705609104,0.7326011555996035,0.0013704096758291127
2022-03-02,0.004825385094331169,0.004825385094331169,0.0,0.004829287382848676
2022-03-03,0.002403986103729938,0.002403986103729938,0.0,0.0024082698771516857
2022-03-04,0.004190877080061162,0.004190877080061162,0.0,0.004194657174777146
2022-03-07,0.005384254327833959,0.005384254327833959,0.0,0.005388526066078186
2022-03-08,0.0033025718821824146,0.0033025718821824146,0.0,0.00330652061320692
2022-03-09,-0.007844780112694294,-0.007844780112694294,0.0,-0.007840675364636614
2022-03-10,0.0020648413216595163,0.0020648413216595163,0.0,0.002069097754802555
2022-03-11,0.004001332114357936,0.004001332114357936,0.0,0.004005659667311718
2022-03-14,0.0012234444604195538,0.0012234444604195538,0.0,0.0012283467228117126
2022-03-15,-0.003717884215115208,-0.003717884215115208,0.0,-0.003712901442420771
2022-03-16,-0.005334552089567568,-0.005334552089567568,0.0,-0.005329813221659735
2022-03-17,0.004260721864496997,0.004260721864496997,0.0,0.00426523888542702
2022-03-18,0.0003334457160746318,0.0003334457160746318,0.0,0.0003379869921452286
2022-03-21,0.007100699016393541,0.007100699016393541,0.0,0.00710678166627938
2022-03-22,6.791743816259022e-05,6.791743816259022e-05,0.0,7.337525457668343e-05
2022-03-23,0.003003834533672256,0.003003834533672256,0.0,0.003009183623213554
2022-03-24,0.00039002984322733525,0.00039002984322733525,0.0,0.0003953034917096625
2022-03-25,0.0031711984747524458,0.0031711984747524458,0.0,0.0031767781628902155
2022-03-28,-0.0022789321563476683,-0.0022789321563476683,0.0,-0.0022727107622681794
2022-03-29,-0.0026404009327606337,-0.0026404009327606337,0.0,-0.002634530276522356
2022-03-30,0.0005300345958045849,0.0005300345958045849,0.0,0.0005358734636459808
2022-03-31,-0.0006023931964872498,-0.0006023931964872498,0.0,-0.0005969925629929941
2022-04-01,-9.177940478877211e-05,8.926380563800684e-05,0.362086420853663,-8.205545194890011e-05
2022-04-04,0.0008977566609376098,0.0008977566609376098,0.0,0.0009103159564569192
2022-04-05,0.004312988617763747,0.004312988617763747,0.0,0.004325138944480643
2022-04-06,0.0008217424598007117,0.0008217424598007117,0.0,0.00083409867975912
2022-04-07,0.0009700030073267474,0.0009700030073267474,0.0,0.0009825111959659812
2022-04-08,0.002620328328185595,0.002620328328185595,0.0,0.0026329816274309322
2022-04-11,0.001607947315863223,0.001607947315863223,0.0,0.0016221327694982662
2022-04-12,0.0002438275632437037,0.0002438275632437037,0.0,0.0002572168110124191
2022-04-13,-0.0012261250078156039,-0.0012261250078156039,0.0,-0.0012125653872481872
2022-04-14,0.002887480211803739,0.002887480211803739,0.0,0.0029016375273207885
2022-04-18,0.0027300434410584273,0.0027300434410584273,0.0,0.0027447902339936187
2022-04-19,0.002208054767190326,0.002208054767190326,0.0,0.0022226728174663487
2022-04-20,-0.002272194893390145,-0.002272194893390145,0.0,-0.002257680740559626
2022-04-21,0.0029098119415293944,0.0029098119415293944,0.0,0.0029244332533304215
2022-04-22,-0.0004755240781684211,-0.0004755240781684211,0.0,-0.00046103959783805375
2022-04-25,-0.0021505721163668223,-0.0021505721163668223,0.0,-0.002134119223142369
2022-04-26,0.00014161122201206133,0.00014161122201206133,0.0,0.00015657576783537454
2022-04-27,0.002134790633748107,0.002134790633748107,0.0,0.002149392205130766
2022-04-28,0.0030437398876197452,0.0030437398876197452,0.0,0.00305806419339454
2022-04-29,-0.0013219104675088467,-0.0013219104675088467,0.0,-0.0013073769615464812
2022-05-02,-0.0005111821888854617,-0.0003955282246292935,0.23130792851213375,-0.0004995275998356079
2022-05-03,-0.0013050527788889266,-0.0013050527788889266,0.0,-0.0012933627688413005
2022-05-04,-0.0026559114003144035,-0.0026559114003144035,0.0,-0.0026444205988938665
2022-05-05,0.005891624681643393,0.005891624681643393,0.0,0.005902711148963406
2022-05-06,0.002017023090037595,0.002017023090037595,0.0,0.0020278493853992563
2022-05-09,-0.001665310159242095,-0.001665310159242095,0.0,-0.0016535501457014608
2022-05-10,-0.0011777129821674004,-0.0011777129821674004,0.0,-0.0011662585576341694
2022-05-11,0.0019083469640130968,0.0019083469640130968,0.0,0.0019199858584005303
2022-05-12,0.0006031781078472687,0.0006031781078472687,0.0,0.0006153684025152073
2022-05-13,0.00010285769744089457,0.00010285769744089457,0.0,0.00011578593243236968
2022-05-16,0.0006458259716324299,0.0006458259716324299,0.0,0.0006595164450427362
2022-05-17,-0.0010648359622349446,-0.0010648359622349446,0.0,-0.0010513093387146775
2022-05-18,-0.0006095500131836351,-0.0006095500131836351,0.0,-0.0005964768069634159
2022-05-19,-0.0030269117120675926,-0.0030269117120675926,0.0,-0.0030135488671158995
2022-05-20,-0.0002232830223490856,-0.0002232830223490856,0.0,-0.00021014455840874099
2022-05-23,-3.959264274444596e-05,-3.959264274444596e-05,0.0,-2.566108464735365e-05
2022-05-24,-0.00212094237854632,-0.00212094237854632,0.0,-0.0021072690323469547
2022-05-25,-0.001244887528876637,-0.001244887528876637,0.0,-0.001231096560228318
2022-05-26,-0.0011118875009499263,-0.0011118875009499263,0.0,-0.0010978954068429044
2022-05-27,-0.0008924191803080239,-0.0008924191803080239,0.0,-0.0008783646893170653
2022-05-31,0.0019339356141265807,0.0019339356141265807,0.0,0.0019489716675528425
2022-06-01,0.0031945088228082508,0.003349420905764733,0.30982416591297446,0.0032174851713389894
2022-06-02,-0.0035690286121481396,-0.0035690286121481396,0.0,-0.0035460757815475065
2022-06-03,0.003338348879723174,0.003338348879723174,0.0,0.003362365621240085
2022-06-06,0.002155461366045053,0.002155461366045053,0.0,0.0021804633268451045
2022-06-07,-0.0011201405193350666,-0.0011201405193350666,0.0,-0.0010950953368689205
2022-06-08,0.0029212604204142956,0.0029212604204142956,0.0,0.0029465915170719206
2022-06-09,0.003786532828174094,0.003786532828174094,0.0,0.0038118465625735652
2022-06-10,0.004550873615686513,0.004550873615686513,0.0,0.004577492430919424
2022-06-13,0.010385260121515971,0.010385260121515971,0.0,0.010418375710034754
2022-06-14,0.001765694793971928,0.001765694793971928,0.0,0.0017994894066739341
2022-06-15,-0.006846528874058566,-0.006846528874058566,0.0,-0.006814617736717009
2022-06-16,0.001150114430505056,0.001150114430505056,0.0,0.0011798149629179148
2022-06-17,0.00105026348078896,0.00105026348078896,0.0,0.0010806284220957604
2022-06-21,-0.0002659360089720675,-0.0002659360089720675,0.0,-0.00023413618449992377
2022-06-22,-0.002391848872315805,-0.002391848872315805,0.0,-0.0023617485617206846
2022-06-23,-0.002217237364545821,-0.002217237364545821,0.0,-0.0021865292470533474
2022-06-24,-0.001909161151566141,-0.001909161151566141,0.0,-0.0018768834810034198
2022-06-27,0.0011743907480858962,0.0011743907480858962,0.0,0.0012086163356334137
2022-06-28,0.002904036644097996,0.002904036644097996,0.0,0.0029381406253324175
2022-06-29,-0.00012477807952138154,-0.00012477807952138154,0.0,-9.136026903911075e-05
2022-06-30,-0.001290197212368116,-0.001290197212368116,0.0,-0.0012581193455048672
2022-07-01,-0.0030844504088319846,-0.002994467405560197,0.17996600654348918,-0.003055123686652533
2022-07-05,-0.0005547456858171484,-0.0005547456858171484,0.0,-0.0005215358482732615
2022-07-06,0.002063263052829223,0.002063263052829223,0.0,0.0020963534249783533
2022-07-07,-0.0007245598551887111,-0.0007245598551887111,0.0,-0.0006909780483638845
2022-07-08,0.0016960512936239347,0.0016960512936239347,0.0,0.00173006802768049
2022-07-11,0.0035271715414391114,0.0035271715414391114,0.0,0.0035648990887731666
2022-07-12,-0.0021493425290280976,-0.0021493425290280976,0.0,-0.002111519345633272
2022-07-13,-0.0002399278876590305,-0.0002399278876590305,0.0,-0.00019884084061499874
2022-07-14,0.0029402837186585096,0.0029402837186585096,0.0,0.0029814028151291605
2022-07-15,-0.0035107670217758846,-0.0035107670217758846,0.0,-0.0034707387195551235
2022-07-18,0.0015306821713116925,0.0015306821713116925,0.0,0.001573823806365611
2022-07-19,-0.003598808195259595,-0.003598808195259595,0.0,-0.0035555286112695845
2022-07-20,-8.753279451834128e-05,-8.753279451834128e-05,0.0,-4.4100315873141365e-05
2022-07-21,-0.00507469302875152,-0.00507469302875152,0.0,-0.00503196048099702
2022-07-22,-0.00187466604821529,-0.00187466604821529,0.0,-0.0018310487860974255
2022-07-25,0.0010376197019617006,0.0010376197019617006,0.0,0.0010840474818739963
2022-07-26,0.0024774798730531344,0.0024774798730531344,0.0,0.002522484352400163
2022-07-27,-0.004473241884115464,-0.004473241884115464,0.0,-0.004430572285346527
2022-07-28,-0.004542081705569356,-0.004542081705569356,0.0,-0.004499163054739533
2022-07-29,-0.0017179545659795625,-0.0017179545659795625,0.0,-0.0016745998623705458
2022-08-01,-0.002458583208165832,-0.002395461155181411,0.12624410596897476,-0.0024067463352133705
2022-08-02,0.0054641114752465025,0.0054641114752465025,0.0,0.005516178361995634
2022-08-03,-0.0028554866009227187,-0.0028554866009227187,0.0,-0.0028050640816973398
2022-08-04,-0.0029794942325250817,-0.0029794942325250817,0.0,-0.0029292751782354844
2022-08-05,0.004858066967187158,0.004858066967187158,0.0,0.004910193196072814
2022-08-08,-0.002164700796118302,-0.002164700796118302,0.0,-0.0021114370939221403
2022-08-09,0.0018422643145123985,0.0018422643145123985,0.0,0.0018960733731091875
2022-08-10,-0.00471067478045506,-0.00471067478045506,0.0,-0.004657567834036279
2022-08-11,0.002712579653879832,0.002712579653879832,0.0,0.0027655775274854763
2022-08-12,-0.004115527826108134,-0.004115527826108134,0.0,-0.004062735182118093
2022-08-15,0.0007489849194419751,0.0007489849194419751,0.0,0.0008045223122761737
2022-08-16,0.0004685062828198028,0.0004685062828198028,0.0,0.0005235025732356768
2022-08-17,0.0034322886214548376,0.0034322886214548376,0.0,0.0034867897981796067
2022-08-18,0.0009507176048699773,0.0009507176048699773,0.0,0.0010050975055521326
2022-08-19,0.005574332810077243,0.005574332810077243,0.0,0.005629186018191263
2022-08-22,0.00487471986489818,0.00487471986489818,0.0,0.004930732514803423
2022-08-23,-0.0004499718840643707,-0.0004499718840643707,0.0,-0.00039536294047672077
2022-08-24,0.0005990642431181747,0.0005990642431181747,0.0,0.0006541497386179835
2022-08-25,-0.00490003878762213,-0.00490003878762213,0.0,-0.004844044031965134
2022-08-26,0.005758952652978877,0.005758952652978877,0.0,0.005815766357827808
2022-08-29,0.002810072046592893,0.002810072046592893,0.0,0.0028681389200433454
2022-08-30,0.00171996553773468,0.00171996553773468,0.0,0.0017773490847551318
2022-08-31,0.0016461118812662878,0.0016461118812662878,0.0,0.0017030024450863726
2022-09-01,0.0026487218769795096,0.0026873349416181025,0.0772261292771322,0.0027094253057346838
2022-09-02,0.00031570998005081563,0.00031570998005081563,0.0,0.0003756630761277921
2022-09-06,0.005084287036910551,0.005084287036910551,0.0,0.005146497388311076
2022-09-07,-0.006285726018217863,-0.006285726018217863,0.0,-0.0062240103439258065
2022-09-08,0.0008910977463558734,0.0008910977463558734,0.0,0.000953740896457516
2022-09-09,-0.003403610411586433,-0.003403610411586433,0.0,-0.0033409175830702905
2022-09-12,-0.002473545615901962,-0.002473545615901962,0.0,-0.0024078978356392865
2022-09-13,0.010629787403702906,0.010629787403702906,0.0,0.010698041657072738
2022-09-14,-0.0013179613299413306,-0.0013179613299413306,0.0,-0.0012527941113897904
2022-09-15,0.002813339370136392,0.002813339370136392,0.0,0.002878340355812952
2022-09-16,0.0005890995674726618,0.0005890995674726618,0.0,0.0006531575778428616
2022-09-19,-0.0008415615725260173,-0.0008415615725260173,0.0,-0.0007736943168286394
2022-09-20,0.004108073584094818,0.004108073584094818,0.0,0.0041754875911537035
2022-09-21,0.0022702644886627432,0.0022702644886627432,0.0,0.002335851810687495
2022-09-22,0.0029260373689055097,0.0029260373689055097,0.0,0.0029907816738275112
2022-09-23,0.0057032468142801385,0.0057032468142801385,0.0,0.005766024436814759
2022-09-26,0.006334772591930937,0.006334772591930937,0.0,0.006400052837280204
2022-09-27,0.002676482280354442,0.002676482280354442,0.0,0.0027397509589522813
2022-09-28,-0.008224851034607239,-0.008224851034607239,0.0,-0.008161519065430067
2022-09-29,0.00416179428174801,0.00416179428174801,0.0,0.004226142014791063
2022-09-30,0.0008707990806171573,0.0008707990806171573,0.0,0.0009335642702911177
2022-10-03,-0.007723235462206102,-0.007663603982669409,0.11926295907335686,-0.007652238806607606
2022-10-04,-0.007753818703961746,-0.007753818703961746,0.0,-0.007682220569432998
2022-10-05,0.004847552553366663,0.004847552553366663,0.0,0.0049209601458480275
2022-10-06,0.004022892510661791,0.004022892510661791,0.0,0.004095091028002818
2022-10-07,0.006825188522800563,0.006825188522800563,0.0,0.006896354876398509
2022-10-10,0.004380445794146759,0.004380445794146759,0.0,0.004450239310740629
2022-10-11,0.00032273874577182227,0.00032273874577182227,0.0,0.0003962355475470822
2022-10-12,-0.0001490150032452675,-0.0001490150032452675,0.0,-7.49630754357266e-05
2022-10-13,-0.0009212985031313847,-0.0009212985031313847,0.0,-0.0008455496749552267
2022-10-14,0.004360936313937858,0.004360936313937858,0.0,0.004437096851925066
2022-10-17,-0.005859977802523564,-0.005859977802523564,0.0,-0.005781274344732563
2022-10-18,-0.0016438461157054496,-0.0016438461157054496,0.0,-0.001562318119769897
2022-10-19,0.006319201932458718,0.006319201932458718,0.0,0.006401539502839625
2022-10-20,0.0020432216012586935,0.0020432216012586935,0.0,0.0021240678087813356
2022-10-21,-0.005108541047387893,-0.005108541047387893,0.0,-0.005028381604032497
2022-10-24,0.0018777411112420594,0.0018777411112420594,0.0,0.0019611931224962124
2022-10-25,-0.007045777980374646,-0.007045777980374646,0.0,-0.006963402358036085
2022-10-26,-0.002961021972738842,-0.002961021972738842,0.0,-0.002877579315982462
2022-10-27,0.0009667091093124025,0.0009667091093124025,0.0,0.0010510774945481926
2022-10-28,-0.0010044458487131758,-0.0010044458487131758,0.0,-0.0009194583205758621
2022-10-31,0.004330530927155962,0.004330530927155962,0.0,0.0044172584050006704
2022-11-01,-0.0017260446484945735,-0.0016855678084490844,0.08095368009092495,-0.0016432684410384213
2022-11-02,0.0037121442077603373,0.0037121442077603373,0.0,0.00379397150299842
2022-11-03,0.0027609940346180473,0.0027609940346180473,0.0,0.0028423264302169775
2022-11-04,-0.00587060048101784,-0.00587060048101784,0.0,-0.005790730355036899
2022-11-07,-0.0009106813964583349,-0.0009106813964583349,0.0,-0.0008273755997865498
2022-11-08,-0.00416041792080335,-0.00416041792080335,0.0,-0.004077292654151194
2022-11-09,0.0026478244389536165,0.0026478244389536165,0.0,0.002732181957039953
2022-11-10,-0.01823766046386388,-0.01823766046386388,0.0,-0.018154363745844008
2022-11-11,-0.0037283065216694444,-0.0037283065216694444,0.0,-0.003640447458647551
2022-11-14,0.002291847865678598,0.002291847865678598,0.0,0.00238216281734232
2022-11-15,-0.003932793408460755,-0.003932793408460755,0.0,-0.0038434938421794515
2022-11-16,-0.0005072313571237164,-0.0005072313571237164,0.0,-0.0004169305546674871
2022-11-17,0.001499028900508348,0.001499028900508348,0.0,0.0015892404728060216
2022-11-18,0.0011678973925994818,0.0011678973925994818,0.0,0.0012581636491976553
2022-11-21,0.002533485384227818,0.002533485384227818,0.0,0.0026251885734073343
2022-11-22,-0.0036118002285109307,-0.0036118002285109307,0.0,-0.00352118345334107
2022-11-23,-0.005453953649120491,-0.005453953649120491,0.0,-0.00536240281065252
2022-11-25,-0.0001554396507869038,-0.0001554396507869038,0.0,-6.22497778378921e-05
2022-11-28,0.0031586226113571314,0.0031586226113571314,0.0,0.003253620406825312
2022-11-29,5.649877326674435e-05,5.649877326674435e-05,0.0,0.00015000323705054397
2022-11-30,-0.00736401448260704,-0.00736401448260704,0.0,-0.007270524874274672
2022-12-01,-0.005861141766676181,-0.005801951788314108,0.11837995672402471,-0.005783307479603183
2022-12-02,-0.0018275117421286957,-0.0018275117421286957,0.0,-0.00174877829235799
2022-12-05,0.005171282012256473,0.005171282012256473,0.0,0.005251404409139424
2022-12-06,-0.0006226207416970553,-0.0006226207416970553,0.0,-0.0005437822857110507
2022-12-07,-0.002844836735420908,-0.002844836735420908,0.0,-0.002767138566524429
2022-12-08,-0.0013573098952261997,-0.0013573098952261997,0.0,-0.001279474531603156
2022-12-09,0.0017822096143518262,0.0017822096143518262,0.0,0.0018607505731928322
2022-12-12,0.0006727208829910847,0.0006727208829910847,0.0,0.0007526904053017046
2022-12-13,-0.004647417312642621,-0.004647417312642621,0.0,-0.004568174048223112
2022-12-14,0.0002282769964050413,0.0002282769964050413,0.0,0.00030811334468560937
2022-12-15,0.004589252929332099,0.004589252929332099,0.0,0.004668844143019169
2022-12-16,0.0004974278901437312,0.0004974278901437312,0.0,0.0005755186405937817
2022-12-19,0.002999942500358399,0.002999942500358399,0.0,0.003079396687161144
2022-12-20,-0.0013375099331929263,-0.0013375099331929263,0.0,-0.0012593530770184187
2022-12-21,-0.0008550703335848953,-0.0008550703335848953,0.0,-0.0007771369563615548
2022-12-22,0.0022733027155832364,0.0022733027155832364,0.0,0.0023518164490462907
2022-12-23,0.001316271539264946,0.001316271539264946,0.0,0.0013940417135811717
2022-12-27,0.0009368857477904946,0.0009368857477904946,0.0,0.0010165301210253456
2022-12-28,0.0035927923301801723,0.0035927923301801723,0.0,0.003672200582629535
2022-12-29,-0.005255704082433588,-0.005255704082433588,0.0,-0.005177378543764678
2022-12-30,0.001360710704033874,0.001360710704033874,0.0,0.0014396259099560891
2023-01-03,-0.003908635890724321,-0.0038473480396300497,0.12257570218872166,-0.0038317583681633017
2023-01-04,-0.0050966118557126405,-0.0050966118557126405,0.0,-0.005019375142863923
2023-01-05,0.002957435705742917,0.002957435705742917,0.0,0.0030377452563084685
2023-01-06,-0.007127527939012279,-0.007127527939012279,0.0,-0.007047982924816404
2023-01-09,-0.0014355164451242963,-0.0014355164451242963,0.0,-0.0013533936848763005
2023-01-10,0.00014894620109484613,0.00014894620109484613,0.0,0.0002318092215052836
2023-01-11,-0.0023854333677303385,-0.0023854333677303385,0.0,-0.002302609694866692
2023-01-12,-0.004482473783045338,-0.004482473783045338,0.0,-0.004400296746030127
2023-01-13,0.0008374412141254339,0.0008374412141254339,0.0,0.0009209775366605623
2023-01-17,0.0014622327941000712,0.0014622327941000712,0.0,0.0015464731566118377
2023-01-18,-0.001967039427930417,-0.001967039427930417,0.0,-0.001883554049754004
2023-01-19,0.00010311139722674056,0.00010311139722674056,0.0,0.0001873014289098086
2023-01-20,-0.00045903942091496397,-0.00045903942091496397,0.0,-0.00037450673861160003
2023-01-23,-0.0006382792805047499,-0.0006382792805047499,0.0,-0.0005534392516438854
2023-01-24,-0.0012383482400507573,-0.0012383482400507573,0.0,-0.0011535235581496986
2023-01-25,-0.00072895264577999,-0.00072895264577999,0.0,-0.0006439842733774284
2023-01-26,0.0007302459478044643,0.0007302459478044643,0.0,0.000815221545693861
2023-01-27,-0.0007532045972231671,-0.0007532045972231671,0.0,-0.0006680500934765411
2023-01-30,0.003101627691426634,0.003101627691426634,0.0,0.0031873566248498387
2023-01-31,-0.001366345825197235,-0.001366345825197235,0.0,-0.0012816301301200822
2023-02-01,-0.005640286897832136,-0.005595874231676512,0.08882533231136311,-0.005566801471433913
2023-02-02,-0.002071581723086413,-0.002071581723086413,0.0,-0.00199706472609694
2023-02-03,0.0033948630886386777,0.0033948630886386777,0.0,0.003470570586326414
2023-02-06,0.004134293639209474,0.004134293639209474,0.0,0.004209458934788215
2023-02-07,-0.0009635845039137614,-0.0009635845039137614,0.0,-0.0008894786158922096
2023-02-08,0.001770306082745643,0.001770306082745643,0.0,0.0018446591262423684
2023-02-09,0.00030410535041625053,0.00030410535041625053,0.0,0.0003788101284775559
2023-02-10,0.003217475391536606,0.003217475391536606,0.0,0.0032924231455841346
2023-02-13,-0.0019413116907709416,-0.0019413116907709416,0.0,-0.0018668792881109853
2023-02-14,0.0014302156190157955,0.0014302156190157955,0.0,0.0015049939049933268
2023-02-15,0.00023360345346956635,0.00023360345346956635,0.0,0.0003078509483305591
2023-02-16,0.002231924952109887,0.002231924952109887,0.0,0.002306748716535496
2023-02-17,-0.00027975620588716055,-0.00027975620588716055,0.0,-0.00020551441528374778
2023-02-21,0.0055205570647343105,0.0055205570647343105,0.0,0.00559518805511506
2023-02-22,-0.0009241675500559765,-0.0009241675500559765,0.0,-0.00085112970418008
2023-02-23,-0.0016579791357224094,-0.0016579791357224094,0.0,-0.001584700837104904
2023-02-24,0.0033076302712615746,0.0033076302712615746,0.0,0.003381497162018451
2023-02-27,-0.0022724733724729385,-0.0022724733724729385,0.0,-0.00219915813561642
2023-02-28,0.0008431712021308435,0.0008431712021308435,0.0,0.000916769981131697
2023-03-01,0.0008729648664165257,0.0010308246194452586,0.31571950605754445,0.0009998885084854052
2023-03-02,0.0002763258666698132,0.0002763258666698132,0.0,0.0004031183391094658
2023-03-03,-0.005943605319724932,-0.005943605319724932,0.0,-0.0058168998348678775
2023-03-06,0.0014858862489408597,0.0014858862489408597,0.0,0.0016150165365661938
2023-03-07,0.005796875437646953,0.005796875437646953,0.0,0.005928507085488312
2023-03-08,-0.0005460994963732979,-0.0005460994963732979,0.0,-0.0004158074236088776
2023-03-09,0.0015185604580507661,0.0015185604580507661,0.0,0.0016484961326032092
2023-03-10,-0.0025751420618458365,-0.0025751420618458365,0.0,-0.0024467596346585047
2023-03-13,-0.005495241128128936,-0.005495241128128936,0.0,-0.005369510068816984
2023-03-14,-0.0005130920481924983,-0.0005130920481924983,0.0,-0.0003853644955532729
2023-03-15,-0.0003833211535835268,-0.0003833211535835268,0.0,-0.00025869040300836876
2023-03-16,-0.0015399390717873995,-0.0015399390717873995,0.0,-0.0014157342492688262
2023-03-17,-0.0022716197578571684,-0.0022716197578571684,0.0,-0.0021526727729364106
2023-03-20,-0.0012668591108088156,-0.0012668591108088156,0.0,-0.0011392915616089806
2023-03-21,-9.488619381814445e-05,-9.488619381814445e-05,0.0,3.225166219010105e-05
2023-03-22,-0.002632653113612382,-0.002632653113612382,0.0,-0.0025052105414435618
2023-03-23,-0.0019150297217357393,-0.0019150297217357393,0.0,-0.001788427945066053
2023-03-24,-0.00045435312113850657,-0.00045435312113850657,0.0,-0.0003271604776559931
2023-03-27,0.003564140010454242,0.003564140010454242,0.0,0.0036964882046012907
2023-03-28,-0.0019870011700923174,-0.0019870011700923174,0.0,-0.0018588309524459304
2023-03-29,-0.001982612905656378,-0.001982612905656378,0.0,-0.0018538209176462103
2023-03-30,-0.003818879135061737,-0.003818879135061737,0.0,-0.0036850029788682488
2023-03-31,-0.0029152430198269297,-0.0029152430198269297,0.0,-0.002783501441964563
2023-04-03,-0.00015328285109128537,0.00010139299050537787,0.5093516831931896,-7.925463337088886e-05
2023-04-04,-0.0001628074048479755,-0.0001628074048479755,0.0,-8.901052389639586e-05
2023-04-05,0.0013704193719092927,0.0013704193719092927,0.0,0.001443947338599144
2023-04-06,-0.0014011651076116793,-0.0014011651076116793,0.0,-0.0013272189809836966
2023-04-10,0.0014673114091945383,0.0014673114091945383,0.0,0.0015442754445323913
2023-04-11,-0.002523248401764322,-0.002523248401764322,0.0,-0.002447459289153373
2023-04-12,-0.0006309466280908227,-0.0006309466280908227,0.0,-0.0005547876957296812
2023-04-13,-0.0028083661797805304,-0.0028083661797805304,0.0,-0.0027307832900544424
2023-04-14,0.00223795801636939,0.00223795801636939,0.0,0.0023167874740599136
2023-04-17,0.0003442858547577643,0.0003442858547577643,0.0,0.0004237544340135903
2023-04-18,-0.0010708698608229428,-0.0010708698608229428,0.0,-0.000991811462482664
2023-04-19,0.003059239162413796,0.003059239162413796,0.0,0.0031381243499465548
2023-04-20,0.0006942261176337006,0.0006942261176337006,0.0,0.0007716413018008204
2023-04-21,0.00013201865306422533,0.00013201865306422533,0.0,0.00020939869064215882
2023-04-24,-0.0017327130089130893,-0.0017327130089130893,0.0,-0.0016544374192943051
2023-04-25,0.0038600997146267524,0.0038600997146267524,0.0,0.003937764443474709
2023-04-26,0.0013118896142572112,0.0013118896142572112,0.0,0.0013889597530640006
2023-04-27,-0.0028864854942109996,-0.0028864854942109996,0.0,-0.0028093160297221046
2023-04-28,-0.001857476735722563,-0.001857476735722563,0.0,-0.0017807461486327298
2023-05-01,0.001184101459815734,0.0014625586657148748,0.5569144117982313,0.0011604076317495247
2023-05-02,0.002340524136851929,0.002340524136851929,0.0,0.0023168982053845323
2023-05-03,6.877661480841901e-05,6.877661480841901e-05,0.0,4.468780731281724e-05
2023-05-04,-0.0009613167930853095,-0.0009613167930853095,0.0,-0.0009854651845645635
2023-05-05,-0.002336246030028244,-0.002336246030028244,0.0,-0.0023602229186850854
2023-05-08,0.00018569789484090826,0.00018569789484090826,0.0,0.00016190780625354226
2023-05-09,0.0002653305785642601,0.0002653305785642601,0.0,0.00024159948269924627
2023-05-10,-0.0003742930095392838,-0.0003742930095392838,0.0,-0.0003978400476997473
2023-05-11,0.0002485036646151517,0.0002485036646151517,0.0,0.00022520817546714915
2023-05-12,0.001227846491717477,0.001227846491717477,0.0,0.0012043218685068586
2023-05-15,-0.0017562520651346336,-0.0017562520651346336,0.0,-0.0017799015775273024
2023-05-16,0.000991741536146895,0.000991741536146895,0.0,0.0009683575586179109
2023-05-17,0.00017948569901893308,0.00017948569901893308,0.0,0.00015578614899055822
2023-05-18,0.0017011180589681096,0.0017011180589681096,0.0,0.0016772003136245836
2023-05-19,0.0008568022754940063,0.0008568022754940063,0.0,0.0008326730180364854
2023-05-22,-0.00014409146678340257,-0.00014409146678340257,0.0,-0.00016894312123166133
2023-05-23,-0.001052307558892851,-0.001052307558892851,0.0,-0.0010768485697610598
2023-05-24,-0.00010522079438535226,-0.00010522079438535226,0.0,-0.00012971214668330684
2023-05-25,0.002766244788546368,0.002766244788546368,0.0,0.002741772615248595
2023-05-26,-0.0003435617142987235,-0.0003435617142987235,0.0,-0.00036829702750798706
2023-05-30,0.0020854125818001723,0.0020854125818001723,0.0,0.0020601653391220435
2023-05-31,3.4385890062882396e-05,3.4385890062882396e-05,0.0,8.852240574431893e-06
2023-06-01,-0.0024954183272907215,-0.002225150710772006,0.5405352330372932,-0.002415036461639702
2023-06-02,-0.00032356785267551036,-0.00032356785267551036,0.0,-0.00024267459319171115
2023-06-05,0.00018344388301061443,0.00018344388301061443,0.0,0.00026396594994354777
2023-06-06,-0.0009891560765588059,-0.0009891560765588059,0.0,-0.0009089961226458001
2023-06-07,-0.0008071271537323232,-0.0008071271537323232,0.0,-0.0007269948929158154
2023-06-08,-0.001795934683453293,-0.001795934683453293,0.0,-0.001716195255356381
2023-06-09,0.001767847332343253,0.001767847332343253,0.0,0.0018479390344795313
2023-06-12,0.0010900560014657223,0.0010900560014657223,0.0,0.0011701157910705476
2023-06-13,9.331007287549653e-05,9.331007287549653e-05,0.0,0.0001725951231651925
2023-06-14,-0.0012888964818872362,-0.0012888964818872362,0.0,-0.001209792853598463
2023-06-15,-0.004277232950937626,-0.004277232950937626,0.0,-0.0041982335023010055
2023-06-16,0.0003693135139539727,0.0003693135139539727,0.0,0.0004498329309635846
2023-06-20,-0.00029627340664661883,-0.00029627340664661883,0.0,-0.0002150683510489641
2023-06-21,-0.0018234079077427134,-0.0018234079077427134,0.0,-0.0017419601869235954
2023-06-22,0.0036416461176576043,0.0036416461176576043,0.0,0.0037236159438077017
2023-06-23,0.0010913084021160202,0.0010913084021160202,0.0,0.001172239281346116
2023-06-26,-0.001413253384837776,-0.001413253384837776,0.0,-0.0013312246211001823
2023-06-27,0.0012957038235315022,0.0012957038235315022,0.0,0.0013773563286365758
2023-06-28,0.0007094407178498408,0.0007094407178498408,0.0,0.0007905644449128665
2023-06-29,0.0021410988198780068,0.0021410988198780068,0.0,0.00222233174349172
2023-06-30,-0.0016482797095117574,-0.0016482797095117574,0.0,-0.0015681263188256685
2023-07-03,-0.00066124677366175,-0.0001931961211448785,0.9361013050338777,-0.000749734327901132
2023-07-05,-0.0015273540214810755,-0.0015273540214810755,0.0,-0.0016159957675111903
2023-07-06,-0.0028809745406026543,-0.0028809745406026543,0.0,-0.0029697752055333395
2023-07-07,0.0008770379915041815,0.0008770379915041815,0.0,0.0007887495340192796
2023-07-10,0.0005774502829687389,0.0005774502829687389,0.0,0.0004885496735194876
2023-07-11,0.0007770193710285866,0.0007770193710285866,0.0,0.0006880498349208512
2023-07-12,0.0019423558148197184,0.0019423558148197184,0.0,0.001853463245049087
2023-07-13,0.002478546816176097,0.002478546816176097,0.0,0.0023894234689718404
2023-07-14,-0.00012531011357608257,-0.00012531011357608257,0.0,-0.00021489786000038
2023-07-17,0.0009698745191955016,0.0009698745191955016,0.0,0.0008801310396789679
2023-07-18,0.00234698979756498,0.00234698979756498,0.0,0.0022573018618805164
2023-07-19,0.00027763241717537746,0.00027763241717537746,0.0,0.0001874953106441324
2023-07-20,-0.0023732621360417205,-0.0023732621360417205,0.0,-0.002463432158710121
2023-07-21,0.00048600434923007363,0.00048600434923007363,0.0,0.0003959454805129761
2023-07-24,-0.0006654746017942248,-0.0006654746017942248,0.0,-0.0007557623094693664
2023-07-25,0.0007805078102924856,0.0007805078102924856,0.0,0.000690299504054381
2023-07-26,0.001155252774907689,0.001155252774907689,0.0,0.001064951414616796
2023-07-27,-0.002672611399784919,-0.002672611399784919,0.0,-0.002763050333209375
2023-07-28,0.002942586606920816,0.002942586606920816,0.0,0.0028524667939788043
2023-07-31,0.0007824873947694932,0.0007824873947694932,0.0,0.0006920172560901496
2023-08-01,-0.0008412292660368026,-0.0005730401512566985,0.5363782295601464,-0.0008253765337743258
2023-08-02,-0.0023753074935378704,-0.0023753074935378704,0.0,-0.0023595534586477278
2023-08-03,-0.00016180766374407352,-0.00016180766374407352,0.0,-0.0001455181954653648
2023-08-04,-0.00238754697016319,-0.00238754697016319,0.0,-0.0023711900428431873
2023-08-07,0.0010604654039370054,0.0010604654039370054,0.0,0.001077394925690271
2023-08-08,-0.0021790444751610405,-0.0021790444751610405,0.0,-0.0021623237167074927
2023-08-09,-0.0016626894657982838,-0.0016626894657982838,0.0,-0.0016455378687541106
2023-08-10,0.0029651533112085016,0.0029651533112085016,0.0,0.002982682426759375
2023-08-11,0.0001679970553840615,0.0001679970553840615,0.0,0.00018485491458033275
2023-08-14,0.00041403346038304534,0.00041403346038304534,0.0,0.0004308851502601372
2023-08-15,-0.000964496654914826,-0.000964496654914826,0.0,-0.0009477388175100252
2023-08-16,0.0002439893500782997,0.0002439893500782997,0.0,0.00026096602918348745
2023-08-17,-0.00157667704514719,-0.00157667704514719,0.0,-0.0015597557130661015
2023-08-18,-0.00039945769151084054,-0.00039945769151084054,0.0,-0.0003822108026703674
2023-08-21,0.003241063667355659,0.003241063667355659,0.0,0.003258466850082908
2023-08-22,-0.00047266671952261863,-0.00047266671952261863,0.0,-0.00045599920953565923
2023-08-23,0.00044720571084111427,0.00044720571084111427,0.0,0.0004639805598049305
2023-08-24,-0.0011511355399618228,-0.0011511355399618228,0.0,-0.0011344307434519093
2023-08-25,0.0009666672687125288,0.0009666672687125288,0.0,0.0009837300152403076
2023-08-28,0.0014459083153037788,0.0014459083153037788,0.0,0.0014627499401866138
2023-08-29,0.0007249504851398747,0.0007249504851398747,0.0,0.0007414309211157666
2023-08-30,0.00045100548078758074,0.00045100548078758074,0.0,0.00046729014594260585
2023-08-31,-0.0022255149813776853,-0.0022255149813776853,0.0,-0.002209332826731263
2023-09-01,0.0009398347717204381,0.0011857704038555905,0.49187126427024136,0.0008595343512319539
2023-09-05,-0.0008255772559814245,-0.0008255772559814245,0.0,-0.0009060134552646911
2023-09-06,-0.0018078519959554562,-0.0018078519959554562,0.0,-0.0018880292309552756
2023-09-07,-0.0012834939732060402,-0.0012834939732060402,0.0,-0.0013632842414515417
2023-09-08,-0.000282024405376613,-0.000282024405376613,0.0,-0.00036179715863029387
2023-09-11,0.0023041012449531717,0.0023041012449531717,0.0,0.0022242152692165296
2023-09-12,-0.0016324311860125285,-0.0016324311860125285,0.0,-0.0017126188226896078
2023-09-13,0.000534191703650766,0.000534191703650766,0.0,0.0004543684662432831
2023-09-14,0.0016269236954595812,0.0016269236954595812,0.0,0.0015470305744712397
2023-09-15,-0.00026247345119390086,-0.00026247345119390086,0.0,-0.0003427299205545356
2023-09-18,-0.00013714168742440247,-0.00013714168742440247,0.0,-0.00021721300845010721
2023-09-19,0.00021298272254655082,0.00021298272254655082,0.0,0.0001329293205749229
2023-09-20,-0.0007706761518210259,-0.0007706761518210259,0.0,-0.0008510590005756273
2023-09-21,-0.001595284290484722,-0.001595284290484722,0.0,-0.0016755660063205577
2023-09-22,-0.0002194783678380885,-0.0002194783678380885,0.0,-0.0002994001770854165
2023-09-25,0.0017648363285673874,0.0017648363285673874,0.0,0.0016844927943639246
2023-09-26,-0.0025986671724412824,-0.0025986671724412824,0.0,-0.002679092571370694
2023-09-27,-0.0005875073569051592,-0.0005875073569051592,0.0,-0.0006675901945273298
2023-09-28,0.001483977349740595,0.001483977349740595,0.0,0.001404271649485471
2023-09-29,-0.0013362696112468875,-0.0013362696112468875,0.0,-0.001416170025204631
2023-10-02,-0.002708843461125654,-0.0024774945441918828,0.46269783386745905,-0.0028208838406070446
2023-10-03,-0.004160053273088105,-0.004160053273088105,0.0,-0.004272022902217438
2023-10-04,-0.001775893193379674,-0.001775893193379674,0.0,-0.0018872351870092836
2023-10-05,0.0008078147263734792,0.0008078147263734792,0.0,0.0006966516391983114
2023-10-06,0.00495749006267121,0.00495749006267121,0.0,0.004845829014874292
2023-10-09,0.0027124697280489496,0.0027124697280489496,0.0,0.0026003102594358172
2023-10-10,0.002739582840638688,0.002739582840638688,0.0,0.002627570921194233
2023-10-11,-0.0007181036745649294,-0.0007181036745649294,0.0,-0.0008303885110476562
2023-10-12,-0.0021732019178419826,-0.0021732019178419826,0.0,-0.0022856253026498578
2023-10-13,0.001860006431450012,0.001860006431450012,0.0,0.0017478005748761218
2023-10-16,0.002279214726652601,0.002279214726652601,0.0,0.0021670331149510036
2023-10-17,0.0010191506156032037,0.0010191506156032037,0.0,0.000906531727700609
2023-10-18,-0.0020806188165869433,-0.0020806188165869433,0.0,-0.0021931285004503013
2023-10-19,0.0015595077020349457,0.0015595077020349457,0.0,0.0014474155568295164
2023-10-20,-0.0025048434766404837,-0.0025048434766404837,0.0,-0.0026166692308476555
2023-10-23,-0.0002435482123103183,-0.0002435482123103183,0.0,-0.0003553357712063387
2023-10-24,0.00017128374724451056,0.00017128374724451056,0.0,5.97304658242229e-05
2023-10-25,-0.0016532573281312635,-0.0016532573281312635,0.0,-0.0017650377048012288
2023-10-26,-0.0027662032324550223,-0.0027662032324550223,0.0,-0.0028778191179140646
2023-10-27,0.0019357003218987145,0.0019357003218987145,0.0,0.0018243604238918675
2023-10-30,0.0004358679674649757,0.0004358679674649757,0.0,0.00032412566756067127
2023-10-31,0.00014541361194764235,0.00014541361194764235,0.0,3.362784634339499e-05
2023-11-01,0.0018846272324448687,0.002066807219729405,0.36435997456909547,0.0017689700350999346
2023-11-02,0.0026829303169464414,0.0026829303169464414,0.0,0.0025677559555955924
2023-11-03,0.0024931132371390774,0.0024931132371390774,0.0,0.0023779050315101994
2023-11-06,0.00027126445831338053,0.00027126445831338053,0.0,0.0001553845756484627
2023-11-07,-0.0008714379214006529,-0.0008714379214006529,0.0,-0.0009871242042528022
2023-11-08,-0.001239453062469087,-0.001239453062469087,0.0,-0.001355057500419293
2023-11-09,0.00033207800700774115,0.00033207800700774115,0.0,0.00021680884922698474
2023-11-10,0.0015132674814641867,0.0015132674814641867,0.0,0.001398185952087848
2023-11-13,0.001229196301452129,0.001229196301452129,0.0,0.0011135351603968303
2023-11-14,0.002617513769120894,0.002617513769120894,0.0,0.002502175940941084
2023-11-15,0.0013876499560931954,0.0013876499560931954,0.0,0.0012720683103979434
2023-11-16,-0.00019646703583375835,-0.00019646703583375835,0.0,-0.00031195777757814995
2023-11-17,9.331706210002899e-05,9.331706210002899e-05,0.0,-2.215543555123109e-05
2023-11-20,0.0006820095916577618,0.0006820095916577618,0.0,0.0005660885010771978
2023-11-21,8.294615006532169e-05,8.294615006532169e-05,0.0,-3.281837984704174e-05
2023-11-22,0.0006833604028844142,0.0006833604028844142,0.0,0.0005673680631542323
2023-11-24,0.0005461652605625034,0.0005461652605625034,0.0,0.0004298890997651437
2023-11-27,-0.0009823317726036507,-0.0009823317726036507,0.0,-0.001098658834227111
2023-11-28,0.0016492903415294968,0.0016492903415294968,0.0,0.0015332750628973353
2023-11-29,-0.00043523547675661245,-0.00043523547675661245,0.0,-0.0005509632032343238
2023-11-30,0.0010567208913585535,0.0010567208913585535,0.0,0.0009410334876762034
2023-12-01,0.0015577396807278099,0.0017430092211097037,0.37053908076421055,0.0014299400850186174
2023-12-04,-0.003322546343772048,-0.003322546343772048,0.0,-0.0034514876137251983
2023-12-05,-0.00021883629685892636,-0.00021883629685892636,0.0,-0.00034726695096313847
2023-12-06,-0.0009507480157591175,-0.0009507480157591175,0.0,-0.001079161180429575
2023-12-07,7.710089515633456e-05,7.710089515633456e-05,0.0,-5.0991761626934386e-05
2023-12-08,0.00022532557524446162,0.00022532557524446162,0.0,9.722676290339509e-05
2023-12-11,0.0005319101591017006,0.0005319101591017006,0.0,0.0004033043659272135
2023-12-12,6.258713673301664e-05,6.258713673301664e-05,0.0,-6.606125274809279e-05
2023-12-13,0.005153520554640467,0.005153520554640467,0.0,0.00502535632981502
2023-12-14,0.0017911930758494066,0.0017911930758494066,0.0,0.0016628652194650134
2023-12-15,-0.0017148921956259278,-0.0017148921956259278,0.0,-0.0018436073215514952
2023-12-18,0.001459630499599518,0.001459630499599518,0.0,0.001330560703501543
2023-12-19,0.0024015179095540073,0.0024015179095540073,0.0,0.0022730688099504193
2023-12-20,-0.002087388618860264,-0.002087388618860264,0.0,-0.00221627316374177
2023-12-21,0.0024399106755172983,0.0024399106755172983,0.0,0.0023116827825777507
2023-12-22,0.0011141771345692941,0.0011141771345692941,0.0,0.0009852651342809444
2023-12-26,0.0015924602407677568,0.0015924602407677568,0.0,0.0014632141080611059
2023-12-27,0.0009361307571520427,0.0009361307571520427,0.0,0.0008070053040838983
2023-12-28,-0.0013224286848030342,-0.0013224286848030342,0.0,-0.001451874409608239
2023-12-29,-0.0014327847046150533,-0.0014327847046150533,0.0,-0.0015608941464847017
2024-01-02,-0.0009161864912817785,-0.000777608934242835,0.27715511407822035,-0.0010705559640854009
2024-01-03,-0.0036447623493444103,-0.0036447623493444103,0.0,-0.003799919978719759
2024-01-04,-0.0007555224578583708,-0.0007555224578583708,0.0,-0.0009104870170694335
2024-01-05,-0.0006793600542988054,-0.0006793600542988054,0.0,-0.0008342845617529677
2024-01-08,0.004497001563748215,0.004497001563748215,0.0,0.004341817506332052
2024-01-09,-0.001270666190532177,-0.001270666190532177,0.0,-0.0014257921483938163
2024-01-10,0.001527942936218718,0.001527942936218718,0.0,0.0013731800819927766
2024-01-11,0.0012413677043012772,0.0012413677043012772,0.0,0.0010865243331186331
2024-01-12,0.0017674508888907425,0.0017674508888907425,0.0,0.0016128383758667378
2024-01-16,-0.0032273322188299813,-0.0032273322188299813,0.0,-0.003382037412848287
2024-01-17,-0.0033900604805003898,-0.0033900604805003898,0.0,-0.00354518798251942
2024-01-18,0.001624960951736032,0.001624960951736032,0.0,0.0014706044884872126
2024-01-19,0.0023583742518364925,0.0023583742518364925,0.0,0.0022039321519150613
2024-01-22,0.0008374963438315675,0.0008374963438315675,0.0,0.0006829302482294736
2024-01-23,-0.000490756622210986,-0.000490756622210986,0.0,-0.0006450705258972075
2024-01-24,-0.0011131668093283809,-0.0011131668093283809,0.0,-0.0012674549689664783
2024-01-25,0.002068508279280623,0.002068508279280623,0.0,0.0019142785790797494
2024-01-26,-0.0007188922236546214,-0.0007188922236546214,0.0,-0.0008732303300829148
2024-01-29,0.003501166264868738,0.003501166264868738,0.0,0.003346569699191417
2024-01-30,-0.0003948829411798416,-0.0003948829411798416,0.0,-0.0005493663250735227
2024-01-31,-0.0005197109751252649,-0.0005197109751252649,0.0,-0.000674470186823811
2024-02-01,0.0026830169933755865,0.002814533587378154,0.2630331880050346,0.0025497947873405788
2024-02-02,-0.0007014553657215261,-0.0007014553657215261,0.0,-0.0008347277651677197
2024-02-05,-0.0019550273376891525,-0.0019550273376891525,0.0,-0.002087992882117836
2024-02-06,0.00027211607007493477,0.00027211607007493477,0.0,0.00013904138348384243
2024-02-07,0.0012073229355780146,0.0012073229355780146,0.0,0.0010742279913772876
2024-02-08,0.0004128562761720467,0.0004128562761720467,0.0,0.000279671561513223
2024-02-09,0.0006951477150667351,0.0006951477150667351,0.0,0.0005616776012035998
2024-02-12,-0.00015535849195857931,-0.00015535849195857931,0.0,-0.00028862552232840837
2024-02-13,-0.003450132769615366,-0.003450132769615366,0.0,-0.0035838978405275403
2024-02-14,0.0017390218686064163,0.0017390218686064163,0.0,0.0016060235565417327
2024-02-15,0.0014460428596152486,0.0014460428596152486,0.0,0.001312915143513643
2024-02-16,-0.0016724253976742043,-0.0016724253976742043,0.0,-0.0018059153130417145
2024-02-20,0.0015435752681696169,0.0015435752681696169,0.0,0.0014102100677507372
2024-02-21,-0.0009119435785841512,-0.0009119435785841512,0.0,-0.0010454237080274307
2024-02-22,0.002525701085996035,0.002525701085996035,0.0,0.0023920343151735157
2024-02-23,0.0003779361347868715,0.0003779361347868715,0.0,0.0002438262919783961
2024-02-26,0.000567975815800148,0.000567975815800148,0.0,0.0004338377819323166
2024-02-27,0.00085510387870813,0.00085510387870813,0.0,0.0007211785981393404
2024-02-28,-0.0003710209525206176,-0.0003710209525206176,0.0,-0.0005047545884805337
2024-02-29,0.0007177403142204497,0.0007177403142204497,0.0,0.0005837790549957915
2024-03-01,0.004584173565840954,0.0046995419278408335,0.23073672399961273,0.004411544443224695
2024-03-04,0.00108712811098588,0.00108712811098588,0.0,0.0009142003883954534
2024-03-05,-0.001236439271354639,-0.001236439271354639,0.0,-0.0014090749243589923
2024-03-06,0.003120362938793697,0.003120362938793697,0.0,0.0029474404912580338
2024-03-07,0.0022886924606415615,0.0022886924606415615,0.0,0.002115661096389173
2024-03-08,-0.0009493446841503106,-0.0009493446841503106,0.0,-0.0011224557531222957
2024-03-11,-0.0017070445805440482,-0.0017070445805440482,0.0,-0.0018801225567542416
2024-03-12,0.0012127374620958253,0.0012127374620958253,0.0,0.0010393889049769532
2024-03-13,-0.0001011095526999295,-0.0001011095526999295,0.0,-0.0002745004857766084
2024-03-14,-0.002339046666485989,-0.002339046666485989,0.0,-0.00251243406619495
2024-03-15,0.00023226902474626776,0.00023226902474626776,0.0,5.8963556849189085e-05
2024-03-18,0.001245459931868531,0.001245459931868531,0.0,0.0010721463299725846
2024-03-19,0.001635366039043129,0.001635366039043129,0.0,0.0014623390798494521
2024-03-20,0.004991474216373026,0.004991474216373026,0.0,0.004818390260499332
2024-03-21,0.0006134307749610102,0.0006134307749610102,0.0,0.00043984307426498634
2024-03-22,-0.00037022378082818275,-0.00037022378082818275,0.0,-0.0005435020986851848
2024-03-25,-0.0002495244895689419,-0.0002495244895689419,0.0,-0.0004224593120711217
2024-03-26,-0.0003200054762213522,-0.0003200054762213522,0.0,-0.000492601019006103
2024-03-27,0.003935212454577508,0.003935212454577508,0.0,0.003762627970661439
2024-03-28,0.00023376647548389862,0.00023376647548389862,0.0,6.071564897533447e-05
2024-04-01,-0.002157299242992683,-0.0019796818019547358,0.35523488207598364,-0.0023419803437889153
2024-04-02,0.0003017193654690775,0.0003017193654690775,0.0,0.0001174047030349482
2024-04-03,0.0029273438650732064,0.0029273438650732064,0.0,0.002743022317008183
2024-04-04,-0.0019893270592699075,-0.0019893270592699075,0.0,-0.0021733619841403946
2024-04-05,0.0028922195112792703,0.0028922195112792703,0.0,0.002707523562023811
2024-04-08,0.0018264234121028178,0.0018264234121028178,0.0,0.0016416615842914882
2024-04-09,0.0017242790110680861,0.0017242790110680861,0.0,0.001539475657093959
2024-04-10,-0.005686554427409729,-0.005686554427409729,0.0,-0.005872103772323394
2024-04-11,0.002454407228919875,0.002454407228919875,0.0,0.0022689881873736236
2024-04-12,-0.003720321562951323,-0.003720321562951323,0.0,-0.0039057967078006297
2024-04-15,-0.0008855950152597547,-0.0008855950152597547,0.0,-0.001070984802740696
2024-04-16,-0.003892580059092321,-0.003892580059092321,0.0,-0.004077949509873343
2024-04-17,-0.0018794971086839585,-0.0018794971086839585,0.0,-0.00206477682140108
2024-04-18,0.00041012573334797686,0.00041012573334797686,0.0,0.00022488943143462846
2024-04-19,0.0012133563309497664,0.0012133563309497664,0.0,0.0010281105602328686
2024-04-22,0.0004057285381273701,0.0004057285381273701,0.0,0.00022151349506334436
2024-04-23,0.0027825782421104783,0.0027825782421104783,0.0,0.002597295139765884
2024-04-24,0.00034243869667816007,0.00034243869667816007,0.0,0.00015673859121349243
2024-04-25,-0.001191124717141001,-0.001191124717141001,0.0,-0.0013768327062874156
2024-04-26,0.0034372586598994115,0.0034372586598994115,0.0,0.0032519311305483443
2024-04-29,-0.0007309322835876708,-0.0007309322835876708,0.0,-0.0009163386189610216
2024-04-30,-0.006634525743451913,-0.006634525743451913,0.0,-0.006819915308484306
2024-05-01,-0.0019940886093134935,-0.0016973700009532688,0.5934372167207047,-0.0020632374049376254
2024-05-02,-0.0008664917922769355,-0.0008664917922769355,0.0,-0.000935395960831217
2024-05-03,0.0011343676145507686,0.0011343676145507686,0.0,0.0010655843649986952
2024-05-06,0.002934489071495072,0.002934489071495072,0.0,0.002865547700215516
2024-05-07,0.0004199799746200661,0.0004199799746200661,0.0,0.00035063075597484647
2024-05-08,0.0003629465627341677,0.0003629465627341677,0.0,0.00029353899804815755
2024-05-09,-6.810618151664727e-07,-6.810618151664727e-07,0.0,-7.013903083730186e-05
2024-05-10,0.00033075884697564284,0.00033075884697564284,0.0,0.0002611686718230617
2024-05-13,-0.0013217897399491196,-0.0013217897399491196,0.0,-0.0013912935334869918
2024-05-14,0.001117141117871423,0.001117141117871423,0.0,0.001047953108854023
2024-05-15,0.0004931166382962093,0.0004931166382962093,0.0,0.0004236414669313744
2024-05-16,-0.0010370637666126115,-0.0010370637666126115,0.0,-0.0011066073774988095
2024-05-17,0.003343065786946431,0.003343065786946431,0.0,0.0032736662592760435
2024-05-20,0.0022550197428858887,0.0022550197428858887,0.0,0.0021851572979260914
2024-05-21,-0.0007311712351794064,-0.0007311712351794064,0.0,-0.0008013452321703197
2024-05-22,-0.0027606482800915932,-0.0027606482800915932,0.0,-0.002830721185034304
2024-05-23,-0.0005864338459095064,-0.0005864338459095064,0.0,-0.0006562567489756668
2024-05-24,0.0015469253591322563,0.0015469253591322563,0.0,0.0014771839637811425
2024-05-28,0.004502883110629741,0.004502883110629741,0.0,0.004432927042119276
2024-05-29,-0.0012766153367971267,-0.0012766153367971267,0.0,-0.0013471934876505595
2024-05-30,-0.0030916659012841796,-0.0030916659012841796,0.0,-0.0031620674597249653
2024-05-31,-0.0012268768239358518,-0.0012268768239358518,0.0,-0.0012967163625670199
2024-06-03,-0.0022911599960203644,-0.001975067202134806,0.6321855877710951,-0.0024773861687878546
2024-06-04,-0.002507462060391763,-0.002507462060391763,0.0,-0.0026932967556126657
2024-06-05,0.00403642401623272,0.00403642401623272,0.0,0.003850645877306057
2024-06-06,0.0022080793011438615,0.0022080793011438615,0.0,0.0020222104858968813
2024-06-07,-0.00590121819928946,-0.00590121819928946,0.0,-0.006087490638799965
2024-06-10,0.0025400615012463046,0.0025400615012463046,0.0,0.0023542762530191245
2024-06-11,-0.0004967752539790649,-0.0004967752539790649,0.0,-0.000682617630619467
2024-06-12,0.0031947790375470575,0.0031947790375470575,0.0,0.003008947839410583
2024-06-13,-0.0014946307426169092,-0.0014946307426169092,0.0,-0.001680533601164033
2024-06-14,-0.0007638666863144516,-0.0007638666863144516,0.0,-0.0009497359694014735
2024-06-17,0.0013480123635654095,0.0013480123635654095,0.0,0.0011621602531356311
2024-06-18,0.002300361150261887,0.002300361150261887,0.0,0.0021148328373280663
2024-06-20,0.0009288930549993246,0.0009288930549993246,0.0,0.0007433133134287101
2024-06-21,-0.0019278444560444363,-0.0019278444560444363,0.0,-0.002113090745980455
2024-06-24,0.0014113373651627459,0.0014113373651627459,0.0,0.0012257800193632405
2024-06-25,-0.0010685485915328252,-0.0010685485915328252,0.0,-0.0012537833001033858
2024-06-26,-0.0006755271589369283,-0.0006755271589369283,0.0,-0.0008610921397066856
2024-06-27,0.0017794115455724846,0.0017794115455724846,0.0,0.0015942157903751748
2024-06-28,0.00022955657058676415,0.00022955657058676415,0.0,4.467530563768586e-05
2024-07-01,0.0019513030781155294,0.002015542293009931,0.12847842978850504,0.0017838320596612143
2024-07-02,0.0018984031147033509,0.0018984031147033509,0.0,0.0017312072911837418
2024-07-03,0.0022250030812940302,0.0022250030812940302,0.0,0.0020577300620807744
2024-07-05,0.0027341706127472776,0.0027341706127472776,0.0,0.0025671267136102805
2024-07-08,-0.0012608702422438611,-0.0012608702422438611,0.0,-0.0014280245618533672
2024-07-09,-0.0004936697639574827,-0.0004936697639574827,0.0,-0.000660773098579194
2024-07-10,0.0031679892155078715,0.0031679892155078715,0.0,0.0030009058529480953
2024-07-11,0.0014515318295480473,0.0014515318295480473,0.0,0.0012849601372272711
2024-07-12,0.0010986810922277712,0.0010986810922277712,0.0,0.0009320511700970108
2024-07-15,0.00048815667815738095,0.00048815667815738095,0.0,0.0003218026411960509
2024-07-16,0.0028965281005839394,0.0028965281005839394,0.0,0.002730154549239655
2024-07-17,-0.003033508806076224,-0.003033508806076224,0.0,-0.003199997813606482
2024-07-18,-0.0022354835908311443,-0.0022354835908311443,0.0,-0.0024021712521101616
2024-07-19,-0.003205442595235586,-0.003205442595235586,0.0,-0.003371720740385306
2024-07-22,0.002493748995576972,0.002493748995576972,0.0,0.0023279192268211685
2024-07-23,-0.0007953955508805954,-0.0007953955508805954,0.0,-0.000961005416302174
2024-07-24,-0.005336948925928842,-0.005336948925928842,0.0,-0.0055025269934342895
2024-07-25,-0.0012897576441669445,-0.0012897576441669445,0.0,-0.0014548019743897724
2024-07-26,0.0027727628366696067,0.0027727628366696067,0.0,0.0026080894455950323
2024-07-29,-0.0010201860382825778,-0.0010201860382825778,0.0,-0.001184650928639583
2024-07-30,3.183270595341625e-06,3.183270595341625e-06,0.0,-0.0001609216023952874
2024-07-31,0.004980117922518623,0.004980117922518623,0.0,0.004815693652204676
2024-08-01,-0.00460174699942939,-0.004431100176903513,0.34129364505168136,-0.004800109070475742
2024-08-02,-0.002569969336575939,-0.002569969336575939,0.0,-0.002765831234290373
2024-08-05,-0.007682159080222739,-0.007682159080222739,0.0,-0.0078795605820992
2024-08-06,0.0006834783094098462,0.0006834783094098462,0.0,0.00048611228452838644
2024-08-07,5.3831496132028533e-05,5.3831496132028533e-05,0.0,-0.00014353768296621036
2024-08-08,0.004143635822217773,0.004143635822217773,0.0,0.003946266394703357
2024-08-09,0.0008815800229649007,0.0008815800229649007,0.0,0.0006841915527225832
2024-08-12,0.0011168701969741512,0.0011168701969741512,0.0,0.0009202532879696786
2024-08-13,0.004652752372660718,0.004652752372660718,0.0,0.00445651817589218
2024-08-14,0.000782862657994432,0.000782862657994432,0.0,0.0005862194891129031
2024-08-15,0.0022381913176885426,0.0022381913176885426,0.0,0.0020407688649448355
2024-08-16,0.0017315102695811824,0.0017315102695811824,0.0,0.0015344655131173386
2024-08-19,0.001888138482129209,0.001888138482129209,0.0,0.0016918616714680216
2024-08-20,0.0006205844229683066,0.0006205844229683066,0.0,0.00042507493127617624
2024-08-21,0.002079343530029476,0.002079343530029476,0.0,0.0018846070956940434
2024-08-22,-0.0018158937540079245,-0.0018158937540079245,0.0,-0.002011415342866459
2024-08-23,0.005506959785253729,0.005506959785253729,0.0,0.005312610113994885
2024-08-26,-0.0010359071696302014,-0.0010359071696302014,0.0,-0.0012291173498578875
2024-08-27,0.0002606519385699446,0.0002606519385699446,0.0,6.744633025567695e-05
2024-08-28,-0.0013473853162786487,-0.0013473853162786487,0.0,-0.001539816143908088
2024-08-29,0.000607588777414847,0.000607588777414847,0.0,0.0004143879721036466
2024-08-30,0.0007761046682386308,0.0007761046682386308,0.0,0.0005829011800830544
2024-09-03,-0.003720562447463105,-0.003573024651982726,0.2950755909607,-0.003903198951539694
2024-09-04,0.0010772160065042335,0.0010772160065042335,0.0,0.0008947908036963864
2024-09-05,0.002091149160359018,0.002091149160359018,0.0,0.0019094441101003567
2024-09-06,-0.003710885350058035,-0.003710885350058035,0.0,-0.0038922524125478987
2024-09-09,0.0035944215965544313,0.0035944215965544313,0.0,0.0034145787845071378
2024-09-10,0.0008677384540736188,0.0008677384540736188,0.0,0.000689316289832232
2024-09-11,0.0016884042169149627,0.0016884042169149627,0.0,0.0015084982584068686
2024-09-12,0.0021724546363066644,0.0021724546363066644,0.0,0.001993996659569925
2024-09-13,0.0031123411190292494,0.0031123411190292494,0.0,0.0029364289090144484
2024-09-16,0.00248960790009356,0.00248960790009356,0.0,0.002314757284766003
2024-09-17,-0.0005656126053655841,-0.0005656126053655841,0.0,-0.0007404970982085302
2024-09-18,-0.0020388099738906096,-0.0020388099738906096,0.0,-0.002210005149093278
2024-09-19,0.003921320376702564,0.003921320376702564,0.0,0.0037516248440006782
2024-09-20,-0.0005104814885067421,-0.0005104814885067421,0.0,-0.0006783876640207858
2024-09-23,-0.00029979414319136755,-0.00029979414319136755,0.0,-0.000466589053403192
2024-09-24,0.0010879545112185696,0.0010879545112185696,0.0,0.0009222680659036434
2024-09-25,-0.0016428985869216817,-0.0016428985869216817,0.0,-0.0018089672584961657
2024-09-26,0.0004889488238959405,0.0004889488238959405,0.0,0.0003232695560526677
2024-09-27,-0.00032456026505567337,-0.00032456026505567337,0.0,-0.0004902458334251367
2024-09-30,-0.0012106995364965512,-0.0012106995364965512,0.0,-0.001377117282980087
2024-10-01,-0.0009199674256336055,-0.0008124483484581724,0.21503815435071374,-0.0011063420736454421
2024-10-02,0.0001989483890045829,0.0001989483890045829,0.0,1.3640684657474335e-05
