Date,net,gross,turnover,excess
2008-06-02,0.0011516899437151729,0.001384355476448107,0.4653310654656473,0.0011230078592017285
2008-06-03,-0.001458149839837275,-0.001458149839837275,0.0,-0.001486898795696219
2008-06-04,-0.0015684309242919303,-0.0015684309242919303,0.0,-0.001596958784558948
2008-06-05,0.0018398016274379092,0.0018398016274379092,0.0,0.0018111845463350182
2008-06-06,0.004208315138260366,0.004208315138260366,0.0,0.004179775656370089
2008-06-09,-0.0026831548634342894,-0.0026831548634342894,0.0,-0.0027126691371736223
2008-06-10,-0.0032861469746056082,-0.0032861469746056082,0.0,-0.003317438535831791
2008-06-11,0.0027525144173170535,0.0027525144173170535,0.0,0.002722322242397495
2008-06-12,-0.0028619760922222737,-0.0028619760922222737,0.0,-0.0028929261647199027
2008-06-13,-0.0005181853940137149,-0.0005181853940137149,0.0,-0.0005488438392798617
2008-06-16,0.001163939031959993,0.001163939031959993,0.0,0.0011318909230071713
2008-06-17,0.0014231184197821545,0.0014231184197821545,0.0,0.0013922724736250532
2008-06-18,0.0018660817626818815,0.0018660817626818815,0.0,0.0018362731447706965
2008-06-19,-0.0024084385455007684,-0.0024084385455007684,0.0,-0.002438015011313254
2008-06-20,0.0011565662561958678,0.0011565662561958678,0.0,0.0011277278851274683
2008-06-23,-0.0006356029492449178,-0.0006356029492449178,0.0,-0.0006648076232768686
2008-06-24,0.001035820764727191,0.001035820764727191,0.0,0.0010074327629226074
2008-06-25,0.0009243721922271853,0.0009243721922271853,0.0,0.0008962555713271285
2008-06-26,0.00357188920524254,0.00357188920524254,0.0,0.0035449987510441003
2008-06-27,0.0011936603819400204,0.0011936603819400204,0.0,0.0011675797036074338
2008-06-30,-0.0006265747876572636,-0.0006265747876572636,0.0,-0.0006563661385213541
2008-07-01,6.911764268147103e-05,0.00012844590459248906,0.11865652382191164,3.915279344896374e-05
2008-07-02,0.002473720132278867,0.002473720132278867,0.0,0.002444691311159152
2008-07-03,-0.0011853504979615348,-0.0011853504979615348,0.0,-0.001214808468606398
2008-07-07,-0.0008157910293775661,-0.0008157910293775661,0.0,-0.0008456861404628997
2008-07-08,-0.001951938099954642,-0.001951938099954642,0.0,-0.0019816357226967816
2008-07-09,0.0024036598307959345,0.0024036598307959345,0.0,0.0023746934453998565
2008-07-10,0.001374050159941742,0.001374050159941742,0.0,0.001347418709569021
2008-07-11,0.0006542621182357156,0.0006542621182357156,0.0,0.0006285541624748227
2008-07-14,0.0018119213909251197,0.0018119213909251197,0.0,0.0017874921427682895
2008-07-15,-0.0002079676464373792,-0.0002079676464373792,0.0,-0.00023033766562123047
2008-07-16,-0.003753560178836879,-0.003753560178836879,0.0,-0.0037755970702341305
2008-07-17,-0.0037531974580904404,-0.0037531974580904404,0.0,-0.0037759273174243733
2008-07-18,-0.001870756542777352,-0.001870756542777352,0.0,-0.0018941701007176817
2008-07-21,0.0012915374583366557,0.0012915374583366557,0.0,0.0012680268300224887
2008-07-22,-0.003696822816955825,-0.003696822816955825,0.0,-0.003721345865298548
2008-07-23,-0.003335859610635983,-0.003335859610635983,0.0,-0.0033608916905841666
2008-07-24,0.0027470388001447077,0.0027470388001447077,0.0,0.0027211721083562532
2008-07-25,-0.0017194319003135394,-0.0017194319003135394,0.0,-0.0017468467271459735
2008-07-28,0.002658516525865684,0.002658516525865684,0.0,0.002631331269883494
2008-07-29,-0.002808174309057887,-0.002808174309057887,0.0,-0.0028353058116235845
2008-07-30,0.0014038017549451443,0.0014038017549451443,0.0,0.0013771024562310474
2008-07-31,0.0013542790106040314,0.0013542790106040314,0.0,0.0013278446569712657
2008-08-01,-0.0004522035651347567,-0.0004054390724242962,0.09352898542097376,-0.0004784989924319346
2008-08-04,-0.002480443746055494,-0.002480443746055494,0.0,-0.00250825385282985
2008-08-05,-0.0028233661967289603,-0.0028233661967289603,0.0,-0.0028510757353263374
2008-08-06,-0.0009041596277802322,-0.0009041596277802322,0.0,-0.0009299895904373191
2008-08-07,0.001800513917525004,0.001800513917525004,0.0,0.0017743979561096377
2008-08-08,-0.004163031455801103,-0.004163031455801103,0.0,-0.004189859315541868
2008-08-11,-0.0032607021206776388,-0.0032607021206776388,0.0,-0.003290079290859907
2008-08-12,0.0014083837601408522,0.0014083837601408522,0.0,0.0013793082309350151
2008-08-13,0.0019989712178860586,0.0019989712178860586,0.0,0.001969993666261695
2008-08-14,-0.001033591093993147,-0.001033591093993147,0.0,-0.0010631339920356374
2008-08-15,-0.00215135986186632,-0.00215135986186632,0.0,-0.0021802195856086832
2008-08-18,0.0016172659600999229,0.0016172659600999229,0.0,0.0015888167386668515
2008-08-19,0.001533163276685734,0.001533163276685734,0.0,0.0015049639358021404
2008-08-20,0.0010394478862911782,0.0010394478862911782,0.0,0.0010126213288059397
2008-08-21,0.002983021336374403,0.002983021336374403,0.0,0.0029559934820403574
2008-08-22,-0.003824328429732682,-0.003824328429732682,0.0,-0.0038511540906340544
2008-08-25,0.0015253998968685067,0.0015253998968685067,0.0,0.0014980867587571058
2008-08-26,-0.0005294814499939848,-0.0005294814499939848,0.0,-0.0005563760785066806
2008-08-27,0.0007830250776430514,0.0007830250776430514,0.0,0.0007567913654809096
2008-08-28,-0.0011484569153470403,-0.0011484569153470403,0.0,-0.001175842049723442
2008-08-29,-0.0004467326102594038,-0.0004467326102594038,0.0,-0.00047375146112138035
2008-09-02,-0.001920792250693304,-0.0018725743002805384,0.0964359008253475,-0.0019453150537163165
2008-09-03,-0.00024390821272579633,-0.00024390821272579633,0.0,-0.00026836887067994584
2008-09-04,0.00027952537045039527,0.00027952537045039527,0.0,0.0002552213225146336
2008-09-05,-0.0010894894612027972,-0.0010894894612027972,0.0,-0.0011136586455674205
2008-09-08,-0.0010024448665970631,-0.0010024448665970631,0.0,-0.0010271538257654235
2008-09-09,-0.00039514557492503766,-0.00039514557492503766,0.0,-0.00041893630115100644
2008-09-10,-0.0012500616534943942,-0.0012500616534943942,0.0,-0.001273690358907598
2008-09-11,-0.0009388736791179353,-0.0009388736791179353,0.0,-0.0009618693288045428
2008-09-12,0.0006459076605875858,0.0006459076605875858,0.0,0.000624692993109923
2008-09-15,0.003787230159116195,0.003787230159116195,0.0,0.003772246924720342
2008-09-16,-0.0034132059234077694,-0.0034132059234077694,0.0,-0.0034255049220632892
2008-09-17,0.0054711940751757115,0.0054711940751757115,0.0,0.005470757398095316
2008-09-18,-0.0038924187308663205,-0.0038924187308663205,0.0,-0.003895798035154564
2008-09-19,-0.0006661302554091808,-0.0006661302554091808,0.0,-0.0006802873821655997
2008-09-22,0.004708305233130705,0.004708305233130705,0.0,0.0046894992863571235
2008-09-23,-0.0014801966046212867,-0.0014801966046212867,0.0,-0.0014921002820405054
2008-09-24,-0.000993165853213518,-0.000993165853213518,0.0,-0.0010004952822534553
2008-09-25,-0.0002614192446965813,-0.0002614192446965813,0.0,-0.000272394730226402
2008-09-26,-0.00047932312516896225,-0.00047932312516896225,0.0,-0.000491902715673124
2008-09-29,0.0009398934741189358,0.0009398934741189358,0.0,0.0009258626751750743
2008-09-30,-0.00408632525588859,-0.00408632525588859,0.0,-0.004099500314371047
2008-10-01,0.0006616018917584565,0.0007649404140968041,0.20667704467675097,0.0006549436082551755
2008-10-02,0.0023405112098044967,0.0023405112098044967,0.0,0.0023356149162126988
2008-10-03,0.0011339329403532439,0.0011339329403532439,0.0,0.0011299472064293388
2008-10-06,0.0032741418774795417,0.0032741418774795417,0.0,0.0032698178893912438
2008-10-07,0.002423488934271134,0.002423488934271134,0.0,0.0024169192220340123
2008-10-08,-0.0002614434636166729,-0.0002614434636166729,0.0,-0.0002669288103890185
2008-10-09,0.0013442201930240483,0.0013442201930240483,0.0,0.0013394764610096697
2008-10-10,-0.0007382671091731297,-0.0007382671091731297,0.0,-0.0007402401826171968
2008-10-13,-0.007733855703996428,-0.007733855703996428,0.0,-0.007735823198861917
2008-10-14,0.001151221874828412,0.001151221874828412,0.0,0.0011485180249228184
2008-10-15,0.005474246429679308,0.005474246429679308,0.0,0.005472488852751699
2008-10-16,-0.002751618543048173,-0.002751618543048173,0.0,-0.002755291235938325
2008-10-17,0.0008350494316475832,0.0008350494316475832,0.0,0.0008285897783105856
2008-10-20,-0.0017226264189877938,-0.0017226264189877938,0.0,-0.0017326715831854243
2008-10-21,0.0022464259338075276,0.0022464259338075276,0.0,0.0022376553123644874
2008-10-22,0.0029774846544559086,0.0029774846544559086,0.0,0.002969123783389064
2008-10-23,-0.000550565473732556,-0.000550565473732556,0.0,-0.0005584480878850378
2008-10-24,0.001422258578193114,0.001422258578193114,0.0,0.0014152119792065895
2008-10-27,0.00146637755000123,0.00146637755000123,0.0,0.001459457259233376
2008-10-28,-0.0050670126359586565,-0.0050670126359586565,0.0,-0.0050733088428836426
2008-10-29,0.0007994778734712327,0.0007994778734712327,0.0,0.0007945218807652859
2008-10-30,-0.003263891855705525,-0.003263891855705525,0.0,-0.003267151770883035
2008-10-31,-0.00041248091310430723,-0.00041248091310430723,0.0,-0.0004160213869353138
2008-11-03,0.000381246884173958,0.0004487065633749232,0.1349193584019901,0.000379009977620892
2008-11-04,-0.0029048560370623644,-0.0029048560370623644,0.0,-0.0029070533924675
2008-11-05,0.003295336723605047,0.003295336723605047,0.0,0.0032935912581177514
2008-11-06,0.0027316313339900145,0.0027316313339900145,0.0,0.002730208064983472
2008-11-07,-0.0021072545072698956,-0.0021072545072698956,0.0,-0.0021086605430223255
2008-11-10,0.0007908813874528686,0.0007908813874528686,0.0,0.0007895436507582495
2008-11-11,0.0020820336861591127,0.0020820336861591127,0.0,0.0020806879123991197
2008-11-12,0.003005859324283655,0.003005859324283655,0.0,0.003005010911188083
2008-11-13,-0.00465052167347435,-0.00465052167347435,0.0,-0.0046515334961834956
2008-11-14,0.003089833702084377,0.003089833702084377,0.0,0.003089181958897316
2008-11-17,0.0011618614985720033,0.0011618614985720033,0.0,0.001161289914161478
2008-11-18,0.0007756236267268957,0.0007756236267268957,0.0,0.0007750471793945292
2008-11-19,0.0035664973728330995,0.0035664973728330995,0.0,0.0035661592196587362
2008-11-20,0.0039951605339278995,0.0039951605339278995,0.0,0.003995011895427502
2008-11-21,-0.003257484175050007,-0.003257484175050007,0.0,-0.003257586031214207
2008-11-24,-0.0038649717387393423,-0.0038649717387393423,0.0,-0.003865619108120297
2008-11-25,0.0005458401681566194,0.0005458401681566194,0.0,0.000545355656274439
2008-11-26,-0.0008641012554251315,-0.0008641012554251315,0.0,-0.0008643444616307122
2008-11-28,0.0010995599951828527,0.0010995599951828527,0.0,0.0010995116550683065
2008-12-01,0.004790210311748089,0.004807321770875728,0.03422291825544318,0.0047899001349822395
2008-12-02,-0.0015138649682436833,-0.0015138649682436833,0.0,-0.0015141358966290217
2008-12-03,-0.0004807450534414226,-0.0004807450534414226,0.0,-0.00048083429652504646
2008-12-04,0.001943592618513179,0.001943592618513179,0.0,0.0019435037142329554
2008-12-05,-0.001360023555879275,-0.001360023555879275,0.0,-0.0013601138272425674
2008-12-08,-0.002741830445618487,-0.002741830445618487,0.0,-0.0027419644157903535
2008-12-09,0.0018898070337560746,0.0018898070337560746,0.0,0.0018896759683088384
2008-12-10,-0.001582345497504467,-0.001582345497504467,0.0,-0.001582345497504467
2008-12-11,0.0003745899250813256,0.0003745899250813256,0.0,0.0003745461291116172
2008-12-12,-0.0006973121697773088,-0.0006973121697773088,0.0,-0.0006974000261002236
2008-12-15,0.0005156012069333915,0.0005156012069333915,0.0,0.0005154264792925656
2008-12-16,-0.00231170705993744,-0.00231170705993744,0.0,-0.0023118825155277662
2008-12-17,5.163279381315e-05,5.163279381315e-05,0.0,5.141756349615626e-05
2008-12-18,0.0012019982718001199,0.0012019982718001199,0.0,0.0012019982718001199
2008-12-19,0.0006500496292003444,0.0006500496292003444,0.0,0.0006499626511228188
2008-12-22,-7.211949143870466e-05,-7.211949143870466e-05,0.0,-7.216321001442556e-05
2008-12-23,0.00020279880661888683,0.00020279880661888683,0.0,0.00020271142040288718
2008-12-24,-1.4528616490872004e-05,-1.4528616490872004e-05,0.0,-1.4528616490872004e-05
2008-12-26,-0.0004072699023562887,-0.0004072699023562887,0.0,-0.0004074011810924734
2008-12-29,0.0005273004289585437,0.0005273004289585437,0.0,0.0005270387345961805
2008-12-30,-0.0005486594735527595,-0.0005486594735527595,0.0,-0.0005490974923179017
2008-12-31,-0.0017338992987968593,-0.0017338992987968593,0.0,-0.0017343789876822207
2009-01-02,-0.003201663825191825,-0.0031468557950191656,0.10961606034550943,-0.0032022913613084496
2009-01-05,-0.0006983545883164632,-0.0006983545883164632,0.0,-0.0006994387390638751
2009-01-06,-0.0008360613332473177,-0.0008360613332473177,0.0,-0.0008371423591864415
2009-01-07,0.0019591865028307787,0.0019591865028307787,0.0,0.0019583400671090772
2009-01-08,0.00019125675563347322,0.00019125675563347322,0.0,0.0001905585880615481
2009-01-09,0.0013164030972092622,0.0013164030972092622,0.0,0.0013158596506557129
2009-01-12,0.002118145066355881,0.002118145066355881,0.0,0.002117208408126271
2009-01-13,-5.819666031392501e-05,-5.819666031392501e-05,0.0,-5.9062675217194356e-05
2009-01-14,0.0017216279057015171,0.0017216279057015171,0.0,0.0017206833843296423
2009-01-15,-0.0004678471741293988,-0.0004678471741293988,0.0,-0.00046871899947056005
2009-01-16,-0.0010221171994863054,-0.0010221171994863054,0.0,-0.001023066497959585
2009-01-20,0.0022777308141106456,0.0022777308141106456,0.0,0.0022767066334253884
2009-01-21,-0.0025524865365756932,-0.0025524865365756932,0.0,-0.0025533611014540835
2009-01-22,0.00045610168234988535,0.00045610168234988535,0.0,0.00045531474363388056
2009-01-23,-0.0008316612597181194,-0.0008316612597181194,0.0,-0.0008325284876816336
2009-01-26,-0.0007819692024751967,-0.0007819692024751967,0.0,-0.000783147815904295
2009-01-27,0.0010066847962750813,0.0010066847962750813,0.0,0.0010056665690489723
2009-01-28,-0.0020022973490105844,-0.0020022973490105844,0.0,-0.0020037916130949745
2009-01-29,0.00017726700951348207,0.00017726700951348207,0.0,0.00017547284600387178
2009-01-30,0.0005038733883175883,0.0005038733883175883,0.0,0.0005019998615561173
2009-02-02,0.0006922758508147719,0.0007207212205633251,0.0568907394972529,0.0006906313665349641
2009-02-03,-0.0013116164265158936,-0.0013116164265158936,0.0,-0.001313562627615675
2009-02-04,-5.4808749738843865e-05,-5.4808749738843865e-05,0.0,-5.662007455199959e-05
2009-02-05,-0.0010304043404005814,-0.0010304043404005814,0.0,-0.001032154752922275
2009-02-06,-0.001884434224241005,-0.001884434224241005,0.0,-0.001886114560198575
2009-02-09,-0.00013904323208413505,-0.00013904323208413505,0.0,-0.000140943267203367
2009-02-10,0.0033294036937301374,0.0033294036937301374,0.0,0.0033275644894319297
2009-02-11,0.00030706231280719365,0.00030706231280719365,0.0,0.0003052488397056797
2009-02-12,0.00011244202384763646,0.00011244202384763646,0.0,0.00011068600540299148
2009-02-13,-0.000541257610417234,-0.000541257610417234,0.0,-0.0005430147252640007
2009-02-17,0.004155522487777397,0.004155522487777397,0.0,0.004153589429259119
2009-02-18,-0.00032682304452724686,-0.00032682304452724686,0.0,-0.00032873885330304527
2009-02-19,-0.0008127800337970337,-0.0008127800337970337,0.0,-0.0008146307563980067
2009-02-20,0.0006448418689721791,0.0006448418689721791,0.0,0.000643183579163962
2009-02-23,0.0015763969376325626,0.0015763969376325626,0.0,0.001574547909043345
2009-02-24,-0.002369689044591894,-0.002369689044591894,0.0,-0.002371678223756673
2009-02-25,-0.00033081921231714606,-0.00033081921231714606,0.0,-0.000332660219815562
2009-02-26,9.58536253474751e-05,9.58536253474751e-05,0.0,9.41997159454557e-05
2009-02-27,0.0007796148944054782,0.0007796148944054782,0.0,0.0007780214046830282
2009-03-02,0.00466219887805952,0.004696371946220967,0.06834613632304451,0.004661067514599843
2009-03-03,-0.0005257490266976639,-0.0005257490266976639,0.0,-0.0005268674261171873
2009-03-04,-0.0037219491319702147,-0.0037219491319702147,0.0,-0.0037230212484584955
2009-03-05,0.00383151833201989,0.00383151833201989,0.0,0.0038307201956848907
2009-03-06,-0.0011396383518287312,-0.0011396383518287312,0.0,-0.0011404637345702763
2009-03-09,0.0012118334604453995,0.0012118334604453995,0.0,0.001210893600653506
2009-03-10,-0.004316798600064509,-0.004316798600064509,0.0,-0.004317789663592721
2009-03-11,0.0005435759565741716,0.0005435759565741716,0.0,0.0005426616397905245
2009-03-12,-0.003320001666307859,-0.003320001666307859,0.0,-0.0033208405510862745
2009-03-13,-0.00010940952484062016,-0.00010940952484062016,0.0,-0.00011014592893483991
2009-03-16,-0.000990635825247832,-0.000990635825247832,0.0,-0.0009915650795669611
2009-03-17,-0.0025807873183966157,-0.0025807873183966157,0.0,-0.002581708050198746
2009-03-18,-0.00141725804345616,-0.00141725804345616,0.0,-0.001418044206140724
2009-03-19,-0.0008012656221324521,-0.0008012656221324521,0.0,-0.0008020041470994435
2009-03-20,0.0013683440455758422,0.0013683440455758422,0.0,0.0013675746550878712
2009-03-23,-0.005855938084181167,-0.005855938084181167,0.0,-0.005856754940431751
2009-03-24,0.002564675964188412,0.002564675964188412,0.0,0.00256394073177595
2009-03-25,-0.001093602702069374,-0.001093602702069374,0.0,-0.00109428549803949
2009-03-26,-0.0017341301987429114,-0.0017341301987429114,0.0,-0.001734663321677792
2009-03-27,0.003109437670742121,0.003109437670742121,0.0,0.0031089837896861343
2009-03-30,0.004307973413082422,0.004307973413082422,0.0,0.004307324769038665
2009-03-31,-0.0013567461227167454,-0.0013567461227167454,0.0,-0.0013575353738068585
2009-04-01,-0.00042335317878527956,-0.00037996029021569733,0.08678577713939858,-0.00042481233347640236
2009-04-02,-0.004304607934516036,-0.004304607934516036,0.0,-0.004306057734222869
2009-04-03,-0.0020338422021604075,-0.0020338422021604075,0.0,-0.002035196057966223
2009-04-06,0.0011068686379303028,0.0011068686379303028,0.0,0.0011055927981966595
2009-04-07,0.002225937596355365,0.002225937596355365,0.0,0.0022246543922883302
2009-04-08,-0.0005352180845662469,-0.0005352180845662469,0.0,-0.0005363862674785741
2009-04-09,-0.003197881573025585,-0.003197881573025585,0.0,-0.0031990465564718023
2009-04-13,0.00026922264328854695,0.00026922264328854695,0.0,0.000268076837702997
2009-04-14,0.0017426599751093619,0.0017426599751093619,0.0,0.0017415763009547979
2009-04-15,-0.00043722124531775375,-0.00043722124531775375,0.0,-0.00043818611992299707
2009-04-16,-0.0011018702568524885,-0.0011018702568524885,0.0,-0.001102704590792466
2009-04-17,-0.00039637108769241536,-0.00039637108769241536,0.0,-0.00039726446404964657
2009-04-20,0.004300357323133941,0.004300357323133941,0.0,0.004299465795462515
2009-04-21,-0.0017468857845460706,-0.0017468857845460706,0.0,-0.0017478623903764395
2009-04-22,-1.8135626818183148e-05,-1.8135626818183148e-05,0.0,-1.9038998759771816e-05
2009-04-23,-0.0014629857801000679,-0.0014629857801000679,0.0,-0.0014636309855070625
2009-04-24,-0.001803365350950492,-0.001803365350950492,0.0,-0.0018040056876618626
2009-04-27,0.002142926500250608,0.002142926500250608,0.0,0.002142101878506769
2009-04-28,-0.0003679361489896671,-0.0003679361489896671,0.0,-0.00036877003854903585
2009-04-29,-0.0023999478437559674,-0.0023999478437559674,0.0,-0.0024006520956631376
2009-04-30,-0.00024174515380770423,-0.00024174515380770423,0.0,-0.00024263026559538016
2009-05-01,-0.0016255232356483518,-0.0016064013557609558,0.03824375977454415,-0.0016265541970009953
2009-05-04,-0.002066355410043519,-0.002066355410043519,0.0,-0.002067657924352839
2009-05-05,0.0005124446688300477,0.0005124446688300477,0.0,0.000511155069413803
2009-05-06,-0.0013262221976449995,-0.0013262221976449995,0.0,-0.0013275149982425922
2009-05-07,-7.129079957390871e-05,-7.129079957390871e-05,0.0,-7.250769889798456e-05
2009-05-08,-0.0023399840560648366,-0.0023399840560648366,0.0,-0.0023412005328925212
2009-05-11,0.0016499636586189137,0.0016499636586189137,0.0,0.001648694272138051
2009-05-12,-0.0003714048772023304,-0.0003714048772023304,0.0,-0.0003726845924018085
2009-05-13,0.0021256499314807886,0.0021256499314807886,0.0,0.002124507004164726
2009-05-14,-0.0006873724947532578,-0.0006873724947532578,0.0,-0.0006884593769097879
2009-05-15,0.0014003458234301824,0.0014003458234301824,0.0,0.0013991948570328963
2009-05-18,-0.0028682243913276118,-0.0028682243913276118,0.0,-0.0028695195100851547
2009-05-19,-0.00035758466291058166,-0.00035758466291058166,0.0,-0.00035879460057864146
2009-05-20,-0.0004678474185639825,-0.0004678474185639825,0.0,-0.00046905523395213703
2009-05-21,-0.0002859881514915008,-0.0002859881514915008,0.0,-0.0002872601354079316
2009-05-22,-0.0010016120321767463,-0.0010016120321767463,0.0,-0.0010028153709393773
2009-05-26,-0.0016331438097781925,-0.0016331438097781925,0.0,-0.0016343411934830912
2009-05-27,1.4908090851806222e-05,1.4908090851806222e-05,0.0,1.3786413843971079e-05
2009-05-28,-0.00085328757109282,-0.00085328757109282,0.0,-0.0008542773600825052
2009-05-29,-0.0009473542449895955,-0.0009473542449895955,0.0,-0.0009482740924545381
2009-06-01,-0.0032523770814264497,-0.0032009178429406315,0.10291847697152742,-0.00325365311496106
2009-06-02,7.832223606296651e-05,7.832223606296651e-05,0.0,7.694959387606303e-05
2009-06-03,0.0020512739738474117,0.0020512739738474117,0.0,0.0020499010040710376
2009-06-04,-0.001898229975873189,-0.001898229975873189,0.0,-0.001899611507715772
2009-06-05,-0.00188550515873942,-0.00188550515873942,0.0,-0.0018873693213694756
2009-06-08,-0.0005468876705204684,-0.0005468876705204684,0.0,-0.0005487411117131303
2009-06-09,0.0001385117349177456,0.0001385117349177456,0.0,0.00013666140516197436
2009-06-10,-0.0003399679365867492,-0.0003399679365867492,0.0,-0.0003417216270287304
2009-06-11,-0.0002953960574996195,-0.0002953960574996195,0.0,-0.00029724524060102523
2009-06-12,0.0006920185772103515,0.0006920185772103515,0.0,0.0006902683124858757
2009-06-15,0.0019937996375938294,0.0019937996375938294,0.0,0.001992143087782444
2009-06-16,0.0011154566182769443,0.0011154566182769443,0.0,0.0011137899412499608
2009-06-17,-1.6928382147174403e-05,-1.6928382147174403e-05,0.0,-1.8600718661083722e-05
2009-06-18,-0.0010648899459619887,-0.0010648899459619887,0.0,-0.0010666605642686983
2009-06-19,0.00047613163140325376,0.00047613163140325376,0.0,0.00047436674003823067
2009-06-22,0.0023118711952343496,0.0023118711952343496,0.0,0.002309907361049871
2009-06-23,-0.0004906212380915154,-0.0004906212380915154,0.0,-0.0004925988484795915
2009-06-24,-0.00025785420961965677,-0.00025785420961965677,0.0,-0.00025973016074140864
2009-06-25,-9.934860783711308e-06,-9.934860783711308e-06,0.0,-1.1710693726114082e-05
2009-06-26,0.000373712735110443,0.000373712735110443,0.0,0.0003718383010658063
2009-06-29,-0.0005808148801162982,-0.0005808148801162982,0.0,-0.0005827901963575898
2009-06-30,0.00043310280690533887,0.00043310280690533887,0.0,0.0004312295476190545
2009-07-01,-8.81465911560797e-05,-3.6084066273311954e-05,0.10412504976539007,-8.938905937462174e-05
2009-07-02,0.0022491786743039643,0.0022491786743039643,0.0,0.002247930517309488
2009-07-06,0.001332109880460397,0.001332109880460397,0.0,0.0013307010919903748
2009-07-07,0.0015716814109396626,0.0015716814109396626,0.0,0.001570264466309975
2009-07-08,0.001428292784769969,0.001428292784769969,0.0,0.001426941313959181
2009-07-09,-0.0008014743049215012,-0.0008014743049215012,0.0,-0.0008029095763303728
2009-07-10,0.0010508339011074952,0.0010508339011074952,0.0,0.0010494788090440845
2009-07-13,-0.001195097831424019,-0.001195097831424019,0.0,-0.0011964589990827452
2009-07-14,-0.0003386768327076073,-0.0003386768327076073,0.0,-0.00034003108241413945
2009-07-15,-0.0028470384625141065,-0.0028470384625141065,0.0,-0.0028483907510892166
2009-07-16,0.0005566554458364958,0.0005566554458364958,0.0,0.000555245481662275
2009-07-17,-0.0009036283065115835,-0.0009036283065115835,0.0,-0.0009048929046741626
2009-07-20,-0.0009212192376549799,-0.0009212192376549799,0.0,-0.0009226270711596208
2009-07-21,0.0010271465882705222,0.0010271465882705222,0.0,0.0010257444087517352
2009-07-22,-0.0004144155679187689,-0.0004144155679187689,0.0,-0.0004158240450842379
2009-07-23,-0.0021839432997878827,-0.0021839432997878827,0.0,-0.002185349235032983
2009-07-24,0.00017736364670173366,0.00017736364670173366,0.0,0.0001760444265414491
2009-07-27,-0.0006868455375849125,-0.0006868455375849125,0.0,-0.0006882391378456677
2009-07-28,0.0005934385512116336,0.0005934385512116336,0.0,0.0005920491752615142
2009-07-29,0.0012766998325344225,0.0012766998325344225,0.0,0.0012753068089199357
2009-07-30,-0.001447941439678413,-0.001447941439678413,0.0,-0.0014492685711964895
2009-07-31,-0.00027050586017496325,-0.00027050586017496325,0.0,-0.0002718245586523568
2009-08-03,-0.0026059508914020313,-0.002575082409873808,0.061736963056425,-0.002607480383150157
2009-08-04,-0.00046407530883252335,-0.00046407530883252335,0.0,-0.0004655227981335445
2009-08-05,-0.00040810239092592404,-0.00040810239092592404,0.0,-0.0004095472359201976
2009-08-06,0.000525532681851848,0.000525532681851848,0.0,0.000524170303105584
2009-08-07,-0.0006542668622602221,-0.0006542668622602221,0.0,-0.0006557123750733819
2009-08-10,0.0006361751932766335,0.0006361751932766335,0.0,0.0006346533114436621
2009-08-11,0.001104781820558065,0.001104781820558065,0.0,0.0011033364131927208
2009-08-12,-0.0008286483993051874,-0.0008286483993051874,0.0,-0.0008300194444488299
2009-08-13,0.00043566731440236595,0.00043566731440236595,0.0,0.00043430072692660716
2009-08-14,0.0014362834309480377,0.0014362834309480377,0.0,0.001434833975544659
2009-08-17,0.0012870533466482481,0.0012870533466482481,0.0,0.0012855957256344165
2009-08-18,-0.0009484903300822634,-0.0009484903300822634,0.0,-0.0009499552588927572
2009-08-19,-0.00012472186734246993,-0.00012472186734246993,0.0,-0.00012610032012230207
2009-08-20,0.0003002089492158966,0.0003002089492158966,0.0,0.00029883116597404223
2009-08-21,-0.0012258619799582204,-0.0012258619799582204,0.0,-0.0012272413743126469
2009-08-24,0.0003415292976374218,0.0003415292976374218,0.0,0.00034015649011427993
2009-08-25,0.0005119543438487639,0.0005119543438487639,0.0,0.0005105797018386582
2009-08-26,0.0003684939527122122,0.0003684939527122122,0.0,0.0003672786081451762
2009-08-27,-0.0005244380386791869,-0.0005244380386791869,0.0,-0.0005256551281724899
2009-08-28,0.00032906535567867046,0.00032906535567867046,0.0,0.00032785075085538836
2009-08-31,0.0010584507571684831,0.0010584507571684831,0.0,0.0010572345938200706
2009-09-01,0.0008940951055123048,0.0009482583728146476,0.10832653460455967,0.0008925118423934017
2009-09-02,0.0013724457165535942,0.0013724457165535942,0.0,0.0013708590202770406
2009-09-03,0.00024497173839699293,0.00024497173839699293,0.0,0.00024326587855240934
2009-09-04,0.00012278413845412395,0.00012278413845412395,0.0,0.00012119103191115632
2009-09-08,-0.00032196829905339897,-0.00032196829905339897,0.0,-0.0003235618920625244
2009-09-09,-0.00021655676654563916,-0.00021655676654563916,0.0,-0.0002181490835175791
2009-09-10,0.0006017702941414349,0.0006017702941414349,0.0,0.0006001788356215312
2009-09-11,0.0013466504685666347,0.0013466504685666347,0.0,0.0013450566260055372
2009-09-14,-0.0007038219598323181,-0.0007038219598323181,0.0,-0.0007054211302613002
2009-09-15,-0.0004816959173048474,-0.0004816959173048474,0.0,-0.00048317827376207287
2009-09-16,-0.0001338331476089527,-0.0001338331476089527,0.0,-0.00013497205892401375
2009-09-17,0.000475226776942117,0.000475226776942117,0.0,0.0004740882443375729
2009-09-18,-0.0004579555488413156,-0.0004579555488413156,0.0,-0.00045886745022143187
2009-09-21,0.000444393010855304,0.000444393010855304,0.0,0.0004431405719085953
2009-09-22,9.722445120052825e-05,9.722445120052825e-05,0.0,9.597062963259952e-05
2009-09-23,0.0008744902237907137,0.0008744902237907137,0.0,0.0008732360997618597
2009-09-24,0.00020869668934819785,0.00020869668934819785,0.0,0.0002075541055737341
2009-09-25,0.000535641575658774,0.000535641575658774,0.0,0.00053449840229934
2009-09-28,-0.00017406010273923744,-0.00017406010273923744,0.0,-0.0001753192570971795
2009-09-29,-0.00015341524846568255,-0.00015341524846568255,0.0,-0.00015490270095664605
2009-09-30,-0.00010304931405280549,-0.00010304931405280549,0.0,-0.00010465057931772333
2009-10-01,-0.0017180997771860662,-0.00162326372652144,0.18967210132914086,-0.0017198806450225712
2009-10-02,-2.5168273721343226e-05,-2.5168273721343226e-05,0.0,-2.694445411504229e-05
2009-10-05,0.001556312359191514,0.001556312359191514,0.0,0.0015548914590142319
2009-10-06,0.0013405138325579546,0.0013405138325579546,0.0,0.0013390902073120814
2009-10-07,0.0015445460437453207,0.0015445460437453207,0.0,0.0015429418282673498
2009-10-08,0.00017371094629736739,0.00017371094629736739,0.0,0.0001726394468017799
2009-10-09,-0.0020853482795331058,-0.0020853482795331058,0.0,-0.0020865986276092166
2009-10-12,0.0004674956715551293,0.0004674956715551293,0.0,0.00046624851535809837
2009-10-13,0.00047876264907764643,0.00047876264907764643,0.0,0.00047751477765601614
2009-10-14,0.0003854004207684003,0.0003854004207684003,0.0,0.00038415181723525777
2009-10-15,-0.001644427751294364,-0.001644427751294364,0.0,-0.0016456769439448576
2009-10-16,-0.00018678673270366986,-0.00018678673270366986,0.0,-0.00018803340756603948
2009-10-19,0.001465635985140601,0.001465635985140601,0.0,0.001464211540775767
2009-10-20,-0.00013091190425107424,-0.00013091190425107424,0.0,-0.0001323389099576447
2009-10-21,-0.0008949009175467371,-0.0008949009175467371,0.0,-0.000896149347330128
2009-10-22,0.0003086982764994861,0.0003086982764994861,0.0,0.0003076293679772612
2009-10-23,-0.0015095123706676539,-0.0015095123706676539,0.0,-0.001510759902994383
2009-10-26,-0.0016597838083691752,-0.0016597838083691752,0.0,-0.001661206915695072
2009-10-27,0.0005690477027258112,0.0005690477027258112,0.0,0.0005676275073375514
2009-10-28,-0.0013026833984288722,-0.0013026833984288722,0.0,-0.0013039269424457965
2009-10-29,0.00119575121885096,0.00119575121885096,0.0,0.0011946870393174385
2009-10-30,0.00032042626611472613,0.00032042626611472613,0.0,0.00031953813929326113
2009-11-02,0.0007368200866422203,0.0008467549571491428,0.21986974101405138,0.0007354828999533472
2009-11-03,0.0007996679665898121,0.0007996679665898121,0.0,0.0007983321014786657
2009-11-04,0.0015695479379440602,0.0015695479379440602,0.0,0.0015684340211389006
2009-11-05,0.001463740854769302,0.001463740854769302,0.0,0.00146284863036821
2009-11-06,0.0009902791854965454,0.0009902791854965454,0.0,0.0009889393250061733
2009-11-09,0.004112297364014861,0.004112297364014861,0.0,0.004110732991832455
2009-11-10,-0.0005387543377497472,-0.0005387543377497472,0.0,-0.0005403236793809327
2009-11-11,0.001619227783585142,0.001619227783585142,0.0,0.0016176590933551177
2009-11-12,-0.00335185753915368,-0.00335185753915368,0.0,-0.0033534281840068743
2009-11-13,0.0030459847001980123,0.0030459847001980123,0.0,0.003044641912962659
2009-11-16,0.004466819448246895,0.004466819448246895,0.0,0.004465249185067989
2009-11-17,-1.0802408555554699e-05,-1.0802408555554699e-05,0.0,-1.21529510779841e-05
2009-11-18,-0.0005272497997462766,-0.0005272497997462766,0.0,-0.0005281501540072105
2009-11-19,-0.0013847944350687813,-0.0013847944350687813,0.0,-0.0013852444310072946
2009-11-20,-0.0006839116863321948,-0.0006839116863321948,0.0,-0.0006843612057194516
2009-11-23,0.0023340773477729115,0.0023340773477729115,0.0,0.002332954138096177
2009-11-24,0.00046688246474757555,0.00046688246474757555,0.0,0.00046575725030253957
2009-11-25,0.0032459673481042284,0.0032459673481042284,0.0,0.003244841732835127
2009-11-27,-0.0035077146748123678,-0.0035077146748123678,0.0,-0.0035083917105846615
2009-11-30,0.001956368723228241,0.001956368723228241,0.0,0.001955018266367914
2009-12-01,0.002738730560458924,0.0027991100553863557,0.12075898985518073,0.002737231830893946
2009-12-02,0.00014686846309275303,0.00014686846309275303,0.0,0.00014562240720309135
2009-12-03,-0.001572641694406851,-0.001572641694406851,0.0,-0.0015741370915345841
2009-12-04,-0.003976362270843858,-0.003976362270843858,0.0,-0.003977856273116871
2009-12-07,-0.00036240470536186287,-0.00036240470536186287,0.0,-0.0003633983462672673
2009-12-08,-0.0020088346299266258,-0.0020088346299266258,0.0,-0.0020095796991881124
2009-12-09,-0.00047342282401618974,-0.00047342282401618974,0.0,-0.00047416699672779236
2009-12-10,-2.5042887564663552e-05,-2.5042887564663552e-05,0.0,-2.5538861778845084e-05
2009-12-11,-0.0013757142089591001,-0.0013757142089591001,0.0,-0.0013764581590980708
2009-12-14,0.0024491792841236926,0.0024491792841236926,0.0,0.0024481881707897166
2009-12-15,-0.00238574512527856,-0.00238574512527856,0.0,-0.002386985837701573
2009-12-16,0.0017728926905811182,0.0017728926905811182,0.0,0.0017719015429140171
2009-12-17,-0.0037034213613498235,-0.0037034213613498235,0.0,-0.003704413564063368
2009-12-18,0.0004986511323570308,0.0004986511323570308,0.0,0.0004974136440828476
2009-12-21,-0.0016618038337439245,-0.0016618038337439245,0.0,-0.0016637844103853004
2009-12-22,-0.00046873831849170156,-0.00046873831849170156,0.0,-0.00047071690759230414
2009-12-23,0.0019527583045177987,0.0019527583045177987,0.0,0.0019510275298252372
2009-12-24,0.0011498779221299493,0.0011498779221299493,0.0,0.0011486401969500834
2009-12-28,3.469159657409904e-05,3.469159657409904e-05,0.0,3.196671515099287e-05
2009-12-29,-0.00066937391369426,-0.00066937391369426,0.0,-0.0006718511303508214
2009-12-30,-0.00019807593618259567,-0.00019807593618259567,0.0,-0.00019931404514587407
2009-12-31,-0.0013042618557632668,-0.0013042618557632668,0.0,-0.0013057474091622092
2010-01-04,0.005533600736218558,0.005746035233483715,0.424868994530535,0.005532652070129244
2010-01-05,0.0009468663967566737,0.0009468663967566737,0.0,0.0009460372442205194
2010-01-06,0.0014367099158143493,0.0014367099158143493,0.0,0.0014359976336327635
2010-01-07,-0.00032786435068021813,-0.00032786435068021813,0.0,-0.00032845991412787444
2010-01-08,0.0014388997175698304,0.0014388997175698304,0.0,0.001438304609531969
2010-01-11,0.0003042276522045029,0.0003042276522045029,0.0,0.0003037499691444283
2010-01-12,-0.0032289342687925604,-0.0032289342687925604,0.0,-0.0032295317944601165
2010-01-13,0.0013416344940799796,0.0013416344940799796,0.0,0.001340922853376593
2010-01-14,-0.00015987023276398116,-0.00015987023276398116,0.0,-0.0001604651305213208
2010-01-15,-0.0025817944872761345,-0.0025817944872761345,0.0,-0.0025825080980266474
2010-01-19,0.002603970310390613,0.002603970310390613,0.0,0.0026032610155162354
2010-01-20,-0.0045142236018986814,-0.0045142236018986814,0.0,-0.00451481829899484
2010-01-21,-0.004323371919389807,-0.004323371919389807,0.0,-0.004324077995137569
2010-01-22,-0.003560266765486264,-0.003560266765486264,0.0,-0.003560965568677455
2010-01-25,0.001016966186546009,0.001016966186546009,0.0,0.0010162733936529376
2010-01-26,-0.00166673666308359,-0.00166673666308359,0.0,-0.0016675469223586285
2010-01-27,-0.0005253069839205038,-0.0005253069839205038,0.0,-0.0005262292404518195
2010-01-28,-0.0019509789480327555,-0.0019509789480327555,0.0,-0.0019519000207687933
2010-01-29,-0.0021048479738859927,-0.0021048479738859927,0.0,-0.0021057646414371634
2010-02-01,0.0036556948644062004,0.0038202925300825363,0.3291953313525565,0.003653343483095326
2010-02-02,0.0030219806863693854,0.0030219806863693854,0.0,0.0030196293899183713
2010-02-03,-0.0015546271626225572,-0.0015546271626225572,0.0,-0.0015569833307657994
2010-02-04,-0.008348600108869397,-0.008348600108869397,0.0,-0.00835071840111311
2010-02-05,-0.000896609861479214,-0.000896609861479214,0.0,-0.000898949926428764
2010-02-08,-0.0022226416671867755,-0.0022226416671867755,0.0,-0.00222544799173373
2010-02-09,0.003564467852987363,0.003564467852987363,0.0,0.0035616658846768304
2010-02-10,-0.001968892270296174,-0.001968892270296174,0.0,-0.0019714671224548225
2010-02-11,0.003248279201861104,0.003248279201861104,0.0,0.003245707881420537
2010-02-12,-0.000793797190765333,-0.000793797190765333,0.0,-0.0007961400345881819
2010-02-16,0.005653570843118905,0.005653570843118905,0.0,0.00565122929056707
2010-02-17,2.7791423555800776e-05,2.7791423555800776e-05,0.0,2.5440726034003555e-05
2010-02-18,0.001894902503188689,0.001894902503188689,0.0,0.0018925517607139449
2010-02-19,-0.0001971052328870737,-0.0001971052328870737,0.0,-0.00019969441476189208
2010-02-22,4.2839563118679536e-05,4.2839563118679536e-05,0.0,4.0250731351557625e-05
2010-02-23,-0.0031570182725177975,-0.0031570182725177975,0.0,-0.0031598425356351065
2010-02-24,0.001999301011087473,0.001999301011087473,0.0,0.001996482884513421
2010-02-25,-0.0003591857429822154,-0.0003591857429822154,0.0,-0.00036224291508458567
2010-02-26,0.00265306091632711,0.00265306091632711,0.0,0.0026500044993456604
2010-03-01,0.0019529450945126037,0.002018337300447204,0.13078441186946105,0.0019495191158679088
2010-03-02,0.002541305474867306,0.002541305474867306,0.0,0.0025376186588419634
2010-03-03,0.0016083619320665932,0.0016083619320665932,0.0,0.001604670379041415
2010-03-04,-0.0011072978722236337,-0.0011072978722236337,0.0,-0.0011109924184254116
2010-03-05,0.00356014130666793,0.00356014130666793,0.0,0.0035561850746403394
2010-03-08,0.000192703882466283,0.000192703882466283,0.0,0.00018847634818448654
2010-03-09,0.0006725816190700229,0.0006725816190700229,0.0,0.0006683536760125544
2010-03-10,0.0006978224333011873,0.0006978224333011873,0.0,0.0006938574000312887
2010-03-11,0.0005928139706674607,0.0005928139706674607,0.0,0.0005885831236076015
2010-03-12,0.000756960132944906,0.000756960132944906,0.0,0.0007529925372178778
2010-03-15,-0.0014390716960581695,-0.0014390716960581695,0.0,-0.001443570005984609
2010-03-16,0.004128800290837953,0.004128800290837953,0.0,0.0041245696361254715
2010-03-17,0.0017933600264838923,0.0017933600264838923,0.0,0.0017893856210251476
2010-03-18,-0.0017786479204173755,-0.0017786479204173755,0.0,-0.0017828910631703032
2010-03-19,-0.0035119103137147833,-0.0035119103137147833,0.0,-0.003516149703847485
2010-03-22,0.002104357397270107,0.002104357397270107,0.0,0.0021003899398942794
2010-03-23,0.0008827959694261978,0.0008827959694261978,0.0,0.0008790891188727123
2010-03-24,-0.0052700090077613115,-0.0052700090077613115,0.0,-0.005273717488904643
2010-03-25,-0.0014601080192272464,-0.0014601080192272464,0.0,-0.001463806714701222
2010-03-26,0.002147081177398258,0.002147081177398258,0.0,0.0021433851971050352
2010-03-29,0.0032222891467645898,0.0032222891467645898,0.0,0.003218324899195229
2010-03-30,0.0002643223691392027,0.0002643223691392027,0.0,0.00026008702691711675
2010-03-31,-4.500660621808983e-05,-4.500660621808983e-05,0.0,-4.924250703410105e-05
2010-04-01,0.0032203949381541808,0.003291026973145428,0.1412640699823465,0.0032164747437468913
2010-04-05,0.000752025339755491,0.000752025339755491,0.0,0.0007476235527534247
2010-04-06,0.0016588268531254613,0.0016588268531254613,0.0,0.0016546676644741748
2010-04-07,-0.00031286266168306653,-0.00031286266168306653,0.0,-0.00031702613435269876
2010-04-08,0.00023555235354932869,0.00023555235354932869,0.0,0.0002313896891188709
2010-04-09,0.002310955926290381,0.002310955926290381,0.0,0.002307037551885294
2010-04-12,-0.00010906588627079827,-0.00010906588627079827,0.0,-0.0001129898652694037
2010-04-13,0.0009416087026672404,0.0009416087026672404,0.0,0.0009376849882070575
2010-04-14,0.003152587784300831,0.003152587784300831,0.0,0.0031486617881248606
2010-04-15,7.661167551908932e-06,7.661167551908932e-06,0.0,3.727556001284672e-06
2010-04-16,-0.005237269614831064,-0.005237269614831064,0.0,-0.0052412032448878225
2010-04-19,-0.0013292633075742133,-0.0013292633075742133,0.0,-0.0013331842200009964
2010-04-20,0.002601178594340059,0.002601178594340059,0.0,0.0025972609140516496
2010-04-21,0.0008132592398526484,0.0008132592398526484,0.0,0.0008095805004345745
2010-04-22,-0.0002932695933373086,-0.0002932695933373086,0.0,-0.0002971955527778596
2010-04-23,0.002337826470292237,0.002337826470292237,0.0,0.002333901221724799
2010-04-26,-0.00015484250376207598,-0.00015484250376207598,0.0,-0.00015877340590510049
2010-04-27,-0.006533823228746849,-0.006533823228746849,0.0,-0.006537753756375605
2010-04-28,0.0009896294113460602,0.0009896294113460602,0.0,0.0009857147908710418
2010-04-29,0.005371103097165042,0.005371103097165042,0.0,0.005366941255519807
2010-04-30,-0.0020589862590197905,-0.0020589862590197905,0.0,-0.0020629162801438557
2010-05-03,0.0019462485104599914,0.002014213956231803,0.13593089154385,0.0019414199952598825
2010-05-04,-0.008549065014894497,-0.008549065014894497,0.0,-0.008553609866644642
2010-05-05,-0.003938271721245168,-0.003938271721245168,0.0,-0.003942517933614788
2010-05-06,-0.0075575508698484395,-0.0075575508698484395,0.0,-0.007560659811909472
2010-05-07,-0.0020705547507339217,-0.0020705547507339217,0.0,-0.0020742176501710985
2010-05-10,0.010921755442627745,0.010921755442627745,0.0,0.010917251078552
2010-05-11,-0.00021716445833919185,-0.00021716445833919185,0.0,-0.00022168875364703578
2010-05-12,0.0036968892677662346,0.0036968892677662346,0.0,0.0036923653688502906
2010-05-13,-0.0026714952123895186,-0.0026714952123895186,0.0,-0.0026760258344103484
2010-05-14,-0.004543865910801026,-0.004543865910801026,0.0,-0.004548391661468733
2010-05-17,-0.0017690261406315688,-0.0017690261406315688,0.0,-0.0017735435679409404
2010-05-18,-0.002717704979641411,-0.002717704979641411,0.0,-0.00272250129706201
2010-05-19,-0.0028213083226557023,-0.0028213083226557023,0.0,-0.002826099326888293
2010-05-20,-0.009142801599838268,-0.009142801599838268,0.0,-0.009147587072729845
2010-05-21,0.004343270337501037,0.004343270337501037,0.0,0.004338502955007007
2010-05-24,-0.0017636826527529514,-0.0017636826527529514,0.0,-0.0017684585918917649
2010-05-25,-0.001443282112756239,-0.001443282112756239,0.0,-0.0014480545711379458
2010-05-26,-0.0009495466577457146,-0.0009495466577457146,0.0,-0.0009543162635872664
2010-05-27,0.008676882133294761,0.008676882133294761,0.0,0.008672114405945537
2010-05-28,-0.0016497215835501455,-0.0016497215835501455,0.0,-0.0016542248731514643
2010-06-01,-0.003078246590110467,-0.0029084063742290667,0.3396804317629433,-0.0030817612997628397
2010-06-02,0.0016528287949828524,0.0016528287949828524,0.0,0.001649312571919859
2010-06-03,-0.0003639070139327405,-0.0003639070139327405,0.0,-0.00036698779948398394
2010-06-04,0.0001723584246184906,0.0001723584246184906,0.0,0.00016927853998125855
2010-06-07,0.00014525883399096884,0.00014525883399096884,0.0,0.0001426185671911646
2010-06-08,4.830521668219845e-05,4.830521668219845e-05,0.0,4.566464174049802e-05
2010-06-09,-0.00026529984369338955,-0.00026529984369338955,0.0,-0.0002675004082000957
2010-06-10,6.190499905467384e-05,6.190499905467384e-05,0.0,5.970490364015561e-05
2010-06-11,0.0021341187905306036,0.0021341187905306036,0.0,0.002132358626638127
2010-06-14,-0.0007550255753870916,-0.0007550255753870916,0.0,-0.0007565683544270217
2010-06-15,0.0015207833328143572,0.0015207833328143572,0.0,0.0015188009595404088
2010-06-16,0.00047811282068899175,0.00047811282068899175,0.0,0.0004759075026743229
2010-06-17,0.0016107945504644228,0.0016107945504644228,0.0,0.0016088090060196877
2010-06-18,0.00032677241766143617,0.00032677241766143617,0.0,0.0003243425239313961
2010-06-21,-0.0001677191122599897,-0.0001677191122599897,0.0,-0.0001703705950477242
2010-06-22,-0.00018423752058238652,-0.00018423752058238652,0.0,-0.00018710957675016713
2010-06-23,0.0004193529346918634,0.0004193529346918634,0.0,0.0004164812998928612
2010-06-24,-0.002137733682735621,-0.002137733682735621,0.0,-0.0021406062762327413
2010-06-25,0.0017371072930432163,0.0017371072930432163,0.0,0.0017342395971672506
2010-06-28,0.0006983766723105411,0.0006983766723105411,0.0,0.0006946214131798178
2010-06-29,-0.00203260275334316,-0.00203260275334316,0.0,-0.0020359180589539353
2010-06-30,-0.0008187528996702609,-0.0008187528996702609,0.0,-0.0008227248211506329
2010-07-01,-0.002688521725617732,-0.0026120815204335734,0.15288041036821487,-0.0026928683386534696
2010-07-02,-0.00064597974976488,-0.00064597974976488,0.0,-0.0006503252126811467
2010-07-06,0.0003422790903611084,0.0003422790903611084,0.0,0.00033793517916607416
2010-07-07,0.0014781124468370432,0.0014781124468370432,0.0,0.0014740232862635399
2010-07-08,-8.307611712121687e-05,-8.307611712121687e-05,0.0,-8.691283235071457e-05
2010-07-09,0.0006458607329042909,0.0006458607329042909,0.0,0.0006417684241537827
2010-07-12,-0.0001487947476176421,-0.0001487947476176421,0.0,-0.00015288851306886181
2010-07-13,0.0004114062522220241,0.0004114062522220241,0.0,0.0004075686617812261
2010-07-14,0.001091196901187086,0.001091196901187086,0.0,0.0010873584410660412
2010-07-15,-7.563748689676242e-05,-7.563748689676242e-05,0.0,-7.947825120734319e-05
2010-07-16,-0.0017290689461472164,-0.0017290689461472164,0.0,-0.0017329095507283396
2010-07-19,-0.00037820237475594265,-0.00037820237475594265,0.0,-0.00038255091451894576
2010-07-20,0.0018530500821662965,0.0018530500821662965,0.0,0.001848958192582502
2010-07-21,0.0010225699426422707,0.0010225699426422707,0.0,0.0010184738778742839
2010-07-22,0.0011879338584679378,0.0011879338584679378,0.0,0.0011838354920586827
2010-07-23,-0.0001727812348150115,-0.0001727812348150115,0.0,-0.00017688227190065437
2010-07-26,0.00043446914194622543,0.00043446914194622543,0.0,0.000430368493369171
2010-07-27,-0.0018239006974685168,-0.0018239006974685168,0.0,-0.001827745970982666
2010-07-28,0.0007115084537945293,0.0007115084537945293,0.0,0.0007076670304574469
2010-07-29,0.0002032837755339134,0.0002032837755339134,0.0,0.0001994408513005426
2010-07-30,0.0019057660188643855,0.0019057660188643855,0.0,0.0019019226658998425
2010-08-02,0.0007813462896060219,0.0008419848311611577,0.12127708311025963,0.0007768439328982787
2010-08-03,0.0009809071663995361,0.0009809071663995361,0.0,0.000976407445653243
2010-08-04,-0.0005573533908296291,-0.0005573533908296291,0.0,-0.0005618549239718121
2010-08-05,0.0009482036898926793,0.0009482036898926793,0.0,0.0009439844685542704
2010-08-06,0.0008864234514758262,0.0008864234514758262,0.0,0.0008822025883058669
2010-08-09,0.00011913498786264576,0.00011913498786264576,0.0,0.00011491259119404663
2010-08-10,0.00047429431424617086,0.00047429431424617086,0.0,0.00047007171150046604
2010-08-11,-0.0015730788755327074,-0.0015730788755327074,0.0,-0.0015773022983134426
2010-08-12,-0.0010552931058701587,-0.0010552931058701587,0.0,-0.0010597951844920012
2010-08-13,0.0009027263990257772,0.0009027263990257772,0.0,0.000898507529680648
2010-08-16,0.0029637099839694425,0.0029637099839694425,0.0,0.002959208188960984
2010-08-17,0.00014130699687409098,0.00014130699687409098,0.0,0.00013651803947681716
2010-08-18,0.00025428232916469007,0.00025428232916469007,0.0,0.0002497748148997489
2010-08-19,-0.0002906537201247117,-0.0002906537201247117,0.0,-0.00029516170258035306
2010-08-20,-0.0005632226636688165,-0.0005632226636688165,0.0,-0.0005674483953639503
2010-08-23,-4.67452959498349e-05,-4.67452959498349e-05,0.0,-5.125170518621248e-05
2010-08-24,0.000985440231617396,0.000985440231617396,0.0,0.0009809339085271418
2010-08-25,0.0001365763763769845,0.0001365763763769845,0.0,0.0001320682390232729
2010-08-26,0.0004810721854668909,0.0004810721854668909,0.0,0.0004765637967009842
2010-08-27,-0.001472050049302176,-0.001472050049302176,0.0,-0.001476277493589265
2010-08-30,0.001483522901716272,0.001483522901716272,0.0,0.0014795796604556597
2010-08-31,0.0015379057953339714,0.0015379057953339714,0.0,0.0015339601657113676
2010-09-01,-0.0002619530795526792,-0.00014767048447816844,0.22856519014893076,-0.0002663829921739815
2010-09-02,5.430568679187786e-05,5.430568679187786e-05,0.0,4.953323639559745e-05
2010-09-03,-0.0010873939077843398,-0.0010873939077843398,0.0,-0.0010921664007053744
2010-09-07,0.002694944989341197,0.002694944989341197,0.0,0.0026901733488446217
2010-09-08,-0.0007165433288228718,-0.0007165433288228718,0.0,-0.0007213170762493471
2010-09-09,-0.002011234285019259,-0.002011234285019259,0.0,-0.00201600747184464
2010-09-10,-2.484132122448912e-06,-2.484132122448912e-06,0.0,-7.255742249907372e-06
2010-09-13,0.0023984632913049975,0.0023984632913049975,0.0,0.0023933508539692515
2010-09-14,0.0017125954178405234,0.0017125954178405234,0.0,0.0017074809707511665
2010-09-15,-0.00136427478437251,-0.00136427478437251,0.0,-0.0013693906640501173
2010-09-16,-0.0006275436026288439,-0.0006275436026288439,0.0,-0.0006329993219898567
2010-09-17,0.0006074082144145176,0.0006074082144145176,0.0,0.0006019530561076342
2010-09-20,0.0016492671106618229,0.0016492671106618229,0.0,0.001643470428318134
2010-09-21,0.002761312108981784,0.002761312108981784,0.0,0.0027555138634854054
2010-09-22,-0.00024543693941403433,-0.00024543693941403433,0.0,-0.0002508965680476379
2010-09-23,-4.755632873443272e-05,-4.755632873443272e-05,0.0,-5.301573897920376e-05
2010-09-24,-0.0002812209900570073,-0.0002812209900570073,0.0,-0.0002863391474888722
2010-09-27,0.0014728921925291072,0.0014728921925291072,0.0,0.0014674330749134196
2010-09-28,0.0017417240841195447,0.0017417240841195447,0.0,0.0017362636574272396
2010-09-29,-0.0006407708188536088,-0.0006407708188536088,0.0,-0.0006462327908633313
2010-09-30,0.00038606614064984335,0.00038606614064984335,0.0,0.00038060473751851576
2010-10-01,-8.891276652822633e-05,-7.821068996771707e-06,0.1621833950627913,-9.447272390967763e-05
2010-10-04,-0.00036937051839724955,-0.00036937051839724955,0.0,-0.00037389037149765055
2010-10-05,0.004386525506963723,0.004386525506963723,0.0,0.0043823535527813965
2010-10-06,0.001639771848534588,0.001639771848534588,0.0,0.0016352494402615521
2010-10-07,-0.0007784482892282396,-0.0007784482892282396,0.0,-0.0007829717392158161
2010-10-08,0.003426390684164504,0.003426390684164504,0.0,0.0034222156487156924
2010-10-11,0.00043835292158322936,0.00043835292158322936,0.0,0.00043417588215727905
2010-10-12,-0.0005914725266606968,-0.0005914725266606968,0.0,-0.000595997930325995
2010-10-13,0.002774025075819475,0.002774025075819475,0.0,0.002769500046971092
2010-10-14,-0.000890846974326176,-0.000890846974326176,0.0,-0.0008957219702063474
2010-10-15,-0.0013143154464174689,-0.0013143154464174689,0.0,-0.0013191898354825333
2010-10-18,0.0017763166128299535,0.0017763166128299535,0.0,0.0017710950135950837
2010-10-19,-0.0032512530274374507,-0.0032512530274374507,0.0,-0.00325612772946809
2010-10-20,0.0025633217399947394,0.0025633217399947394,0.0,0.002558449258811722
2010-10-21,-0.002230151005359615,-0.002230151005359615,0.0,-0.002234677073887729
2010-10-22,0.0007954207909304234,0.0007954207909304234,0.0,0.0007908961364869036
2010-10-25,0.0021726196843143697,0.0021726196843143697,0.0,0.002167746436807033
2010-10-26,-0.0013640390823519422,-0.0013640390823519422,0.0,-0.0013689138090414745
2010-10-27,-0.002502503885251084,-0.002502503885251084,0.0,-0.0025073776819949526
2010-10-28,0.0023232912446105036,0.0023232912446105036,0.0,0.002318767164419493
2010-10-29,0.0020486166984667875,0.0020486166984667875,0.0,0.0020444392665436868
2010-11-01,4.767146961404123e-06,8.92164291574904e-05,0.16889856439223697,-2.10463290780515e-07
2010-11-02,0.0023092004746767536,0.0023092004746767536,0.0,0.002304231370866212
2010-11-03,-5.324806035633678e-05,-5.324806035633678e-05,0.0,-5.82176010432963e-05
2010-11-04,0.006959724120882527,0.006959724120882527,0.0,0.006954754590270076
2010-11-05,-0.0007768786483991486,-0.0007768786483991486,0.0,-0.0007818494866871838
2010-11-08,0.000778488400215327,0.000778488400215327,0.0,0.0007735177080099628
2010-11-09,-0.005515554888161911,-0.005515554888161911,0.0,-0.00552052572663877
2010-11-10,0.0011323151414455168,0.0011323151414455168,0.0,0.0011273453450431612
2010-11-11,-0.0020649328662982747,-0.0020649328662982747,0.0,-0.002069902876391218
2010-11-12,-0.005904119075220482,-0.005904119075220482,0.0,-0.005909088694812802
2010-11-15,-0.003909746080787424,-0.003909746080787424,0.0,-0.003915096769250212
2010-11-16,-0.0026333749929040584,-0.0026333749929040584,0.0,-0.0026391070118403736
2010-11-17,0.000976797528811968,0.000976797528811968,0.0,0.0009714481875108678
2010-11-18,0.004623137974998137,0.004623137974998137,0.0,0.004617406322283019
2010-11-19,0.0003542466239416786,0.0003542466239416786,0.0,0.0003488961333638823
2010-11-22,0.001644848593119752,0.001644848593119752,0.0,0.001639115846838701
2010-11-23,-0.0020695376071957483,-0.0020695376071957483,0.0,-0.002075270714149328
2010-11-24,-0.00010797564075282207,-0.00010797564075282207,0.0,-0.00011409046978396633
2010-11-26,-0.001435339768317112,-0.001435339768317112,0.0,-0.0014414545720384823
2010-11-29,0.001159847641757361,0.001159847641757361,0.0,0.0011529688666182215
2010-11-30,0.0009527596964187257,0.0009527596964187257,0.0,0.0009462627865106065
2010-12-01,0.0005412487060711957,0.0007103160725330238,0.338134732923635,0.0005368558328345022
2010-12-02,0.0007979759660130537,0.0007979759660130537,0.0,0.0007935855594497084
2010-12-03,0.0010027678372879212,0.0010027678372879212,0.0,0.0009989248649447508
2010-12-06,0.0020043422871784955,0.0020043422871784955,0.0,0.002000222978664728
2010-12-07,-0.0031520630510214476,-0.0031520630510214476,0.0,-0.0031559111612724576
2010-12-08,-0.0024093648077734287,-0.0024093648077734287,0.0,-0.0024134819984067716
2010-12-09,0.0002984300457764544,0.0002984300457764544,0.0,0.000294591471352582
2010-12-10,-0.00039459135787434096,-0.00039459135787434096,0.0,-0.00039815622406769
2010-12-13,0.0008742502204728275,0.0008742502204728275,0.0,0.0008701376392957471
2010-12-14,-0.0012730724799610016,-0.0012730724799610016,0.0,-0.0012771866681784859
2010-12-15,-0.001567532440560293,-0.001567532440560293,0.0,-0.001571370162636751
2010-12-16,0.0014807937261893667,0.0014807937261893667,0.0,0.0014772326314637396
2010-12-17,0.0023356674744936523,0.0023356674744936523,0.0,0.0023326522416507833
2010-12-20,0.0008269493146422224,0.0008269493146422224,0.0,0.0008231077422746961
2010-12-21,0.0014486973347151988,0.0014486973347151988,0.0,0.0014448543461415804
2010-12-22,0.00011389544067341717,0.00011389544067341717,0.0,0.0001100499746975826
2010-12-23,-0.0009463998466426871,-0.0009463998466426871,0.0,-0.0009502455073677468
2010-12-27,0.0008662194384876365,0.0008662194384876365,0.0,0.0008615516744794751
2010-12-28,-0.0007794230061471952,-0.0007794230061471952,0.0,-0.0007835432085172168
2010-12-29,0.0027170525978630344,0.0027170525978630344,0.0,0.0027134829944109305
2010-12-30,-0.0007171699418642152,-0.0007171699418642152,0.0,-0.0007204689352425632
2010-12-31,0.0014145240372482881,0.0014145240372482881,0.0,0.0014112260937789753
2011-01-03,0.0009036505538457806,0.000989839350762356,0.17237759383294124,0.000899393175829337
2011-01-04,-0.0015812615905154148,-0.0015812615905154148,0.0,-0.0015852358512134087
2011-01-05,-0.0017081601372044286,-0.0017081601372044286,0.0,-0.001712131893501488
2011-01-06,-0.00011357295919900423,-0.00011357295919900423,0.0,-0.00011782550879025396
2011-01-07,0.0006914736419352252,0.0006914736419352252,0.0,0.0006875047758550778
2011-01-10,0.0010437376373180207,0.0010437376373180207,0.0,0.0010394841060937686
2011-01-11,0.0007195771118428951,0.0007195771118428951,0.0,0.0007153218093140188
2011-01-12,0.001717072916317175,0.001717072916317175,0.0,0.0017128163934876086
2011-01-13,-9.321720709210002e-05,-9.321720709210002e-05,0.0,-9.747663684232432e-05
2011-01-14,-0.00021749843686824644,-0.00021749843686824644,0.0,-0.00022175770879157575
2011-01-18,0.0006721044488600114,0.0006721044488600114,0.0,0.0006675616183590503
2011-01-19,-0.001205781143074236,-0.001205781143074236,0.0,-0.0012103251868330052
2011-01-20,-0.003802413766293533,-0.003802413766293533,0.0,-0.0038069556307935813
2011-01-21,0.0003219324147876179,0.0003219324147876179,0.0,0.00031739744878001984
2011-01-24,0.0007462874928134688,0.0007462874928134688,0.0,0.0007417519429310648
2011-01-25,0.001047151234548238,0.001047151234548238,0.0,0.0010426143321660504
2011-01-26,0.0009390727915168373,0.0009390727915168373,0.0,0.0009345339933634722
2011-01-27,-0.00023855951319806667,-0.00023855951319806667,0.0,-0.00024281622882002174
2011-01-28,-0.0012111909543127686,-0.0012111909543127686,0.0,-0.0012154472653211036
2011-01-31,0.001149945065691993,0.001149945065691993,0.0,0.001145690811439356
2011-02-01,0.002675870145071979,0.002749626746552769,0.1475132029615616,0.00267189761980487
2011-02-02,-0.00043821532768362204,-0.00043821532768362204,0.0,-0.00044245159509083057
2011-02-03,-0.0004589756890907015,-0.0004589756890907015,0.0,-0.0004626816125348672
2011-02-04,-0.0010637771377025595,-0.0010637771377025595,0.0,-0.0010677468599720305
2011-02-07,0.0006216924087190101,0.0006216924087190101,0.0,0.0006174602904080948
2011-02-08,0.000666199998714756,0.000666199998714756,0.0,0.0006622311546484484
2011-02-09,-0.0002814126159159658,-0.0002814126159159658,0.0,-0.0002851181028935371
2011-02-10,-0.001179854923975654,-0.001179854923975654,0.0,-0.0011830306092885504
2011-02-11,0.0014677909291043179,0.0014677909291043179,0.0,0.0014646171175109659
2011-02-14,0.0011024093684406377,0.0011024093684406377,0.0,0.001098968551011119
2011-02-15,-0.000760139663379511,-0.000760139663379511,0.0,-0.0007635823725666254
2011-02-16,0.0015013829718966143,0.0015013829718966143,0.0,0.0014982062914850281
2011-02-17,0.0024900528615452444,0.0024900528615452444,0.0,0.0024876685688909033
2011-02-18,0.0010646519722392611,0.0010646519722392611,0.0,0.0010619994818579974
2011-02-22,-0.003048882371256334,-0.003048882371256334,0.0,-0.003052067038922435
2011-02-23,0.0003090535680694284,0.0003090535680694284,0.0,0.000305873723920039
2011-02-24,-0.00025380748099046446,-0.00025380748099046446,0.0,-0.0002572528416752523
2011-02-25,0.004448404432029207,0.004448404432029207,0.0,0.00444495950632081
2011-02-28,0.0019966780172577803,0.0019966780172577803,0.0,0.001992694345364755
2011-03-01,-0.0019614504744360772,-0.0018871040093657587,0.14869293014070956,-0.0019656822053801836
2011-03-02,0.00020578241478519388,0.00020578241478519388,0.0,0.0002018569994591127
2011-03-03,0.001959583933738296,0.001959583933738296,0.0,0.001955658264669926
2011-03-04,0.001033269557487726,0.001033269557487726,0.0,0.001029643636906727
2011-03-07,-0.0025204326492066498,-0.0025204326492066498,0.0,-0.002523757484591669
2011-03-08,0.0006993563720578688,0.0006993563720578688,0.0,0.0006960341651626714
2011-03-09,0.00020629531438776105,0.00020629531438776105,0.0,0.0002032744637286768
2011-03-10,-0.005354284412669275,-0.005354284412669275,0.0,-0.005356701249520184
2011-03-11,0.0009599330680054585,0.0009599330680054585,0.0,0.0009575203102918257
2011-03-14,-0.002198290981782147,-0.002198290981782147,0.0,-0.0022010061561567023
2011-03-15,-0.005349162110511174,-0.005349162110511174,0.0,-0.005352176874879758
2011-03-16,-0.002628699362989262,-0.002628699362989262,0.0,-0.002631708999557974
2011-03-17,0.006062711938770171,0.006062711938770171,0.0,0.00606030625076201
2011-03-18,0.0022349347444354795,0.0022349347444354795,0.0,0.002232825713011833
2011-03-21,0.003950624626918087,0.003950624626918087,0.0,0.003947609594496353
2011-03-22,1.8558331412510398e-05,1.8558331412510398e-05,0.0,1.5539547989059425e-05
2011-03-23,0.00024065761582447998,0.00024065761582447998,0.0,0.00023794069488513827
2011-03-24,0.0012119472266258757,0.0012119472266258757,0.0,0.0012092301000922424
2011-03-25,-0.0007863455573338118,-0.0007863455573338118,0.0,-0.0007890637179831369
2011-03-28,-0.0015694934600583021,-0.0015694934600583021,0.0,-0.0015728148356956879
2011-03-29,0.0004682411419247856,0.0004682411419247856,0.0,0.0004652232010373276
2011-03-30,0.0028234841093179863,0.0028234841093179863,0.0,0.0028204657236631046
2011-03-31,0.0009663801789836501,0.0009663801789836501,0.0,0.000963661224945957
2011-04-01,0.001544566381000978,0.0016347521984840796,0.18037163496646708,0.0015425864752332682
2011-04-04,0.0019957011576356987,0.0019957011576356987,0.0,0.001994002054722246
2011-04-05,-0.0002976124367332078,-0.0002976124367332078,0.0,-0.0002995963078659795
2011-04-06,-0.000331696178616947,-0.000331696178616947,0.0,-0.00033339643700489626
2011-04-07,0.00015366160178009736,0.00015366160178009736,0.0,0.00015252824676047298
2011-04-08,0.001249391056134641,0.001249391056134641,0.0,0.0012482576313715768
2011-04-11,-0.0016825680053111913,-0.0016825680053111913,0.0,-0.001683985494217568
2011-04-12,-0.0005436392494221343,-0.0005436392494221343,0.0,-0.0005450557833145348
2011-04-13,0.001702246380294703,0.001702246380294703,0.0,0.001700546910104289
2011-04-14,0.0008983094320769158,0.0008983094320769158,0.0,0.000896325365762301
2011-04-15,0.0029820511327476318,0.0029820511327476318,0.0,0.0029800663540744416
2011-04-18,-0.0014635382809140562,-0.0014635382809140562,0.0,-0.0014655254173202442
2011-04-19,0.002224509097587868,0.002224509097587868,0.0,0.002222806831093912
2011-04-20,0.003275635146456457,0.003275635146456457,0.0,0.0032739313735705533
2011-04-21,0.0020125117037741447,0.0020125117037741447,0.0,0.0020108057199375545
2011-04-25,0.0003986878900541502,0.0003986878900541502,0.0,0.00039669599398199786
2011-04-26,0.0013726230949357987,0.0013726230949357987,0.0,0.001370630885666995
2011-04-27,0.002106209152231475,0.002106209152231475,0.0,0.002104500621305568
2011-04-28,0.0010168758315869386,0.0010168758315869386,0.0,0.0010157358687806323
2011-04-29,0.0017575451754743288,0.0017575451754743288,0.0,0.0017564047582421221
2011-05-02,-0.002549789369955646,-0.002489046552242913,0.1214856354254189,-0.002551350074679378
2011-05-03,-0.002041276885156429,-0.002041276885156429,0.0,-0.002042213800210677
2011-05-04,-0.002568396637996795,-0.002568396637996795,0.0,-0.0025693330344038544
2011-05-05,-0.006741834900645616,-0.006741834900645616,0.0,-0.006742458728744951
2011-05-06,0.00048371937784819075,0.00048371937784819075,0.0,0.0004830967024366532
2011-05-09,0.003916965887486024,0.003916965887486024,0.0,0.003916031750372539
2011-05-10,0.0009697496514315951,0.0009697496514315951,0.0,0.0009688145141642583
2011-05-11,-0.005196605539846799,-0.005196605539846799,0.0,-0.005197540924489076
2011-05-12,-1.2403725836440671e-06,-1.2403725836440671e-06,0.0,-1.863073988621699e-06
2011-05-13,-0.0020700461667545467,-0.0020700461667545467,0.0,-0.002070980218543951
2011-05-16,-0.0007217726307388039,-0.0007217726307388039,0.0,-0.0007230173239094372
2011-05-17,0.0008921524390306246,0.0008921524390306246,0.0,0.0008909079933239822
2011-05-18,0.00204871863514855,0.00204871863514855,0.0,0.002047162696006419
2011-05-19,9.784921677136182e-05,9.784921677136182e-05,0.0,9.629240218635625e-05
2011-05-20,-0.0012277787429065823,-0.0012277787429065823,0.0,-0.0012293355992996806
2011-05-23,-0.0036107131881603083,-0.0036107131881603083,0.0,-0.003612580785545675
2011-05-24,0.0020202056894089715,0.0020202056894089715,0.0,0.0020183399523182478
2011-05-25,0.0016411097003152797,0.0016411097003152797,0.0,0.0016392429244821687
2011-05-26,0.0027307957683382345,0.0027307957683382345,0.0,0.002729239419779319
2011-05-27,0.0030296639338684983,0.0030296639338684983,0.0,0.0030281064203154305
2011-05-31,0.0026344046912545327,0.0026344046912545327,0.0,0.0026325341286812585
2011-06-01,-0.00409153392167072,-0.00397923846881254,0.22459090571645768,-0.0040934543731349065
2011-06-02,-0.0006258922676956047,-0.0006258922676956047,0.0,-0.0006274276872626282
2011-06-03,0.0003866452805776355,0.0003866452805776355,0.0,0.0003851098935035044
2011-06-06,-0.003715074281643971,-0.003715074281643971,0.0,-0.0037169935405675643
2011-06-07,0.0025725612948614973,0.0025725612948614973,0.0,0.0025706422778262
2011-06-08,-0.0013549381888614542,-0.0013549381888614542,0.0,-0.001356473536145322
2011-06-09,-0.00018570898616188103,-0.00018570898616188103,0.0,-0.00018762808215374077
2011-06-10,-0.005619393777770765,-0.005619393777770765,0.0,-0.005621312861683542
2011-06-13,-0.0006798695916336861,-0.0006798695916336861,0.0,-0.0006817883079783224
2011-06-14,0.002390329066555008,0.002390329066555008,0.0,0.0023884103947113314
2011-06-15,-0.004342338951176861,-0.004342338951176861,0.0,-0.004344257779106765
2011-06-16,-0.001888571998040156,-0.001888571998040156,0.0,-0.0018904905411827907
2011-06-17,0.0024968468264048305,0.0024968468264048305,0.0,0.002495312091166057
2011-06-20,0.0010574690405911191,0.0010574690405911191,0.0,0.0010563178909696199
2011-06-21,0.0046948899383392195,0.0046948899383392195,0.0,0.004693738747175021
2011-06-22,-0.0025794460651902273,-0.0025794460651902273,0.0,-0.0025802136483510266
2011-06-23,-0.0006827592963813967,-0.0006827592963813967,0.0,-0.0006831430542548246
2011-06-24,-0.0021838342897207985,-0.0021838342897207985,0.0,-0.002184601787611517
2011-06-27,0.00047891127247878806,0.00047891127247878806,0.0,0.0004781438318266757
2011-06-28,0.0017808833670074353,0.0017808833670074353,0.0,0.0017797321872097813
2011-06-29,0.0032901961255591416,0.0032901961255591416,0.0,0.0032894286257887833
2011-06-30,0.0016161656049547002,0.0016161656049547002,0.0,0.0016150142266594192
2011-07-01,0.0029216743689073343,0.003019703459831602,0.19605818184860302,0.0029210160340571827
2011-07-05,0.0020576345309715194,0.0020576345309715194,0.0,0.002056976193162383
2011-07-06,0.0002551610280030481,0.0002551610280030481,0.0,0.0002548317201720052
2011-07-07,0.0027539251608570403,0.0027539251608570403,0.0,0.0027529371856935417
2011-07-08,-7.838630937651025e-05,-7.838630937651025e-05,0.0,-7.937484068111133e-05
2011-07-11,-0.004673276441566454,-0.004673276441566454,0.0,-0.0046742649570401
2011-07-12,0.0004515739700967636,0.0004515739700967636,0.0,0.0004505864028728108
2011-07-13,0.004747944141643812,0.004747944141643812,0.0,0.004747614922040145
2011-07-14,-0.003485446764086686,-0.003485446764086686,0.0,-0.003485776303162049
2011-07-15,0.002489966396620913,0.002489966396620913,0.0,0.0024893077891565214
2011-07-18,-0.0020117868006545025,-0.0020117868006545025,0.0,-0.002012445743537066
2011-07-19,0.0037382775874810203,0.0037382775874810203,0.0,0.0037372895804820222
2011-07-20,0.0009075887858913667,0.0009075887858913667,0.0,0.0009069296118472825
2011-07-21,0.002262068211464463,0.002262068211464463,0.0,0.0022604199715069535
2011-07-22,0.002083483931440755,0.002083483931440755,0.0,0.002081834933398719
2011-07-25,-0.0016249650224706702,-0.0016249650224706702,0.0,-0.0016266147172967337
2011-07-26,0.0023418641370924753,0.0023418641370924753,0.0,0.0023395553263910822
2011-07-27,-0.006136820030431256,-0.006136820030431256,0.0,-0.006139459923451382
2011-07-28,0.0002743125596345042,0.0002743125596345042,0.0,0.0002720055422134803
2011-07-29,0.0027498960252627658,0.0027498960252627658,0.0,0.0027466001016612108
2011-08-01,-0.000363401322997281,-0.0002982329710429221,0.13033670390864577,-0.0003666030820354189
2011-08-02,-0.0010799896541936471,-0.0010799896541936471,0.0,-0.001081903924114548
2011-08-03,-0.00014424891922082406,-0.00014424891922082406,0.0,-0.00014488684100874268
2011-08-04,-0.010650554820621161,-0.010650554820621161,0.0,-0.010651192719942098
2011-08-05,-0.0017012373980704876,-0.0017012373980704876,0.0,-0.0017015555093822783
2011-08-08,-0.009659805582076908,-0.009659805582076908,0.0,-0.009661395467938119
2011-08-09,0.011434527450310483,0.011434527450310483,0.0,0.011433575826057031
2011-08-10,-0.0021779420698665453,-0.0021779420698665453,0.0,-0.002178578286223897
2011-08-11,0.002686348315472209,0.002686348315472209,0.0,0.002685394506383419
2011-08-12,0.0017603627228075514,0.0017603627228075514,0.0,0.0017597264273703944
2011-08-15,0.0047450356856189035,0.0047450356856189035,0.0,0.0047443991136660105
2011-08-16,-0.00022473964134894775,-0.00022473964134894775,0.0,-0.000225695612015367
2011-08-17,0.0025329776570097717,0.0025329776570097717,0.0,0.002532659017692477
2011-08-18,-0.007072052207151458,-0.007072052207151458,0.0,-0.007072371044011973
2011-08-19,-0.00032743584653482927,-0.00032743584653482927,0.0,-0.000328072409321271
2011-08-22,0.0008918830276409828,0.0008918830276409828,0.0,0.000891564771974308
2011-08-23,0.001691007177232473,0.001691007177232473,0.0,0.0016906888515532325
2011-08-24,-0.0045373123004393,-0.0045373123004393,0.0,-0.00453794921683677
2011-08-25,-0.0010709425272958928,-0.0010709425272958928,0.0,-0.0010712606282974608
2011-08-26,0.005716010062572607,0.005716010062572607,0.0,0.0057156920459707295
2011-08-29,0.002819856416911959,0.002819856416911959,0.0,0.0028192194878850075
2011-08-30,0.0028761520346107794,0.0028761520346107794,0.0,0.0028758333497522054
2011-08-31,0.0010142125048557826,0.0010142125048557826,0.0,0.0010135746869395872
2011-09-01,-0.00046797443602764055,-0.00033421619438245287,0.2675164832903062,-0.0004684507578896155
2011-09-02,0.0003853347386466588,0.0003853347386466588,0.0,0.00038485838445337595
2011-09-06,-0.002488964653872383,-0.002488964653872383,0.0,-0.0024894411302839735
2011-09-07,0.0010392606541207439,0.0010392606541207439,0.0,0.00103878496911476
2011-09-08,-0.0003715926368264011,-0.0003715926368264011,0.0,-0.00037206865193865093
2011-09-09,-0.002580695518542342,-0.002580695518542342,0.0,-0.002580933467060989
2011-09-12,-0.0011850533869551816,-0.0011850533869551816,0.0,-0.0011852909244001249
2011-09-13,0.0007851238728182608,0.0007851238728182608,0.0,0.0007848865243620061
2011-09-14,0.0005313488223390728,0.0005313488223390728,0.0,0.0005311113487718925
2011-09-15,0.00015560543819859163,0.00015560543819859163,0.0,0.00015536788000497046
2011-09-16,1.8084116448768839e-06,1.8084116448768839e-06,0.0,1.5708286722685125e-06
2011-09-19,-0.0011473484698175662,-0.0011473484698175662,0.0,-0.0011475860530781499
2011-09-20,0.00021957161199059883,0.00021957161199059883,0.0,0.00021933421164610495
2011-09-21,-0.0028905503197509397,-0.0028905503197509397,0.0,-0.002890787755092965
2011-09-22,-0.0041061151861147005,-0.0041061151861147005,0.0,-0.0041061151861147005
2011-09-23,-0.0029034850902647236,-0.0029034850902647236,0.0,-0.002903721404468719
2011-09-26,0.00023577186397916172,0.00023577186397916172,0.0,0.0002353001703690529
2011-09-27,0.0016273450399710843,0.0016273450399710843,0.0,0.0016271091552207536
2011-09-28,-0.003437042670283441,-0.003437042670283441,0.0,-0.00343751496274499
2011-09-29,0.0014363305838485108,0.0014363305838485108,0.0,0.001435859399718645
2011-09-30,-0.0034645634219355737,-0.0034645634219355737,0.0,-0.0034650350685698616
2011-10-03,0.0009522994856558942,0.001062153959962453,0.21970894861328533,0.0009518866910682918
2011-10-04,-0.0010931016370067104,-0.0010931016370067104,0.0,-0.001093308254879972
2011-10-05,-0.000256613192318067,-0.000256613192318067,0.0,-0.000256613192318067
2011-10-06,-0.0007957020564475226,-0.0007957020564475226,0.0,-0.0007959084173013923
2011-10-07,-0.0007189630063906272,-0.0007189630063906272,0.0,-0.0007191692155707814
2011-10-10,-0.0011758075528858214,-0.0011758075528858214,0.0,-0.0011760136249213656
2011-10-11,0.0003134964719659905,0.0003134964719659905,0.0,0.00031308477700145107
2011-10-12,-0.0011870515257466074,-0.0011870515257466074,0.0,-0.001187463340415425
2011-10-13,0.0007785329842731059,0.0007785329842731059,0.0,0.0007781216234021244
2011-10-14,-0.00025882520420972277,-0.00025882520420972277,0.0,-0.00025923686247448775
2011-10-17,0.0011918349088935187,0.0011918349088935187,0.0,0.0011910117901537704
2011-10-18,-0.0003380270029486043,-0.0003380270029486043,0.0,-0.0003388510313839402
2011-10-19,0.00011970336876743204,0.00011970336876743204,0.0,0.00011908554101156422
2011-10-20,0.00015027971905245963,0.00015027971905245963,0.0,0.0001496618227568495
2011-10-21,-0.00027591003418869775,-0.00027591003418869775,0.0,-0.00027632202240858217
2011-10-24,-0.00041054282216179683,-0.00041054282216179683,0.0,-0.0004109547050480849
2011-10-25,0.0019740465900366377,0.0019740465900366377,0.0,0.0019738407269917165
2011-10-26,-0.0013147456599166274,-0.0013147456599166274,0.0,-0.001315158138458254
2011-10-27,-0.0017297925121521063,-0.0017297925121521063,0.0,-0.001730204488889424
2011-10-28,0.0007214912372970339,0.0007214912372970339,0.0,0.0007212855796088461
2011-10-31,0.0010205228052713178,0.0010205228052713178,0.0,0.0010203170097567438
2011-11-01,0.0017129625126943715,0.0017618679977371432,0.09781097008537665,0.0017127480797678497
2011-11-02,0.0004640456009887828,0.0004640456009887828,0.0,0.0004638312971337783
2011-11-03,0.0003704793121497296,0.0003704793121497296,0.0,0.0003702649236356922
2011-11-04,0.00010544557355673945,0.00010544557355673945,0.0,0.00010523111747864226
2011-11-07,0.0005816949781849434,0.0005816949781849434,0.0,0.0005814805028788363
2011-11-08,-0.00057253356108522,-0.00057253356108522,0.0,-0.0005727481424017934
2011-11-09,-0.000734097593840799,-0.000734097593840799,0.0,-0.0007343120707567472
2011-11-10,-0.00033918567486657114,-0.00033918567486657114,0.0,-0.0003394000178225987
2011-11-11,0.00036846701108750324,0.00036846701108750324,0.0,0.0003682527300479067
2011-11-14,8.878922094757158e-05,8.878922094757158e-05,0.0,8.857487267117588e-05
2011-11-15,-0.00010671319355914921,-0.00010671319355914921,0.0,-0.00010692755803610784
2011-11-16,-0.0004901118177262909,-0.0004901118177262909,0.0,-0.0004903261627301841
2011-11-17,-0.001205830930396945,-0.001205830930396945,0.0,-0.001206259441445427
2011-11-18,-7.38742221335631e-05,-7.38742221335631e-05,0.0,-7.408825724362256e-05
2011-11-21,-0.0007270946851758442,-0.0007270946851758442,0.0,-0.0007275227283869873
2011-11-22,0.0005109327730845603,0.0005109327730845603,0.0,0.0005105049958981725
2011-11-23,-0.0006693311378629385,-0.0006693311378629385,0.0,-0.0006697591018906798
2011-11-25,-0.0010379671572100513,-0.0010379671572100513,0.0,-0.0010383948763083145
2011-11-28,0.0010775776041016538,0.0010775776041016538,0.0,0.0010769365957838649
2011-11-29,0.00010463907582991538,0.00010463907582991538,0.0,0.00010421134264676733
2011-11-30,0.000774554482259715,0.000774554482259715,0.0,0.0007743405965255038
2011-12-01,-0.00016569816437905782,-1.31072084296191e-05,0.30518191189900806,-0.0001660156488908834
2011-12-02,0.0008166636812567685,0.0008166636812567685,0.0,0.0008160284196513989
2011-12-05,0.00018157412310260135,0.00018157412310260135,0.0,0.00018125642767734268
2011-12-06,-0.0003143367484458315,-0.0003143367484458315,0.0,-0.00031465445823643695
2011-12-07,0.0006344955818247122,0.0006344955818247122,0.0,0.0006338602119970255
2011-12-08,-0.0003070195932601827,-0.0003070195932601827,0.0,-0.00030733732835647236
2011-12-09,-0.0006625997381135562,-0.0006625997381135562,0.0,-0.0006629174489201165
2011-12-12,-0.0002747087656751468,-0.0002747087656751468,0.0,-0.00027502642402564293
2011-12-13,-8.888781477534025e-08,-8.888781477534025e-08,0.0,-4.0652441141394244e-07
2011-12-14,-0.0005246868644395164,-0.0005246868644395164,0.0,-0.0005250045010291161
2011-12-15,-9.660870977801217e-05,-9.660870977801217e-05,0.0,-9.660870977801217e-05
2011-12-16,0.0015456918541305598,0.0015456918541305598,0.0,0.0015456918541305598
2011-12-19,0.00040542257356501743,0.00040542257356501743,0.0,0.0004051048639130783
2011-12-20,-3.9231693863217565e-05,-3.9231693863217565e-05,0.0,-3.95494355774668e-05
2011-12-21,-0.000968117116776801,-0.000968117116776801,0.0,-0.0009684348553883417
2011-12-22,0.0001644830192661928,0.0001644830192661928,0.0,0.00016416535729411863
2011-12-23,-0.0002391625362567762,-0.0002391625362567762,0.0,-0.00023948021124774809
2011-12-27,0.00010615230168720124,0.00010615230168720124,0.0,0.00010551698957393785
2011-12-28,7.158671271101369e-05,7.158671271101369e-05,0.0,7.126904825126632e-05
2011-12-29,0.0003005536970206446,0.0003005536970206446,0.0,0.00029991835676821863
2011-12-30,0.0009619061319590116,0.0009619061319590116,0.0,0.0009612707441400636
2012-01-03,-0.00036392964399944994,-0.0002300510190713645,0.26775724985590843,-0.00036467672088258076
2012-01-04,-5.3704226257833554e-05,-5.3704226257833554e-05,0.0,-5.445128606364673e-05
2012-01-05,0.000364064699929445,0.000364064699929445,0.0,0.00036331764262589915
2012-01-06,0.0010216697562941413,0.0010216697562941413,0.0,0.0010209226820337238
2012-01-09,-0.00035965707362761723,-0.00035965707362761723,0.0,-0.0003600306345264599
2012-01-10,-0.0004192528028610365,-0.0004192528028610365,0.0,-0.00041999990791821853
2012-01-11,0.0009873130318471812,0.0009873130318471812,0.0,0.0009865659463126147
2012-01-12,-5.72247406990245e-05,-5.72247406990245e-05,0.0,-5.8345437894585506e-05
2012-01-13,0.0011088048279752627,0.0011088048279752627,0.0,0.001107684134773015
2012-01-17,0.0003225534118254103,0.0003225534118254103,0.0,0.000321432641333148
2012-01-18,-0.0008965453349234487,-0.0008965453349234487,0.0,-0.0008976661278922718
2012-01-19,-0.0011517430935784612,-0.0011517430935784612,0.0,-0.0011536109776427857
2012-01-20,-0.0008103697468243576,-0.0008103697468243576,0.0,-0.0008122374968523266
2012-01-23,-0.0004731233570062221,-0.0004731233570062221,0.0,-0.0004746174815207164
2012-01-24,-5.712510207755983e-06,-5.712510207755983e-06,0.0,-7.206590617133673e-06
2012-01-25,0.0014152039720070064,0.0014152039720070064,0.0,0.0014137098921301588
2012-01-26,0.0016992881460642373,0.0016992881460642373,0.0,0.00169742038154156
2012-01-27,0.000794851952315101,0.000794851952315101,0.0,0.0007926103980103897
2012-01-30,0.000736500545359231,0.000736500545359231,0.0,0.0007346324911779444
2012-01-31,0.0008253439898160408,0.0008253439898160408,0.0,0.0008231022222887762
2012-02-01,-0.0009344949881249232,-0.0007446249655246318,0.3797400452003603,-0.0009375851631446241
2012-02-02,0.0006464103214647299,0.0006464103214647299,0.0,0.0006422871815089482
2012-02-03,-0.0022260942221251634,-0.0022260942221251634,0.0,-0.002230216749333066
2012-02-06,0.000609190432758977,0.000609190432758977,0.0,0.0006050657906749474
2012-02-07,-0.0011888557058149507,-0.0011888557058149507,0.0,-0.0011929797694967231
2012-02-08,-0.00015176740703359837,-0.00015176740703359837,0.0,-0.00015640825005506308
2012-02-09,-0.0016367988155701063,-0.0016367988155701063,0.0,-0.0016414398209184651
2012-02-10,0.001174700669186901,0.001174700669186901,0.0,0.0011700579102863285
2012-02-13,-6.268758434002653e-05,-6.268758434002653e-05,0.0,-6.836053108803644e-05
2012-02-14,1.2422626918695556e-05,1.2422626918695556e-05,0.0,6.233868293026452e-06
2012-02-15,2.7304471941880237e-05,2.7304471941880237e-05,0.0,2.1631459449648835e-05
2012-02-16,-0.0013923931933689238,-0.0013923931933689238,0.0,-0.0013975504449878174
2012-02-17,-0.001155261633822513,-0.001155261633822513,0.0,-0.001159904652354084
2012-02-21,-0.000672308325344928,-0.000672308325344928,0.0,-0.0006764365546161891
2012-02-22,0.0015923956466534772,0.0015923956466534772,0.0,0.0015877506669659555
2012-02-23,0.0008224470670414874,0.0008224470670414874,0.0,0.0008178037941541881
2012-02-24,-0.0007158160084472787,-0.0007158160084472787,0.0,-0.0007209742218656182
2012-02-27,0.001266423210791956,0.001266423210791956,0.0,0.0012602323318073243
2012-02-28,0.0005910892387193112,0.0005910892387193112,0.0,0.0005859316790631126
2012-02-29,-0.0022415405845759295,-0.0022415405845759295,0.0,-0.002245666070244479
2012-03-01,-0.0006555058357813337,-0.0005488252966352469,0.2133610782922474,-0.000659332350861488
2012-03-02,0.0005601769950476232,0.0005601769950476232,0.0,0.0005568255174551674
2012-03-05,-0.00108336159975142,-0.00108336159975142,0.0,-0.0010871914927787832
2012-03-06,-0.00015135122416187752,-0.00015135122416187752,0.0,-0.0001551818278750335
2012-03-07,0.00031004473481743844,0.00031004473481743844,0.0,0.0003062140318027685
2012-03-08,-0.0003074741735411557,-0.0003074741735411557,0.0,-0.00031130467319857456
2012-03-09,0.0005230301681735661,0.0005230301681735661,0.0,0.0005187206291090559
2012-03-12,-0.00011106324293752579,-0.00011106324293752579,0.0,-0.0001153723961497929
2012-03-13,-0.0010854822504944295,-0.0010854822504944295,0.0,-0.0010893126817437264
2012-03-14,-0.004578695955506751,-0.004578695955506751,0.0,-0.004583005992408442
2012-03-15,0.00036799748402160937,0.00036799748402160937,0.0,0.0003641633201812419
2012-03-16,0.000667662700506666,0.000667662700506666,0.0,0.0006633495391420543
2012-03-19,-0.0012421306562532264,-0.0012421306562532264,0.0,-0.001246922507884022
2012-03-20,-0.000389031377035276,-0.000389031377035276,0.0,-0.0003938242529542766
2012-03-21,0.001637593645661628,0.001637593645661628,0.0,0.0016332797684987296
2012-03-22,-4.843172349455749e-05,-4.843172349455749e-05,0.0,-5.226520200263004e-05
2012-03-23,0.001115249036387267,0.001115249036387267,0.0,0.0011114155259671808
2012-03-26,0.0009207634724699432,0.0009207634724699432,0.0,0.000916451599027775
2012-03-27,0.001601193135943424,0.001601193135943424,0.0,0.0015968819436486704
2012-03-28,-0.0008092614481673976,-0.0008092614481673976,0.0,-0.0008135714578511438
2012-03-29,0.0013101506190715817,0.0013101506190715817,0.0,0.001306797924059203
2012-03-30,-0.0016748637855552584,-0.0016748637855552584,0.0,-0.0016782157283250173
2012-04-02,0.0012014907151629561,0.0013326421705386338,0.26230291075109363,0.0011982111428594823
2012-04-03,-0.002791483350480517,-0.002791483350480517,0.0,-0.0027947584381959817
2012-04-04,0.000599286181826697,0.000599286181826697,0.0,0.0005960108128251039
2012-04-05,0.0010460019103337714,0.0010460019103337714,0.0,0.0010427266016835783
2012-04-09,0.0021439097166935372,0.0021439097166935372,0.0,0.0021402251128436276
2012-04-10,0.0009340775797614942,0.0009340775797614942,0.0,0.0009303932180300834
2012-04-11,-0.00022938601320110497,-0.00022938601320110497,0.0,-0.00023307026954262535
2012-04-12,-9.582812690478448e-06,-9.582812690478448e-06,0.0,-1.3267094919049326e-05
2012-04-13,0.0014419951692570265,0.0014419951692570265,0.0,0.0014383108859469898
2012-04-16,0.0001323120821274948,0.0001323120821274948,0.0,0.00012903730807560553
2012-04-17,0.0009456798256799459,0.0009456798256799459,0.0,0.0009424050648801206
2012-04-18,0.0003307339182418989,0.0003307339182418989,0.0,0.00032786858534116517
2012-04-19,-0.0006001172496891138,-0.0006001172496891138,0.0,-0.0006029825536419727
2012-04-20,0.00014075696230042567,0.00014075696230042567,0.0,0.0001374822691457205
2012-04-23,0.0003819156840985105,0.0003819156840985105,0.0,0.00037864100503018415
2012-04-24,-0.0006307148411122121,-0.0006307148411122121,0.0,-0.000634398812082372
2012-04-25,0.001409056853661328,0.001409056853661328,0.0,0.0014053728116642092
2012-04-26,0.0013499533188903179,0.0013499533188903179,0.0,0.0013462694353486456
2012-04-27,0.00012011265425004858,0.00012011265425004858,0.0,0.00011642892231267783
2012-04-30,-0.00017354484433695916,-0.00017354484433695916,0.0,-0.00017763786483688737
2012-05-01,-0.0005793818998252043,-0.00047389655532181774,0.21097068900678229,-0.0005824958913419634
2012-05-02,0.002005115832522275,0.002005115832522275,0.0,0.002002349512118651
2012-05-03,-1.314844830657691e-05,-1.314844830657691e-05,0.0,-1.6261477903694878e-05
2012-05-04,0.0015526465417041724,0.0015526465417041724,0.0,0.0015502253011498808
2012-05-07,0.00028103000645618437,0.00028103000645618437,0.0,0.0002775703017813232
2012-05-08,0.001440266157542558,0.001440266157542558,0.0,0.0014371522947454704
2012-05-09,0.00047182715342430903,0.00047182715342430903,0.0,0.00046871263255851596
2012-05-10,-0.0005023013666840548,-0.0005023013666840548,0.0,-0.000505762184845817
2012-05-11,0.0016572571091129085,0.0016572571091129085,0.0,0.0016537965459649392
2012-05-14,0.0017304151098811449,0.0017304151098811449,0.0,0.0017269537067510208
2012-05-15,0.0002413405066030716,0.0002413405066030716,0.0,0.0002382244557934003
2012-05-16,-0.0003927606983239462,-0.0003927606983239462,0.0,-0.00039622309908422825
2012-05-17,-0.0007765876609057143,-0.0007765876609057143,0.0,-0.000780049862908673
2012-05-18,-0.0007470477507184325,-0.0007470477507184325,0.0,-0.000749817197681485
2012-05-21,0.0002098383003268367,0.0002098383003268367,0.0,0.00020672301325288248
2012-05-22,0.00064484604545334,0.00064484604545334,0.0,0.0006417306626835099
2012-05-23,0.0020108935194225186,0.0020108935194225186,0.0,0.0020077778427628704
2012-05-24,-0.00030901673205785407,-0.00030901673205785407,0.0,-0.00031247961126784494
2012-05-25,0.0005326434203174468,0.0005326434203174468,0.0,0.0005295269696242321
2012-05-29,0.0001011705865403556,0.0001011705865403556,0.0,9.805389363518029e-05
2012-05-30,0.0030260560643948775,0.0030260560643948775,0.0,0.0030236319341343477
2012-05-31,0.0015028087994823913,0.0015028087994823913,0.0,0.0015003836022932332
2012-06-01,0.002349032726575162,0.002469972532574971,0.24187961199944366,0.0023470675869444527
2012-06-04,-0.002290033981238393,-0.002290033981238393,0.0,-0.0022922783871618824
2012-06-05,-0.0002798771569446634,-0.0002798771569446634,0.0,-0.0002821194277954495
2012-06-06,-0.004267376105707155,-0.004267376105707155,0.0,-0.004269898366776271
2012-06-07,-1.8074483977947864e-05,-1.8074483977947864e-05,0.0,-2.0592248666989366e-05
2012-06-08,0.0016327349874674102,0.0016327349874674102,0.0,0.001630217241823144
2012-06-11,0.0013653487713842782,0.0013653487713842782,0.0,0.001362829308159385
2012-06-12,-0.002253740054991682,-0.002253740054991682,0.0,-0.0022565410522873606
2012-06-13,0.0010647619761441351,0.0010647619761441351,0.0,0.001061963615483865
2012-06-14,-0.0009580283314084559,-0.0009580283314084559,0.0,-0.0009611078969010443
2012-06-15,0.000936772614454906,0.000936772614454906,0.0,0.0009342539785661872
2012-06-18,0.00015901017513186844,0.00015901017513186844,0.0,0.0001562105960284611
2012-06-19,-0.002983199167755024,-0.002983199167755024,0.0,-0.0029857189561695763
2012-06-20,0.0005603295551896981,0.0005603295551896981,0.0,0.0005578129134142379
2012-06-21,0.003003679709935758,0.003003679709935758,0.0,0.003001162477463067
2012-06-22,-0.0013729499014194513,-0.0013729499014194513,0.0,-0.0013754702908770032
2012-06-25,0.0016896317415029394,0.0016896317415029394,0.0,0.0016868329143367386
2012-06-26,-0.001151221946511849,-0.001151221946511849,0.0,-0.0011540227462457809
2012-06-27,-0.00016000351215661457,-0.00016000351215661457,0.0,-0.0001625230209239888
2012-06-28,0.0009901405041727873,0.0009901405041727873,0.0,0.0009876211637432108
2012-06-29,-0.00556129023337526,-0.00556129023337526,0.0,-0.0055638106144894955
2012-07-02,0.001500412503208981,0.0017088267311007321,0.4168284557835333,0.001496118319405181
2012-07-03,-0.0013851246567337938,-0.0013851246567337938,0.0,-0.0013889866198070668
2012-07-05,0.0021859557609651414,0.0021859557609651414,0.0,0.0021825225466914
2012-07-06,0.0025414863735067073,0.0025414863735067073,0.0,0.002538053723312335
2012-07-09,9.401481382509402e-06,9.401481382509402e-06,0.0,5.540485844341091e-06
2012-07-10,0.000993917726452409,0.000993917726452409,0.0,0.0009900567336365736
2012-07-11,-2.434915475668653e-05,-2.434915475668653e-05,0.0,-2.8638827310651534e-05
2012-07-12,0.0016286429521359391,0.0016286429521359391,0.0,0.0016243532717555127
2012-07-13,-0.0003540171335706388,-0.0003540171335706388,0.0,-0.0003583062913133946
2012-07-16,0.00036228412586414294,0.00036228412586414294,0.0,0.0003579948544757202
2012-07-17,-0.0006778340749509226,-0.0006778340749509226,0.0,-0.0006821232300819482
2012-07-18,0.0006563221764646077,0.0006563221764646077,0.0,0.0006524617409479293
2012-07-19,-0.00036558081431714573,-0.00036558081431714573,0.0,-0.00036944106027656735
2012-07-20,0.0018263472220316768,0.0018263472220316768,0.0,0.0018224868704475449
2012-07-23,0.001054441287966501,0.001054441287966501,0.0,0.0010501525936638912
2012-07-24,0.0009030921783861334,0.0009030921783861334,0.0,0.0008988038216131373
2012-07-25,-0.0005473598344459818,-0.0005473598344459818,0.0,-0.0005516479023974711
2012-07-26,-0.001276139046159086,-0.001276139046159086,0.0,-0.0012808561135698427
2012-07-27,-0.002962461093414137,-0.002962461093414137,0.0,-0.0029671786105845387
2012-07-30,0.0013038257935407138,0.0013038257935407138,0.0,0.00129910722918478
2012-07-31,0.001328186772487916,0.001328186772487916,0.0,0.0013234686684147022
2012-08-01,-0.0002697934112046996,-0.00023127269454237265,0.07704143332477494,-0.00027410093370158154
2012-08-02,0.0009795085593955477,0.0009795085593955477,0.0,0.0009756303513239717
2012-08-03,-0.002969399945355833,-0.002969399945355833,0.0,-0.0029732778532283104
2012-08-06,-6.450917288503e-05,-6.450917288503e-05,0.0,-6.881897359889258e-05
2012-08-07,-0.002040782553358045,-0.002040782553358045,0.0,-0.002045523358381045
2012-08-08,-0.0010808520898939467,-0.0010808520898939467,0.0,-0.001085593663259334
2012-08-09,-0.00014383867938105865,-0.00014383867938105865,0.0,-0.00014858066012108498
2012-08-10,0.0007925182437165113,0.0007925182437165113,0.0,0.0007882073028430373
2012-08-13,3.2940487713295497e-05,3.2940487713295497e-05,0.0,2.8198751260088057e-05
2012-08-14,-0.0015706283460619197,-0.0015706283460619197,0.0,-0.0015753700701082677
2012-08-15,-0.0019249465422626066,-0.0019249465422626066,0.0,-0.001928826619436408
2012-08-16,-0.0012942967335279887,-0.0012942967335279887,0.0,-0.001298177405979728
2012-08-17,0.000713880476145734,0.000713880476145734,0.0,0.0007099994029219325
2012-08-20,-0.0001371986965330585,-0.0001371986965330585,0.0,-0.0001419419604946605
2012-08-21,-0.0004287766441813945,-0.0004287766441813945,0.0,-0.0004335199600365499
2012-08-22,0.0020878664240069345,0.0020878664240069345,0.0,0.002083122945903238
2012-08-23,0.0005171326849622293,0.0005171326849622293,0.0,0.00051238999525848
2012-08-24,0.0006137468709237481,0.0006137468709237481,0.0,0.000609435512260083
2012-08-27,0.0010032637001102795,0.0010032637001102795,0.0,0.0009985214370755449
2012-08-28,0.00016731696732574797,0.00016731696732574797,0.0,0.00016300616278091176
2012-08-29,-0.00028859941141679,-0.00028859941141679,0.0,-0.0002937723081046708
2012-08-30,0.0007070837242781902,0.0007070837242781902,0.0,0.0007027728781663986
2012-08-31,0.0014173954431311309,0.0014173954431311309,0.0,0.0014135158994936668
2012-09-04,-0.0002873283669604376,-2.8653251793464563e-06,0.5689260835621169,-0.00029031570171225333
2012-09-05,-2.1286901267236757e-06,-2.1286901267236757e-06,0.0,-5.41583251398548e-06
2012-09-06,-0.0007284020721169959,-0.0007284020721169959,0.0,-0.000731689212209659
2012-09-07,-0.000783165905510752,-0.000783165905510752,0.0,-0.0007864522598578768
2012-09-10,-2.5238110810010816e-05,-2.5238110810010816e-05,0.0,-2.822493705029809e-05
2012-09-11,-0.0003811716731177972,-0.0003811716731177972,0.0,-0.00038415847458807755
2012-09-12,-0.001069922888738195,-0.001069922888738195,0.0,-0.0010729093159639333
2012-09-13,0.0015481968501303012,0.0015481968501303012,0.0,0.0015452114745086029
2012-09-14,-0.0017676173641378856,-0.0017676173641378856,0.0,-0.0017709029485923741
2012-09-17,0.001294385323696412,0.001294385323696412,0.0,0.0012911016507546952
2012-09-18,0.0004388447885019797,0.0004388447885019797,0.0,0.0004358583604212179
2012-09-19,-3.636822674391027e-05,-3.636822674391027e-05,0.0,-3.965377138093772e-05
2012-09-20,-0.00039665371795971627,-0.00039665371795971627,0.0,-0.00039993922333455206
2012-09-21,0.00017005244901602268,0.00017005244901602268,0.0,0.00016676737202814523
2012-09-24,0.000578849495692646,0.000578849495692646,0.0,0.0005755642350789453
2012-09-25,-0.0005813004226697949,-0.0005813004226697949,0.0,-0.0005845863079744332
2012-09-26,0.0008549697181150506,0.0008549697181150506,0.0,0.0008516844605112586
2012-09-27,0.0004218325110962873,0.0004218325110962873,0.0,0.00041914381834442626
2012-09-28,3.429678317412588e-05,3.429678317412588e-05,0.0,3.130893321688333e-05
2012-10-01,-0.0005798062970432394,-0.00033974549153970024,0.48012161100700895,-0.0005838394697303827
2012-10-02,0.0006225795896683817,0.0006225795896683817,0.0,0.0006185472117803937
2012-10-03,0.0002653564755716875,0.0002653564755716875,0.0,0.0002613243844827806
2012-10-04,0.001162847973102732,0.001162847973102732,0.0,0.0011583680076787837
2012-10-05,-0.0014611144848769575,-0.0014611144848769575,0.0,-0.001466041793056663
2012-10-08,-0.00018937791887907451,-0.00018937791887907451,0.0,-0.00019430604974147845
2012-10-09,-0.0015657288615411602,-0.0015657288615411602,0.0,-0.001570209077461271
2012-10-10,-0.00030606279421718785,-0.00030606279421718785,0.0,-0.0003105438129879491
2012-10-11,0.0011590238392087393,0.0011590238392087393,0.0,0.0011545426634517022
2012-10-12,-0.00040845357656627,-0.00040845357656627,0.0,-0.0004133822167186235
2012-10-15,0.0011861413198730464,0.0011861413198730464,0.0,0.001181212449438214
2012-10-16,0.0007649958810618251,0.0007649958810618251,0.0,0.0007609637153871871
2012-10-17,-0.0007107261416260391,-0.0007107261416260391,0.0,-0.0007156539136596897
2012-10-18,-0.0006105682592890682,-0.0006105682592890682,0.0,-0.0006150484158695008
2012-10-19,-0.0022748084628257947,-0.0022748084628257947,0.0,-0.0022792889321486647
2012-10-22,-0.0006193920953884158,-0.0006193920953884158,0.0,-0.0006238737325597408
2012-10-23,-0.0013935797530857386,-0.0013935797530857386,0.0,-0.0013985099039750316
2012-10-24,-0.0010798510453470245,-0.0010798510453470245,0.0,-0.0010847819848074894
2012-10-25,-0.00022695733557298592,-0.00022695733557298592,0.0,-0.0002318888867386169
2012-10-26,0.0008165983039236657,0.0008165983039236657,0.0,0.0008112182896403055
2012-10-31,0.001934430197704895,0.001934430197704895,0.0,0.00192949898025255
2012-11-01,0.00025452702232287017,0.0003968847126201158,0.2847153805946175,0.00025117651631647014
2012-11-02,0.00013465147144975376,0.00013465147144975376,0.0,0.00013129800402134734
2012-11-05,0.00047071790326569385,0.00047071790326569385,0.0,0.00046661918498728486
2012-11-06,-0.0012290190346280205,-0.0012290190346280205,0.0,-0.001232745256082884
2012-11-07,0.0005265176085653689,0.0005265176085653689,0.0,0.0005227916849391083
2012-11-08,-0.0005413229237468675,-0.0005413229237468675,0.0,-0.0005450489748971766
2012-11-09,-0.0003375597800461261,-0.0003375597800461261,0.0,-0.0003409131080185503
2012-11-12,0.000528915048868317,0.000528915048868317,0.0,0.0005255617945427431
2012-11-13,-0.00021883062194461012,-0.00021883062194461012,0.0,-0.0002229291848626488
2012-11-14,-0.0010463224641031887,-0.0010463224641031887,0.0,-0.0010500483773607464
2012-11-15,-0.0003695583281870807,-0.0003695583281870807,0.0,-0.0003725388557274309
2012-11-16,0.0008141478598842067,0.0008141478598842067,0.0,0.0008119125180405307
2012-11-19,0.0014192930162986173,0.0014192930162986173,0.0,0.0014159398258549985
2012-11-20,-0.0007172644657210681,-0.0007172644657210681,0.0,-0.0007202453543863793
2012-11-21,0.00020677650429279382,0.00020677650429279382,0.0,0.0002030505672664867
2012-11-23,0.00013702518536806707,0.00013702518536806707,0.0,0.00013329919824666824
2012-11-26,0.0005970914039863384,0.0005970914039863384,0.0,0.0005933653836728281
2012-11-27,0.0003522465449852241,0.0003522465449852241,0.0,0.00034852038012239
2012-11-28,0.0006278139499638069,0.0006278139499638069,0.0,0.0006240876998559491
2012-11-29,0.0007505195330179681,0.0007505195330179681,0.0,0.00074716577126663
2012-11-30,0.0004432650333916488,0.0004432650333916488,0.0,0.0004402837667320728
2012-12-03,-0.0003455743766236363,-0.00017286241410741088,0.34542392503267993,-0.00034924076886195854
2012-12-04,0.0001664990891951934,0.0001664990891951934,0.0,0.0001628320861913611
2012-12-05,0.0010008856670027377,0.0010008856670027377,0.0,0.000997218613849244
2012-12-06,0.0012544502441655947,0.0012544502441655947,0.0,0.0012507828898459556
2012-12-07,-0.000487039048170379,-0.000487039048170379,0.0,-0.0004903400063497037
2012-12-10,0.0006620172254623302,0.0006620172254623302,0.0,0.0006587163990768366
2012-12-11,0.0001433317745092033,0.0001433317745092033,0.0,0.0001403975474778394
2012-12-12,-0.0006905727069010936,-0.0006905727069010936,0.0,-0.0006931401856960634
2012-12-13,-0.001757800805875176,-0.001757800805875176,0.0,-0.001760001377419067
2012-12-14,0.00033105271200839503,0.00033105271200839503,0.0,0.00032958587606707714
2012-12-17,0.0004126866533062934,0.0004126866533062934,0.0,0.0004108530585455453
2012-12-18,0.0006294416296610539,0.0006294416296610539,0.0,0.0006272412414317407
2012-12-19,0.00041713307385937703,0.00041713307385937703,0.0,0.00041529932234903277
2012-12-20,0.001293555407450464,0.001293555407450464,0.0,0.0012913548303975359
2012-12-21,-0.0005071157147061855,-0.0005071157147061855,0.0,-0.0005093165247831652
2012-12-24,-0.0005818238845518575,-0.0005818238845518575,0.0,-0.0005840246032294939
2012-12-26,0.00022970373452158022,0.00022970373452158022,0.0,0.00022640281389310792
2012-12-27,0.0013431084044295272,0.0013431084044295272,0.0,0.0013401741975398497
2012-12-28,-0.0008659028509810929,-0.0008659028509810929,0.0,-0.0008662696671479516
2012-12-31,0.0014870713042907102,0.0014870713042907102,0.0,0.001485237353494406
2013-01-02,0.00412394119880477,0.004267168903021812,0.28645540843427947,0.004120559806143217
2013-01-03,-0.0035185429043237404,-0.0035185429043237404,0.0,-0.003521913988340516
2013-01-04,0.0010595338918821806,0.0010595338918821806,0.0,0.0010565835863210942
2013-01-07,-0.00036044046789851514,-0.00036044046789851514,0.0,-0.0003633905908540446
2013-01-08,-0.001004607589651818,-0.001004607589651818,0.0,-0.0010075577747499227
2013-01-09,0.0018394307711278035,0.0018394307711278035,0.0,0.001836901892435819
2013-01-10,0.0022781083778276034,0.0022781083778276034,0.0,0.0022755797707362368
2013-01-11,0.0008084221136726022,0.0008084221136726022,0.0,0.0008054724636097004
2013-01-14,0.00043336142033711944,0.00043336142033711944,0.0,0.0004299905503602263
2013-01-15,-0.00017891308048423316,-0.00017891308048423316,0.0,-0.000182705213563419
2013-01-16,-0.0008627696335532509,-0.0008627696335532509,0.0,-0.0008661404536182955
2013-01-17,0.00179606156485268,0.00179606156485268,0.0,0.0017931119490391268
2013-01-18,0.00098410099997559,0.00098410099997559,0.0,0.000980730362563945
2013-01-22,-1.1723095434068576e-05,-1.1723095434068576e-05,0.0,-1.5093540117888636e-05
2013-01-23,-0.00017538552306473054,-0.00017538552306473054,0.0,-0.00017875597004444622
2013-01-24,0.0005814485271522507,0.0005814485271522507,0.0,0.0005780780458183416
2013-01-25,-0.00046445881281376167,-0.00046445881281376167,0.0,-0.00046782918032078804
2013-01-28,-0.0014237478012089078,-0.0014237478012089078,0.0,-0.0014266969523734356
2013-01-29,0.0008566802381295702,0.0008566802381295702,0.0,0.0008537308426246808
2013-01-30,-0.0006770635652466606,-0.0006770635652466606,0.0,-0.0006800128138558772
2013-01-31,7.610038061467428e-05,7.610038061467428e-05,0.0,7.315101583014701e-05
2013-02-01,0.0021880955302340244,0.0023526193094467462,0.32904755842573524,0.0021862054682855485
2013-02-04,-0.0015198961184254012,-0.0015198961184254012,0.0,-0.0015220949704191395
2013-02-05,0.0011008690757507988,0.0011008690757507988,0.0,0.0010986711050035157
2013-02-06,0.0006559158733245862,0.0006559158733245862,0.0,0.000653717264987576
2013-02-07,-0.0010434348800882898,-0.0010434348800882898,0.0,-0.0010456338680627194
2013-02-08,0.0010496737277032597,0.0010496737277032597,0.0,0.0010474753442891185
2013-02-11,0.0005159927771942741,0.0005159927771942741,0.0,0.0005131655031138169
2013-02-12,0.0004089288025055371,0.0004089288025055371,0.0,0.0004061011446447653
2013-02-13,-0.00030381164444592823,-0.00030381164444592823,0.0,-0.00030695382431894297
2013-02-14,-0.0001121118277619404,-0.0001121118277619404,0.0,-0.00011556794947033619
2013-02-15,0.00014735746393546023,0.00014735746393546023,0.0,0.0001442156277608552
2013-02-19,0.001037592654849595,0.001037592654849595,0.0,0.0010338223053270037
2013-02-20,-0.0014253130114383339,-0.0014253130114383339,0.0,-0.001429084388724958
2013-02-21,-0.0013794628087667737,-0.0013794628087667737,0.0,-0.0013835469358482017
2013-02-22,0.002107449416397067,0.002107449416397067,0.0,0.002103366773738324
2013-02-25,-0.00301648569092261,-0.00301648569092261,0.0,-0.0030202563730975275
2013-02-26,0.001276359826961393,0.001276359826961393,0.0,0.00127196419665524
2013-02-27,0.0018742751055844664,0.0018742751055844664,0.0,0.0018708202343051686
2013-02-28,0.00018879761815737695,0.00018879761815737695,0.0,0.0001853410440892178
2013-03-01,0.0007586353505719678,0.0011529572757140727,0.7886438502842873,0.0007533597235896645
2013-03-04,0.00040420451510381206,0.00040420451510381206,0.0,0.0003989257774768574
2013-03-05,0.00044732743091402405,0.00044732743091402405,0.0,0.00044348861748029733
2013-03-06,-0.0005113938962971742,-0.0005113938962971742,0.0,-0.0005161920418560595
2013-03-07,-0.0017881626416020868,-0.0017881626416020868,0.0,-0.0017929612117796134
2013-03-08,0.0002426097536096794,0.0002426097536096794,0.0,0.00023780969603201323
2013-03-11,-1.1666180348313127e-05,-1.1666180348313127e-05,0.0,-1.6466036171258224e-05
2013-03-12,-0.0002987105117266964,-0.0002987105117266964,0.0,-0.00030351037725137185
2013-03-13,0.000701109359386054,0.000701109359386054,0.0,0.0006967892567770412
2013-03-14,0.0009672544893164492,0.0009672544893164492,0.0,0.0009624549581226779
2013-03-15,0.0005180410785596834,0.0005180410785596834,0.0,0.0005137222234369765
2013-03-18,0.000612196782253438,0.000612196782253438,0.0,0.0006088379737113586
2013-03-19,0.00030035941205808214,0.00030035941205808214,0.0,0.00029700095900353875
2013-03-20,0.00012493040429140123,0.00012493040429140123,0.0,0.00012157212559577223
2013-03-21,-0.0006043235090337218,-0.0006043235090337218,0.0,-0.0006076817152161955
2013-03-22,0.00029427964503825343,0.00029427964503825343,0.0,0.00029092108787714477
2013-03-25,-0.00032417138086815456,-0.00032417138086815456,0.0,-0.00032800953663939897
2013-03-26,0.0008761924369109497,0.0008761924369109497,0.0,0.0008728338623334102
2013-03-27,0.0005547993291283859,0.0005547993291283859,0.0,0.0005504818155284658
2013-03-28,0.0009145999796951187,0.0009145999796951187,0.0,0.0009112422353269229
2013-04-01,-0.0005254556793474752,-0.00030473684997056605,0.44143765875403546,-0.0005306143293971286
2013-04-02,0.0011222763921996393,0.0011222763921996393,0.0,0.0011177577304010676
2013-04-03,0.0004600768015201595,0.0004600768015201595,0.0,0.00045620533560382246
2013-04-04,0.004907728602992822,0.004907728602992822,0.0,0.004903212692431667
2013-04-05,0.0012143960838473244,0.0012143960838473244,0.0,0.001209888661910283
2013-04-08,0.000592764787703759,0.000592764787703759,0.0,0.0005882594636920984
2013-04-09,-0.0009162781009772747,-0.0009162781009772747,0.0,-0.0009201389300541881
2013-04-10,0.0012397934975676428,0.0012397934975676428,0.0,0.0012352876135520085
2013-04-11,0.0013199504001137896,0.0013199504001137896,0.0,0.0013154466559400701
2013-04-12,0.0028348326537595003,0.0028348326537595003,0.0,0.0028309742517707986
2013-04-15,0.0006993013514660085,0.0006993013514660085,0.0,0.0006954471259600695
2013-04-16,0.0005569948944490477,0.0005569948944490477,0.0,0.000553141698485036
2013-04-17,-5.396578340388647e-05,-5.396578340388647e-05,0.0,-5.7818159792238436e-05
2013-04-18,-0.001813787817535717,-0.001813787817535717,0.0,-0.0018169981973683725
2013-04-19,0.0021970914396907126,0.0021970914396907126,0.0,0.00219387883165409
2013-04-22,0.0006470201461681313,0.0006470201461681313,0.0,0.0006438102312995764
2013-04-23,0.00227961132261445,0.00227961132261445,0.0,0.002276402200342525
2013-04-24,0.00018118878044171005,0.00018118878044171005,0.0,0.00017734117710951512
2013-04-25,-0.001101526708974787,-0.001101526708974787,0.0,-0.0011047328236744856
2013-04-26,0.0011859012294805904,0.0011859012294805904,0.0,0.0011826937672444378
2013-04-29,-0.00020098806263968427,-0.00020098806263968427,0.0,-0.00020419407583947152
2013-04-30,0.0002621438528076503,0.0002621438528076503,0.0,0.0002589375939739503
2013-05-01,0.00040886925428451626,0.0005199466374836703,0.22215476639834525,0.00040506770426450376
2013-05-02,0.0013672980715864202,0.0013672980715864202,0.0,0.0013641332138204223
2013-05-03,-0.0013942451468966777,-0.0013942451468966777,0.0,-0.0013974083924561214
2013-05-06,0.0003439330128554019,0.0003439330128554019,0.0,0.0003414010993873164
2013-05-07,0.00036438443684527755,0.00036438443684527755,0.0,0.00036185284814870255
2013-05-08,0.0010100735941753758,0.0010100735941753758,0.0,0.0010075423494369943
2013-05-09,-0.0008072301669791448,-0.0008072301669791448,0.0,-0.00080976045922756
2013-05-10,-0.0011356456189025588,-0.0011356456189025588,0.0,-0.0011381766729764513
2013-05-13,-0.0008923691161859537,-0.0008923691161859537,0.0,-0.0008955342750119564
2013-05-14,0.0005221459097883852,0.0005221459097883852,0.0,0.0005189796961047193
2013-05-15,0.002345573551350233,0.002345573551350233,0.0,0.002343041073922999
2013-05-16,0.000836733907417786,0.000836733907417786,0.0,0.0008348362081910094
2013-05-17,0.00027896936054649935,0.00027896936054649935,0.0,0.00027643988326115054
2013-05-20,-0.0006431392135365366,-0.0006431392135365366,0.0,-0.0006463007316871617
2013-05-21,0.0020712787674601607,0.0020712787674601607,0.0,0.0020687489467686652
2013-05-22,-0.00497672046052422,-0.00497672046052422,0.0,-0.00497924833303114
2013-05-23,-0.002590643856313357,-0.002590643856313357,0.0,-0.0025938095774106066
2013-05-24,-0.001238004782609603,-0.001238004782609603,0.0,-0.0012405398147196586
2013-05-28,-0.003695760643361967,-0.003695760643361967,0.0,-0.0036989309019361183
2013-05-29,-0.002152171983049511,-0.002152171983049511,0.0,-0.0021553466415431596
2013-05-30,-7.872370319927935e-05,-7.872370319927935e-05,0.0,-8.126548419804588e-05
2013-05-31,-0.004015103371143303,-0.004015103371143303,0.0,-0.004017645227288139
2013-06-03,-0.0011100977121013544,-0.0007146865931229041,0.790822237956798,-0.0011120741430775097
2013-06-04,-0.00044270966334158945,-0.00044270966334158945,0.0,-0.0004442935443935745
2013-06-05,-0.004127539954804749,-0.004127539954804749,0.0,-0.004129519804226011
2013-06-06,0.0017129126771104897,0.0017129126771104897,0.0,0.0017109328454182155
2013-06-07,0.002350650970673218,0.002350650970673218,0.0,0.002349067099443496
2013-06-10,-0.00021907330614756582,-0.00021907330614756582,0.0,-0.00022105315524054766
2013-06-11,-0.0038732713149004505,-0.0038732713149004505,0.0,-0.0038752511630560553
2013-06-12,-0.0013764535612659223,-0.0013764535612659223,0.0,-0.0013784333927840218
2013-06-13,0.004796326067500578,0.004796326067500578,0.0,0.004794346241903138
2013-06-14,-0.001638110567227291,-0.001638110567227291,0.0,-0.0016400904133571045
2013-06-17,0.002056355490556383,0.002056355490556383,0.0,0.002054375651450588
2013-06-18,0.0019822791449424226,0.0019822791449424226,0.0,0.00198029929703732
2013-06-19,-0.005821915897902152,-0.005821915897902152,0.0,-0.005823895754272803
2013-06-20,-0.006360111216776376,-0.006360111216776376,0.0,-0.006362091048138275
2013-06-21,-0.00027626424524662685,-0.00027626424524662685,0.0,-0.00027824404911301625
2013-06-24,-0.004133809004867595,-0.004133809004867595,0.0,-0.004136184768073679
2013-06-25,0.0034907065124898384,0.0034907065124898384,0.0,0.0034883307708238553
2013-06-26,0.0032806406329946025,0.0032806406329946025,0.0,0.0032782648732028142
2013-06-27,0.0038141166538028237,0.0038141166538028237,0.0,0.0038117408770317195
2013-06-28,-0.0011434900768139133,-0.0011434900768139133,0.0,-0.0011450739411048986
2013-07-01,0.00110756709813975,0.0014504579638767723,0.6857817314740098,0.001107001147413435
2013-07-02,0.0004701332894623267,0.0004701332894623267,0.0,0.00046970932477352514
2013-07-03,7.290409536397924e-05,7.290409536397924e-05,0.0,7.219688722725191e-05
2013-07-05,0.002855491399205601,0.002855491399205601,0.0,0.0028549255582275574
2013-07-08,0.00030850083632283365,0.00030850083632283365,0.0,0.00030778989951667647
2013-07-09,0.00048185046050330804,0.00048185046050330804,0.0,0.0004812813969311031
2013-07-10,0.0008685966378767507,0.0008685966378767507,0.0,0.0008680270839023898
2013-07-11,0.0019060263735997118,0.0019060263735997118,0.0,0.0019054559363803796
2013-07-12,0.00021707137300275292,0.00021707137300275292,0.0,0.00021649900130029292
2013-07-15,0.0006338469075561903,0.0006338469075561903,0.0,0.0006332743155893198
2013-07-16,-0.0009705902059857774,-0.0009705902059857774,0.0,-0.0009710201320332864
2013-07-17,0.0012165726859074688,0.0012165726859074688,0.0,0.0012161434987596484
2013-07-18,0.0013868763428337427,0.0013868763428337427,0.0,0.001386446230647843
2013-07-19,-0.0008314078369929812,-0.0008314078369929812,0.0,-0.0008318390022492522
2013-07-22,-0.0006374240728646008,-0.0006374240728646008,0.0,-0.0006379981174431443
2013-07-23,0.00010672171874603897,0.00010672171874603897,0.0,0.00010643501959995114
2013-07-24,-5.434898343148475e-06,-5.434898343148475e-06,0.0,-5.865028207746962e-06
2013-07-25,0.00011302265419899094,0.00011302265419899094,0.0,0.00011273590371087691
2013-07-26,-0.0007267818357604705,-0.0007267818357604705,0.0,-0.0007272120474197568
2013-07-29,-0.0009001812180295943,-0.0009001812180295943,0.0,-0.0009006108767405561
2013-07-30,0.000379195668049892,0.000379195668049892,0.0,0.00037862370375617126
2013-07-31,-0.0001657321097818798,-0.0001657321097818798,0.0,-0.00016630445894116454
2013-08-01,0.003040722409187291,0.0031522242367694187,0.22300365516432263,0.003040380033467439
2013-08-02,0.0003214518896184071,0.0003214518896184071,0.0,0.00032110923879082867
2013-08-05,1.1199271175765801e-05,1.1199271175765801e-05,0.0,1.0770457682832068e-05
2013-08-06,-0.0006529574327828191,-0.0006529574327828191,0.0,-0.0006533004975117122
2013-08-07,-0.0017248025172920123,-0.0017248025172920123,0.0,-0.0017252303319974583
2013-08-08,-0.0005352889615554135,-0.0005352889615554135,0.0,-0.0005357140872915827
2013-08-09,-0.0006461810782778521,-0.0006461810782778521,0.0,-0.0006466053690509157
2013-08-12,-0.0008348332988044049,-0.0008348332988044049,0.0,-0.0008353412374260306
2013-08-13,0.0020609165348923764,0.0020609165348923764,0.0,0.0020604101612314873
2013-08-14,-0.0011554563643350058,-0.0011554563643350058,0.0,-0.001155881555222924
2013-08-15,-0.0024882773210490594,-0.0024882773210490594,0.0,-0.0024887007085706327
2013-08-16,0.00023271244546729797,0.00023271244546729797,0.0,0.00023229295118579448
2013-08-19,-0.0008356020564830313,-0.0008356020564830313,0.0,-0.0008361058864505827
2013-08-20,0.0011014907419668596,0.0011014907419668596,0.0,0.0011011559018812317
2013-08-21,-0.0002701473201731641,-0.0002701473201731641,0.0,-0.00027048353831562387
2013-08-22,0.0018696145002530251,0.0018696145002530251,0.0,0.0018693625901973065
2013-08-23,-0.0009488861559721062,-0.0009488861559721062,0.0,-0.0009491398175100833
2013-08-26,-0.0017452857857248594,-0.0017452857857248594,0.0,-0.0017456228147424962
2013-08-27,-0.003144880189525856,-0.003144880189525856,0.0,-0.0031452987434254513
2013-08-28,0.0006353996853611932,0.0006353996853611932,0.0,0.0006351515164649782
2013-08-29,0.0008756121010846663,0.0008756121010846663,0.0,0.0008754462562461499
2013-08-30,-0.000861414212326661,-0.000861414212326661,0.0,-0.0008616638034347993
2013-09-03,0.0011703829101026297,0.0012859765034938242,0.23118718678239544,0.0011703515323707677
2013-09-04,0.0020771805488566386,0.0020771805488566386,0.0,0.0020771491851354538
2013-09-05,0.0007969781090964023,0.0007969781090964023,0.0,0.0007969451652495444
2013-09-06,-0.0008917420974612345,-0.0008917420974612345,0.0,-0.0008917756470920798
2013-09-09,0.0015949993793653583,0.0015949993793653583,0.0,0.0015949665081536931
2013-09-10,0.0019097245085317738,0.0019097245085317738,0.0,0.001909690425809506
2013-09-11,-0.0006159656414468362,-0.0006159656414468362,0.0,-0.0006160011719699649
2013-09-12,-0.0002291806219704151,-0.0002291806219704151,0.0,-0.00022919815360005087
2013-09-13,0.00026469305443388436,0.00026469305443388436,0.0,0.00026467560975095656
2013-09-16,0.001194597637171002,0.001194597637171002,0.0,0.0011945625470194132
2013-09-17,0.0004449462323599107,0.0004449462323599107,0.0,0.00044492823473735226
2013-09-18,-0.0009264445300281032,-0.0009264445300281032,0.0,-0.0009264626961336867
2013-09-19,0.0005754955107390991,0.0005754955107390991,0.0,0.0005754776957656492
2013-09-20,0.00022593610526988606,0.00022593610526988606,0.0,0.00022591807230309317
2013-09-23,-0.000994235945175781,-0.000994235945175781,0.0,-0.0009942721822364757
2013-09-24,-0.0008038243489416619,-0.0008038243489416619,0.0,-0.0008038598322049454
2013-09-25,-0.0006276321893284864,-0.0006276321893284864,0.0,-0.0006276670626679769
2013-09-26,0.0009654372570542247,0.0009654372570542247,0.0,0.0009654372570542247
2013-09-27,-0.0006149092777384402,-0.0006149092777384402,0.0,-0.0006149444068507803
2013-09-30,-0.00033998913218225013,-0.00033998913218225013,0.0,-0.00034002379458558733
2013-10-01,0.0019658919137619524,0.0021103028605404806,0.28882189355705,0.0019656915656251057
2013-10-02,-0.0012125369171067657,-0.0012125369171067657,0.0,-0.001212738080886142
2013-10-03,-0.0016902906317083355,-0.0016902906317083355,0.0,-0.0016905912984505947
2013-10-04,0.000989953949393385,0.000989953949393385,0.0,0.0009896547892342636
2013-10-07,-0.0031324188915721196,-0.0031324188915721196,0.0,-0.003132718933220433
2013-10-08,-0.002124752198848001,-0.002124752198848001,0.0,-0.0021252476049644863
2013-10-09,0.0012726503456050864,0.0012726503456050864,0.0,0.001272158109386786
2013-10-10,0.004217619409708995,0.004217619409708995,0.0,0.004217125277248649
2013-10-11,0.0018837136069842497,0.0018837136069842497,0.0,0.0018829129825090555
2013-10-14,0.0012266583826656685,0.0012266583826656685,0.0,0.0012258532947024287
2013-10-15,-0.001680221929369674,-0.001680221929369674,0.0,-0.0016816359135985292
2013-10-16,0.0017145750840392715,0.0017145750840392715,0.0,0.001713570074212163
2013-10-17,0.0002020763559560379,0.0002020763559560379,0.0,0.00020157131503836697
2013-10-18,0.0013892357674769595,0.0013892357674769595,0.0,0.0013888314956804738
2013-10-21,-7.735912645323584e-05,-7.735912645323584e-05,0.0,-7.776503947696949e-05
2013-10-22,-0.0001832148255468402,-0.0001832148255468402,0.0,-0.0001836206471723161
2013-10-23,-0.0013586737775339586,-0.0013586737775339586,0.0,-0.0013590793826551224
2013-10-24,0.0008890005382602428,0.0008890005382602428,0.0,0.0008886975402126507
2013-10-25,9.621752348754065e-05,9.621752348754065e-05,0.0,9.58124750670495e-05
2013-10-28,0.00037659212668095243,0.00037659212668095243,0.0,0.0003761869645179335
2013-10-29,0.0009568074045300801,0.0009568074045300801,0.0,0.0009564017973502511
2013-10-30,-0.0006291286545356822,-0.0006291286545356822,0.0,-0.0006295353912886862
2013-10-31,-2.9341877495703272e-05,-2.9341877495703272e-05,0.0,-2.9747871053976325e-05
2013-11-01,0.0007266274319215338,0.0008078718315502886,0.16248879925769086,0.0007260782406820607
2013-11-04,0.0010308958416653802,0.0010308958416653802,0.0,0.001030208604268494
2013-11-05,-0.0008512023342225339,-0.0008512023342225339,0.0,-0.0008518909072006574
2013-11-06,0.0008770293996518408,0.0008770293996518408,0.0,0.0008763419303917988
2013-11-07,-0.003385877870128007,-0.003385877870128007,0.0,-0.0033865664755985043
2013-11-08,0.0032480744062726163,0.0032480744062726163,0.0,0.00324725336136421
2013-11-11,0.00048396961486996126,0.00048396961486996126,0.0,0.00048314351966974095
2013-11-12,0.0003617710219709913,0.0003617710219709913,0.0,0.0003606685588512066
2013-11-13,0.0012432891179170458,0.0012432891179170458,0.0,0.0012421859054281357
2013-11-14,0.0005070478098421205,0.0005070478098421205,0.0,0.0005059420252136252
2013-11-15,0.0015240950024533184,0.0015240950024533184,0.0,0.001522988169366529
2013-11-18,-0.000681836126353641,-0.000681836126353641,0.0,-0.0006830848535937705
2013-11-19,-1.3745518107066701e-05,-1.3745518107066701e-05,0.0,-1.485408918074607e-05
2013-11-20,0.00023716795786454803,0.00023716795786454803,0.0,0.00023605941518994067
2013-11-21,0.0020763655983824236,0.0020763655983824236,0.0,0.0020753951948908737
2013-11-22,0.0005354781746425008,0.0005354781746425008,0.0,0.0005345040261571358
2013-11-25,-0.0007286736647040826,-0.0007286736647040826,0.0,-0.0007297880804441923
2013-11-26,0.0004249324808134336,0.0004249324808134336,0.0,0.0004239586815524745
2013-11-27,0.0014071528614414408,0.0014071528614414408,0.0,0.001406178295937017
2013-11-29,0.00016388971453817902,0.00016388971453817902,0.0,0.00016305220082310916
2013-12-02,0.00062091993741209,0.0007453362676128616,0.24883266040148963,0.0006201297807243401
2013-12-03,-0.0012261186571992377,-0.0012261186571992377,0.0,-0.0012270677128389073
2013-12-04,-0.00023707866027211644,-0.00023707866027211644,0.0,-0.0002380259580811674
2013-12-05,0.0005675205557285068,0.0005675205557285068,0.0,0.0005665735978889606
2013-12-06,0.002079527004010151,0.002079527004010151,0.0,0.002078579232810824
2013-12-09,0.000211672152937048,0.000211672152937048,0.0,0.00021056295002467578
2013-12-10,-0.0019376000251629666,-0.0019376000251629666,0.0,-0.0019387095811914281
2013-12-11,-0.0023105018081424067,-0.0023105018081424067,0.0,-0.0023116081255492114
2013-12-12,0.0011195742625160765,0.0011195742625160765,0.0,0.0011184718159651006
2013-12-13,-0.0004994962573069417,-0.0004994962573069417,0.0,-0.0005006005774180506
2013-12-16,0.0008997319226577982,0.0008997319226577982,0.0,0.0008986284388502611
2013-12-17,-0.0005044977729493638,-0.0005044977729493638,0.0,-0.0005056027618184818
2013-12-18,0.004331113621460547,0.004331113621460547,0.0,0.004330009476935678
2013-12-19,-6.283107440263613e-05,-6.283107440263613e-05,0.0,-6.378367036930341e-05
2013-12-20,-0.00044579387837917483,-0.00044579387837917483,0.0,-0.0004469051356310115
2013-12-23,0.0020151240730359454,0.0020151240730359454,0.0,0.0020140135590400966
2013-12-24,0.0005823278547991695,0.0005823278547991695,0.0,0.0005812139878166216
2013-12-26,0.0012660537636728364,0.0012660537636728364,0.0,0.0012649389283125978
2013-12-27,0.0006153812743829867,0.0006153812743829867,0.0,0.0006142643363103886
2013-12-30,0.0011178220313468046,0.0011178220313468046,0.0,0.0011167040718531155
2013-12-31,0.0015076167320835498,0.0015076167320835498,0.0,0.0015064969192800854
2014-01-02,-0.0031691441822042643,-0.0030395872808740565,0.25911380266011125,-0.0031696179305884986
2014-01-03,-0.0014402587065212025,-0.0014402587065212025,0.0,-0.0014407320245906747
2014-01-06,-0.0013958999775534053,-0.0013958999775534053,0.0,-0.0013962356877421011
2014-01-07,0.001911745514368901,0.001911745514368901,0.0,0.0019114787896111112
2014-01-08,0.0011433999556238472,0.0011433999556238472,0.0,0.0011430633999395677
2014-01-09,0.00030821329090824356,0.00030821329090824356,0.0,0.00030794254101567065
2014-01-10,-0.0014806393984521105,-0.0014806393984521105,0.0,-0.0014809783428849548
2014-01-13,-0.0032589788586333546,-0.0032589788586333546,0.0,-0.003259180761572557
2014-01-14,0.0032304570139460864,0.0032304570139460864,0.0,0.003230192119724798
2014-01-15,0.0017549124722258114,0.0017549124722258114,0.0,0.0017546433197803823
2014-01-16,-0.0008494994494877561,-0.0008494994494877561,0.0,-0.0008497709111171389
2014-01-17,-0.0009563116928098525,-0.0009563116928098525,0.0,-0.0009566496214019532
2014-01-21,0.002023247625221769,0.002023247625221769,0.0,0.0020229785429766592
2014-01-22,0.00040262002308000255,0.00040262002308000255,0.0,0.00040234827913601494
2014-01-23,-0.0031316180171371277,-0.0031316180171371277,0.0,-0.0031318902905377944
2014-01-24,-0.00499738263292282,-0.00499738263292282,0.0,-0.004997650775220488
2014-01-27,-0.00024084362076015609,-0.00024084362076015609,0.0,-0.00024117051681517672
2014-01-28,0.0009818718771059665,0.0009818718771059665,0.0,0.000981545380280595
2014-01-29,-0.0028541132934736257,-0.0028541132934736257,0.0,-0.0028543757917210647
2014-01-30,0.002645967716539799,0.002645967716539799,0.0,0.002645838363396835
2014-01-31,-0.003458831292920461,-0.003458831292920461,0.0,-0.0034589623991349923
2014-02-03,-0.004922861672018608,-0.004714102096789685,0.4175191504576582,-0.004923565914520665
2014-02-04,0.00019780338102770578,0.00019780338102770578,0.0,0.00019696254743003014
2014-02-05,-0.0009191046962512273,-0.0009191046962512273,0.0,-0.0009200860241257136
2014-02-06,0.0018271625373795786,0.0018271625373795786,0.0,0.0018261828621495882
2014-02-07,0.0010890832599774747,0.0010890832599774747,0.0,0.0010879598832191366
2014-02-10,0.0006115567442954717,0.0006115567442954717,0.0,0.0006105718370466455
2014-02-11,0.0006811227510008511,0.0006811227510008511,0.0,0.0006804184631288774
2014-02-12,-0.000212869464092158,-0.000212869464092158,0.0,-0.00021357462309831926
2014-02-13,-0.00013164517167774115,-0.00013164517167774115,0.0,-0.00013206810369472102
2014-02-14,-0.0009837094448494899,-0.0009837094448494899,0.0,-0.0009839913321562843
2014-02-18,-0.0004994194689311726,-0.0004994194689311726,0.0,-0.0005001229273924372
2014-02-19,-0.0020052709721231077,-0.0020052709721231077,0.0,-0.0020061143543841724
2014-02-20,0.00039828981424139265,0.00039828981424139265,0.0,0.0003975895702237496
2014-02-21,4.276392921176431e-05,4.276392921176431e-05,0.0,4.2063174040200444e-05
2014-02-24,-8.112608676280608e-06,-8.112608676280608e-06,0.0,-8.813418727518942e-06
2014-02-25,-3.909512912170232e-05,-3.909512912170232e-05,0.0,-3.979592876180811e-05
2014-02-26,0.0009832799632261136,0.0009832799632261136,0.0,0.0009825792137598175
2014-02-27,-0.0003821378104857942,-0.0003821378104857942,0.0,-0.0003826994186026689
2014-02-28,-0.00013939677654628557,-0.00013939677654628557,0.0,-0.00014009829655975946
2014-03-03,-0.0028322060279047934,-0.002669037551295217,0.32633695321931766,-0.0028331652601626726
2014-03-04,0.003564776205685627,0.003564776205685627,0.0,0.003563813548093408
2014-03-05,-0.0004120958635710492,-0.0004120958635710492,0.0,-0.0004132554067322356
2014-03-06,0.0008259163478221421,0.0008259163478221421,0.0,0.0008249504814754835
2014-03-07,4.610013951866776e-05,4.610013951866776e-05,0.0,4.494009153777435e-05
2014-03-10,-0.00019959375738853868,-0.00019959375738853868,0.0,-0.00020056051094034037
2014-03-11,-0.001108192752788062,-0.001108192752788062,0.0,-0.0011091593032379397
2014-03-12,-0.0004040806167032729,-0.0004040806167032729,0.0,-0.0004050460382311468
2014-03-13,-0.002718202851380802,-0.002718202851380802,0.0,-0.0027191678611031443
2014-03-14,-0.000718983627919223,-0.000718983627919223,0.0,-0.0007199458599237179
2014-03-17,0.0018566249174514216,0.0018566249174514216,0.0,0.0018554711213513025
2014-03-18,0.0014647727092442775,0.0014647727092442775,0.0,0.0014638093173719358
2014-03-19,-0.0013869013282217235,-0.0013869013282217235,0.0,-0.0013880591900182428
2014-03-20,-9.852341218019589e-05,-9.852341218019589e-05,0.0,-9.967957531488265e-05
2014-03-21,-0.001275308373098194,-0.001275308373098194,0.0,-0.001276464415550575
2014-03-24,-0.0004852510222013162,-0.0004852510222013162,0.0,-0.00048640550052105757
2014-03-25,0.0007121451324803019,0.0007121451324803019,0.0,0.0007111835634111243
2014-03-26,-0.001098912378108663,-0.001098912378108663,0.0,-0.0010998746748692606
2014-03-27,-0.0007956838798759414,-0.0007956838798759414,0.0,-0.000796452817974652
2014-03-28,0.0011872441473528283,0.0011872441473528283,0.0,0.0011864758609312824
2014-03-31,0.001834958517313412,0.001834958517313412,0.0,0.001833996945264118
2014-04-01,0.0015006253708362838,0.0016542776018455552,0.307304462018869,0.0015002265974523523
2014-04-02,-0.00016423809127219524,-0.00016423809127219524,0.0,-0.00016443792599306646
2014-04-03,-0.0006982621188541538,-0.0006982621188541538,0.0,-0.0006984618560317863
2014-04-04,-0.00238047568116706,-0.00238047568116706,0.0,-0.002380774664437774
2014-04-07,-0.0012061929787093861,-0.0012061929787093861,0.0,-0.0012064898347390388
2014-04-08,0.0005344457265901159,0.0005344457265901159,0.0,0.0005341499497405263
2014-04-09,0.002606276254576434,0.002606276254576434,0.0,0.0026058812482265535
2014-04-10,-0.003941507876505934,-0.003941507876505934,0.0,-0.003941905982228758
2014-04-11,-0.0020201747843461293,-0.0020201747843461293,0.0,-0.002020568184296247
2014-04-14,0.0010868627863707125,0.0010868627863707125,0.0,0.00108647180319288
2014-04-15,0.0007051400364430638,0.0007051400364430638,0.0,0.0007047477544429128
2014-04-16,0.001481444317090297,0.001481444317090297,0.0,0.0014810511930277625
2014-04-17,0.0007584382896959063,0.0007584382896959063,0.0,0.0007581421217810929
2014-04-21,0.00046341277806027925,0.00046341277806027925,0.0,0.00046301698382239845
2014-04-22,0.0010575354099282563,0.0010575354099282563,0.0,0.0010572381503218672
2014-04-23,-0.0006113781115122396,-0.0006113781115122396,0.0,-0.0006115769136566759
2014-04-24,-9.82977388637174e-05,-9.82977388637174e-05,0.0,-9.83969579859734e-05
2014-04-25,-0.0017216383025371318,-0.0017216383025371318,0.0,-0.0017219358721332005
2014-04-28,0.0008660192123661759,0.0008660192123661759,0.0,0.0008657231826834745
2014-04-29,0.0009457769920857562,0.0009457769920857562,0.0,0.000945579123005545
2014-04-30,0.0006173034205154693,0.0006173034205154693,0.0,0.0006170057724788268
2014-05-01,-0.0001504834162365798,-7.525076844105971e-05,0.15046529559106558,-0.00015079272441158686
2014-05-02,-0.0009406866900728561,-0.0009406866900728561,0.0,-0.0009408924586570115
2014-05-05,0.00036043183345513263,0.00036043183345513263,0.0,0.0003601240108794069
2014-05-06,-0.0008770198399860041,-0.0008770198399860041,0.0,-0.0008773279805835653
2014-05-07,0.0008033860138105808,0.0008033860138105808,0.0,0.0008030786477180964
2014-05-08,-0.0007826215022137539,-0.0007826215022137539,0.0,-0.0007829295772150124
2014-05-09,-0.00035165759337085767,-0.00035165759337085767,0.0,-0.00035196497724508094
2014-05-12,0.0014809687850987352,0.0014809687850987352,0.0,0.001480661711879875
2014-05-13,-0.00041820338712583727,-0.00041820338712583727,0.0,-0.0004185117667022484
2014-05-14,-0.0016528780624839312,-0.0016528780624839312,0.0,-0.0016531860730102125
2014-05-15,-0.001076512299297061,-0.001076512299297061,0.0,-0.0010768188488003122
2014-05-16,0.0007684034116921534,0.0007684034116921534,0.0,0.0007680978147723205
2014-05-19,0.0010976561031996734,0.0010976561031996734,0.0,0.0010973498268576603
2014-05-20,-0.0011019403207807033,-0.0011019403207807033,0.0,-0.0011022475666059173
2014-05-21,0.001132920931683934,0.001132920931683934,0.0,0.0011325125697047385
2014-05-22,8.131182932413772e-05,8.131182932413772e-05,0.0,8.100455723932281e-05
2014-05-23,0.00026269436460868434,0.00026269436460868434,0.0,0.0002622845727501277
2014-05-27,0.0013562263098716443,0.0013562263098716443,0.0,0.0013558162087691542
2014-05-28,-0.0014917046434582693,-0.0014917046434582693,0.0,-0.0014921163389486779
2014-05-29,0.0011172385839666177,0.0011172385839666177,0.0,0.001116828644753129
2014-05-30,0.000503130061293211,0.000503130061293211,0.0,0.0005027188081530207
2014-06-02,-0.0011727785804745983,-0.0008879876152929622,0.5695819303634682,-0.0011740151732119331
2014-06-03,-0.0005749298275802284,-0.0005749298275802284,0.0,-0.0005761659813992081
2014-06-04,0.00016691101710453182,0.00016691101710453182,0.0,0.00016567506528701465
2014-06-05,0.0022650724746140494,0.0022650724746140494,0.0,0.0022638364641621713
2014-06-06,0.0010862667450199925,0.0010862667450199925,0.0,0.001085029940666478
2014-06-09,-0.0007244757101705357,-0.0007244757101705357,0.0,-0.0007257128948444102
2014-06-10,-0.001027976382837803,-0.001027976382837803,0.0,-0.0010292133136765808
2014-06-11,-0.00036510435807235453,-0.00036510435807235453,0.0,-0.00036634092836764724
2014-06-12,0.00016453494609725006,0.00016453494609725006,0.0,0.00016329850390225053
2014-06-13,0.00024810990939472255,0.00024810990939472255,0.0,0.00024687340948058864
2014-06-16,0.00022854865091681553,0.00022854865091681553,0.0,0.00022731206398689976
2014-06-17,-0.0010394722224109643,-0.0010394722224109643,0.0,-0.0010407088894779266
2014-06-18,0.002797407895567705,0.002797407895567705,0.0,0.0027964806689080583
2014-06-19,-0.0005373985185332941,-0.0005373985185332941,0.0,-0.000538017159214396
2014-06-20,0.0005623513842343275,0.0005623513842343275,0.0,0.0005617328376539704
2014-06-23,-0.0004293835040283245,-0.0004293835040283245,0.0,-0.00043031147152098974
2014-06-24,-0.0003399921387527982,-0.0003399921387527982,0.0,-0.0003409199934801394
2014-06-25,0.0011665281161741259,0.0011665281161741259,0.0,0.0011656003507663857
2014-06-26,-5.1448900779016427e-05,-5.1448900779016427e-05,0.0,-5.2686329459253326e-05
2014-06-27,0.0007960389840675486,0.0007960389840675486,0.0,0.0007951109260584979
2014-06-30,-0.00014310787567950456,-0.00014310787567950456,0.0,-0.00014434556466350038
2014-07-01,0.00023155501278915303,0.0004948800500279571,0.526650074477215,0.00023056853912498923
2014-07-02,-0.001177211440732795,-0.001177211440732795,0.0,-0.0011781976861787685
2014-07-03,-0.00044806673410113795,-0.00044806673410113795,0.0,-0.0004485599703200475
2014-07-07,-0.0014815940749256518,-0.0014815940749256518,0.0,-0.0014835671926726767
2014-07-08,-0.0006204680115601269,-0.0006204680115601269,0.0,-0.0006219482792237252
2014-07-09,0.0009141388055216026,0.0009141388055216026,0.0,0.0009126583579400319
2014-07-10,-0.002079887336803865,-0.002079887336803865,0.0,-0.0020808741253035734
2014-07-11,0.0004744489980570421,0.0004744489980570421,0.0,0.00047346180701542264
2014-07-14,0.0012864476165435068,0.0012864476165435068,0.0,0.0012849669676532243
2014-07-15,-0.0027798326409742558,-0.0027798326409742558,0.0,-0.0027808194916928613
2014-07-16,0.0007947788633304587,0.0007947788633304587,0.0,0.0007937914740512874
2014-07-17,-0.0018391708849715416,-0.0018391708849715416,0.0,-0.0018401581203937418
2014-07-18,0.0024616559673611427,0.0024616559673611427,0.0,0.0024606683752477136
2014-07-21,0.00016501956862469136,0.00016501956862469136,0.0,0.00016353889482123368
2014-07-22,0.001204793310331853,0.001204793310331853,0.0,0.0012033126844087792
2014-07-23,0.0016784625511949702,0.0016784625511949702,0.0,0.0016769822744216998
2014-07-24,-0.0009595653180876074,-0.0009595653180876074,0.0,-0.000961045109256521
2014-07-25,-0.00013125536600033794,-0.00013125536600033794,0.0,-0.00013273543505251808
2014-07-28,-0.0002614210130233996,-0.0002614210130233996,0.0,-0.00026339448911378216
2014-07-29,-0.0013433350100172659,-0.0013433350100172659,0.0,-0.0013443217985527212
2014-07-30,-0.003355410151417604,-0.003355410151417604,0.0,-0.003357384248083886
2014-07-31,-0.006770516878993105,-0.006770516878993105,0.0,-0.006771998428162043
2014-08-01,0.0008231676511833985,0.0011122349565548806,0.57813461074272,0.000822185658165643
2014-08-04,0.0021848990686264003,0.0021848990686264003,0.0,0.0021835895769040585
2014-08-05,-0.0028895152761490017,-0.0028895152761490017,0.0,-0.0028904978491881596
2014-08-06,-0.00017927913991144795,-0.00017927913991144795,0.0,-0.00018026111047039835
2014-08-07,-0.0006185849545907729,-0.0006185849545907729,0.0,-0.0006195668877623103
2014-08-08,0.0017478349401010007,0.0017478349401010007,0.0,0.001746853136010885
2014-08-11,0.002601263388178232,0.002601263388178232,0.0,0.0025999538306073814
2014-08-12,-0.0010941099206159821,-0.0010941099206159821,0.0,-0.001095092629252252
2014-08-13,0.0030073349498382917,0.0030073349498382917,0.0,0.0030060249750826365
2014-08-14,0.001513458522766964,0.001513458522766964,0.0,0.0015121477164972764
2014-08-15,0.0015526009205357738,0.0015526009205357738,0.0,0.0015516175024596402
2014-08-18,0.0017041326627518227,0.0017041326627518227,0.0,0.0017031489236954244
2014-08-19,0.00044402949654598345,0.00044402949654598345,0.0,0.0004430454057814398
2014-08-20,-0.0007526507148510886,-0.0007526507148510886,0.0,-0.0007539629580045381
2014-08-21,0.0008046589777797042,0.0008046589777797042,0.0,0.0008040029597924096
2014-08-22,-0.0007303306535495491,-0.0007303306535495491,0.0,-0.0007313148465181374
2014-08-25,0.0014597912630276433,0.0014597912630276433,0.0,0.0014584792067562835
2014-08-26,0.0009494948288166771,0.0009494948288166771,0.0,0.0009485104857018945
2014-08-27,0.0008048810032093012,0.0008048810032093012,0.0,0.0008035682850074197
2014-08-28,-0.0005097281603637649,-0.0005097281603637649,0.0,-0.0005107128646370831
2014-08-29,0.0010034674242940245,0.0010034674242940245,0.0,0.0010024828249619385
2014-09-02,-0.0002945927715113372,-8.468844848263934e-05,0.41980864605741125,-0.0002958132194158764
2014-09-03,0.0006473231203827368,0.0006473231203827368,0.0,0.0006461021631675212
2014-09-04,-0.002397242818435452,-0.002397242818435452,0.0,-0.0023984637559323597
2014-09-05,0.0012782278809468917,0.0012782278809468917,0.0,0.0012770068702513612
2014-09-08,-0.0014766025739383348,-0.0014766025739383348,0.0,-0.0014774165550818685
2014-09-09,-0.0037800354526390523,-0.0037800354526390523,0.0,-0.0037808494638468257
2014-09-10,-0.000375053488506194,-0.000375053488506194,0.0,-0.00037586757696908183
2014-09-11,-3.360050915568458e-05,-3.360050915568458e-05,0.0,-3.441460528666749e-05
2014-09-12,-0.004708257639969071,-0.004708257639969071,0.0,-0.004709071736787051
2014-09-15,-0.0012340576865726982,-0.0012340576865726982,0.0,-0.0012348718801112133
2014-09-16,0.0022489839778656595,0.0022489839778656595,0.0,0.002248169758944889
2014-09-17,-0.0009869193776185226,-0.0009869193776185226,0.0,-0.0009877335503857033
2014-09-18,0.0012000846185784564,0.0012000846185784564,0.0,0.0011992704255377338
2014-09-19,0.001243243447341058,0.001243243447341058,0.0,0.0012424292789232206
2014-09-22,-0.0021704198889470616,-0.0021704198889470616,0.0,-0.0021708269604176164
2014-09-23,-0.00126944428833764,-0.00126944428833764,0.0,-0.0012698513820948482
2014-09-24,0.001209050179956206,0.001209050179956206,0.0,0.0012082359663384296
2014-09-25,-0.003645520193169993,-0.003645520193169993,0.0,-0.0036459272875631493
2014-09-26,0.001763266502628813,0.001763266502628813,0.0,0.001762859370662851
2014-09-29,-0.002007289754284658,-0.002007289754284658,0.0,-0.0020081039819341015
2014-09-30,0.0008712959193801773,0.0008712959193801773,0.0,0.0008704816503439464
2014-10-01,-0.0006766105242679288,-0.00034381991083276553,0.665581226870227,-0.000677059910007827
2014-10-02,-0.0011985719478614376,-0.0011985719478614376,0.0,-0.0011987964720235641
2014-10-03,0.005752866507870769,0.005752866507870769,0.0,0.00575264219047189
2014-10-06,-0.0030988749617231193,-0.0030988749617231193,0.0,-0.003099325569998691
2014-10-07,-0.0013249908559136436,-0.0013249908559136436,0.0,-0.0013254403978388589
2014-10-08,0.0032849759758049046,0.0032849759758049046,0.0,0.0032847514331153086
2014-10-09,-0.0028407659397968743,-0.0028407659397968743,0.0,-0.0028409910465779973
2014-10-10,-0.0009308433840941044,-0.0009308433840941044,0.0,-0.000931068001673124
2014-10-13,-0.0023594462561788987,-0.0023594462561788987,0.0,-0.0023596707133100585
2014-10-14,0.0030902532601635446,0.0030902532601635446,0.0,0.0030898051612122256
2014-10-15,-0.0016847322911285323,-0.0016847322911285323,0.0,-0.0016851814546328205
2014-10-16,-0.0007320560779393581,-0.0007320560779393581,0.0,-0.0007327289511733758
2014-10-17,0.0023038840499194357,0.0023038840499194357,0.0,0.002303435720558077
2014-10-20,0.0021612843854559305,0.0021612843854559305,0.0,0.002160835262342744
2014-10-21,0.003077645082971703,0.003077645082971703,0.0,0.0030771952168420903
2014-10-22,0.0004954527110032636,0.0004954527110032636,0.0,0.0004950017900727728
2014-10-23,0.0010280677469456379,0.0010280677469456379,0.0,0.0010278422016192174
2014-10-24,0.0010997856974377385,0.0010997856974377385,0.0,0.0010995599762046457
2014-10-27,-0.00045375041768258573,-0.00045375041768258573,0.0,-0.0004542022360911391
2014-10-28,0.0007602848254413264,0.0007602848254413264,0.0,0.0007598331622097721
2014-10-29,0.000469887236552502,0.000469887236552502,0.0,0.0004692093519895345
2014-10-30,0.0029233135669468613,0.0029233135669468613,0.0,0.0029230875251768256
2014-10-31,0.0057458444119193874,0.0057458444119193874,0.0,0.005745617872350481
2014-11-03,0.0022340288817974674,0.0023454124459956205,0.22276712839623117,0.0022335852762245664
2014-11-04,0.00010337526158799015,0.00010337526158799015,0.0,0.00010271055109617806
2014-11-05,0.001927437437318158,0.001927437437318158,0.0,0.0019267726724807972
2014-11-06,3.539428316390314e-05,3.539428316390314e-05,0.0,3.4728507000067685e-05
2014-11-07,-0.00034581449827886246,-0.00034581449827886246,0.0,-0.00034648029301342193
2014-11-10,0.0009189466606285279,0.0009189466606285279,0.0,0.000918502918475636
2014-11-11,-0.0007744433880816359,-0.0007744433880816359,0.0,-0.0007748874514866912
2014-11-12,0.0004961462857848709,0.0004961462857848709,0.0,0.0004957024933252891
2014-11-13,0.0010682743607448586,0.0010682743607448586,0.0,0.0010678303947904428
2014-11-14,-0.0019093156981695447,-0.0019093156981695447,0.0,-0.0019097600372846707
2014-11-17,0.00017125399001316488,0.00017125399001316488,0.0,0.00017058848367365346
2014-11-18,0.00026479737648665846,0.00026479737648665846,0.0,0.00026435364566845885
2014-11-19,-0.0007750868125132593,-0.0007750868125132593,0.0,-0.0007753087242390403
2014-11-20,0.00014423231515525714,0.00014423231515525714,0.0,0.00014378876306057978
2014-11-21,0.0020006532367309315,0.0020006532367309315,0.0,0.002000431435439461
2014-11-24,0.0012688687754456307,0.0012688687754456307,0.0,0.001268424473935914
2014-11-25,0.0007250186492075983,0.0007250186492075983,0.0,0.0007245739049812327
2014-11-26,0.0014714941507247836,0.0014714941507247836,0.0,0.0014710491537179204
2014-11-28,0.005797096407324176,0.005797096407324176,0.0,0.005796650898029134
2014-12-01,-0.005385498481453421,-0.0053086400147691615,0.15371693336832504,-0.005386251839145184
2014-12-02,0.0010937927552612248,0.0010937927552612248,0.0,0.0010930400241045272
2014-12-03,0.001069437072519941,0.001069437072519941,0.0,0.0010691860027079723
2014-12-04,0.0009417885698974615,0.0009417885698974615,0.0,0.0009412861188537162
2014-12-05,-0.00015933559229819316,-0.00015933559229819316,0.0,-0.00015983831733249327
2014-12-08,0.0010272387625849255,0.0010272387625849255,0.0,0.0010264847445767983
2014-12-09,-0.0007382881089669224,-0.0007382881089669224,0.0,-0.0007392940634933275
2014-12-10,-0.0009190160543773862,-0.0009190160543773862,0.0,-0.0009197701981331419
2014-12-11,0.00133148480559786,0.00133148480559786,0.0,0.0013307310632074782
2014-12-12,7.151226193125026e-05,7.151226193125026e-05,0.0,7.100937985020622e-05
2014-12-15,1.2875263698974848e-05,1.2875263698974848e-05,0.0,1.1869457952803858e-05
2014-12-16,-0.0002928016377561349,-0.0002928016377561349,0.0,-0.00029355599768087507
2014-12-17,0.0033201228755093126,0.0033201228755093126,0.0,0.00331936864331753
2014-12-18,0.0011511121974996374,0.0011511121974996374,0.0,0.0011501046297895529
2014-12-19,0.0011133412363883988,0.0011133412363883988,0.0,0.0011123330021068753
2014-12-22,0.0029401190488134166,0.0029401190488134166,0.0,0.00293885795098334
2014-12-23,-0.0028689357043517605,-0.0028689357043517605,0.0,-0.0028696936347858246
2014-12-24,0.0009225399006496104,0.0009225399006496104,0.0,0.0009222876720103898
2014-12-26,0.0006168428797783676,0.0006168428797783676,0.0,0.0006165905178658185
2014-12-29,0.0024722899145017685,0.0024722899145017685,0.0,0.0024715325615951075
2014-12-30,-0.0012162911976029145,-0.0012162911976029145,0.0,-0.001217049618675087
2014-12-31,0.00014667673133472725,0.00014667673133472725,0.0,0.00014566620476487395
2015-01-02,0.0039035808696117336,0.004011032126161718,0.21490251310003294,0.003903198102162695
2015-01-05,0.002154849833951422,0.002154849833951422,0.0,0.0021542764049048385
2015-01-06,0.0018738677733158848,0.0018738677733158848,0.0,0.001873293017484388
2015-01-07,0.0019125971973887879,0.0019125971973887879,0.0,0.0019120212899367375
2015-01-08,0.00015520181136530198,0.00015520181136530198,0.0,0.00015462473073462305
2015-01-09,0.00043428040089077413,0.00043428040089077413,0.0,0.0004338956170134355
2015-01-12,0.0015372948713916479,0.0015372948713916479,0.0,0.0015367174293469254
2015-01-13,-2.7473335590610937e-05,-2.7473335590610937e-05,0.0,-2.8051718603036888e-05
2015-01-14,0.00021177055691912194,0.00021177055691912194,0.0,0.00021099940199149176
2015-01-15,0.003189495042161372,0.003189495042161372,0.0,0.0031889165463662205
2015-01-16,-0.0019821903305252686,-0.0019821903305252686,0.0,-0.0019827707720230484
2015-01-20,0.0019317089179624602,0.0019317089179624602,0.0,0.0019311296880711844
2015-01-21,-0.0018705748902017039,-0.0018705748902017039,0.0,-0.0018711552985664394
2015-01-22,0.003194924397022847,0.003194924397022847,0.0,0.0031943451319743263
2015-01-23,0.0032069438512758452,0.0032069438512758452,0.0,0.003206556376873968
2015-01-26,2.8638379878431763e-05,2.8638379878431763e-05,0.0,2.8055220644237044e-05
2015-01-27,-0.002267839320022391,-0.002267839320022391,0.0,-0.002268228104439905
2015-01-28,0.0028704458320154558,0.0028704458320154558,0.0,0.0028700579678568286
2015-01-29,0.0003552751830355749,0.0003552751830355749,0.0,0.0003546916446156405
2015-01-30,2.9682557013854804e-05,2.9682557013854804e-05,0.0,2.929338769833402e-05
2015-02-02,-0.0008848059889132731,-0.0007654287731366782,0.23875443155350715,-0.0008852896402788107
2015-02-03,-0.0036102118580514375,-0.0036102118580514375,0.0,-0.0036106965099900346
2015-02-04,0.0020932989476494246,0.0020932989476494246,0.0,0.002093057181476776
2015-02-05,-0.0015925857550995737,-0.0015925857550995737,0.0,-0.0015930699352594232
2015-02-06,-0.0034988975708366565,-0.0034988975708366565,0.0,-0.0034993812573518115
2015-02-09,-0.0014288209328388035,-0.0014288209328388035,0.0,-0.0014290622319257532
2015-02-10,0.0012904254515777591,0.0012904254515777591,0.0,0.0012901843750280225
2015-02-11,0.0010042629341420195,0.0010042629341420195,0.0,0.0010040216568690248
2015-02-12,-0.0008145767000445892,-0.0008145767000445892,0.0,-0.0008150595666995695
2015-02-13,-0.001318901058773303,-0.001318901058773303,0.0,-0.0013191423654188418
2015-02-17,-0.0017134244169386692,-0.0017134244169386692,0.0,-0.0017139066194602913
2015-02-18,0.002401460682899925,0.002401460682899925,0.0,0.0024009790149373033
2015-02-19,-0.0006365836756400123,-0.0006365836756400123,0.0,-0.0006370660910222376
2015-02-20,0.001337076562902606,0.001337076562902606,0.0,0.0013365943457739678
2015-02-23,0.0020394129727980825,0.0020394129727980825,0.0,0.0020389303398148195
2015-02-24,0.001443623259748117,0.001443623259748117,0.0,0.0014431399937620507
2015-02-25,-0.0005352730394682093,-0.0005352730394682093,0.0,-0.0005357567528870788
2015-02-26,0.00027178715534859066,0.00027178715534859066,0.0,0.00027106183420524217
2015-02-27,0.0007842215145561493,0.0007842215145561493,0.0,0.0007837378828680395
2015-03-02,-0.00031167743050131147,-0.00016654165416574163,0.29027155267091087,-0.000311970272440094
2015-03-03,-0.0011175684861367552,-0.0011175684861367552,0.0,-0.0011178614435134596
2015-03-04,-0.00012706371257209526,-0.00012706371257209526,0.0,-0.00012720991116783282
2015-03-05,0.0012641670349384793,0.0012641670349384793,0.0,0.0012638747014462417
2015-03-06,-0.001713231757268674,-0.001713231757268674,0.0,-0.0017133782404891195
2015-03-09,0.0014455705795941576,0.0014455705795941576,0.0,0.001445278472413712
2015-03-10,0.0008920404524797032,0.0008920404524797032,0.0,0.000891747621329116
2015-03-11,0.0021944463797920477,0.0021944463797920477,0.0,0.002194006463536343
2015-03-12,0.0011019489070718258,0.0011019489070718258,0.0,0.0011015073473590678
2015-03-13,0.0016138742268640982,0.0016138742268640982,0.0,0.001613431842792048
2015-03-16,0.0009707470904758431,0.0009707470904758431,0.0,0.0009700077747203335
2015-03-17,0.001041273833644496,0.001041273833644496,0.0,0.0010405333106640181
2015-03-18,0.0004199601238876749,0.0004199601238876749,0.0,0.0004195150339481891
2015-03-19,0.0012022068246961837,0.0012022068246961837,0.0,0.0012017614218556016
2015-03-20,-0.0006546650235010887,-0.0006546650235010887,0.0,-0.0006548137893335174
2015-03-23,-0.00202275615357983,-0.00202275615357983,0.0,-0.0020232019635702003
2015-03-24,0.0008355337842158583,0.0008355337842158583,0.0,0.0008352375837763764
2015-03-25,-0.0031585304298529238,-0.0031585304298529238,0.0,-0.0031591236613110647
2015-03-26,-0.0019044502219894843,-0.0019044502219894843,0.0,-0.0019048927832710913
2015-03-27,0.00256371923870935,0.00256371923870935,0.0,0.002563131059779908
2015-03-30,0.0027308412343292066,0.0027308412343292066,0.0,0.0027302505004798824
2015-03-31,0.00035353483671829444,0.00035353483671829444,0.0,0.00035308975078884077
2015-04-01,-0.0005302766182613272,-0.0004407627598699282,0.17902771678285478,-0.0005307764568078094
2015-04-02,-0.0011356237860975504,-0.0011356237860975504,0.0,-0.001135956551632333
2015-04-06,-0.0001185923796311883,-0.0001185923796311883,0.0,-0.00011909074195238935
2015-04-07,0.0009037882517239915,0.0009037882517239915,0.0,0.0009034560649026347
2015-04-08,0.0026224985214815533,0.0026224985214815533,0.0,0.0026219996162158412
2015-04-09,0.0008651927055534081,0.0008651927055534081,0.0,0.0008646919913878055
2015-04-10,-0.00024387953866877865,-0.00024387953866877865,0.0,-0.00024421374561997485
2015-04-13,0.0008902988986914107,0.0008902988986914107,0.0,0.0008897977563790446
2015-04-14,-0.0006031537076235383,-0.0006031537076235383,0.0,-0.0006034882112766426
2015-04-15,-0.0009341168876522143,-0.0009341168876522143,0.0,-0.0009344511142018825
2015-04-16,-0.0007582338481821882,-0.0007582338481821882,0.0,-0.0007585676451746548
2015-04-17,-0.0012848121924902145,-0.0012848121924902145,0.0,-0.0012849789165157997
2015-04-20,0.0016627174488812457,0.0016627174488812457,0.0,0.0016622181648566123
2015-04-21,0.0009823336474894528,0.0009823336474894528,0.0,0.000981833216115263
2015-04-22,-0.00029705844152416727,-0.00029705844152416727,0.0,-0.0002975595500873729
2015-04-23,-0.0013346689846507331,-0.0013346689846507331,0.0,-0.0013351698883706153
2015-04-24,0.0005929703037779177,0.0005929703037779177,0.0,0.0005924703216390302
2015-04-27,-0.0004277388521702896,-0.0004277388521702896,0.0,-0.0004280724463960974
2015-04-28,-0.0019565572681701227,-0.0019565572681701227,0.0,-0.001956890665527654
2015-04-29,-0.0033603665960443285,-0.0033603665960443285,0.0,-0.0033605328435843125
2015-04-30,-0.0021440016230344083,-0.0021440016230344083,0.0,-0.0021441670931357858
2015-05-01,0.0014003586715269911,0.0014508600703562191,0.10100279765864799,0.0014001857925694712
2015-05-04,9.314348764410951e-05,9.314348764410951e-05,0.0,9.279732678284082e-05
2015-05-05,-0.004074295159369079,-0.004074295159369079,0.0,-0.004074468260638159
2015-05-06,-0.0030923507039053444,-0.0030923507039053444,0.0,-0.003092695075949269
2015-05-07,0.002816913731240156,0.002816913731240156,0.0,0.00281674224203673
2015-05-08,0.002732574301403945,0.002732574301403945,0.0,0.0027324021792309223
2015-05-11,-0.0024214481386917175,-0.0024214481386917175,0.0,-0.002421793607727716
2015-05-12,-0.0015026011072486467,-0.0015026011072486467,0.0,-0.0015031176789779411
2015-05-13,-0.0017144051329690546,-0.0017144051329690546,0.0,-0.0017147488380329658
2015-05-14,0.0011549036615019492,0.0011549036615019492,0.0,0.0011547321953270003
2015-05-15,0.0018474124440528428,0.0018474124440528428,0.0,0.00184706899176704
2015-05-18,3.4588868740081935e-05,3.4588868740081935e-05,0.0,3.424458628561722e-05
2015-05-19,0.0021341383893584975,0.0021341383893584975,0.0,0.002133794091361428
2015-05-20,0.0007513869269288875,0.0007513869269288875,0.0,0.0007510416719930042
2015-05-21,0.0005304423663277102,0.0005304423663277102,0.0,0.0005300967747260076
2015-05-22,0.0017943598581928732,0.0017943598581928732,0.0,0.0017940140290475957
2015-05-26,0.0026836135399250782,0.0026836135399250782,0.0,0.0026832669086658922
2015-05-27,0.0022770035599972704,0.0022770035599972704,0.0,0.0022768296461592
2015-05-28,-0.0013517521168661117,-0.0013517521168661117,0.0,-0.0013519265371214808
2015-05-29,-0.0013725672625181096,-0.0013725672625181096,0.0,-0.0013727413817299216
2015-06-01,0.0004253591310450222,0.0004980309417423889,0.1453436213945503,0.00042511210341695025
2015-06-02,-0.0037174281983872737,-0.0037174281983872737,0.0,-0.0037175516316578904
2015-06-03,-0.0001261659423273942,-0.0001261659423273942,0.0,-0.0001264107686530744
2015-06-04,0.0003689475137527154,0.0003689475137527154,0.0,0.00036870275667872857
2015-06-05,0.00019718139539559587,0.00019718139539559587,0.0,0.00019681395612718952
2015-06-08,-0.0022660039267254906,-0.0022660039267254906,0.0,-0.0022662489944081446
2015-06-09,-0.001792285904204105,-0.001792285904204105,0.0,-0.0017925297259720279
2015-06-10,-0.0007064543099642995,-0.0007064543099642995,0.0,-0.000706697144512029
2015-06-11,0.002868018861325039,0.002868018861325039,0.0,0.002867897638751977
2015-06-12,-5.9699444807437274e-05,-5.9699444807437274e-05,0.0,-5.99434663007615e-05
2015-06-15,-8.186441024027324e-05,-8.186441024027324e-05,0.0,-8.210839891907438e-05
2015-06-16,0.00035698576724718656,0.00035698576724718656,0.0,0.00035686379540851045
2015-06-17,-0.0007010005671232999,-0.0007010005671232999,0.0,-0.0007011226370457699
2015-06-18,0.0003328444362520333,0.0003328444362520333,0.0,0.00033272255906841675
2015-06-19,0.0009571137464223778,0.0009571137464223778,0.0,0.0009569917777542283
2015-06-22,-0.0003116928670788832,-0.0003116928670788832,0.0,-0.00031181509856463964
2015-06-23,0.0008943446014990641,0.0008943446014990641,0.0,0.0008942224556289569
2015-06-24,-0.0003168634294058448,-0.0003168634294058448,0.0,-0.00031698582071459713
2015-06-25,-0.0009091763298305633,-0.0009091763298305633,0.0,-0.0009092986341536268
2015-06-26,-0.0014356207809874677,-0.0014356207809874677,0.0,-0.0014357428354953429
2015-06-29,-0.0022065546286670346,-0.0022065546286670346,0.0,-0.0022067979476149504
2015-06-30,-0.000800387602630237,-0.000800387602630237,0.0,-0.0008005086535928408
2015-07-01,0.0022724107934395388,0.0023914967827638467,0.23817197864856823,0.0022723182324328266
2015-07-02,6.180260698962492e-05,6.180260698962492e-05,0.0,6.17098693786532e-05
2015-07-06,0.0021454602483743646,0.0021454602483743646,0.0,0.002145274735567908
2015-07-07,0.0015597179850239673,0.0015597179850239673,0.0,0.0015595311702749
2015-07-08,-0.001687197591426215,-0.001687197591426215,0.0,-0.0016873853511944117
2015-07-09,-0.0005564447705458386,-0.0005564447705458386,0.0,-0.0005567248742198166
2015-07-10,-0.0002727506650000988,-0.0002727506650000988,0.0,-0.0002728438639400707
2015-07-13,0.00176540477647813,0.00176540477647813,0.0,0.0017652185442720099
2015-07-14,0.0004968765442112666,0.0004968765442112666,0.0,0.0004967828928832573
2015-07-15,0.0018620781453577706,0.0018620781453577706,0.0,0.0018618905415712097
2015-07-16,0.0018361769363270941,0.0018361769363270941,0.0,0.0018359882061311085
2015-07-17,0.0016205584740258683,0.0016205584740258683,0.0,0.0016202737156736844
2015-07-20,0.0018832493727976019,0.0018832493727976019,0.0,0.001882867741136075
2015-07-21,-0.000932030999709732,-0.000932030999709732,0.0,-0.000932318923187707
2015-07-22,0.0013944496022819663,0.0013944496022819663,0.0,0.001394066826967159
2015-07-23,0.0005212759325869953,0.0005212759325869953,0.0,0.0005209875931166992
2015-07-24,0.0003546909903178186,0.0003546909903178186,0.0,0.00035430591100122174
2015-07-27,0.0003667978382413395,0.0003667978382413395,0.0,0.0003663159562628247
2015-07-28,-0.00031702343412842726,-0.00031702343412842726,0.0,-0.0003175058669251237
2015-07-29,0.00015518166678507583,0.00015518166678507583,0.0,0.0001546033188969068
2015-07-30,0.000842830981238496,0.000842830981238496,0.0,0.0008421559157332369
2015-07-31,0.0009131587772317484,0.0009131587772317484,0.0,0.0009123852500958928
2015-08-03,0.0018145380552401225,0.0018866899911846868,0.14430387188900098,0.0018136490278398976
2015-08-04,-0.0010016571624453796,-0.0010016571624453796,0.0,-0.0010025477420274357
2015-08-05,0.0006519122764121477,0.0006519122764121477,0.0,0.0006510239869325799
2015-08-06,-0.0002861854793286822,-0.0002861854793286822,0.0,-0.0002866303688209356
2015-08-07,-0.00017355362074877867,-0.00017355362074877867,0.0,-0.00017422046443414012
2015-08-10,-0.002338659975916091,-0.002338659975916091,0.0,-0.002339993068203994
2015-08-11,0.001354685600380101,0.001354685600380101,0.0,0.0013535813881599876
2015-08-12,-0.000729297608411783,-0.000729297608411783,0.0,-0.00073040569525911
2015-08-13,0.000512234036317949,0.000512234036317949,0.0,0.0005111280369060246
2015-08-14,0.0009213971116452946,0.0009213971116452946,0.0,0.0009204003933203407
2015-08-17,0.0015537053911962584,0.0015537053911962584,0.0,0.0015525952928943784
2015-08-18,0.00012732357928091353,0.00012732357928091353,0.0,0.0001265434067795102
2015-08-19,-0.0003615038418685046,-0.0003615038418685046,0.0,-0.0003620612895908456
2015-08-20,-0.003814806392714032,-0.003814806392714032,0.0,-0.0038150291654283496
2015-08-21,-0.0019087345132827727,-0.0019087345132827727,0.0,-0.0019090653931607409
2015-08-24,-0.0036887527977281787,-0.0036887527977281787,0.0,-0.00368941126972636
2015-08-25,-0.000556730071134659,-0.000556730071134659,0.0,-0.0005574908482490303
2015-08-26,0.004844307392264158,0.004844307392264158,0.0,0.004843656260637929
2015-08-27,-0.0004168233503327734,-0.0004168233503327734,0.0,-0.00041748282134392804
2015-08-28,-0.000855618066583741,-0.000855618066583741,0.0,-0.0008562768197420456
2015-08-31,-0.0031972339908045155,-0.0031972339908045155,0.0,-0.003198110361940068
2015-09-01,-0.00042173308565662815,-0.0002647446627097594,0.31397684589378316,-0.00042177962212751894
2015-09-02,0.00011636622557187337,0.00011636622557187337,0.0,0.00011631821830115574
2015-09-03,-6.287741335486707e-05,-6.287741335486707e-05,0.0,-6.290950682156386e-05
2015-09-04,0.0012612611200588653,0.0012612611200588653,0.0,0.0012612290744799344
2015-09-08,-0.0015916452969667594,-0.0015916452969667594,0.0,-0.0015917443118226308
2015-09-09,0.0010999446611317243,0.0010999446611317243,0.0,0.0010998969726164173
2015-09-10,-0.000849535171553506,-0.000849535171553506,0.0,-0.0008495678009784356
2015-09-11,5.888875617365841e-05,5.888875617365841e-05,0.0,5.882479145204472e-05
2015-09-14,-5.7461467182440273e-05,-5.7461467182440273e-05,0.0,-5.757356242399313e-05
2015-09-15,0.00016050310230464326,0.00016050310230464326,0.0,0.0001603911602459221
2015-09-16,-0.002314500838787592,-0.002314500838787592,0.0,-0.002314597155814701
2015-09-17,-0.0004961727802268445,-0.0004961727802268445,0.0,-0.0004961879497217909
2015-09-18,0.002847972422134193,0.002847972422134193,0.0,0.002847987402167864
2015-09-21,0.00010988698652258932,0.00010988698652258932,0.0,0.00010987092209218657
2015-09-22,0.0022307229994085187,0.0022307229994085187,0.0,0.0022307391056749994
2015-09-23,0.0011073397928362816,0.0011073397928362816,0.0,0.0011073228391811699
2015-09-24,-0.0013971239565379046,-0.0013971239565379046,0.0,-0.0013971413303748282
2015-09-25,-5.932737428160362e-05,-5.932737428160362e-05,0.0,-5.931053132725356e-05
2015-09-28,0.002632493267640479,0.002632493267640479,0.0,0.002632476447230827
2015-09-29,-0.0005366207293124869,-0.0005366207293124869,0.0,-0.0005366385474561812
2015-09-30,-0.00043334879059508946,-0.00043334879059508946,0.0,-0.00043333117594374207
2015-10-01,0.00010652386274578873,0.0002167054193948914,0.2203631132985879,0.00010670390963158763
2015-10-02,-0.0010493604395404033,-0.0010493604395404033,0.0,-0.0010493604395404033
2015-10-05,-0.0019292354702047376,-0.0019292354702047376,0.0,-0.0019293256064744392
2015-10-06,-0.002189607780476832,-0.002189607780476832,0.0,-0.002189607780476832
2015-10-07,-0.000721327557458129,-0.000721327557458129,0.0,-0.000721327557458129
2015-10-08,-0.0011381047517301512,-0.0011381047517301512,0.0,-0.0011380161048807594
2015-10-09,-0.0007390668290782054,-0.0007390668290782054,0.0,-0.000739155124788495
2015-10-12,0.001218696249129847,0.001218696249129847,0.0,0.0012186081816122642
2015-10-13,0.0007457260657830478,0.0007457260657830478,0.0,0.000745637622441411
2015-10-14,-0.0005321664479714938,-0.0005321664479714938,0.0,-0.0005321664479714938
2015-10-15,9.570955334226028e-05,9.570955334226028e-05,0.0,9.562104427906056e-05
2015-10-16,0.00036967321759684424,0.00036967321759684424,0.0,0.0003695846790276499
2015-10-19,0.0013694496521130528,0.0013694496521130528,0.0,0.0013692723471281259
2015-10-20,-0.000730756702486568,-0.000730756702486568,0.0,-0.0007309348503717388
2015-10-21,0.0014588436690481377,0.0014588436690481377,0.0,0.0014587548201614514
2015-10-22,0.0009338912239809094,0.0009338912239809094,0.0,0.0009338912239809094
2015-10-23,0.00031789125741266133,0.00031789125741266133,0.0,0.0003178016729612588
2015-10-26,0.00031181973799609963,0.00031181973799609963,0.0,0.0003116403738169503
2015-10-27,0.0008006601996684015,0.0008006601996684015,0.0,0.0008003908661692048
2015-10-28,-0.0007082973741089349,-0.0007082973741089349,0.0,-0.0007086574680175422
2015-10-29,-0.00028443439538816673,-0.00028443439538816673,0.0,-0.00028506303750108145
2015-10-30,-0.0007442477864972874,-0.0007442477864972874,0.0,-0.0007449655358125908
2015-11-02,-0.00017635965859541525,-7.176222499549745e-05,0.2091948671997933,-0.00017681583169699175
2015-11-03,-0.001124844248524437,-0.001124844248524437,0.0,-0.001125187275460606
2015-11-04,0.0016940872944526397,0.0016940872944526397,0.0,0.0016938033511142941
2015-11-05,0.0006388131974859323,0.0006388131974859323,0.0,0.0006385263787592331
2015-11-06,0.0012100031018200674,0.0012100031018200674,0.0,0.0012095424581442034
2015-11-09,0.0006701728720472921,0.0006701728720472921,0.0,0.0006693610057358307
2015-11-10,0.0006646083576880013,0.0006646083576880013,0.0,0.0006638515317905372
2015-11-11,-0.000431561274542247,-0.000431561274542247,0.0,-0.00043232102403902435
2015-11-12,0.00011043409392152981,0.00011043409392152981,0.0,0.00010961794750121661
2015-11-13,0.0011443750605986125,0.0011443750605986125,0.0,0.0011436167243976591
2015-11-16,0.000292741214402259,0.000292741214402259,0.0,0.00029186040731082224
2015-11-17,0.0007422564293972922,0.0007422564293972922,0.0,0.0007414329575027004
2015-11-18,-2.047407383753974e-05,-2.047407383753974e-05,0.0,-2.1182915302338064e-05
2015-11-19,-0.001080411101694767,-0.001080411101694767,0.0,-0.0010810607969684507
2015-11-20,0.0004112931107862483,0.0004112931107862483,0.0,0.0004106474339963987
2015-11-23,0.000159565889204627,0.000159565889204627,0.0,0.000158742172572068
2015-11-24,-0.0007549004140712245,-0.0007549004140712245,0.0,-0.0007558426672737216
2015-11-25,0.0006948732796265844,0.0006948732796265844,0.0,0.0006937592046424235
2015-11-27,0.0014277349840030595,0.0014277349840030595,0.0,0.001426734187859158
2015-11-30,0.0006320294062895915,0.0006320294062895915,0.0,0.0006307236582477845
2015-12-01,-0.0010586944467719794,-0.0009526687835262893,0.2120513264913059,-0.0010585251842238131
2015-12-02,0.0013647096116744528,0.0013647096116744528,0.0,0.001364883809395382
2015-12-03,-0.004421015758244606,-0.004421015758244606,0.0,-0.004420853155009972
2015-12-04,0.0011286730376172116,0.0011286730376172116,0.0,0.001128882907872041
2015-12-07,0.0028146276975242746,0.0028146276975242746,0.0,0.0028148910587320187
2015-12-08,0.0003945855285225619,0.0003945855285225619,0.0,0.0003947999665997105
2015-12-09,-0.0018565363044418248,-0.0018565363044418248,0.0,-0.0018563339594786083
2015-12-10,0.0013965975201106762,0.0013965975201106762,0.0,0.0013968023616706526
2015-12-11,0.0009874560578022606,0.0009874560578022606,0.0,0.0009876313918431195
2015-12-14,0.0006881122464457157,0.0006881122464457157,0.0,0.0006883090770028767
2015-12-15,0.00010215388642542678,0.00010215388642542678,0.0,0.00010233619461766208
2015-12-16,0.0004318269361560656,0.0004318269361560656,0.0,0.0004320227144982352
2015-12-17,0.0022242934803036185,0.0022242934803036185,0.0,0.0022244562428840897
2015-12-18,-0.0013448555423860586,-0.0013448555423860586,0.0,-0.001344738117994347
2015-12-21,5.1960453631094694e-05,5.1960453631094694e-05,0.0,5.2121804319910836e-05
2015-12-22,-0.0004263470691920901,-0.0004263470691920901,0.0,-0.00042620632765615025
2015-12-23,-0.00130362230438974,-0.00130362230438974,0.0,-0.0013034848225098072
2015-12-24,-0.0005053621660952023,-0.0005053621660952023,0.0,-0.0005052141450429592
2015-12-28,0.0010609185200107785,0.0010609185200107785,0.0,0.0010610934450538249
2015-12-29,-0.0003945918910925883,-0.0003945918910925883,0.0,-0.00039442682415860125
2015-12-30,0.000720039360323721,0.000720039360323721,0.0,0.0007201934226687855
2015-12-31,-0.00021169722410385727,-0.00021169722410385727,0.0,-0.00021158449611658844
2016-01-04,0.0007901750738863456,0.0008830329146967131,0.18571568162038676,0.0007899196874599465
2016-01-05,0.0009017440737557614,0.0009017440737557614,0.0,0.0009015021291725548
2016-01-06,0.0008504067983081676,0.0008504067983081676,0.0,0.000850145477606247
2016-01-07,-5.978607312784323e-05,-5.978607312784323e-05,0.0,-6.004148204563918e-05
2016-01-08,0.0004268753060983066,0.0004268753060983066,0.0,0.000426620356430715
2016-01-11,0.0026187421749306328,0.0026187421749306328,0.0,0.002618471036227861
2016-01-12,0.00011650341766777927,0.00011650341766777927,0.0,0.00011621122130050001
2016-01-13,-6.851731583634724e-05,-6.851731583634724e-05,0.0,-6.882440763243916e-05
2016-01-14,0.0003681987687647048,0.0003681987687647048,0.0,0.0003678504566844677
2016-01-15,0.0012559921629229365,0.0012559921629229365,0.0,0.0012556684744464987
2016-01-19,0.00040877014725415606,0.00040877014725415606,0.0,0.0004083917551498787
2016-01-20,0.000844909145100381,0.000844909145100381,0.0,0.000844526691861797
2016-01-21,-0.0008835037895617015,-0.0008835037895617015,0.0,-0.0008839246945331069
2016-01-22,-0.001408855393942532,-0.001408855393942532,0.0,-0.0014092962351373616
2016-01-25,0.0009969151086481887,0.0009969151086481887,0.0,0.0009964762856663637
2016-01-26,-0.0014759365798905355,-0.0014759365798905355,0.0,-0.0014763872172633963
2016-01-27,-0.0008626873881181218,-0.0008626873881181218,0.0,-0.0008631344800078964
2016-01-28,-0.0008704081175697764,-0.0008704081175697764,0.0,-0.000870871913380444
2016-01-29,-0.00013796082194417192,-0.00013796082194417192,0.0,-0.0001383866534940745
2016-02-01,0.0002444487112660543,0.00034699024622408814,0.20508306991642486,0.00024473762020274016
2016-02-02,0.002492053948716988,0.002492053948716988,0.0,0.0024923391990088525
2016-02-03,-0.0034191641434069275,-0.0034191641434069275,0.0,-0.0034189205239820836
2016-02-04,-0.0006626057711841549,-0.0006626057711841549,0.0,-0.0006623514643458694
2016-02-05,0.0012668738090253484,0.0012668738090253484,0.0,0.0012671359147615518
2016-02-08,0.0011918365681973242,0.0011918365681973242,0.0,0.0011921093554465461
2016-02-09,0.001614978937178435,0.001614978937178435,0.0,0.0016152201991491678
2016-02-10,-0.0007809623815756561,-0.0007809623815756561,0.0,-0.000780733314282472
2016-02-11,-0.00013714015005117375,-0.00013714015005117375,0.0,-0.0001369244047117665
2016-02-12,-0.0015317191041962497,-0.0015317191041962497,0.0,-0.0015314940446013031
2016-02-16,0.00040038600039737915,0.00040038600039737915,0.0,0.00040063744055494676
2016-02-17,-0.002007858984515165,-0.002007858984515165,0.0,-0.0020076124095827533
2016-02-18,-0.0002972944115675613,-0.0002972944115675613,0.0,-0.0002970233893776614
2016-02-19,0.00010051517148945699,0.00010051517148945699,0.0,0.00010078981454838881
2016-02-22,-0.0017835212593414473,-0.0017835212593414473,0.0,-0.001783220498477755
2016-02-23,0.0008460584574161434,0.0008460584574161434,0.0,0.0008463733137562531
2016-02-24,-0.00042105801594349845,-0.00042105801594349845,0.0,-0.00042074466479309364
2016-02-25,-0.0007211658527729314,-0.0007211658527729314,0.0,-0.0007208565200964735
2016-02-26,0.0007153179225229955,0.0007153179225229955,0.0,0.0007156366427111924
2016-02-29,-0.0013773165762812623,-0.0013773165762812623,0.0,-0.00137699749159269
2016-03-01,-0.0033302642176844532,-0.0032056102900590577,0.24930785525093568,-0.0033322054729762645
2016-03-02,-0.0010903747303087075,-0.0010903747303087075,0.0,-0.0010924062439807637
2016-03-03,-0.0016123191679412452,-0.0016123191679412452,0.0,-0.0016138763509577327
2016-03-04,-0.0028921009589459867,-0.0028921009589459867,0.0,-0.0028937004796880596
2016-03-07,-0.0007399354465489338,-0.0007399354465489338,0.0,-0.0007417319408053796
2016-03-08,0.0022389183438624727,0.0022389183438624727,0.0,0.0022372975868171193
2016-03-09,-0.0015236092560224623,-0.0015236092560224623,0.0,-0.0015253087500033521
2016-03-10,-0.0009251616752553593,-0.0009251616752553593,0.0,-0.000926901727382863
2016-03-11,-0.0030812784732894283,-0.0030812784732894283,0.0,-0.003083064560465361
2016-03-14,0.0006989390371057169,0.0006989390371057169,0.0,0.0006970771553097891
2016-03-15,0.0020473650734578186,0.0020473650734578186,0.0,0.0020454950685514536
2016-03-16,-0.001431279334453306,-0.001431279334453306,0.0,-0.0014330059896733543
2016-03-17,-0.0024945002863320243,-0.0024945002863320243,0.0,-0.002496101364960149
2016-03-18,-0.00013740281444585278,-0.00013740281444585278,0.0,-0.00013897911861426282
2016-03-21,-0.00029207152416554916,-0.00029207152416554916,0.0,-0.0002937550800188585
2016-03-22,-0.0003809323869671255,-0.0003809323869671255,0.0,-0.00038255863250516084
2016-03-23,0.003001660925565419,0.003001660925565419,0.0,0.0030000385969392363
2016-03-24,0.0006247183643148801,0.0006247183643148801,0.0,0.000623120367032223
2016-03-28,-0.000802815188581607,-0.000802815188581607,0.0,-0.0008044193729201201
2016-03-29,-0.0002799584339459038,-0.0002799584339459038,0.0,-0.0002812244071374721
2016-03-30,-9.052059486791553e-05,-9.052059486791553e-05,0.0,-9.161952688440662e-05
2016-03-31,0.0007239334098447792,0.0007239334098447792,0.0,0.0007227801811748089
2016-04-01,0.001877065257092747,0.00201104175302369,0.2679529918618,0.0018748639407229202
2016-04-04,0.001192973330441216,0.001192973330441216,0.0,0.001190778538568343
2016-04-05,0.0011317511619048926,0.0011317511619048926,0.0,0.0011295481099655778
2016-04-06,-0.0009738046814081747,-0.0009738046814081747,0.0,-0.0009760155606572208
2016-04-07,0.001360100334323766,0.001360100334323766,0.0,0.0013578961965749316
2016-04-08,-0.0015063304156437418,-0.0015063304156437418,0.0,-0.001508543956369258
2016-04-11,-0.0003502441486870067,-0.0003502441486870067,0.0,-0.00035244725977196564
2016-04-12,-0.0017280653987168382,-0.0017280653987168382,0.0,-0.0017301704019413707
2016-04-13,-0.0014758703333874745,-0.0014758703333874745,0.0,-0.0014780590287600357
2016-04-14,-0.0001715420844552451,-0.0001715420844552451,0.0,-0.0001736258098857041
2016-04-15,0.0008817205700790698,0.0008817205700790698,0.0,0.0008796379849872493
2016-04-18,-0.0003684920388110635,-0.0003684920388110635,0.0,-0.0003705804800418239
2016-04-19,-0.0013456038794059655,-0.0013456038794059655,0.0,-0.0013475950544550364
2016-04-20,-0.0017508541517423648,-0.0017508541517423648,0.0,-0.0017530256031185422
2016-04-21,0.00032550394076724665,0.00032550394076724665,0.0,0.00032334468887397895
2016-04-22,-0.0003604186419675637,-0.0003604186419675637,0.0,-0.0003625801611471211
2016-04-25,0.00023902337383940875,0.00023902337383940875,0.0,0.00023667662624050757
2016-04-26,-0.001010564491487731,-0.001010564491487731,0.0,-0.001012819106690028
2016-04-27,0.00018350014257406677,0.00018350014257406677,0.0,0.00018125288079253878
2016-04-28,0.0016801123145444574,0.0016801123145444574,0.0,0.0016780511008256964
2016-04-29,0.0004821046153231645,0.0004821046153231645,0.0,0.000480032215821137
2016-05-02,2.2916123820770906e-05,9.379098632367189e-05,0.1417497250059227,2.0236073686298092e-05
2016-05-03,0.002216416532843768,0.002216416532843768,0.0,0.002213856211158155
2016-05-04,0.00032107557851790425,0.00032107557851790425,0.0,0.0003187475458059843
2016-05-05,0.00045447607241033694,0.00045447607241033694,0.0,0.00045202375082264285
2016-05-06,-0.00031292175067876293,-0.00031292175067876293,0.0,-0.0003152538229213468
2016-05-09,0.00045012444410819086,0.00045012444410819086,0.0,0.00044718072769813123
2016-05-10,-0.0016529695450726578,-0.0016529695450726578,0.0,-0.0016559162220108664
2016-05-11,0.00013228490279537652,0.00013228490279537652,0.0,0.0001291044667293807
2016-05-12,-0.0009480913528251422,-0.0009480913528251422,0.0,-0.0009513950936584241
2016-05-13,0.001186856209306919,0.001186856209306919,0.0,0.0011834374007075289
2016-05-16,-0.0016260525776878865,-0.0016260525776878865,0.0,-0.0016294805051215314
2016-05-17,-0.0002743806439020613,-0.0002743806439020613,0.0,-0.0002777960577272975
2016-05-18,-0.0018534911034648882,-0.0018534911034648882,0.0,-0.0018571482124241725
2016-05-19,0.00048064031981054356,0.00048064031981054356,0.0,0.0004769985261894612
2016-05-20,-0.0003645835681075349,-0.0003645835681075349,0.0,-0.00036847238221830535
2016-05-23,0.0006370991821083027,0.0006370991821083027,0.0,0.0006328493059002838
2016-05-24,-0.0014366839915815888,-0.0014366839915815888,0.0,-0.0014409400048867634
2016-05-25,-0.0007595667717207322,-0.0007595667717207322,0.0,-0.000763566516916567
2016-05-26,0.0005367588656719491,0.0005367588656719491,0.0,0.0005331290190264053
2016-05-27,-0.0008676178025925907,-0.0008676178025925907,0.0,-0.0008713732313526839
2016-05-31,2.243376293065147e-05,2.243376293065147e-05,0.0,1.8323045003296066e-05
2016-06-01,-6.305880546708664e-05,-5.029342069584608e-06,0.1160589267949842,-6.716117036872606e-05
2016-06-02,0.0006511209187154421,0.0006511209187154421,0.0,0.0006473046306038584
2016-06-03,0.0024643891652027516,0.0024643891652027516,0.0,0.002460431664840263
2016-06-06,-0.0017631262607764597,-0.0017631262607764597,0.0,-0.0017669652170288488
2016-06-07,-0.0002813383574425954,-0.0002813383574425954,0.0,-0.0002851644693215285
2016-06-08,-0.00018108301182251374,-0.00018108301182251374,0.0,-0.00018436077903888739
2016-06-09,0.0010288461238963098,0.0010288461238963098,0.0,0.0010254329614386335
2016-06-10,0.0020801428147885215,0.0020801428147885215,0.0,0.0020767229640242637
2016-06-13,0.001264309815827147,0.001264309815827147,0.0,0.0012606018029536405
2016-06-14,1.0531027716753627e-05,1.0531027716753627e-05,0.0,6.8141679289625645e-06
2016-06-15,0.0010911376251359073,0.0010911376251359073,0.0,0.0010875583558616615
2016-06-16,0.0012091276939170115,0.0012091276939170115,0.0,0.0012054031336874442
2016-06-17,-0.0013438850162088567,-0.0013438850162088567,0.0,-0.0013474797583879342
2016-06-20,-0.0017773819322746132,-0.0017773819322746132,0.0,-0.0017812434504635487
2016-06-21,-0.0010774568881810609,-0.0010774568881810609,0.0,-0.0010811680477762725
2016-06-22,0.0007464508769496891,0.0007464508769496891,0.0,0.0007427472710597452
2016-06-23,-0.0024088002754338866,-0.0024088002754338866,0.0,-0.002412921203339095
2016-06-24,0.0065856432914639385,0.0065856432914639385,0.0,0.006582088109590938
2016-06-27,0.002238964739625704,0.002238964739625704,0.0,0.0022352268757625943
2016-06-28,-0.0008673443923759017,-0.0008673443923759017,0.0,-0.0008709588246800446
2016-06-29,-0.0019023281463637076,-0.0019023281463637076,0.0,-0.0019059367597871178
2016-06-30,0.00028269988605877927,0.00028269988605877927,0.0,0.0002791040593882453
2016-07-01,0.0011767300090501642,0.0013306516798927692,0.3078433416849519,0.0011699930448749987
2016-07-05,0.0032406657196373256,0.0032406657196373256,0.0,0.0032336893336329512
2016-07-06,0.0004378448142474678,0.0004378448142474678,0.0,0.00043110470590573173
2016-07-07,0.00012930761007456937,0.00012930761007456937,0.0,0.00012206636629897345
2016-07-08,0.0014529345355904777,0.0014529345355904777,0.0,0.0014461921743372773
2016-07-11,-0.002286451174754789,-0.002286451174754789,0.0,-0.0022941990206299815
2016-07-12,-0.003602297238615826,-0.003602297238615826,0.0,-0.0036095354609738785
2016-07-13,0.0021776510845556984,0.0021776510845556984,0.0,0.0021699301754130977
2016-07-14,-0.002304058800085218,-0.002304058800085218,0.0,-0.0023117896626714523
2016-07-15,-0.0011766962383574775,-0.0011766962383574775,0.0,-0.001184416545404626
2016-07-18,6.536033417225973e-05,6.536033417225973e-05,0.0,5.7396556189159484e-05
2016-07-19,0.001196631457776265,0.001196631457776265,0.0,0.001188916248087963
2016-07-20,-0.0013562813002225838,-0.0013562813002225838,0.0,-0.0013642510461142207
2016-07-21,0.0017727282238426678,0.0017727282238426678,0.0,0.0017650137539316835
2016-07-22,-0.0003717660245845522,-0.0003717660245845522,0.0,-0.0003797377275354083
2016-07-25,-0.00023663245294558433,-0.00023663245294558433,0.0,-0.00024460239801282676
2016-07-26,0.0003599705903043482,0.0003599705903043482,0.0,0.0003522507902200052
2016-07-27,0.002163956455729865,0.002163956455729865,0.0,0.002156235006930362
2016-07-28,0.0003193554519635988,0.0003193554519635988,0.0,0.00031312050146469156
2016-07-29,0.0025639227969285194,0.0025639227969285194,0.0,0.0025571877795886495
2016-08-01,-0.0013203205396641327,-0.0012647936515862712,0.11105377615576907,-0.0013277734376088166
2016-08-02,-0.0011236202110523896,-0.0011236202110523896,0.0,-0.001131082813486545
2016-08-03,-0.0003946476462924897,-0.0003946476462924897,0.0,-0.00040184852399093366
2016-08-04,0.0011380687602144945,0.0011380687602144945,0.0,0.0011313836644271946
2016-08-05,-0.002631962573308777,-0.002631962573308777,0.0,-0.00263890907616079
2016-08-08,-0.0003388010541923725,-0.0003388010541923725,0.0,-0.0003467652527331327
2016-08-09,0.002013047399687995,0.002013047399687995,0.0,0.0020055983955785043
2016-08-10,0.0015035079722014455,0.0015035079722014455,0.0,0.001496307957081013
2016-08-11,-0.0024122992601183224,-0.0024122992601183224,0.0,-0.0024195051467748555
2016-08-12,0.0009648749429320702,0.0009648749429320702,0.0,0.0009576784996257863
2016-08-15,-0.0011378320553047105,-0.0011378320553047105,0.0,-0.0011458037239381242
2016-08-16,-0.0006982250538017931,-0.0006982250538017931,0.0,-0.000705163824128462
2016-08-17,0.0006949785416718868,0.0006949785416718868,0.0,0.0006872717279770916
2016-08-18,0.0006408292789803482,0.0006408292789803482,0.0,0.00063337654079956
2016-08-19,-0.0017759862023302153,-0.0017759862023302153,0.0,-0.0017834415375365736
2016-08-22,0.0008043569739195622,0.0008043569739195622,0.0,0.00079690884888236
2016-08-23,0.00016152985817696752,0.00016152985817696752,0.0,0.00015382152581456282
2016-08-24,-0.0007033362970083612,-0.0007033362970083612,0.0,-0.0007113022741133462
2016-08-25,-0.00045054983588799224,-0.00045054983588799224,0.0,-0.0004590264985880346
2016-08-26,-0.0019311054266688554,-0.0019311054266688554,0.0,-0.0019395800075325403
2016-08-29,0.0024263263607404717,0.0024263263607404717,0.0,0.002417860720117589
2016-08-30,-0.0009279796525701878,-0.0009279796525701878,0.0,-0.0009364564989187098
2016-08-31,0.00020551009333824588,0.00020551009333824588,0.0,0.00019703753674409712
2016-09-01,0.0007087255693942751,0.0008192379210816281,0.22102470337502372,0.000699582650843316
2016-09-02,0.0010400481557062413,0.0010400481557062413,0.0,0.001031166969070285
2016-09-06,0.0034202467051225316,0.0034202467051225316,0.0,0.0034113615525124532
2016-09-07,-0.00010562822753479306,-0.00010562822753479306,0.0,-0.00011508251238210717
2016-09-08,-0.002969481563679932,-0.002969481563679932,0.0,-0.0029789354219787894
2016-09-09,-0.006676804251694035,-0.006676804251694035,0.0,-0.006686246082902798
2016-09-12,0.0021522955967472335,0.0021522955967472335,0.0,0.0021420502893159167
2016-09-13,-0.00451522552654815,-0.00451522552654815,0.0,-0.004525203205943146
2016-09-14,0.0009441382661916631,0.0009441382661916631,0.0,0.0009350099717247159
2016-09-15,0.0017772234608051107,0.0017772234608051107,0.0,0.0017691983380158452
2016-09-16,-0.00017708796219195744,-0.00017708796219195744,0.0,-0.0001851192637384411
2016-09-19,0.0005063140084284878,0.0005063140084284878,0.0,0.0004980064024623817
2016-09-20,0.0003847917945241086,0.0003847917945241086,0.0,0.0003764823681892384
2016-09-21,0.0043116909334717235,0.0043116909334717235,0.0,0.004305596340015594
2016-09-22,0.0024765011805529813,0.0024765011805529813,0.0,0.0024715054373064464
2016-09-23,-0.0005548978079420452,-0.0005548978079420452,0.0,-0.0005598988553828359
2016-09-26,-0.000663002872799412,-0.000663002872799412,0.0,-0.0006699471204319506
2016-09-27,0.0011375086298097692,0.0011375086298097692,0.0,0.0011302886659209598
2016-09-28,0.0006901585173071378,0.0006901585173071378,0.0,0.0006826572077114657
2016-09-29,-0.0019526827788595158,-0.0019526827788595158,0.0,-0.001959908396035745
2016-09-30,-0.0003377884939538278,-0.0003377884939538278,0.0,-0.00034556341331173717
2016-10-03,-0.0013665288568195377,-0.0012923296351374791,0.14839844336431235,-0.0013765367470106084
2016-10-04,-0.004913121574931512,-0.004913121574931512,0.0,-0.004923444829869144
2016-10-05,-0.00010102171673209703,-0.00010102171673209703,0.0,-0.00011101887416701419
2016-10-06,-0.0009605128206328084,-0.0009605128206328084,0.0,-0.0009705097051547114
2016-10-07,0.0005849283039565112,0.0005849283039565112,0.0,0.0005749340167818423
2016-10-10,0.0006737909498719663,0.0006737909498719663,0.0,0.0006637950819023929
2016-10-11,-0.003332693332960046,-0.003332693332960046,0.0,-0.0033436283038749647
2016-10-12,0.00013504404204733866,0.00013504404204733866,0.0,0.00012380680302518052
2016-10-13,0.00029794793372861506,0.00029794793372861506,0.0,0.0002888953818201488
2016-10-14,-0.0012922485923356763,-0.0012922485923356763,0.0,-0.0013019262399662677
2016-10-17,0.001147388527820592,0.001147388527820592,0.0,0.0011367780573796687
2016-10-18,0.002614261749038782,0.002614261749038782,0.0,0.002603647976080321
2016-10-19,0.001029095102580424,0.001029095102580424,0.0,0.0010184738246371131
2016-10-20,-0.0005049846027687099,-0.0005049846027687099,0.0,-0.0005156088319862278
2016-10-21,0.00029835279197265585,0.00029835279197265585,0.0,0.0002880424464129157
2016-10-24,9.667399598956017e-05,9.667399598956017e-05,0.0,8.636281979717829e-05
2016-10-25,8.137072068037376e-05,8.137072068037376e-05,0.0,7.074680732783916e-05
2016-10-26,-0.0025116807204571545,-0.0025116807204571545,0.0,-0.002521992392270703
2016-10-27,-0.002754555882665932,-0.002754555882665932,0.0,-0.002763611495411403
2016-10-28,-0.00032889102453581565,-0.00032889102453581565,0.0,-0.0003379398635598459
2016-10-31,0.0013803902543774171,0.0013803902543774171,0.0,0.0013697822192251068
2016-11-01,-0.00027299937694647003,-0.00015356975507152537,0.23885924374976214,-0.0002839971958154028
2016-11-02,0.0002043921826240247,0.0002043921826240247,0.0,0.0001930791639955219
2016-11-03,-0.0007396536490830163,-0.0007396536490830163,0.0,-0.0007512815425747796
2016-11-04,0.0009286475814374029,0.0009286475814374029,0.0,0.000917021948998237
2016-11-07,0.0009323990189100684,0.0009323990189100684,0.0,0.0009195134185751848
2016-11-08,-0.0009985745459638595,-0.0009985745459638595,0.0,-0.0010120920184738902
2016-11-09,-0.005501142502909784,-0.005501142502909784,0.0,-0.0055149707083109786
2016-11-10,-0.0035413572109086466,-0.0035413572109086466,0.0,-0.003556106787344452
2016-11-11,-0.002456189219005478,-0.002456189219005478,0.0,-0.0024709249307377
2016-11-14,-0.0025870677005229714,-0.0025870677005229714,0.0,-0.002603987017142903
2016-11-15,0.0017597348742144359,0.0017597348742144359,0.0,0.0017440796699421173
2016-11-16,9.256636546606245e-05,9.256636546606245e-05,0.0,7.81568123840804e-05
2016-11-17,-0.0019055823363998137,-0.0019055823363998137,0.0,-0.0019190524686441856
2016-11-18,-0.001819206689864572,-0.001819206689864572,0.0,-0.0018326699615926656
2016-11-21,0.001180394705785348,0.001180394705785348,0.0,0.0011659991552891102
2016-11-22,0.001359482882271612,0.001359482882271612,0.0,0.0013444566914030055
2016-11-23,-0.002486051162665648,-0.002486051162665648,0.0,-0.0025017091319459502
2016-11-25,-0.0003828846640850925,-0.0003828846640850925,0.0,-0.00039790630580857536
2016-11-28,0.002023809871676052,0.002023809871676052,0.0,0.002008789772027982
2016-11-29,0.0003539366982245884,0.0003539366982245884,0.0,0.00033890846410562125
2016-11-30,-0.0026794316330479573,-0.0026794316330479573,0.0,-0.00269446128927142
2016-12-01,-0.003066520585902399,-0.0028874446398182707,0.3581518921682206,-0.003075421088749508
2016-12-02,0.001112760964981252,0.001112760964981252,0.0,0.001103654159766779
2016-12-05,0.0005740314580202632,0.0005740314580202632,0.0,0.0005647236480460007
2016-12-06,0.0005183798236803039,0.0005183798236803039,0.0,0.0005090661982972046
2016-12-07,0.0015598123954987386,0.0015598123954987386,0.0,0.0015501131590090792
2016-12-08,0.00011536918452437206,0.00011536918452437206,0.0,0.00010584403792544611
2016-12-09,-0.0007732862393114992,-0.0007732862393114992,0.0,-0.0007833841561333204
2016-12-12,-0.0006161899074599297,-0.0006161899074599297,0.0,-0.0006258986285966754
2016-12-13,0.00036685271397063346,0.00036685271397063346,0.0,0.0003565797655728728
2016-12-14,-0.0029587896847244055,-0.0029587896847244055,0.0,-0.0029690667240919676
2016-12-15,-0.0008011040468270947,-0.0008011040468270947,0.0,-0.0008105891823960232
2016-12-16,-5.01744488333733e-05,-5.01744488333733e-05,0.0,-5.9651281409665795e-05
2016-12-19,0.0008316684989086998,0.0008316684989086998,0.0,0.0008218131338876172
2016-12-20,0.00041219173406537024,0.00041219173406537024,0.0,0.00040232741147717776
2016-12-21,0.00011393768420409067,0.00011393768420409067,0.0,0.00010425870774572957
2016-12-22,7.179125921208396e-05,7.179125921208396e-05,0.0,6.230088724851397e-05
2016-12-23,0.0006576479511191113,0.0006576479511191113,0.0,0.0006479670138046089
2016-12-27,0.00015666836313577015,0.00015666836313577015,0.0,0.00014698048749096833
2016-12-28,0.00043005408410845547,0.00043005408410845547,0.0,0.0004201745650865116
2016-12-29,0.0011621670208206147,0.0011621670208206147,0.0,0.001153423356356217
2016-12-30,-0.00023782699652363792,-0.00023782699652363792,0.0,-0.00024734297934516855
2017-01-03,0.0006333157592384175,0.0007533262200303259,0.24002092158402888,0.0006191450906968748
2017-01-04,0.001853460235413218,0.001853460235413218,0.0,0.001839559432673672
2017-01-05,0.0012346499015736256,0.0012346499015736256,0.0,0.0012210042032182085
2017-01-06,-0.0010458993272822736,-0.0010458993272822736,0.0,-0.001059820877013268
2017-01-09,-6.410896790942644e-05,-6.410896790942644e-05,0.0,-7.748831489923465e-05
2017-01-10,0.00025306440174888145,0.00025306440174888145,0.0,0.00023941789039891705
2017-01-11,0.001413097780560646,0.001413097780560646,0.0,0.001399449601537477
2017-01-12,0.0003724021220496976,0.0003724021220496976,0.0,0.00035874464397102595
2017-01-13,-0.00034950507835396216,-0.00034950507835396216,0.0,-0.00036343284787775755
2017-01-17,0.0005436708071973051,0.0005436708071973051,0.0,0.0005292097894256736
2017-01-18,-0.0014254199693560787,-0.0014254199693560787,0.0,-0.0014393490396519759
2017-01-19,-0.001132730010746208,-0.001132730010746208,0.0,-0.0011463818260907615
2017-01-20,0.001233884130183771,0.001233884130183771,0.0,0.0012207748561845336
2017-01-23,0.0014290263261993452,0.0014290263261993452,0.0,0.0014153738538963485
2017-01-24,0.00010171643826262233,0.00010171643826262233,0.0,8.832244816249611e-05
2017-01-25,9.701781911086726e-05,9.701781911086726e-05,0.0,8.389106619966278e-05
2017-01-26,0.00010172626007753927,0.00010172626007753927,0.0,8.833098887304985e-05
2017-01-27,0.00015381785051671315,0.00015381785051671315,0.0,0.00014015400511428535
2017-01-30,-0.0011924737576506361,-0.0011924737576506361,0.0,-0.00120613861413452
2017-01-31,0.0007770686745105504,0.0007770686745105504,0.0,0.0007631438813151195
2017-02-01,-0.00026685361693579157,-6.577089010662007e-05,0.4021654536584372,-0.00027814799079078293
2017-02-02,0.00045436139790133723,0.00045436139790133723,0.0,0.00044283982930383924
2017-02-03,0.00135531440074943,0.00135531440074943,0.0,0.0013440148642277952
2017-02-06,-5.3634798867774336e-05,-5.3634798867774336e-05,0.0,-6.562456230992217e-05
2017-02-07,-0.000608701418083557,-0.000608701418083557,0.0,-0.000620690696534775
2017-02-08,0.0015138068164539664,0.0015138068164539664,0.0,0.0015018230455180201
2017-02-09,0.0008829127137841564,0.0008829127137841564,0.0,0.0008709152666649344
2017-02-10,0.0020080364483336943,0.0020080364483336943,0.0,0.0019958045144594736
2017-02-13,0.00032066678990450015,0.00032066678990450015,0.0,0.0003088701430423377
2017-02-14,0.0001680554445644411,0.0001680554445644411,0.0,0.00015580213831244168
2017-02-15,0.001620025649921697,0.001620025649921697,0.0,0.0016079977436041523
2017-02-16,-0.00012067364348433696,-0.00012067364348433696,0.0,-0.0001324888962614022
2017-02-17,0.0001647151048260742,0.0001647151048260742,0.0,0.00015290091647891235
2017-02-21,0.002035022220711724,0.002035022220711724,0.0,0.002022979355830308
2017-02-22,8.734667081644609e-05,8.734667081644609e-05,0.0,7.551311881996535e-05
2017-02-23,0.0003697708308996184,0.0003697708308996184,0.0,0.00035816409329040877
2017-02-24,-0.0002550464310230316,-0.0002550464310230316,0.0,-0.0002666563590767901
2017-02-27,-0.0003413981950647349,-0.0003413981950647349,0.0,-0.00035277831948543864
2017-02-28,-0.0011561177392858113,-0.0011561177392858113,0.0,-0.0011681776081890992
2017-03-01,0.0026278107177575283,0.002775278379454793,0.2949353233949048,0.0026112741890909905
2017-03-02,-0.005384488617378835,-0.005384488617378835,0.0,-0.005402090188803947
2017-03-03,0.0013943232106718995,0.0013943232106718995,0.0,0.0013757041925795107
2017-03-06,-0.001637948999480443,-0.001637948999480443,0.0,-0.0016573792745164851
2017-03-07,-0.0023843341440054067,-0.0023843341440054067,0.0,-0.0024042806782675163
2017-03-08,-0.004338573014194491,-0.004338573014194491,0.0,-0.0043576991663911565
2017-03-09,-0.0024713520143915257,-0.0024713520143915257,0.0,-0.0024904370090018065
2017-03-10,0.001324613296777688,0.001324613296777688,0.0,0.0013052870616204314
2017-03-13,0.0013418418920343456,0.0013418418920343456,0.0,0.0013211783134558582
2017-03-14,-0.0021998576866052444,-0.0021998576866052444,0.0,-0.0022202699581929993
2017-03-15,0.007688013341834887,0.007688013341834887,0.0,0.007668947453263389
2017-03-16,-0.00017743378394696752,-0.00017743378394696752,0.0,-0.00019657219369304826
2017-03-17,0.00028204709861556765,0.00028204709861556765,0.0,0.0002629103629027412
2017-03-20,0.0006614608398458621,0.0006614608398458621,0.0,0.0006415239690226851
2017-03-21,-0.0053279736310880565,-0.0053279736310880565,0.0,-0.005348182908029224
2017-03-22,0.0013961547044449851,0.0013961547044449851,0.0,0.0013759987218792315
2017-03-23,-4.995372059735104e-05,-4.995372059735104e-05,0.0,-6.985825527979674e-05
2017-03-24,0.001519649543904933,0.001519649543904933,0.0,0.0014992147271995161
2017-03-27,-0.00019674771022737403,-0.00019674771022737403,0.0,-0.00021719788357225827
2017-03-28,0.002741278076717535,0.002741278076717535,0.0,0.0027208298919747143
2017-03-29,0.0019519320835443832,0.0019519320835443832,0.0,0.001931456267432806
2017-03-30,0.0004436486589147748,0.0004436486589147748,0.0,0.00042315320616576567
2017-03-31,-0.0003803025777086022,-0.0003803025777086022,0.0,-0.00040027002633288936
2017-04-03,1.815527763437963e-05,0.00013519922923999061,0.23408790321115888,2.1996354937311656e-06
2017-04-04,0.0007549472734715845,0.0007549472734715845,0.0,0.0007390050853631007
2017-04-05,-0.0016173286596703473,-0.0016173286596703473,0.0,-0.0016334867033327143
2017-04-06,0.00046713155902833314,0.00046713155902833314,0.0,0.0004512023449625888
2017-04-07,7.906113156219696e-05,7.906113156219696e-05,0.0,6.251197110915519e-05
2017-04-10,0.0002104902906601147,0.0002104902906601147,0.0,0.00019393989744923064
2017-04-11,0.00022583550302623934,0.00022583550302623934,0.0,0.00020928182844378698
2017-04-12,-0.0009477387247684987,-0.0009477387247684987,0.0,-0.0009640915093398003
2017-04-13,-0.0016042369722183425,-0.0016042369722183425,0.0,-0.001620575154173732
2017-04-17,0.0026170197287402885,0.0026170197287402885,0.0,0.002600298468734285
2017-04-18,-0.0021475902812156944,-0.0021475902812156944,0.0,-0.002164148408961047
2017-04-19,-0.0014742906765550234,-0.0014742906765550234,0.0,-0.0014906112554174905
2017-04-20,0.002589685941094766,0.002589685941094766,0.0,0.002573795582502997
2017-04-21,-0.0007586768941447719,-0.0007586768941447719,0.0,-0.0007746061578919586
2017-04-24,0.0029607600856769167,0.0029607600856769167,0.0,0.002944434078085579
2017-04-25,0.0016432033343565244,0.0016432033343565244,0.0,0.001626627162449981
2017-04-26,-0.00042745759347850854,-0.00042745759347850854,0.0,-0.00044426426202371874
2017-04-27,7.634316992866097e-05,7.634316992866097e-05,0.0,5.995298410139817e-05
2017-04-28,-0.0008661296437068033,-0.0008661296437068033,0.0,-0.0008823161097828826
2017-05-01,0.0009735275920834674,0.001063191936251373,0.17932868833621796,0.0009567710219068457
2017-05-02,0.0004966615771004879,0.0004966615771004879,0.0,0.0004801138477682593
2017-05-03,-0.0009566983978704924,-0.0009566983978704924,0.0,-0.0009738670344506603
2017-05-04,-0.0013895684268997455,-0.0013895684268997455,0.0,-0.001406721583931168
2017-05-05,0.0019068662973833472,0.0019068662973833472,0.0,0.001888919910229195
2017-05-08,-0.0002854926377475753,-0.0002854926377475753,0.0,-0.0003038799375824579
2017-05-09,0.001089944406765353,0.001089944406765353,0.0,0.0010715620550700306
2017-05-10,0.0012986463385058489,0.0012986463385058489,0.0,0.0012804495745554517
2017-05-11,-0.00023564220326011132,-0.00023564220326011132,0.0,-0.0002534517570736584
2017-05-12,0.00033027621057724055,0.00033027621057724055,0.0,0.0003126752585093973
2017-05-15,0.001722620359408733,0.001722620359408733,0.0,0.0017043997739498078
2017-05-16,2.9605636486573772e-05,2.9605636486573772e-05,0.0,1.1355650249314245e-05
2017-05-17,-0.005430058659182002,-0.005430058659182002,0.0,-0.005448309150697736
2017-05-18,-0.0005383244631473882,-0.0005383244631473882,0.0,-0.00055688980350355
2017-05-19,0.002488872012415877,0.002488872012415877,0.0,0.0024705200333433055
2017-05-22,0.000938179798615435,0.000938179798615435,0.0,0.0009193759346151254
2017-05-23,0.0009570892308703449,0.0009570892308703449,0.0,0.0009384733430310798
2017-05-24,0.0008530322679456415,0.0008530322679456415,0.0,0.0008341948976017614
2017-05-25,0.0011911139611604504,0.0011911139611604504,0.0,0.001172261530100716
2017-05-26,0.0004896195843784312,0.0004896195843784312,0.0,0.0004707461486186577
2017-05-30,-0.0003091515568491854,-0.0003091515568491854,0.0,-0.00032803362258048286
2017-05-31,-0.0006990757060568731,-0.0006990757060568731,0.0,-0.0007187730434281406
2017-06-01,0.0028132143073889004,0.0029393160741466584,0.2522035335153869,0.0027885084302842968
2017-06-02,0.003335442982669745,0.003335442982669745,0.0,0.003310736278477171
2017-06-05,-0.0013274471782086517,-0.0013274471782086517,0.0,-0.0013519405655085213
2017-06-06,8.83265511413267e-05,8.83265511413267e-05,0.0,6.359307574617676e-05
2017-06-07,-0.00016669620945575225,-0.00016669620945575225,0.0,-0.00019194617026777944
2017-06-08,0.00022179572056502117,0.00022179572056502117,0.0,0.00019629040423175024
2017-06-09,-0.002619924672582652,-0.002619924672582652,0.0,-0.0026454330446714627
2017-06-12,-0.0006253461276775063,-0.0006253461276775063,0.0,-0.0006503037198226463
2017-06-13,0.001899516203862861,0.001899516203862861,0.0,0.001874052665833353
2017-06-14,8.803506598309419e-05,8.803506598309419e-05,0.0,6.254532228390919e-05
2017-06-15,-0.0026725316955384937,-0.0026725316955384937,0.0,-0.002698280138085417
2017-06-16,0.00025531341689255527,0.00025531341689255527,0.0,0.00022934520241741296
2017-06-19,0.0024814010849683044,0.0024814010849683044,0.0,0.0024554292686466846
2017-06-20,-0.0021982318931780265,-0.0021982318931780265,0.0,-0.0022239811368991082
2017-06-21,0.0002931498092175744,0.0002931498092175744,0.0,0.0002682028180180338
2017-06-22,0.0013020168682766897,0.0013020168682766897,0.0,0.0012778375867045799
2017-06-23,0.0011439826198040848,0.0011439826198040848,0.0,0.0011195288670615942
2017-06-26,0.0006262994669503641,0.0006262994669503641,0.0,0.0006010578781629348
2017-06-27,-0.003210456585610477,-0.003210456585610477,0.0,-0.0032359643707401175
2017-06-28,0.0030734815251127756,0.0030734815251127756,0.0,0.0030477609097397337
2017-06-29,-0.00406701297040013,-0.00406701297040013,0.0,-0.0040932916339174435
2017-06-30,2.7007480410068396e-05,2.7007480410068396e-05,0.0,1.0438597645065405e-06
2017-07-03,-0.00017705527582578817,0.00013714474896198148,0.628400049575693,-0.00018227389790648492
2017-07-05,0.000331780115571112,0.000331780115571112,0.0,0.00032662876684449337
2017-07-06,-0.0022391850242410305,-0.0022391850242410305,0.0,-0.002244298092653941
2017-07-07,0.0020098365409808583,0.0020098365409808583,0.0,0.0020047534847879864
2017-07-10,0.0004128616887839609,0.0004128616887839609,0.0,0.0004077068449038408
2017-07-11,0.0008352777392468536,0.0008352777392468536,0.0,0.0008301081547877446
2017-07-12,0.0030395546251005268,0.0030395546251005268,0.0,0.0030343552432490414
2017-07-13,0.0010462911181445822,0.0010462911181445822,0.0,0.0010409836329199206
2017-07-14,0.0013353139768770284,0.0013353139768770284,0.0,0.0013300212085330476
2017-07-17,-0.0004651639290398357,-0.0004651639290398357,0.0,-0.0004706606652546674
2017-07-18,-3.90107554617547e-05,-3.90107554617547e-05,0.0,-4.4490658899623626e-05
2017-07-19,0.0013144764324246605,0.0013144764324246605,0.0,0.0013087892362687468
2017-07-20,0.0006245164551308413,0.0006245164551308413,0.0,0.0006185694289621745
2017-07-21,-0.0007047096330311531,-0.0007047096330311531,0.0,-0.0007107337775075065
2017-07-24,0.0005803023058945644,0.0005803023058945644,0.0,0.0005742532145608514
2017-07-25,0.0010630313994350882,0.0010630313994350882,0.0,0.0010569065492434919
2017-07-26,8.585660516513549e-05,8.585660516513549e-05,0.0,7.995520650692638e-05
2017-07-27,-0.0009426097089987318,-0.0009426097089987318,0.0,-0.0009484079919675685
2017-07-28,-0.0005700726372117604,-0.0005700726372117604,0.0,-0.0005756769676510837
2017-07-31,-6.093364318382477e-05,-6.093364318382477e-05,0.0,-6.646450254630002e-05
2017-08-01,0.0010553265827630831,0.0011796553221685713,0.24865747881098382,0.0010446796040270863
2017-08-02,0.0002943369608503499,0.0002943369608503499,0.0,0.0002837475777637949
2017-08-03,-0.001449532823626698,-0.001449532823626698,0.0,-0.0014601314679809014
2017-08-04,0.0012284038346355164,0.0012284038346355164,0.0,0.0012178508658190492
2017-08-07,0.0007460996171055889,0.0007460996171055889,0.0,0.0007360075932720914
2017-08-08,-0.0013323114328123165,-0.0013323114328123165,0.0,-0.0013427262406586003
2017-08-09,-0.002512620930385623,-0.002512620930385623,0.0,-0.0025229945748757067
2017-08-10,-0.006704100868838436,-0.006704100868838436,0.0,-0.0067142976890957155
2017-08-11,0.0007147366264763644,0.0007147366264763644,0.0,0.0007049408268061055
2017-08-14,0.003514767679983599,0.003514767679983599,0.0,0.003504950250999225
2017-08-15,0.0007818183294241443,0.0007818183294241443,0.0,0.000771796657614679
2017-08-16,0.0005791579361551502,0.0005791579361551502,0.0,0.0005693094429101522
2017-08-17,-0.005385802655090477,-0.005385802655090477,0.0,-0.005395471101721607
2017-08-18,0.0013210893024833137,0.0013210893024833137,0.0,0.0013113849974706942
2017-08-21,3.5894614399900604e-05,3.5894614399900604e-05,0.0,2.6248196280309158e-05
2017-08-22,0.0034166499384784554,0.0034166499384784554,0.0,0.0034070024565059434
2017-08-23,-0.0003689262981885211,-0.0003689262981885211,0.0,-0.00037857623012863944
2017-08-24,0.0002841217385451955,0.0002841217385451955,0.0,0.00027428588044429324
2017-08-25,0.0013968540676347896,0.0013968540676347896,0.0,0.0013869112884936877
2017-08-28,-0.0005127536305860048,-0.0005127536305860048,0.0,-0.0005223430091288128
2017-08-29,-0.00020627743356849138,-0.00020627743356849138,0.0,-0.00021624681139644443
2017-08-30,0.0008079219050194375,0.0008079219050194375,0.0,0.0007979587394838351
2017-08-31,0.0016879431057692518,0.0016879431057692518,0.0,0.0016781534001687676
2017-09-01,0.00018089639305851613,0.0004084775851420641,0.4551623841669765,0.00015771286601811007
2017-09-05,-0.002599648011957223,-0.002599648011957223,0.0,-0.0026230600079402513
2017-09-06,0.0016260787033008928,0.0016260787033008928,0.0,0.0016017846622678512
2017-09-07,0.0014054017730948942,0.0014054017730948942,0.0,0.0013815428095124906
2017-09-08,-0.001151754266867644,-0.001151754266867644,0.0,-0.001175405236222514
2017-09-11,0.00326679051601797,0.00326679051601797,0.0,0.003242695583440315
2017-09-12,0.0008997984174485829,0.0008997984174485829,0.0,0.0008761120002867302
2017-09-13,-0.0008743908772411713,-0.0008743908772411713,0.0,-0.0008980923882330771
2017-09-14,0.0002701121205275214,0.0002701121205275214,0.0,0.00024619306617007535
2017-09-15,0.0011679559413619867,0.0011679559413619867,0.0,0.0011440323087706808
2017-09-18,0.0008833332970967778,0.0008833332970967778,0.0,0.0008591574312177672
2017-09-19,0.0011756014413877303,0.0011756014413877303,0.0,0.0011516430944672612
2017-09-20,-0.0008127185255492053,-0.0008127185255492053,0.0,-0.0008364639358890109
2017-09-21,-0.0006586367518348624,-0.0006586367518348624,0.0,-0.0006823685536998446
2017-09-22,-1.3640776926115983e-05,-1.3640776926115983e-05,0.0,-3.712898652217503e-05
2017-09-25,-0.002135624668286762,-0.002135624668286762,0.0,-0.0021598103144330884
2017-09-26,0.00015537250435082584,0.00015537250435082584,0.0,0.00013099121900137254
2017-09-27,0.0008945321928233163,0.0008945321928233163,0.0,0.000870148222218094
2017-09-28,0.0004081174180781133,0.0004081174180781133,0.0,0.0003839503767592258
2017-09-29,0.0016909804732772038,0.0016909804732772038,0.0,0.0016668064548552358
2017-10-02,0.0006612325962991328,0.0008648126075609941,0.407160022523565,0.000647524946271813
2017-10-03,0.0027770650915062145,0.0027770650915062145,0.0,0.0027626254657078767
2017-10-04,-4.669450701788591e-05,-4.669450701788591e-05,0.0,-6.134777304380144e-05
2017-10-05,0.0013482334673191598,0.0013482334673191598,0.0,0.0013337197075435807
2017-10-06,-0.0010968559207893414,-0.0010968559207893414,0.0,-0.0011114062397324328
2017-10-09,-0.0007268350867046802,-0.0007268350867046802,0.0,-0.0007413556302619126
2017-10-10,0.0022078066257391615,0.0022078066257391615,0.0,0.002193167724445718
2017-10-11,0.0005567692509562683,0.0005567692509562683,0.0,0.0005417925892669916
2017-10-12,-0.0008551716424878286,-0.0008551716424878286,0.0,-0.0008700250020889346
2017-10-13,0.0014573652011922178,0.0014573652011922178,0.0,0.0014425354704853688
2017-10-16,0.0006949140169303369,0.0006949140169303369,0.0,0.0006797661341643906
2017-10-17,-0.0002834168957519534,-0.0002834168957519534,0.0,-0.00029830599534061777
2017-10-18,0.0013306132884094435,0.0013306132884094435,0.0,0.00131573200518505
2017-10-19,-0.0016491560438479658,-0.0016491560438479658,0.0,-0.0016642133952575863
2017-10-20,0.0019259147034209612,0.0019259147034209612,0.0,0.0019107642792204104
2017-10-23,-0.00208701651738441,-0.00208701651738441,0.0,-0.002102081472251016
2017-10-24,0.0015441801780797793,0.0015441801780797793,0.0,0.001528895443000267
2017-10-25,-0.001324605564166359,-0.001324605564166359,0.0,-0.0013399340340168808
2017-10-26,-0.0005850414624226641,-0.0005850414624226641,0.0,-0.0006001933583859512
2017-10-27,0.0034261872089269563,0.0034261872089269563,0.0,0.0034111906207631775
2017-10-30,-0.0019330353330961891,-0.0019330353330961891,0.0,-0.0019484065270583203
2017-10-31,0.001600489654099091,0.001600489654099091,0.0,0.001584755510860342
2017-11-01,8.29586816457617e-05,0.00018206344918669792,0.1982095350819408,6.0256198427233886e-05
2017-11-02,0.0007212115485333292,0.0007212115485333292,0.0,0.0006987920671190023
2017-11-03,0.0002481835772671914,0.0002481835772671914,0.0,0.00022555226717592492
2017-11-06,0.0012839767146175518,0.0012839767146175518,0.0,0.001261144450809463
2017-11-07,-0.0008553798456031325,-0.0008553798456031325,0.0,-0.0008788285861843889
2017-11-08,0.0007650679009760797,0.0007650679009760797,0.0,0.0007414446191542023
2017-11-09,-0.0022718444114685488,-0.0022718444114685488,0.0,-0.0022956817288596653
2017-11-10,-0.0005065555856635928,-0.0005065555856635928,0.0,-0.0005301420153128534
2017-11-13,-0.0005838954768044857,-0.0005838954768044857,0.0,-0.0006076643521581787
2017-11-14,-0.0017961827627844817,-0.0017961827627844817,0.0,-0.0018203266579789623
2017-11-15,-0.00206357649023714,-0.00206357649023714,0.0,-0.00208748094253926
2017-11-16,0.005583036924831086,0.005583036924831086,0.0,0.005558796119436467
2017-11-17,-0.0006472017446486067,-0.0006472017446486067,0.0,-0.0006717784158697077
2017-11-20,0.0012173533462171982,0.0012173533462171982,0.0,0.0011924032951265145
2017-11-21,0.004007474171373593,0.004007474171373593,0.0,0.003982492697742667
2017-11-22,0.000623935798800046,0.000623935798800046,0.0,0.0005990472690957183
2017-11-24,0.0017778822673872874,0.0017778822673872874,0.0,0.0017531739299840915
2017-11-27,-0.0025588302396141183,-0.0025588302396141183,0.0,-0.002583387008661715
2017-11-28,0.002624848288001358,0.002624848288001358,0.0,0.0025997679525053634
2017-11-29,-0.0023163751428352253,-0.0023163751428352253,0.0,-0.002341326329152333
2017-11-30,0.001065923306966754,0.001065923306966754,0.0,0.0010414232008414636
2017-12-01,-0.0006503375737100248,-0.0003849260953753264,0.5308229566692788,-0.0006973767739339373
2017-12-04,-0.002155144216308913,-0.002155144216308913,0.0,-0.002203374346847987
2017-12-05,-0.0009434442447090463,-0.0009434442447090463,0.0,-0.0009916688385599086
2017-12-06,-0.001361161643275044,-0.001361161643275044,0.0,-0.0014093838110750755
2017-12-07,0.00026334879997702565,0.00026334879997702565,0.0,0.0002155068454551703
2017-12-08,0.002197505192793381,0.002197505192793381,0.0,0.002150039279226226
2017-12-11,0.0013132999273242074,0.0013132999273242074,0.0,0.0012639446688062503
2017-12-12,-0.0003577736178785873,-0.0003577736178785873,0.0,-0.0004075091083800487
2017-12-13,0.00342512730103417,0.00342512730103417,0.0,0.0033768998647323535
2017-12-14,-0.0021819858479392717,-0.0021819858479392717,0.0,-0.0022309757344107298
2017-12-15,0.0017998379147654564,0.0017998379147654564,0.0,0.0017512305097994042
2017-12-18,0.003462985260201501,0.003462985260201501,0.0,0.0034117353515323253
2017-12-19,-0.0038106974474456656,-0.0038106974474456656,0.0,-0.0038615798306754798
2017-12-20,-0.000925060753384721,-0.000925060753384721,0.0,-0.0009763096806255591
2017-12-21,0.002125696299367874,0.002125696299367874,0.0,0.002075580325499443
2017-12-22,0.001358664245924679,0.001358664245924679,0.0,0.0013092963344438287
2017-12-26,0.0009349496711952288,0.0009349496711952288,0.0,0.0008803018706121736
2017-12-27,0.001972781020055381,0.001972781020055381,0.0,0.001919261218271452
2017-12-28,0.0013737646634814915,0.0013737646634814915,0.0,0.0013221239871098606
2017-12-29,0.000831023162628064,0.000831023162628064,0.0,0.0007793787487023912
2018-01-02,0.003414732244945151,0.0035022759055587382,0.17508732122711315,0.0033587516228996564
2018-01-03,0.003111591842801298,0.003111591842801298,0.0,0.0030569484160564843
2018-01-04,0.002641314959099361,0.002641314959099361,0.0,0.002586669933914342
2018-01-05,0.0016331498188808524,0.0016331498188808524,0.0,0.0015792897192405122
2018-01-08,-1.7424788569475602e-05,-1.7424788569475602e-05,0.0,-7.364458411297355e-05
2018-01-09,-0.0024430106508177563,-0.0024430106508177563,0.0,-0.0024988372918322826
2018-01-10,5.168586223192051e-05,5.168586223192051e-05,0.0,-3.353226329724473e-06
2018-01-11,0.004343389149478627,0.004343389149478627,0.0,0.004287956897686789
2018-01-12,0.004719060180869539,0.004719060180869539,0.0,0.004663625679724166
2018-01-16,0.00017870505432249217,0.00017870505432249217,0.0,0.0001224817812666153
2018-01-17,0.0018725555867951105,0.0018725555867951105,0.0,0.0018167253907311219
2018-01-18,-0.0019369835103795197,-0.0019369835103795197,0.0,-0.001993207853728847
2018-01-19,0.0020874126145140615,0.0020874126145140615,0.0,0.0020315824537737387
2018-01-22,0.0027783050489371686,0.0027783050489371686,0.0,0.002722080629231235
2018-01-23,0.004137551971058029,0.004137551971058029,0.0,0.004081719294036238
2018-01-24,0.002075169071379168,0.002075169071379168,0.0,0.0020197274688514505
2018-01-25,-0.00036052525632090937,-0.00036052525632090937,0.0,-0.00041557470624856635
2018-01-26,0.0038332131798965996,0.0038332131798965996,0.0,0.003778557121551453
2018-01-29,-0.005838588960805913,-0.005838588960805913,0.0,-0.005894819830089969
2018-01-30,-0.005354323155156604,-0.005354323155156604,0.0,-0.005410157797249347
2018-01-31,0.0023090625660275865,0.0023090625660275865,0.0,0.002252444329513467
2018-02-01,-0.001381016219669684,-0.0011219084460533102,0.5182155472326783,-0.0014101507079056052
2018-02-02,-0.0091954261042545,-0.0091954261042545,0.0,-0.00922461637553133
2018-02-05,-0.012870902505332849,-0.012870902505332849,0.0,-0.01290042030766117
2018-02-06,0.005540456664445914,0.005540456664445914,0.0,0.005511129413016934
2018-02-07,-0.006902429952303946,-0.006902429952303946,0.0,-0.006932513457274813
2018-02-08,-0.01150593398944788,-0.01150593398944788,0.0,-0.011535804598098344
2018-02-09,0.0017446384250698888,0.0017446384250698888,0.0,0.0017151268325475862
2018-02-12,0.005884301946871728,0.005884301946871728,0.0,0.00585319008049141
2018-02-13,0.0009447023268900345,0.0009447023268900345,0.0,0.0009141764482696162
2018-02-14,0.007479923137610811,0.007479923137610811,0.0,0.007449561892104953
2018-02-15,0.005728945418500775,0.005728945418500775,0.0,0.005698349981650023
2018-02-16,0.000747714225987961,0.000747714225987961,0.0,0.0007163486379184716
2018-02-20,-0.004472235544036418,-0.004472235544036418,0.0,-0.004504611923840698
2018-02-21,-0.002897757291237979,-0.002897757291237979,0.0,-0.0029295937162774613
2018-02-22,0.001860261271125374,0.001860261271125374,0.0,0.0018287150885411235
2018-02-23,0.005572062718775639,0.005572062718775639,0.0,0.005540456482023889
2018-02-26,0.00392158497154993,0.00392158497154993,0.0,0.003889010158143556
2018-02-27,-0.007648682436755316,-0.007648682436755316,0.0,-0.007681187569669455
2018-02-28,-0.0040793567679956455,-0.0040793567679956455,0.0,-0.004111414159481814
2018-03-01,-0.0032172617693791983,-0.0029681944609032396,0.4981346169518052,-0.0032213631621515366
2018-03-02,0.002196527330240672,0.002196527330240672,0.0,0.002192455304856467
2018-03-05,0.0007321684456558231,0.0007321684456558231,0.0,0.0007278346961575049
2018-03-06,0.0015007070029084968,0.0015007070029084968,0.0,0.001496380382815875
2018-03-07,-0.000253338497806177,-0.000253338497806177,0.0,-0.00025775674797739757
2018-03-08,-0.0008724197234905029,-0.0008724197234905029,0.0,-0.0008767958179125583
2018-03-09,0.0026415431093773645,0.0026415431093773645,0.0,0.002637220019928495
2018-03-12,0.0003128291317875398,0.0003128291317875398,0.0,0.0003082366295512788
2018-03-13,-0.00120046661412887,-0.00120046661412887,0.0,-0.001205133432646557
2018-03-14,1.3850452903696464e-05,1.3850452903696464e-05,0.0,9.178082726513901e-06
2018-03-15,-0.0006309409792104592,-0.0006309409792104592,0.0,-0.0006356412485476777
2018-03-16,0.00014616939883338453,0.00014616939883338453,0.0,0.00014148297494289813
2018-03-19,-0.0013616164682972443,-0.0013616164682972443,0.0,-0.0013663660237384003
2018-03-20,9.383628115378073e-05,9.383628115378073e-05,0.0,8.914968839535786e-05
2018-03-21,0.0017951517128798056,0.0017951517128798056,0.0,0.0017906434799048652
2018-03-22,-0.004024630842821453,-0.004024630842821453,0.0,-0.00402919853736331
2018-03-23,-0.0018434173686621147,-0.0018434173686621147,0.0,-0.0018477835912447042
2018-03-26,0.004558079372186441,0.004558079372186441,0.0,0.004553706167244804
2018-03-27,-0.003083054933490481,-0.003083054933490481,0.0,-0.003087672121938077
2018-03-28,-0.0019031784683556374,-0.0019031784683556374,0.0,-0.0019074948382811028
2018-03-29,0.0025555053171557596,0.0025555053171557596,0.0,0.0025513093505807136
2018-04-02,-0.0031616856793335035,-0.003035975251456602,0.25142085575391093,-0.0031779202899107953
2018-04-03,0.0009985901287314913,0.0009985901287314913,0.0,0.0009826478271444576
2018-04-04,0.0008150752811388884,0.0008150752811388884,0.0,0.0007994527585731245
2018-04-05,-0.00016172340720044254,-0.00016172340720044254,0.0,-0.0001774807393546672
2018-04-06,-0.0017496643653336363,-0.0017496643653336363,0.0,-0.001765506588285544
2018-04-09,0.0012782343036648047,0.0012782343036648047,0.0,0.0012622045812858392
2018-04-10,0.0033802865743883803,0.0033802865743883803,0.0,0.003364375767130885
2018-04-11,0.0006671148973294017,0.0006671148973294017,0.0,0.0006511231571874708
2018-04-12,-2.340921128929363e-05,-2.340921128929363e-05,0.0,-3.96238057920185e-05
2018-04-13,-0.00046669793922693437,-0.00046669793922693437,0.0,-0.0004830055793159896
2018-04-16,0.00043373498778298547,0.00043373498778298547,0.0,0.0004171694199076175
2018-04-17,0.0010803489258541799,0.0010803489258541799,0.0,0.0010636660066804297
2018-04-18,0.0006955980159686348,0.0006955980159686348,0.0,0.0006787627206468234
2018-04-19,-0.0014993779745624547,-0.0014993779745624547,0.0,-0.0015163454571894218
2018-04-20,-0.002009771734948429,-0.002009771734948429,0.0,-0.0020265636962223076
2018-04-23,-0.0008872838567555164,-0.0008872838567555164,0.0,-0.0009045297542755199
2018-04-24,-0.0014592619786102379,-0.0014592619786102379,0.0,-0.0014764583483861246
2018-04-25,-0.0010431066319405158,-0.0010431066319405158,0.0,-0.001060035397013938
2018-04-26,0.0012413537002315955,0.0012413537002315955,0.0,0.0012247607662221622
2018-04-27,0.00027484472900551893,0.00027484472900551893,0.0,0.00025827737597633563
2018-04-30,-0.001025682796269689,-0.001025682796269689,0.0,-0.0010428239562713362
2018-05-01,-0.0013843635179378033,-0.0011880017542817978,0.39272352731198834,-0.001377329363747514
2018-05-02,-0.0009726727767179755,-0.0009726727767179755,0.0,-0.0009656759971245178
2018-05-03,0.00024328164390441387,0.00024328164390441387,0.0,0.00025031608609434974
2018-05-04,0.001313322011337048,0.001313322011337048,0.0,0.0013203373695588243
2018-05-07,-0.00011626712537482486,-0.00011626712537482486,0.0,-0.00010923944631529694
2018-05-08,-1.0170039056456304e-05,-1.0170039056456304e-05,0.0,-3.094645397772877e-06
2018-05-09,0.0011847684755983412,0.0011847684755983412,0.0,0.0011918831414498702
2018-05-10,0.0019666877027322283,0.0019666877027322283,0.0,0.0019737450177556384
2018-05-11,-6.024665861259493e-05,-6.024665861259493e-05,0.0,-5.3273892880103346e-05
2018-05-14,0.0006056490131940429,0.0006056490131940429,0.0,0.0006127009245462867
2018-05-15,-0.001580862242446468,-0.001580862242446468,0.0,-0.0015738970885317155
2018-05-16,0.0009095140071029295,0.0009095140071029295,0.0,0.0009165714024632183
2018-05-17,-0.0006766695117945698,-0.0006766695117945698,0.0,-0.0006696863203769656
2018-05-18,-0.0010856045704906725,-0.0010856045704906725,0.0,-0.0010786035731727415
2018-05-21,0.001086895170551605,0.001086895170551605,0.0,0.0010940981540646037
2018-05-22,-0.00016899140755599618,-0.00016899140755599618,0.0,-0.0001618781039037825
2018-05-23,-0.0012047762965656794,-0.0012047762965656794,0.0,-0.0011977240707329612
2018-05-24,-0.0008509223066615057,-0.0008509223066615057,0.0,-0.0008438096214231646
2018-05-25,-0.0024486711132947203,-0.0024486711132947203,0.0,-0.0024415275790434206
2018-05-29,-0.004263933718919866,-0.004263933718919866,0.0,-0.0042564335728566705
2018-05-30,0.003267544858851501,0.003267544858851501,0.0,0.0032753999857211306
2018-05-31,-0.0004421779271296389,-0.0004421779271296389,0.0,-0.0004346338594768948
2018-06-01,0.0007789882430091488,0.0009315400669294149,0.30510364784042154,0.0007722342848118454
2018-06-04,0.0010397706126326067,0.0010397706126326067,0.0,0.0010328982304863002
2018-06-05,5.902715605166087e-05,5.902715605166087e-05,0.0,5.2083186030597715e-05
2018-06-06,0.0014591890805477625,0.0014591890805477625,0.0,0.0014522410467657206
2018-06-07,-0.0005858993974756643,-0.0005858993974756643,0.0,-0.0005929108413195174
2018-06-08,7.573488498779923e-05,7.573488498779923e-05,0.0,6.880022292045021e-05
2018-06-11,0.000501859940317706,0.000501859940317706,0.0,0.0004948466865075227
2018-06-12,-0.0002131051659644001,-0.0002131051659644001,0.0,-0.00022007912210822108
2018-06-13,-6.15484737701566e-05,-6.15484737701566e-05,0.0,-6.854475264301472e-05
2018-06-14,-0.0008323056478545254,-0.0008323056478545254,0.0,-0.0008392977165190081
2018-06-15,-0.0017949212100740741,-0.0017949212100740741,0.0,-0.0018018562976475044
2018-06-18,8.046428814356688e-06,8.046428814356688e-06,0.0,1.1985930858198382e-06
2018-06-19,-0.0015078616235999487,-0.0015078616235999487,0.0,-0.0015147100140916147
2018-06-20,0.0006316028691224496,0.0006316028691224496,0.0,0.0006248939058697182
2018-06-21,-0.001590953117546312,-0.001590953117546312,0.0,-0.0015977054368660312
2018-06-22,0.0020975957192981287,0.0020975957192981287,0.0,0.0020909877470108498
2018-06-25,-0.002678536614955318,-0.002678536614955318,0.0,-0.0026853234660473347
2018-06-26,0.0010076730247690069,0.0010076730247690069,0.0,0.0010010704415736248
2018-06-27,-0.0016970535751337223,-0.0016970535751337223,0.0,-0.00170369029572378
2018-06-28,0.0009082324750675497,0.0009082324750675497,0.0,0.0009017119678455341
2018-06-29,0.0012287039381293496,0.0012287039381293496,0.0,0.00122212129204465
2018-07-02,-0.0012627985767724725,-0.001143970113124837,0.23765692729539212,-0.0012785747389032647
2018-07-03,-0.0003458441493814357,-0.0003458441493814357,0.0,-0.00036164836802325906
2018-07-05,0.0011905809666303835,0.0011905809666303835,0.0,0.0011749606259046288
2018-07-06,0.0017099125305064522,0.0017099125305064522,0.0,0.00169413843079874
2018-07-09,0.0020457842136805127,0.0020457842136805127,0.0,0.00202974176831791
2018-07-10,-0.00017982916015879535,-0.00017982916015879535,0.0,-0.00019599683467891313
2018-07-11,-0.003588186237630908,-0.003588186237630908,0.0,-0.003604177192858181
2018-07-12,0.0015398167304097043,0.0015398167304097043,0.0,0.0015239622651028763
2018-07-13,0.00046984098547597775,0.00046984098547597775,0.0,0.0004538925364111378
2018-07-16,-0.0016419846271521488,-0.0016419846271521488,0.0,-0.0016582911648160303
2018-07-17,0.0007405092474357389,0.0007405092474357389,0.0,0.0007243051159148515
2018-07-18,0.0003944393127417456,0.0003944393127417456,0.0,0.0003783531760862882
2018-07-19,-0.00038702371467813634,-0.00038702371467813634,0.0,-0.0004031341753477725
2018-07-20,0.0006606690351413924,0.0006606690351413924,0.0,0.0006446645248382693
2018-07-23,0.0002852693659791683,0.0002852693659791683,0.0,0.0002691420507126509
2018-07-24,0.0009853896507094895,0.0009853896507094895,0.0,0.0009690800096208371
2018-07-25,0.0019415114595122684,0.0019415114595122684,0.0,0.0019252232081776828
2018-07-26,-0.0005291801696473142,-0.0005291801696473142,0.0,-0.0005454217607946505
2018-07-27,-0.001264081515373272,-0.001264081515373272,0.0,-0.0012803738598596004
2018-07-30,-0.0006040307431819381,-0.0006040307431819381,0.0,-0.0006206589025004696
2018-07-31,0.0002600686285920695,0.0002600686285920695,0.0,0.00024364370168744262
2018-08-01,-0.0006496230974725181,-0.0004884801278922657,0.3222859391604009,-0.0006507650654594851
2018-08-02,0.0011138879202778895,0.0011138879202778895,0.0,0.0011127489813138177
2018-08-03,-0.00012647463489201538,-0.00012647463489201538,0.0,-0.00012769354165972116
2018-08-06,0.00031512003045142123,0.00031512003045142123,0.0,0.0003138801681987274
2018-08-07,0.0012343641487320145,0.0012343641487320145,0.0,0.0012330994253974877
2018-08-08,-0.0010759261215537164,-0.0010759261215537164,0.0,-0.001077288108762777
2018-08-09,-2.0315467687326283e-05,-2.0315467687326283e-05,0.0,-2.1592584107655462e-05
2018-08-10,-0.0009444823857922557,-0.0009444823857922557,0.0,-0.0009457515852380499
2018-08-13,-0.0003022441694697786,-0.0003022441694697786,0.0,-0.0003034510543439851
2018-08-14,0.0009966096785829492,0.0009966096785829492,0.0,0.0009954209565639052
2018-08-15,-0.002338943721904574,-0.002338943721904574,0.0,-0.002340205641659786
2018-08-16,0.000980961219364751,0.000980961219364751,0.0,0.0009798851977665085
2018-08-17,4.505024709255956e-05,4.505024709255956e-05,0.0,4.390770414729591e-05
2018-08-20,0.0002685918725284786,0.0002685918725284786,0.0,0.0002674343840941524
2018-08-21,0.0008619530824760524,0.0008619530824760524,0.0,0.0008607684671547184
2018-08-22,0.001081362206072134,0.001081362206072134,0.0,0.0010801027502056468
2018-08-23,0.00024092424845756355,0.00024092424845756355,0.0,0.00023958484581237588
2018-08-24,0.000687324458478189,0.000687324458478189,0.0,0.0006859592200563987
2018-08-27,0.001242856379117585,0.001242856379117585,0.0,0.0012414154204604634
2018-08-28,0.0006582969634365554,0.0006582969634365554,0.0,0.0006567479241589792
2018-08-29,0.0011902582336769107,0.0011902582336769107,0.0,0.0011886556525223097
2018-08-30,-0.0008257749933916481,-0.0008257749933916481,0.0,-0.0008274580068328667
2018-08-31,0.0001670764901768873,0.0001670764901768873,0.0,0.00016545997337383064
2018-09-04,-0.0008918478176992428,-0.0007879401682782117,0.2078152988418863,-0.0008890960609573159
2018-09-05,-0.0015353005221188099,-0.0015353005221188099,0.0,-0.0015324450089218772
2018-09-06,-0.0013756278609914352,-0.0013756278609914352,0.0,-0.0013726540473147646
2018-09-07,0.0002389073743735981,0.0002389073743735981,0.0,0.00024201432648881637
2018-09-10,0.00017266836952689602,0.00017266836952689602,0.0,0.00017576937204743853
2018-09-11,0.0021202350560900474,0.0021202350560900474,0.0,0.0021233210682039217
2018-09-12,-0.0004930012121858729,-0.0004930012121858729,0.0,-0.0004900851261908322
2018-09-13,0.0006157999725975305,0.0006157999725975305,0.0,0.0006187450344587711
2018-09-14,0.0010488620540989313,0.0010488620540989313,0.0,0.0010517674790442029
2018-09-17,-0.0016562163432726207,-0.0016562163432726207,0.0,-0.001653388832977435
2018-09-18,0.002392479796971436,0.002392479796971436,0.0,0.0023954522199568784
2018-09-19,1.6560204350701824e-05,1.6560204350701824e-05,0.0,1.9310819397820178e-05
2018-09-20,0.000387161423711202,0.000387161423711202,0.0,0.00038992356788436906
2018-09-21,0.00019534515701158384,0.00019534515701158384,0.0,0.0001980863297275208
2018-09-24,0.00043695262055365447,0.00043695262055365447,0.0,0.0004397275891596686
2018-09-25,4.757510798603093e-05,4.757510798603093e-05,0.0,5.029853089581988e-05
2018-09-26,-0.0008739565016426809,-0.0008739565016426809,0.0,-0.0008712498357052048
2018-09-27,0.0015990614207657128,0.0015990614207657128,0.0,0.0016018196524971128
2018-09-28,0.0002509528983236642,0.0002509528983236642,0.0,0.00025358338481960363
2018-10-01,0.0016316896778629797,0.0016835031018604951,0.10362684799525003,0.0016324897632088386
2018-10-02,-0.0022423604446202283,-0.0022423604446202283,0.0,-0.002241586645032578
2018-10-03,0.0018534686566247238,0.0018534686566247238,0.0,0.001854439505004924
2018-10-04,-0.0024901584881240613,-0.0024901584881240613,0.0,-0.0024893539038620656
2018-10-05,-0.0016744890185066419,-0.0016744890185066419,0.0,-0.0016734664694630806
2018-10-08,-0.00025825131984236194,-0.00025825131984236194,0.0,-0.0002570819561223967
2018-10-09,-0.0002574378749372608,-0.0002574378749372608,0.0,-0.00025622945875010893
2018-10-10,-0.006307142926160081,-0.006307142926160081,0.0,-0.006305900473016561
2018-10-11,-0.005591118278155394,-0.005591118278155394,0.0,-0.005589314389911879
2018-10-12,0.0026012354174038688,0.0026012354174038688,0.0,0.002603555170879824
2018-10-15,-0.0013267125803837487,-0.0013267125803837487,0.0,-0.0013245910532064275
2018-10-16,0.00408970680539289,0.00408970680539289,0.0,0.004091940933635192
2018-10-17,-0.00023802402312600446,-0.00023802402312600446,0.0,-0.00023615604702745938
2018-10-18,-0.003307288148912013,-0.003307288148912013,0.0,-0.0033053982819268484
2018-10-19,0.0002787483397275192,0.0002787483397275192,0.0,0.0002809337149737724
2018-10-22,4.2522867198968584e-05,4.2522867198968584e-05,0.0,4.4720867647423125e-05
2018-10-23,-0.003324229591775585,-0.003324229591775585,0.0,-0.0033220451049226496
2018-10-24,-0.006052019428801292,-0.006052019428801292,0.0,-0.006049524565682089
2018-10-25,0.004232134987719904,0.004232134987719904,0.0,0.004235198355659009
2018-10-26,-0.004072628464645511,-0.004072628464645511,0.0,-0.004069972621198224
2018-10-29,-0.0007499500479433152,-0.0007499500479433152,0.0,-0.0007468867236886079
2018-10-30,0.0031229232650378247,0.0031229232650378247,0.0,0.003126043760930079
2018-10-31,0.0018213817613812466,0.0018213817613812466,0.0,0.0018242096365808159
2018-11-01,-0.002113932012802855,-0.001786953602063046,0.6539568214798555,-0.0020993909575845746
2018-11-02,0.00047836822136981816,0.00047836822136981816,0.0,0.000493150683753522
2018-11-05,-9.334586364784236e-05,-9.334586364784236e-05,0.0,-7.83552710908606e-05
2018-11-06,7.429687869819901e-06,7.429687869819901e-06,0.0,2.236561671505638e-05
2018-11-07,-0.00042741425090575547,-0.00042741425090575547,0.0,-0.0004124144598066665
2018-11-08,0.0012284316277297869,0.0012284316277297869,0.0,0.0012433474955702345
2018-11-09,4.857928202128825e-05,4.857928202128825e-05,0.0,6.342915317710473e-05
2018-11-12,6.961358215873403e-05,6.961358215873403e-05,0.0,8.445827906898082e-05
2018-11-13,-0.0014109714259608053,-0.0014109714259608053,0.0,-0.0013959414511877238
2018-11-14,-0.0004327888564680249,-0.0004327888564680249,0.0,-0.0004176713230827575
2018-11-15,8.118521759326036e-05,8.118521759326036e-05,0.0,9.628424760638018e-05
2018-11-16,-0.001549041755469549,-0.001549041755469549,0.0,-0.001534016469291755
2018-11-19,-0.00032590185783554215,-0.00032590185783554215,0.0,-0.0003105137616759558
2018-11-20,-0.000153568289642525,-0.000153568289642525,0.0,-0.00013814490465774757
2018-11-21,-0.0003279901920020256,-0.0003279901920020256,0.0,-0.00031241821005912153
2018-11-23,-0.0004044127282083476,-0.0004044127282083476,0.0,-0.0003888049105125301
2018-11-26,0.0004716975421470426,0.0004716975421470426,0.0,0.00048741588541588996
2018-11-27,0.0006205724754606567,0.0006205724754606567,0.0,0.0006361729630451718
2018-11-28,-0.0010505988046985992,-0.0010505988046985992,0.0,-0.001035131890062465
2018-11-29,-6.418430148813492e-05,-6.418430148813492e-05,0.0,-4.8801954355850026e-05
2018-11-30,0.0002928117149059162,0.0002928117149059162,0.0,0.0003082009588170026
2018-12-03,-0.0006191806979601866,-0.0003900049471293743,0.4583515016612634,-0.0006327299247494411
2018-12-04,-0.0007213496680710252,-0.0007213496680710252,0.0,-0.0007351158469314585
2018-12-06,0.00022286353693345973,0.00022286353693345973,0.0,0.00020927079009381782
2018-12-07,-0.0009650489179057198,-0.0009650489179057198,0.0,-0.0009786018308195383
2018-12-10,0.0009249980652248357,0.0009249980652248357,0.0,0.0009114074533190052
2018-12-11,4.8203564365856266e-05,4.8203564365856266e-05,0.0,3.453859866120583e-05
2018-12-12,-0.000842551062214314,-0.000842551062214314,0.0,-0.0008563352513254567
2018-12-13,-1.6290178723621374e-05,-1.6290178723621374e-05,0.0,-2.994862707651771e-05
2018-12-14,0.0010310646743889595,0.0010310646743889595,0.0,0.0010174649249846952
2018-12-17,-0.0006891116880847203,-0.0006891116880847203,0.0,-0.0007027365664743673
2018-12-18,-0.00024027595654629863,-0.00024027595654629863,0.0,-0.0002537306527107685
2018-12-19,-0.0003087192870234734,-0.0003087192870234734,0.0,-0.00032221231725382217
2018-12-20,-0.0009300621341192805,-0.0009300621341192805,0.0,-0.0009434732206698531
2018-12-21,0.001488749434393588,0.001488749434393588,0.0,0.0014754123063977426
2018-12-24,-0.0010093726413168413,-0.0010093726413168413,0.0,-0.0010232304887984958
2018-12-26,0.000845492364432765,0.000845492364432765,0.0,0.000831831461075717
2018-12-27,-0.0004497285095477199,-0.0004497285095477199,0.0,-0.00046328565569781307
2018-12-28,-0.0008856258433765918,-0.0008856258433765918,0.0,-0.00089908966008622
2018-12-31,-0.0005056881499926336,-0.0005056881499926336,0.0,-0.0005193661992030239
2019-01-02,-0.0006692893509800957,-0.000509516443297553,0.31954581536492727,-0.0006936089644946078
2019-01-03,0.0008729429496121544,0.0008729429496121544,0.0,0.0008488463279001433
2019-01-04,-0.003595454361909778,-0.003595454361909778,0.0,-0.003619714008869279
2019-01-07,-0.0018117181127358384,-0.0018117181127358384,0.0,-0.0018361311301109042
2019-01-08,-0.001280005363373915,-0.001280005363373915,0.0,-0.0013042891125392645
2019-01-09,-0.0020606847320535637,-0.0020606847320535637,0.0,-0.0020847766512873747
2019-01-10,0.0006413337452495504,0.0006413337452495504,0.0,0.0006175882803170066
2019-01-11,0.0006381727189046504,0.0006381727189046504,0.0,0.000614381941391278
2019-01-14,0.001096332587630977,0.001096332587630977,0.0,0.00107229644847159
2019-01-15,-0.00031628092675983766,-0.00031628092675983766,0.0,-0.0003403950414568538
2019-01-16,-0.0008088352783011121,-0.0008088352783011121,0.0,-0.0008327261272857616
2019-01-17,-0.0006127095753815093,-0.0006127095753815093,0.0,-0.0006364431701843673
2019-01-18,-0.001282746349436814,-0.001282746349436814,0.0,-0.001306336875892885
2019-01-22,0.0018748267727151102,0.0018748267727151102,0.0,0.001851127074107774
2019-01-23,-0.0007293229702804993,-0.0007293229702804993,0.0,-0.0007529547852125813
2019-01-24,0.00029060056662433276,0.00029060056662433276,0.0,0.00026741952848428343
2019-01-25,-0.0021948733677839005,-0.0021948733677839005,0.0,-0.002218274426437065
2019-01-28,0.0008044607587973651,0.0008044607587973651,0.0,0.0007809144279716367
2019-01-29,-0.0002765909886300877,-0.0002765909886300877,0.0,-0.0003001939893868995
2019-01-30,-0.00153377036139557,-0.00153377036139557,0.0,-0.0015573538724150795
2019-01-31,-0.0002488030026666088,-0.0002488030026666088,0.0,-0.00027217922013870126
2019-02-01,-0.0010131188485931197,-0.0007957342572899595,0.43476918260654074,-0.0010553706120415146
2019-02-04,-0.00028062628297154113,-0.00028062628297154113,0.0,-0.0003232324665846801
2019-02-05,0.0004456408501392062,0.0004456408501392062,0.0,0.0004030491063970913
2019-02-06,0.0008563642722143605,0.0008563642722143605,0.0,0.000813749607846597
2019-02-07,0.0018088589833602509,0.0018088589833602509,0.0,0.0017662003113342712
2019-02-08,0.0008616673744170633,0.0008616673744170633,0.0,0.0008187355289669025
2019-02-11,0.0002174004486765746,0.0002174004486765746,0.0,0.00017406311022707596
2019-02-12,-0.0012057181583627896,-0.0012057181583627896,0.0,-0.0012487055391139435
2019-02-13,8.413895326042642e-05,8.413895326042642e-05,0.0,4.103333187319455e-05
2019-02-14,0.0010858453780986377,0.0010858453780986377,0.0,0.0010429157805545925
2019-02-15,-0.0011844711523796292,-0.0011844711523796292,0.0,-0.0012274566264088614
2019-02-19,-0.0002758476252473496,-0.0002758476252473496,0.0,-0.00031931313982632277
2019-02-20,-0.0001599884755013603,-0.0001599884755013603,0.0,-0.0002032593001998866
2019-02-21,-0.00032749114660335366,-0.00032749114660335366,0.0,-0.00037075365580710706
2019-02-22,0.00036948510790080213,0.00036948510790080213,0.0,0.00032605943630886546
2019-02-25,-0.00023690134417841957,-0.00023690134417841957,0.0,-0.00028052656870828827
2019-02-26,0.00011719562567180652,0.00011719562567180652,0.0,7.394325567582717e-05
2019-02-27,-0.0002596576184641375,-0.0002596576184641375,0.0,-0.00030291608024578194
2019-02-28,0.00036416285831997186,0.00036416285831997186,0.0,0.0003209178969516445
2019-03-01,-0.0005631693012767558,-0.00046825552051199537,0.18982756152930969,-0.0006150435234941999
2019-03-04,0.001095020425807336,0.001095020425807336,0.0,0.0010426676748056085
2019-03-05,8.9815400723392e-06,8.9815400723392e-06,0.0,-4.341855394763794e-05
2019-03-06,0.0008140971814278863,0.0008140971814278863,0.0,0.0007616966990960691
2019-03-07,0.0028211096056385276,0.0028211096056385276,0.0,0.0027688915302171014
2019-03-08,-0.0003681284904011317,-0.0003681284904011317,0.0,-0.00042068566817099956
2019-03-11,-9.369458519814522e-06,-9.369458519814522e-06,0.0,-6.19107723052469e-05
2019-03-12,0.0002005448499122764,0.0002005448499122764,0.0,0.00014800393989438895
2019-03-13,-0.0005814679784640342,-0.0005814679784640342,0.0,-0.0006337994811033316
2019-03-14,0.0003154027232006307,0.0003154027232006307,0.0,0.00026309618388636863
2019-03-15,-0.0002390211848908308,-0.0002390211848908308,0.0,-0.00029134126066530605
2019-03-18,-0.0007524284490023625,-0.0007524284490023625,0.0,-0.0008045203064459061
2019-03-19,-0.00032119244770190125,-0.00032119244770190125,0.0,-0.0003736877608025078
2019-03-20,0.0010899045817549524,0.0010899045817549524,0.0,0.001037205363859187
2019-03-21,0.0010310658522663108,0.0010310658522663108,0.0,0.0009781014971588287
2019-03-22,0.002477846995607935,0.002477846995607935,0.0,0.0024252741612719115
2019-03-25,0.0004258532658258929,0.0004258532658258929,0.0,0.00037317399396461117
2019-03-26,0.0005742284242906681,0.0005742284242906681,0.0,0.0005215308674128045
2019-03-27,0.0012966674797172395,0.0012966674797172395,0.0,0.0012443828097535529
2019-03-28,0.0011003603452228727,0.0011003603452228727,0.0,0.0010482395598563085
2019-03-29,0.00016927402907285227,0.00016927402907285227,0.0,0.00011776429469618233
2019-04-01,-0.0022296368971680414,-0.00212290610534982,0.21346158363662648,-0.002296353239168806
2019-04-02,0.000980845144952447,0.000980845144952447,0.0,0.0009143365154291453
2019-04-03,-0.0017165334022425371,-0.0017165334022425371,0.0,-0.0017836304987611236
2019-04-04,0.00034071508708377607,0.00034071508708377607,0.0,0.0002736656962538236
2019-04-05,0.001121112855391404,0.001121112855391404,0.0,0.0010540539986741446
2019-04-08,-0.0012947859669592,-0.0012947859669592,0.0,-0.001361595224848918
2019-04-09,0.00022782532103904352,0.00022782532103904352,0.0,0.0001613324518203307
2019-04-10,0.0017490729241196323,0.0017490729241196323,0.0,0.0016822931915494404
2019-04-11,0.0002596925442333031,0.0002596925442333031,0.0,0.00019286450855028522
2019-04-12,-0.001206203597685085,-0.001206203597685085,0.0,-0.0012733196234731654
2019-04-15,-9.114857972847279e-05,-9.114857972847279e-05,0.0,-0.00015795044274380233
2019-04-16,-0.0010855213956663112,-0.0010855213956663112,0.0,-0.0011523207388699263
2019-04-17,-0.0003659131423661144,-0.0003659131423661144,0.0,-0.0004329629868921926
2019-04-18,0.0015355257114681997,0.0015355257114681997,0.0,0.001469047041347927
2019-04-22,-0.0007841364563510034,-0.0007841364563510034,0.0,-0.0008512187525246807
2019-04-23,0.0026575681797624817,0.0026575681797624817,0.0,0.002590227079576159
2019-04-24,0.0028457249079629765,0.0028457249079629765,0.0,0.002778590762122998
2019-04-25,4.854283737198983e-07,4.854283737198983e-07,0.0,-6.644611560470625e-05
2019-04-26,0.0014611889938787037,0.0014611889938787037,0.0,0.0013945386615755566
2019-04-29,-0.001501862693825129,-0.001501862693825129,0.0,-0.001569115787728947
2019-04-30,0.0005434466510720881,0.0005434466510720881,0.0,0.00047651627321677794
2019-05-01,-0.0009677994192909267,-0.0008281378292480657,0.2793231800856819,-0.0010539609568090771
2019-05-02,-0.0009142994848687636,-0.0009142994848687636,0.0,-0.0010015329766145705
2019-05-03,0.001462362208941359,0.001462362208941359,0.0,0.00137622220402846
2019-05-06,0.00118444599883194,0.00118444599883194,0.0,0.0010979318838087752
2019-05-07,-0.0009079864484053957,-0.0009079864484053957,0.0,-0.0009941483898612189
2019-05-08,-0.0005923637660515402,-0.0005923637660515402,0.0,-0.0006785181802722634
2019-05-09,0.0005398782712142669,0.0005398782712142669,0.0,0.0004537287706177206
2019-05-10,0.0009587946637945599,0.0009587946637945599,0.0,0.0008726406873544799
2019-05-13,-0.0009897838238962509,-0.0009897838238962509,0.0,-0.0010752216918503681
2019-05-14,0.0003165194574907826,0.0003165194574907826,0.0,0.0002310897266116118
2019-05-15,0.0019247973774669802,0.0019247973774669802,0.0,0.0018390030438772925
2019-05-16,0.00018107748521489775,0.00018107748521489775,0.0,9.599143285721638e-05
2019-05-17,0.0006944619983899614,0.0006944619983899614,0.0,0.0006097365418748716
2019-05-20,-0.0025163273372982298,-0.0025163273372982298,0.0,-0.0026010584370414593
2019-05-21,0.0010333031731477593,0.0010333031731477593,0.0,0.0009485925727720803
2019-05-22,0.0013068849157498175,0.0013068849157498175,0.0,0.0012225279532644463
2019-05-23,0.0006744757978041083,0.0006744757978041083,0.0,0.0005904703514296691
2019-05-24,-0.0011595814319430575,-0.0011595814319430575,0.0,-0.0012428680779069815
2019-05-28,0.0006803088403053437,0.0006803088403053437,0.0,0.0005963073111398671
2019-05-29,-0.0002880415421281368,-0.0002880415421281368,0.0,-0.0003720485521895411
2019-05-30,0.0018123172357007444,0.0018123172357007444,0.0,0.001727950457733638
2019-05-31,0.0010516448689446012,0.0010516448689446012,0.0,0.0009683499054964393
2019-06-03,0.0011950614722922026,0.0013617758416852865,0.33342873878573875,0.0011233564968673917
2019-06-04,-0.0013551591036783384,-0.0013551591036783384,0.0,-0.001426850504153131
2019-06-05,0.0022198233050270133,0.0022198233050270133,0.0,0.0021481584724582395
2019-06-06,-0.0011477052068036286,-0.0011477052068036286,0.0,-0.0012187899125849274
2019-06-07,0.0013264630887777074,0.0013264630887777074,0.0,0.0012569590507789169
2019-06-10,-0.002027104254376355,-0.002027104254376355,0.0,-0.002096945236021466
2019-06-11,-0.0004032771253392742,-0.0004032771253392742,0.0,-0.0004724561817186923
2019-06-12,0.0019590045425341707,0.0019590045425341707,0.0,0.001890767866680066
2019-06-13,0.0008957119706729522,0.0008957119706729522,0.0,0.0008289975437485186
2019-06-14,0.0006728583260908749,0.0006728583260908749,0.0,0.0006058157804480789
2019-06-17,-0.00032375095657011244,-0.00032375095657011244,0.0,-0.0003917414392169792
2019-06-18,0.0012299006480240848,0.0012299006480240848,0.0,0.0011622280178009647
2019-06-19,0.0021695587659691373,0.0021695587659691373,0.0,0.002103111325363436
2019-06-20,-0.00010652178619108277,-0.00010652178619108277,0.0,-0.00017175978549114016
2019-06-21,-0.0024854590267459065,-0.0024854590267459065,0.0,-0.0025500708715365727
2019-06-24,0.0008250488974197445,0.0008250488974197445,0.0,0.0007601688103140615
2019-06-25,-0.0005835844246321331,-0.0005835844246321331,0.0,-0.0006481670762703059
2019-06-26,-0.002220816912107404,-0.002220816912107404,0.0,-0.00228632514175122
2019-06-27,0.0018540180926376326,0.0018540180926376326,0.0,0.0017888612924200958
2019-06-28,0.0008267017317384884,0.0008267017317384884,0.0,0.00076182394107882
2019-07-01,-0.0013136208840748287,-0.0011558868075709494,0.3154681530077087,-0.0013916205358439173
2019-07-02,0.00291722960842411,0.00291722960842411,0.0,0.002839587941396017
2019-07-03,0.0017082396149290524,0.0017082396149290524,0.0,0.0016302143931034333
2019-07-05,-0.0031890373857598187,-0.0031890373857598187,0.0,-0.0032677982971183405
2019-07-08,-0.0006609037356133385,-0.0006609037356133385,0.0,-0.0007407233870603162
2019-07-09,-0.00016918565713375244,-0.00016918565713375244,0.0,-0.00024900009803431746
2019-07-10,0.0014099593424241608,0.0014099593424241608,0.0,0.001332313107282621
2019-07-11,-0.002926193317624115,-0.002926193317624115,0.0,-0.0030027667671032156
2019-07-12,0.0006796482214919131,0.0006796482214919131,0.0,0.0006038191218842161
2019-07-15,0.001309743271684205,0.001309743271684205,0.0,0.0012335479600805465
2019-07-16,-0.0009290353762434478,-0.0009290353762434478,0.0,-0.001004879381723002
2019-07-17,0.00220698397536645,0.00220698397536645,0.0,0.00213150806297494
2019-07-18,0.0018241501239084634,0.0018241501239084634,0.0,0.0017515474413676234
2019-07-19,-0.002240441076617139,-0.002240441076617139,0.0,-0.0023134180671051142
2019-07-22,0.0009943400289891269,0.0009943400289891269,0.0,0.000920656780102947
2019-07-23,-2.2171691548056316e-05,-2.2171691548056316e-05,0.0,-9.513970565803871e-05
2019-07-24,0.0012935590185032542,0.0012935590185032542,0.0,0.0012195074828171037
2019-07-25,-0.001836501960902015,-0.001836501960902015,0.0,-0.0019109241973529663
2019-07-26,0.0010607455398001786,0.0010607455398001786,0.0,0.000985614363099768
2019-07-29,-0.00010277546505410573,-0.00010277546505410573,0.0,-0.00017755324664526774
2019-07-30,0.00015901218511471527,0.00015901218511471527,0.0,8.531888554410746e-05
2019-07-31,0.00031890436531512023,0.00031890436531512023,0.0,0.00024520991164563575
2019-08-01,0.005324684536301971,0.005427161341045483,0.20495360948710825,0.005259224492666914
2019-08-02,0.0002985738733807253,0.0002985738733807253,0.0,0.000233438194833971
2019-08-05,0.0006544381561448542,0.0006544381561448542,0.0,0.0005899429455521676
2019-08-06,0.0032046836708923276,0.0032046836708923276,0.0,0.0031398562105763913
2019-08-07,0.0013048120590635204,0.0013048120590635204,0.0,0.0012409051775476602
2019-08-08,0.0017775134539912418,0.0017775134539912418,0.0,0.0017135874629319056
2019-08-09,-0.0014733267931096306,-0.0014733267931096306,0.0,-0.0015366327908712411
2019-08-12,0.0030713625254479293,0.0030713625254479293,0.0,0.0030080778808076864
2019-08-13,-0.000692702705496373,-0.000692702705496373,0.0,-0.000756031727503629
2019-08-14,0.001977922883540817,0.001977922883540817,0.0,0.001915896101783571
2019-08-15,0.0036226069808213968,0.0036226069808213968,0.0,0.0035621682485544827
2019-08-16,-0.00016710153389376536,-0.00016710153389376536,0.0,-0.00022629609070747112
2019-08-19,-0.0020688282780265688,-0.0020688282780265688,0.0,-0.0021302847780555276
2019-08-20,0.0016580598612512265,0.0016580598612512265,0.0,0.0015966322611505825
2019-08-21,-0.0001286625511662809,-0.0001286625511662809,0.0,-0.00019108354932130168
2019-08-22,-0.0011633058839159993,-0.0011633058839159993,0.0,-0.0012266953054111142
2019-08-23,0.002064982107407687,0.002064982107407687,0.0,0.0020025794332204617
2019-08-26,0.00028613041804792516,0.00028613041804792516,0.0,0.00022272806910316804
2019-08-27,0.0026706410770467315,0.0026706410770467315,0.0,0.0026078816207353423
2019-08-28,0.0007675721913427136,0.0007675721913427136,0.0,0.0007044511495761621
2019-08-29,-6.071837318732953e-05,-6.071837318732953e-05,0.0,-0.00012385035206969366
2019-08-30,0.00071713972637788,0.00071713972637788,0.0,0.0006540086127225415
2019-09-03,0.0012007726164744437,0.0012874328946796965,0.173320556410539,0.001146835136279979
2019-09-04,1.5714191581084336e-05,1.5714191581084336e-05,0.0,-3.7892592376357916e-05
2019-09-05,-0.004790487661892273,-0.004790487661892273,0.0,-0.004844094806964298
2019-09-06,0.0002198967107589489,0.0002198967107589489,0.0,0.00016667736583619478
2019-09-09,-0.003634920591280344,-0.003634920591280344,0.0,-0.0036881449863687913
2019-09-10,-0.003821710626717323,-0.003821710626717323,0.0,-0.003874574463361077
2019-09-11,0.00027045260977387464,0.00027045260977387464,0.0,0.00021740042697802924
2019-09-12,-0.0014547049284073799,-0.0014547049284073799,0.0,-0.0015074870212870564
2019-09-13,-0.00516041215318086,-0.00516041215318086,0.0,-0.005213436892785374
2019-09-16,0.0022507051596813987,0.0022507051596813987,0.0,0.0021969739509450875
2019-09-17,0.0015917447253204209,0.0015917447253204209,0.0,0.0015379604075169153
2019-09-18,-8.109775550546594e-06,-8.109775550546594e-06,0.0,-6.082755619114274e-05
2019-09-19,0.00026803033963540557,0.00026803033963540557,0.0,0.00021586476282230756
2019-09-20,0.0035998247319761756,0.0035998247319761756,0.0,0.003548205117918637
2019-09-23,0.0013411097669513428,0.0013411097669513428,0.0,0.0012885797143688312
2019-09-24,0.001742438266318036,0.001742438266318036,0.0,0.001690430858254248
2019-09-25,-0.003019284564048874,-0.003019284564048874,0.0,-0.003070500742730195
2019-09-26,0.0012693494218627421,0.0012693494218627421,0.0,0.001219859348876862
2019-09-27,-0.00021627428090265077,-0.00021627428090265077,0.0,-0.000264961762872926
2019-09-30,0.0002554827193068654,0.0002554827193068654,0.0,0.00020458695398468986
2019-10-01,0.00012738299212600168,0.00018632123914286147,0.11787649403361464,7.840379603074963e-05
2019-10-02,0.0004879459757765048,0.0004879459757765048,0.0,0.0004396672841234917
2019-10-03,0.002306399602032938,0.002306399602032938,0.0,0.0022603180854722633
2019-10-04,0.001305297691943208,0.001305297691943208,0.0,0.001258893504782949
2019-10-07,-0.0018794994540358712,-0.0018794994540358712,0.0,-0.0019267591731650725
2019-10-08,0.0005049450172585068,0.0005049450172585068,0.0,0.00045855252130154515
2019-10-09,-0.0006762099792634313,-0.0006762099792634313,0.0,-0.0007220602939650463
2019-10-10,-0.0029545616076706027,-0.0029545616076706027,0.0,-0.0030001222485637772
2019-10-11,-0.002318535390455345,-0.002318535390455345,0.0,-0.0023640370152636673
2019-10-14,0.001600941826148894,0.001600941826148894,0.0,0.001555486620702916
2019-10-15,-0.001923872882907296,-0.001923872882907296,0.0,-0.001969084409513269
2019-10-16,0.0002595612207065834,0.0002595612207065834,0.0,0.00021466343749736445
2019-10-17,-0.00022293072560874982,-0.00022293072560874982,0.0,-0.0002678336428409171
2019-10-18,0.0002852753641220396,0.0002852753641220396,0.0,0.00024037685735868648
2019-10-21,-0.0007696869606388379,-0.0007696869606388379,0.0,-0.0008148665952667798
2019-10-22,0.0012897022156859173,0.0012897022156859173,0.0,0.00124508869364183
2019-10-23,2.9556049237156046e-05,2.9556049237156046e-05,0.0,-1.5082811397615928e-05
2019-10-24,0.0008363720082555925,0.0008363720082555925,0.0,0.0007911814627410166
2019-10-25,-0.00036646306585630395,-0.00036646306585630395,0.0,-0.0004113945784702582
2019-10-28,-0.001936841429427183,-0.001936841429427183,0.0,-0.001981490092335466
2019-10-29,-0.00042919694284071497,-0.00042919694284071497,0.0,-0.0004732567504902186
2019-10-30,0.0016354099684283696,0.0016354099684283696,0.0,0.0015916338262735915
2019-10-31,0.0022538306794972485,0.0022538306794972485,0.0,0.0022122271545484073
2019-11-01,-0.00017750313883058144,-5.162583184292746e-05,0.25175461397547266,-0.00022883155217933508
2019-11-04,-0.0006922049880729864,-0.0006922049880729864,0.0,-0.000743900163498633
2019-11-05,-0.0028356171068129044,-0.0028356171068129044,0.0,-0.002888340654518356
2019-11-06,0.0013797167138467348,0.0013797167138467348,0.0,0.0013270158892487094
2019-11-07,-0.0029666335021589774,-0.0029666335021589774,0.0,-0.0030193453678296883
2019-11-08,-0.0010176174412204197,-0.0010176174412204197,0.0,-0.0010699611296344153
2019-11-11,-2.7614590252023063e-05,-2.7614590252023063e-05,0.0,-7.995015615104442e-05
2019-11-12,-0.0001891952740805669,-0.0001891952740805669,0.0,-0.00024290786549034156
2019-11-13,0.0007340928028720661,0.0007340928028720661,0.0,0.00068107036476779
2019-11-14,0.0018330660960910183,0.0018330660960910183,0.0,0.0017800377245058288
2019-11-15,0.0004927496329723002,0.0004927496329723002,0.0,0.00043970647230069497
2019-11-18,0.0008656828217739054,0.0008656828217739054,0.0,0.0008126356875806336
2019-11-19,0.0008771126984021826,0.0008771126984021826,0.0,0.0008240585894005895
2019-11-20,0.00010261711754355751,0.00010261711754355751,0.0,4.955594783613791e-05
2019-11-21,-0.0017444263459293063,-0.0017444263459293063,0.0,-0.0017978329000272852
2019-11-22,0.0008440391401136615,0.0008440391401136615,0.0,0.0007906467429763723
2019-11-25,0.0015054775087970373,0.0015054775087970373,0.0,0.0014510447339030079
2019-11-26,0.0014108004773298877,0.0014108004773298877,0.0,0.0013566998672825583
2019-11-27,-7.167098627625101e-05,-7.167098627625101e-05,0.0,-0.0001264724768923087
2019-11-29,-0.0012735174903160118,-0.0012735174903160118,0.0,-0.0013272844072957154
2019-12-02,-0.003200244056642987,-0.003073531047676825,0.2534260179321864,-0.003265174173090984
2019-12-03,0.0029584989684900975,0.0029584989684900975,0.0,0.002894681123533402
2019-12-04,0.0005631833448360712,0.0005631833448360712,0.0,0.0005002021836170011
2019-12-05,-0.0006054625969205141,-0.0006054625969205141,0.0,-0.0006680279189509894
2019-12-06,0.0010644340333509916,0.0010644340333509916,0.0,0.001002281459583087
2019-12-09,-0.000598376893742425,-0.000598376893742425,0.0,-0.0006609410041967913
2019-12-10,-0.00044343748774855474,-0.00044343748774855474,0.0,-0.00050683186562277
2019-12-11,0.0020556317796629475,0.0020556317796629475,0.0,0.001991821862697997
2019-12-12,-0.0014096924585871307,-0.0014096924585871307,0.0,-0.0014730825250220342
2019-12-13,0.002830873798296052,0.002830873798296052,0.0,0.002767065615660054
2019-12-16,2.825334275602387e-05,2.825334275602387e-05,0.0,-3.554722636376533e-05
2019-12-17,0.00045064592110799495,0.00045064592110799495,0.0,0.0003872597168887038
2019-12-18,0.0005046102224823823,0.0005046102224823823,0.0,0.00044122522180989354
2019-12-19,0.001413918866903785,0.001413918866903785,0.0,0.001350120940975372
2019-12-20,0.0006390844543577856,0.0006390844543577856,0.0,0.0005748760743910397
2019-12-23,0.00021549372086382412,0.00021549372086382412,0.0,0.00015087282912074513
2019-12-24,0.00105716341488038,0.00105716341488038,0.0,0.0009929573410544835
2019-12-26,0.0019293544667253748,0.0019293544667253748,0.0,0.0018651512422593003
2019-12-27,-0.00042166126674447746,-0.00042166126674447746,0.0,-0.00048544512019179313
2019-12-30,-0.0007594508746728845,-0.0007594508746728845,0.0,-0.0008232358555875286
2019-12-31,-0.0004530359188646971,-0.0004530359188646971,0.0,-0.0005159945292275385
2020-01-02,0.0045238588278153635,0.004719924130392128,0.3921306051535834,0.004442608989408849
2020-01-03,0.000366022198337701,0.000366022198337701,0.0,0.0002861364446687213
2020-01-06,-0.00014914514146813218,-0.00014914514146813218,0.0,-0.00023116767983474685
2020-01-07,-0.0009826186108682355,-0.0009826186108682355,0.0,-0.0010635720961382831
2020-01-08,-0.0006788059015165882,-0.0006788059015165882,0.0,-0.0007597800743848476
2020-01-09,0.0018343397554856367,0.0018343397554856367,0.0,0.0017533512816439855
2020-01-10,0.0007904761431871687,0.0007904761431871687,0.0,0.0007095262441606955
2020-01-13,0.0016340643088454954,0.0016340643088454954,0.0,0.0015515230736812327
2020-01-14,0.0001299916418318059,0.0001299916418318059,0.0,4.7485367739752464e-05
2020-01-15,0.0006368809759991212,0.0006368809759991212,0.0,0.0005543774827379462
2020-01-16,0.0021785351454477464,0.0021785351454477464,0.0,0.0020971165650269944
2020-01-17,0.0013065236656411017,0.0013065236656411017,0.0,0.0012246156080418659
2020-01-21,-0.0019626956068327095,-0.0019626956068327095,0.0,-0.0020445760103980633
2020-01-22,0.0005509746954166506,0.0005509746954166506,0.0,0.00046958810559976337
2020-01-23,0.0004273477768281797,0.0004273477768281797,0.0,0.000345972789176002
2020-01-24,-0.0019508640830532276,-0.0019508640830532276,0.0,-0.0020316947730789734
2020-01-27,-0.0060978301630837395,-0.0060978301630837395,0.0,-0.0061792372987826616
2020-01-28,0.0029886666585614563,0.0029886666585614563,0.0,0.002906057283578287
2020-01-29,0.0014054186396053048,0.0014054186396053048,0.0,0.0013234093328543784
2020-01-30,-0.0003477230503612372,-0.0003477230503612372,0.0,-0.00043023828390039456
2020-01-31,-0.005128216819831777,-0.005128216819831777,0.0,-0.005209667775564825
2020-02-03,0.0013131187640769149,0.0014915673407858154,0.356897153417796,0.0012400059591254266
2020-02-04,0.0012740286160015657,0.0012740286160015657,0.0,0.0012009583367358632
2020-02-05,0.0011686732757463236,0.0011686732757463236,0.0,0.0010956182134162623
2020-02-06,0.0018729155315397872,0.0018729155315397872,0.0,0.0017998744114923492
2020-02-07,0.0008130527352501193,0.0008130527352501193,0.0,0.0007405080655000071
2020-02-10,0.0029046645884482913,0.0029046645884482913,0.0,0.002831181358906333
2020-02-11,-0.0005593122288727326,-0.0005593122288727326,0.0,-0.0006322869133613253
2020-02-12,0.000790653227764837,0.000790653227764837,0.0,0.000717197999422231
2020-02-13,0.0007280189314256003,0.0007280189314256003,0.0,0.0006540992979809739
2020-02-14,0.0012451959226575937,0.0012451959226575937,0.0,0.0011717588176775834
2020-02-18,0.0011601052720739968,0.0011601052720739968,0.0,0.0010866830027726022
2020-02-19,0.0007071847830846245,0.0007071847830846245,0.0,0.0006337763196472611
2020-02-20,0.0013873372614794377,0.0013873372614794377,0.0,0.001313937207966259
2020-02-21,-0.0006496865785323713,-0.0006496865785323713,0.0,-0.0007221232716482813
2020-02-24,-0.004066306013150944,-0.004066306013150944,0.0,-0.004137329850364499
2020-02-25,-0.006016940346683763,-0.006016940346683763,0.0,-0.006088011137456604
2020-02-26,-0.00017955991951323913,-0.00017955991951323913,0.0,-0.0002507006083559568
2020-02-27,-0.009310831985077095,-0.009310831985077095,0.0,-0.00937818047887937
2020-02-28,0.001122506474074525,0.001122506474074525,0.0,0.0010631298289801628
2020-03-02,0.001083234016399981,0.0013041515071476883,0.4418349814952777,0.0010468785401143868
2020-03-03,0.004662535429284409,0.004662535429284409,0.0,0.004631849318450353
2020-03-04,0.002507297662152741,0.002507297662152741,0.0,0.0024838485983063943
2020-03-05,0.001399765503608652,0.001399765503608652,0.0,0.0013796089707161108
2020-03-06,0.0038680258634677944,0.0038680258634677944,0.0,0.003853152113971367
2020-03-09,-0.0032474649350381357,-0.0032474649350381357,0.0,-0.0032580499980601352
2020-03-10,-0.008540040118196646,-0.008540040118196646,0.0,-0.00855425454439095
2020-03-11,-0.009577806076512596,-0.009577806076512596,0.0,-0.009591335967317951
2020-03-12,-0.008409562748470378,-0.008409562748470378,0.0,-0.008420431334136842
2020-03-13,0.00873656175044868,0.00873656175044868,0.0,0.008727684721795567
2020-03-16,-0.005650112967685583,-0.005650112967685583,0.0,-0.0056580178040803964
2020-03-17,-0.006629728611825203,-0.006629728611825203,0.0,-0.006635979324478963
2020-03-18,-0.010447681470135861,-0.010447681470135861,0.0,-0.01044833853435698
2020-03-19,-0.00040772732964100555,-0.00040772732964100555,0.0,-0.0004090385739244664
2020-03-20,0.009304363929784065,0.009304363929784065,0.0,0.009302725015182261
2020-03-23,0.009869194033770068,0.009869194033770068,0.0,0.009868537194980669
2020-03-24,0.003947327914159082,0.003947327914159082,0.0,0.003946998826249973
2020-03-25,0.005291634368654208,0.005291634368654208,0.0,0.005292951785613768
2020-03-26,0.004584981090053786,0.004584981090053786,0.0,0.004586629637019993
2020-03-27,0.0009947727441506071,0.0009947727441506071,0.0,0.0009937826970074907
2020-03-30,0.0018700323614213588,0.0018700323614213588,0.0,0.0018660713761160473
2020-03-31,-0.0025925844742228366,-0.0025925844742228366,0.0,-0.002596216747789929
2020-04-01,0.0014339509951346585,0.0017797302611513022,0.6915585320331576,0.0014331531741918863
2020-04-02,-0.0007768830791863301,-0.0007768830791863301,0.0,-0.0007776816983238542
2020-04-03,-0.0001418341733073758,-0.0001418341733073758,0.0,-0.00014271913254512044
2020-04-06,-0.0009744235083229968,-0.0009744235083229968,0.0,-0.0009757502911117222
2020-04-07,-0.0007725835810354909,-0.0007725835810354909,0.0,-0.0007738177007296081
2020-04-08,-0.0009542694861626178,-0.0009542694861626178,0.0,-0.0009562035665719901
2020-04-09,0.0005868856606581208,0.0005868856606581208,0.0,0.0005846952186983714
2020-04-13,0.0005463419858948715,0.0005463419858948715,0.0,0.0005440592108151781
2020-04-14,3.367848244906213e-05,3.367848244906213e-05,0.0,3.191912678089133e-05
2020-04-15,0.002102091885053836,0.002102091885053836,0.0,0.002100860190465041
2020-04-16,0.0004467181487712857,0.0004467181487712857,0.0,0.00044547738409559615
2020-04-17,-0.0013491400615280869,-0.0013491400615280869,0.0,-0.0013502052255084478
2020-04-20,0.001504220548658619,0.001504220548658619,0.0,0.0015031603788371636
2020-04-21,0.0026421601121267013,0.0026421601121267013,0.0,0.0026411831932497388
2020-04-22,-0.00015423017327909072,-0.00015423017327909072,0.0,-0.00015530564311436903
2020-04-23,0.00011879646434054258,0.00011879646434054258,0.0,0.00011781113825147087
2020-04-24,0.0006035418762544431,0.0006035418762544431,0.0,0.0006024665371154033
2020-04-27,-0.00042262204615994836,-0.00042262204615994836,0.0,-0.0004236996089536524
2020-04-28,-0.00010511194764895038,-0.00010511194764895038,0.0,-0.00010609828561257455
2020-04-29,-0.001219846199677077,-0.001219846199677077,0.0,-0.001220742547659078
2020-04-30,-0.0006155471524784684,-0.0006155471524784684,0.0,-0.0006163504890157208
2020-05-01,0.0006955153746694975,0.0007142356406109052,0.03744053188282091,0.0006943111918801708
2020-05-04,-5.1450652064355396e-05,-5.1450652064355396e-05,0.0,-5.275537140789403e-05
2020-05-05,-0.0005471842694676488,-0.0005471842694676488,0.0,-0.0005484887905096151
2020-05-06,2.930989319360755e-05,2.930989319360755e-05,0.0,2.810766772461355e-05
2020-05-07,0.0006329781515830302,0.0006329781515830302,0.0,0.0006318760159332539
2020-05-08,-0.0010785166840947547,-0.0010785166840947547,0.0,-0.0010797212656024086
2020-05-11,-2.588602355912961e-06,-2.588602355912961e-06,0.0,-3.789343088746824e-06
2020-05-12,0.0005451107169245351,0.0005451107169245351,0.0,0.0005438099244506316
2020-05-13,0.000801942618378515,0.000801942618378515,0.0,0.0008006397240471793
2020-05-14,4.447135839003025e-05,4.447135839003025e-05,0.0,4.326583468602904e-05
2020-05-15,6.737139370827094e-05,6.737139370827094e-05,0.0,6.616571185420629e-05
2020-05-18,-0.001961674636041022,-0.001961674636041022,0.0,-0.0019629810509187748
2020-05-19,0.0004722412087183603,0.0004722412087183603,0.0,0.0004709423656832759
2020-05-20,-0.00039647722744950986,-0.00039647722744950986,0.0,-0.0003976778412702341
2020-05-21,-0.0003077499368500103,-0.0003077499368500103,0.0,-0.0003089491381399398
2020-05-22,0.0007557584442408061,0.0007557584442408061,0.0,0.0007545603397101727
2020-05-26,-0.0014059067561570382,-0.0014059067561570382,0.0,-0.0014073076846705802
2020-05-27,0.00027153839116933476,0.00027153839116933476,0.0,0.00027004366337809283
2020-05-28,-3.346754291444487e-05,-3.346754291444487e-05,0.0,-3.4963480801067224e-05
2020-05-29,-4.024704485283692e-05,-4.024704485283692e-05,0.0,-4.164311433923926e-05
2020-06-01,-8.772249996635839e-05,-5.046195517932617e-05,0.07452108957426799,-8.937821935369649e-05
2020-06-02,-0.0004087721034413683,-0.0004087721034413683,0.0,-0.0004105463592467145
2020-06-03,-0.0010690115555134216,-0.0010690115555134216,0.0,-0.0010709022725330628
2020-06-04,-0.0005703217456628495,-0.0005703217456628495,0.0,-0.0005720898197964221
2020-06-05,-0.000812983166294301,-0.000812983166294301,0.0,-0.0008147488526649111
2020-06-08,0.0005742476225254478,0.0005742476225254478,0.0,0.0005722503719846032
2020-06-09,0.00030623250283112746,0.00030623250283112746,0.0,0.0003039972355905445
2020-06-10,0.0011255281679176665,0.0011255281679176665,0.0,0.0011235267390139626
2020-06-11,0.00010832398647919739,0.00010832398647919739,0.0,0.00010631722339511911
2020-06-12,-3.0563656303161935e-05,-3.0563656303161935e-05,0.0,-3.245285762546572e-05
2020-06-15,-1.6397771323450883e-05,-1.6397771323450883e-05,0.0,-1.852296945303711e-05
2020-06-16,-0.0001270792945569088,-0.0001270792945569088,0.0,-0.00012908634841506453
2020-06-17,0.00029393363522167704,0.00029393363522167704,0.0,0.0002919271836660284
2020-06-18,0.00016183030678096344,0.00016183030678096344,0.0,0.00015994057099901678
2020-06-19,0.00022322849271083633,0.00022322849271083633,0.0,0.00022145618895208673
2020-06-22,-7.040413156833569e-05,-7.040413156833569e-05,0.0,-7.229558400868788e-05
2020-06-23,0.00025487435365478817,0.00025487435365478817,0.0,0.00025298321508082617
2020-06-24,0.0002583411836201144,0.0002583411836201144,0.0,0.0002565671762467597
2020-06-25,7.924796451552751e-05,7.924796451552751e-05,0.0,7.735453887228767e-05
2020-06-26,0.0006709020933972631,0.0006709020933972631,0.0,0.0006692450370113045
2020-06-29,-0.0003018171730502228,-0.0003018171730502228,0.0,-0.00030347684319386
2020-06-30,-4.6516293567333555e-05,-4.6516293567333555e-05,0.0,-4.8411715217068703e-05
2020-07-01,-0.0009140312341207046,-0.000640994666003758,0.5460731362337253,-0.0009184694603161437
2020-07-02,0.0006766888601756893,0.0006766888601756893,0.0,0.0006722485292279349
2020-07-06,8.526100522399105e-05,8.526100522399105e-05,0.0,8.050269976238565e-05
2020-07-07,0.0007637828174569261,0.0007637828174569261,0.0,0.0007590244101959235
2020-07-08,-0.0003120842275746716,-0.0003120842275746716,0.0,-0.0003168435460762742
2020-07-09,0.0011759705990166403,0.0011759705990166403,0.0,0.0011718461791071666
2020-07-10,-0.00038885236037333737,-0.00038885236037333737,0.0,-0.00039297799517257984
2020-07-13,0.000544229899252624,0.000544229899252624,0.0,0.0005397873407218831
2020-07-14,0.0004395067242746187,0.0004395067242746187,0.0,0.0004347461914951281
2020-07-15,-0.00047108636885850874,-0.00047108636885850874,0.0,-0.00047616482899147226
2020-07-16,-0.0001222697811823492,-0.0001222697811823492,0.0,-0.00012576081077082617
2020-07-17,0.0003191321440410011,0.0003191321440410011,0.0,0.0003156412213354676
2020-07-20,0.0008728592008375724,0.0008728592008375724,0.0,0.0008687332353244553
2020-07-21,0.000729017363351403,0.000729017363351403,0.0,0.0007248904971663225
2020-07-22,0.0007523113018899075,0.0007523113018899075,0.0,0.000748183684006075
2020-07-23,0.0002777373895126445,0.0002777373895126445,0.0,0.00027392656518823705
2020-07-24,-7.795674641264405e-06,-7.795674641264405e-06,0.0,-1.1289172342787207e-05
2020-07-27,0.0004611857090082161,0.0004611857090082161,0.0,0.0004576922181013133
2020-07-28,0.0008995632995318914,0.0008995632995318914,0.0,0.0008960694068461423
2020-07-29,0.00020861567054164531,0.00020861567054164531,0.0,0.00020512099487267539
2020-07-30,-4.0148843878706764e-05,-4.0148843878706764e-05,0.0,-4.3008272505846155e-05
2020-07-31,0.0008203018780612581,0.0008203018780612581,0.0,0.000817442478021241
2020-08-03,0.0005441012589608718,0.0007852672015347117,0.48233188514767106,0.0005393623225232452
2020-08-04,0.002703212007594269,0.002703212007594269,0.0,0.0026989452751947176
2020-08-05,5.673649367143874e-05,5.673649367143874e-05,0.0,5.199776265696228e-05
2020-08-06,0.0020136190863175862,0.0020136190863175862,0.0,0.002008880399014796
2020-08-07,-0.00200864395291811,-0.00200864395291811,0.0,-0.0020133810919792023
2020-08-10,-0.000642749654827024,-0.000642749654827024,0.0,-0.000647962210071526
2020-08-11,-0.004713237723415142,-0.004713237723415142,0.0,-0.004718450823724814
2020-08-12,-0.0003198457504079988,-0.0003198457504079988,0.0,-0.0003250628665696415
2020-08-13,0.00018642086386866374,0.00018642086386866374,0.0,0.00018167778316940586
2020-08-14,-0.0005889859230762129,-0.0005889859230762129,0.0,-0.0005937288593585245
2020-08-17,0.0019927211929193778,0.0019927211929193778,0.0,0.001987977800091189
2020-08-18,0.0019029183142078576,0.0019029183142078576,0.0,0.0018986506480698421
2020-08-19,-0.0028955852394001447,-0.0028955852394001447,0.0,-0.0029007996595648896
2020-08-20,0.0015499187080039167,0.0015499187080039167,0.0,0.0015447018213585841
2020-08-21,4.405767029647123e-05,4.405767029647123e-05,0.0,3.9316244427035694e-05
2020-08-24,-0.00019995113494442052,-0.00019995113494442052,0.0,-0.00020564080511256078
2020-08-25,-0.0004650886976010904,-0.0004650886976010904,0.0,-0.00047030439867132767
2020-08-26,0.001324303022798734,0.001324303022798734,0.0,0.0013190869259298744
2020-08-27,-0.0023482361218820635,-0.0023482361218820635,0.0,-0.002353451093236393
2020-08-28,0.0021834799082005585,0.0021834799082005585,0.0,0.0021787372065651817
2020-08-31,0.0013921626914135121,0.0013921626914135121,0.0,0.0013869475756519906
2020-09-01,0.0008978345150076894,0.0011093260169756647,0.42298300393591953,0.0008907432767167248
2020-09-02,0.0006843139851726576,0.0006843139851726576,0.0,0.0006772273964243536
2020-09-03,-0.0026915222256916893,-0.0026915222256916893,0.0,-0.002698016808128901
2020-09-04,-0.0016171237483086909,-0.0016171237483086909,0.0,-0.001623624077819126
2020-09-08,-0.0008756015488079472,-0.0008756015488079472,0.0,-0.0008832878437963003
2020-09-09,0.0013538974781890367,0.0013538974781890367,0.0,0.001346800391972828
2020-09-10,-0.0006138157637035624,-0.0006138157637035624,0.0,-0.0006209096925981787
2020-09-11,0.0006971820779411164,0.0006971820779411164,0.0,0.0006906779968347308
2020-09-14,0.0009929459083650727,0.0009929459083650727,0.0,0.0009864433174934008
2020-09-15,0.00030749419044240334,0.00030749419044240334,0.0,0.00030099371989866504
2020-09-16,-0.0009473387853207171,-0.0009473387853207171,0.0,-0.0009544294916391187
2020-09-17,-0.0006569919749793707,-0.0006569919749793707,0.0,-0.0006623116609101751
2020-09-18,-0.0006225384567180026,-0.0006225384567180026,0.0,-0.000628450495914637
2020-09-21,-0.0018028774167763162,-0.0018028774167763162,0.0,-0.001808790666807798
2020-09-22,0.00028244365364527013,0.00028244365364527013,0.0,0.00027652689069094084
2020-09-23,-0.0024643300515283517,-0.0024643300515283517,0.0,-0.002470837885570654
2020-09-24,-9.084569029660372e-05,-9.084569029660372e-05,0.0,-9.676671533476442e-05
2020-09-25,0.0005632788324252402,0.0005632788324252402,0.0,0.0005573576299701262
2020-09-28,0.0020032966832650434,0.0020032966832650434,0.0,0.0019967845699431983
2020-09-29,0.001029100823022766,0.001029100823022766,0.0,0.0010237762423886052
2020-09-30,-0.0007904243163169289,-0.0007904243163169289,0.0,-0.0007963385144488116
2020-10-01,0.0012249771697485645,0.00145386589527563,0.4577774510542214,0.001218252284737073
2020-10-02,-0.00024353864342696596,-0.00024353864342696596,0.0,-0.0002502585020395362
2020-10-05,-0.0017999893767948194,-0.0017999893767948194,0.0,-0.001807456738532301
2020-10-06,-0.000837331246351658,-0.000837331246351658,0.0,-0.0008448049178033713
2020-10-07,5.6593078436195654e-05,5.6593078436195654e-05,0.0,4.911646932910137e-05
2020-10-08,0.0007577825133961991,0.0007577825133961991,0.0,0.0007510537438834578
2020-10-09,0.0016711791074792703,0.0016711791074792703,0.0,0.001663705353316306
2020-10-12,0.0022465485889948678,0.0022465485889948678,0.0,0.0022390806833766244
2020-10-13,-0.0010801805182839574,-0.0010801805182839574,0.0,-0.0010883865854981922
2020-10-14,-0.00046549804102302694,-0.00046549804102302694,0.0,-0.0004744546453804299
2020-10-15,-0.0004568418959191023,-0.0004568418959191023,0.0,-0.00046505390731938135
2020-10-16,-5.7460275643350656e-05,-5.7460275643350656e-05,0.0,-6.56740452865932e-05
2020-10-19,-0.0008022513136219933,-0.0008022513136219933,0.0,-0.000810465304424748
2020-10-20,-0.00045339381430165027,-0.00045339381430165027,0.0,-0.00046086388800727524
2020-10-21,0.0008405380555724928,0.0008405380555724928,0.0,0.0008330663934432788
2020-10-22,-0.002032607974249867,-0.002032607974249867,0.0,-0.002039329822118849
2020-10-23,0.0014870201047854081,0.0014870201047854081,0.0,0.001479544255364496
2020-10-26,1.8601273490626014e-05,1.8601273490626014e-05,0.0,1.0383568060038342e-05
2020-10-27,0.0008623408950807487,0.0008623408950807487,0.0,0.0008548703189278673
2020-10-28,-0.0017263890708104634,-0.0017263890708104634,0.0,-0.0017338566293698915
2020-10-29,-0.00011796862820878662,-0.00011796862820878662,0.0,-0.00012469487736004132
2020-10-30,-0.001810022292334068,-0.001810022292334068,0.0,-0.0018167489136990884
2020-11-02,0.0008663932258272666,0.0009685322515704531,0.2042780514860979,0.0008594760019796506
2020-11-03,-0.00019387415218830029,-0.00019387415218830029,0.0,-0.0002015509778614367
2020-11-04,0.002922369705097072,0.002922369705097072,0.0,0.0029146921602883186
2020-11-05,0.001817602021006115,0.001817602021006115,0.0,0.0018099352845305956
2020-11-06,-0.000468719181397681,-0.000468719181397681,0.0,-0.00047637920770034415
2020-11-09,-0.0047586687365942515,-0.0047586687365942515,0.0,-0.004767096669864738
2020-11-10,-0.0019301451091060517,-0.0019301451091060517,0.0,-0.0019378245268235855
2020-11-11,0.0003586666653474513,0.0003586666653474513,0.0,0.00035098007069282765
2020-11-12,0.0017593022536090963,0.0017593022536090963,0.0,0.0017516169921211648
2020-11-13,0.000924269920454357,0.000924269920454357,0.0,0.0009173590601849307
2020-11-16,0.00012883446793043873,0.00012883446793043873,0.0,0.000121926691347124
2020-11-17,-5.726196104838266e-05,-5.726196104838266e-05,0.0,-6.416930785044708e-05
2020-11-18,-0.0003387551308101644,-0.0003387551308101644,0.0,-0.00034566266864438747
2020-11-19,0.0010492023223638292,0.0010492023223638292,0.0,0.0010438289136539152
2020-11-20,0.0007153643015818112,0.0007153643015818112,0.0,0.0007099936133595573
2020-11-23,-0.001183950677501877,-0.001183950677501877,0.0,-0.0011900864885563318
2020-11-24,-0.0007559220831139246,-0.0007559220831139246,0.0,-0.0007628288193900028
2020-11-25,-3.606918512755186e-07,-3.606918512755186e-07,0.0,-7.269951267398936e-06
2020-11-27,0.0011966489323442797,0.0011966489323442797,0.0,0.0011897396717242274
2020-11-30,-0.00010534394210093279,-0.00010534394210093279,0.0,-0.00011148196092835773
2020-12-01,-7.761884413426401e-05,7.761199762867932e-06,0.17076008779447754,-8.4885842344313e-05
2020-12-02,0.00020946098754270892,0.00020946098754270892,0.0,0.00020219252831517903
2020-12-03,0.0021295299436749904,0.0021295299436749904,0.0,0.0021230697792252065
2020-12-04,-0.0009759863035025962,-0.0009759863035025962,0.0,-0.0009832461339463717
2020-12-07,0.0011847461154448347,0.0011847461154448347,0.0,0.0011782897298534556
2020-12-08,9.820913320290892e-05,9.820913320290892e-05,0.0,9.095006832539622e-05
2020-12-09,-0.0019277987552465126,-0.0019277987552465126,0.0,-0.001934250935471856
2020-12-10,0.0017221406565330888,0.0017221406565330888,0.0,0.0017156821455944454
2020-12-11,0.0008278469373037556,0.0008278469373037556,0.0,0.0008213940719936187
2020-12-14,-0.0002556462449191388,-0.0002556462449191388,0.0,-0.00026290266778180487
2020-12-15,0.0015310560200203494,0.0015310560200203494,0.0,0.0015246050287683374
2020-12-16,0.0004392898745204654,0.0004392898745204654,0.0,0.0004320381441102376
2020-12-17,0.0013778152471879412,0.0013778152471879412,0.0,0.0013713707010539044
2020-12-18,-0.000988148134158151,-0.000988148134158151,0.0,-0.0009945881811139572
2020-12-21,-0.0003695712670170881,-0.0003695712670170881,0.0,-0.0003768199535179319
2020-12-22,-0.0004167902615255237,-0.0004167902615255237,0.0,-0.0004240403075376759
2020-12-23,0.0008927727628640358,0.0008927727628640358,0.0,0.0008855211830006642
2020-12-24,-0.0001891088459453627,-0.0001891088459453627,0.0,-0.0001963571432005209
2020-12-28,0.001013762955696773,0.001013762955696773,0.0,0.0010049030757116884
2020-12-29,0.0005603760627712617,0.0005603760627712617,0.0,0.0005523257646463343
2020-12-30,0.00150028323838991,0.00150028323838991,0.0,0.0014938448288489294
2020-12-31,-0.0002240026446521659,-0.0002240026446521659,0.0,-0.00023124035492478568
2021-01-04,0.0003108090143277842,0.00042530431303244853,0.2289905974091584,0.00030416659154989406
2021-01-05,0.0004796154364063998,0.0004796154364063998,0.0,0.00047297758057167246
2021-01-06,-0.002548280884205445,-0.002548280884205445,0.0,-0.0025549172700393575
2021-01-07,-0.00027315569967323317,-0.00027315569967323317,0.0,-0.00027979991583301816
2021-01-08,-0.001895288773927306,-0.001895288773927306,0.0,-0.0019011954901393634
2021-01-11,-0.0023942921481299173,-0.0023942921481299173,0.0,-0.0024002040523178557
2021-01-12,0.001184103055288377,0.001184103055288377,0.0,0.0011774447722455227
2021-01-13,0.0006146852308608342,0.0006146852308608342,0.0,0.0006080305986488307
2021-01-14,9.051895058442838e-05,9.051895058442838e-05,0.0,8.386621240793088e-05
2021-01-15,-0.0010410379980049234,-0.0010410379980049234,0.0,-0.001047690457289754
2021-01-19,0.0026094766455884155,0.0026094766455884155,0.0,0.0026028209754909615
2021-01-20,0.00182947987692339,0.00182947987692339,0.0,0.001823570861111569
2021-01-21,0.0005579827031969575,0.0005579827031969575,0.0,0.0005513406780033894
2021-01-22,-0.0003833553686727331,-0.0003833553686727331,0.0,-0.0003892578689476178
2021-01-25,0.0013412675925983386,0.0013412675925983386,0.0,0.0013346261028646647
2021-01-26,-0.00036730156544440007,-0.00036730156544440007,0.0,-0.0003724639701477752
2021-01-27,-0.0029862079748840253,-0.0029862079748840253,0.0,-0.002992108867343919
2021-01-28,0.000939863831785237,0.000939863831785237,0.0,0.0009346934059380839
2021-01-29,-0.001733019380424916,-0.001733019380424916,0.0,-0.0017374492483066167
2021-02-01,0.0015301071525617438,0.001661917719030237,0.26362113293714645,0.0015254231214303555
2021-02-02,-0.0005387810213627331,-0.0005387810213627331,0.0,-0.0005434576103811345
2021-02-03,-7.081109441831046e-05,-7.081109441831046e-05,0.0,-7.348401591165595e-05
2021-02-04,-0.0005358540097935016,-0.0005358540097935016,0.0,-0.0005385270081662247
2021-02-05,0.00158377148942912,0.00158377148942912,0.0,0.0015817663040844105
2021-02-08,0.0013072126140742935,0.0013072126140742935,0.0,0.0013038727856211126
2021-02-09,0.0008103649818507197,0.0008103649818507197,0.0,0.0008076945349893402
2021-02-10,0.00038895775072300687,0.00038895775072300687,0.0,0.00038562078843663763
2021-02-11,0.00031200223532645843,0.00031200223532645843,0.0,0.0003086657990312771
2021-02-12,-0.00038151632547234193,-0.00038151632547234193,0.0,-0.0003841851370749447
2021-02-16,-0.0020920165914505295,-0.0020920165914505295,0.0,-0.0020946858158243384
2021-02-17,-0.000341619159626938,-0.000341619159626938,0.0,-0.0003442906521461646
2021-02-18,-0.001066382706377822,-0.001066382706377822,0.0,-0.0010683866036474675
2021-02-19,0.00015878003166580612,0.00015878003166580612,0.0,0.00015610701084740018
2021-02-22,-0.0014607807150194274,-0.0014607807150194274,0.0,-0.0014627853513608574
2021-02-23,-0.00010635435313210984,-0.00010635435313210984,0.0,-0.00010902878965309546
2021-02-24,-0.00020547231086998075,-0.00020547231086998075,0.0,-0.00020747822498609308
2021-02-25,-0.007886576234283571,-0.007886576234283571,0.0,-0.007889251009884185
2021-02-26,0.0020854182662031207,0.0020854182662031207,0.0,0.002082734845979317
2021-03-01,0.0012476662435365604,0.0016463222438540814,0.7973120006349927,0.0012455510512513963
2021-03-02,-0.0003573061120520915,-0.0003573061120520915,0.0,-0.00035899688368630874
2021-03-03,-0.0028405831361892897,-0.0028405831361892897,0.0,-0.0028426966469616796
2021-03-04,-0.0038960469616133864,-0.0038960469616133864,0.0,-0.0038977380650891923
2021-03-05,0.0015011208406519039,0.0015011208406519039,0.0,0.001499429331177275
2021-03-08,-0.0035823330025858136,-0.0035823330025858136,0.0,-0.0035844471941863932
2021-03-09,0.004090959425816276,0.004090959425816276,0.0,0.004088844766605794
2021-03-10,0.0013763149167353994,0.0013763149167353994,0.0,0.0013746236148281033
2021-03-11,0.002948055758953849,0.002948055758953849,0.0,0.0029463645999870136
2021-03-12,-0.0015097978366618303,-0.0015097978366618303,0.0,-0.0015114886903512946
2021-03-15,0.000691901183379251,0.000691901183379251,0.0,0.000690210173110644
2021-03-16,4.806652870392725e-05,4.806652870392725e-05,0.0,4.7221059422896475e-05
2021-03-17,0.0014213496119850344,0.0014213496119850344,0.0,0.0014205041451946186
2021-03-18,-0.004462728370267066,-0.004462728370267066,0.0,-0.004463151066890217
2021-03-19,0.0009417598839731589,0.0009417598839731589,0.0,0.0009413370713761932
2021-03-22,0.0007085517832550181,0.0007085517832550181,0.0,0.0007072834188161488
2021-03-23,-0.002758479460547969,-0.002758479460547969,0.0,-0.0027589022303113318
2021-03-24,-0.0017015619406492988,-0.0017015619406492988,0.0,-0.0017024076237059527
2021-03-25,0.0004417134444532067,0.0004417134444532067,0.0,0.0004408676727095279
2021-03-26,0.0027650132431908947,0.0027650132431908947,0.0,0.0027641674944595754
2021-03-29,-0.0018225375800617893,-0.0018225375800617893,0.0,-0.001823805987677346
2021-03-30,-0.0014677445238985287,-0.0014677445238985287,0.0,-0.001468590223837089
2021-03-31,0.0012626918265137288,0.0012626918265137288,0.0,0.001261423161845178
2021-04-01,0.0024319860130430637,0.0028234057168228244,0.7828394075598087,0.0024315252248054324
2021-04-05,0.0015297531111249096,0.0015297531111249096,0.0,0.0015290625363171305
2021-04-06,0.00020024156494735657,0.00020024156494735657,0.0,0.0001997806727037433
2021-04-07,-0.0002481167434743581,-0.0002481167434743581,0.0,-0.0002485777023367243
2021-04-08,0.0018177000888532913,0.0018177000888532913,0.0,0.0018174696507055705
2021-04-09,-0.000281154400113115,-0.000281154400113115,0.0,-0.00028161588019528816
2021-04-12,-0.0009092257161961159,-0.0009092257161961159,0.0,-0.0009096871028607673
2021-04-13,0.0019537919879013543,0.0019537919879013543,0.0,0.001953100361471408
2021-04-14,0.0011837894353901035,0.0011837894353901035,0.0,0.0011833277026047275
2021-04-15,0.002319555761825187,0.002319555761825187,0.0,0.0023190936365833654
2021-04-16,0.000632646586623764,0.000632646586623764,0.0,0.0006321836941695303
2021-04-19,-0.0006322573492593131,-0.0006322573492593131,0.0,-0.0006327204508343817
2021-04-20,-0.001900153133055249,-0.001900153133055249,0.0,-0.0019008474717312621
2021-04-21,0.0024519211321807344,0.0024519211321807344,0.0,0.0024512277380367292
2021-04-22,-0.0007966426607288746,-0.0007966426607288746,0.0,-0.0007973372706977473
2021-04-23,0.003220463217993963,0.003220463217993963,0.0,0.0032197690033682236
2021-04-26,0.001231299772692207,0.001231299772692207,0.0,0.0012306039650047487
2021-04-27,9.63541519642952e-05,9.63541519642952e-05,0.0,9.612201328975202e-05
2021-04-28,0.0007859743209732706,0.0007859743209732706,0.0,0.0007857421664320067
2021-04-29,0.0006587342939816665,0.0006587342939816665,0.0,0.0006585020101149853
2021-04-30,-0.002748519866368815,-0.002748519866368815,0.0,-0.002748752258553292
2021-05-03,0.0017495560078881756,0.0019461949051600147,0.393277794543384,0.0017490156792085423
2021-05-04,-0.0022965351283061874,-0.0022965351283061874,0.0,-0.0022968047045681035
2021-05-05,0.0018187886405385267,0.0018187886405385267,0.0,0.0018185202706025526
2021-05-06,0.0031730425976792542,0.0031730425976792542,0.0,0.0031727732741028934
2021-05-07,0.003731996680188976,0.003731996680188976,0.0,0.0037317256981623526
2021-05-10,-0.0029981141096164787,-0.0029981141096164787,0.0,-0.002998387034988646
2021-05-11,-0.0006188877030444129,-0.0006188877030444129,0.0,-0.000619023382786023
2021-05-12,-0.006400142738760883,-0.006400142738760883,0.0,-0.006400413774804261
2021-05-13,-9.641692178896655e-05,-9.641692178896655e-05,0.0,-9.668459147819833e-05
2021-05-14,0.004353562311339321,0.004353562311339321,0.0,0.0043534285018538895
2021-05-17,0.0010177499131502898,0.0010177499131502898,0.0,0.001017480013994038
2021-05-18,0.000668548273092151,0.000668548273092151,0.0,0.000668277841429674
2021-05-19,-0.0032373065244138965,-0.0032373065244138965,0.0,-0.003237441915026908
2021-05-20,0.0022718680539344227,0.0022718680539344227,0.0,0.0022717335124147176
2021-05-21,-0.0003146852561827229,-0.0003146852561827229,0.0,-0.00031482039222611015
2021-05-24,0.002780713936692214,0.002780713936692214,0.0,0.0027804438293568467
2021-05-25,8.741060266359568e-05,8.741060266359568e-05,0.0,8.713904354064352e-05
2021-05-26,0.00045587347763254016,0.00045587347763254016,0.0,0.0004556018728772292
2021-05-27,0.0017953854488497178,0.0017953854488497178,0.0,0.0017951136062159063
2021-05-28,0.0007241407701470415,0.0007241407701470415,0.0,0.0007240043812462404
2021-06-01,0.0032009413155271726,0.003438214324098743,0.47454601714304123,0.0032003693088369753
2021-06-02,0.0014280676673561477,0.0014280676673561477,0.0,0.0014274981064202408
2021-06-03,-0.00355953841221035,-0.00355953841221035,0.0,-0.0035601082927053853
2021-06-04,0.0032680687790052065,0.0032680687790052065,0.0,0.003267499697874513
2021-06-07,0.0008442603413771899,0.0008442603413771899,0.0,0.0008436905287280447
2021-06-08,0.00010114520302417773,0.00010114520302417773,0.0,0.00010057520155677601
2021-06-09,-0.0011135050915263012,-0.0011135050915263012,0.0,-0.001114360127655557
2021-06-10,0.0017117646674162934,0.0017117646674162934,0.0,0.0017109100052176275
2021-06-11,-0.0010350620598764682,-0.0010350620598764682,0.0,-0.0010359172959273602
2021-06-14,0.00022784526631891566,0.00022784526631891566,0.0,0.00022699037762190588
2021-06-15,-0.0008938154098923068,-0.0008938154098923068,0.0,-0.0008946703750339209
2021-06-16,-0.0039361701874518484,-0.0039361701874518484,0.0,-0.003937309740769697
2021-06-17,-0.004381356325088515,-0.004381356325088515,0.0,-0.0043824941090284016
2021-06-18,-0.003876901744859329,-0.003876901744859329,0.0,-0.003878321502079151
2021-06-21,0.004746434211754469,0.004746434211754469,0.0,0.00474501665105647
2021-06-22,0.0006859116831829937,0.0006859116831829937,0.0,0.0006847754934518475
2021-06-23,-0.0001493500329489139,-0.0001493500329489139,0.0,-0.00015077065662634818
2021-06-24,0.0019191077917350974,0.0019191077917350974,0.0,0.0019176872522294716
2021-06-25,0.0012813194706529085,0.0012813194706529085,0.0,0.001279613527830055
2021-06-28,-7.3707647216259e-05,-7.3707647216259e-05,0.0,-7.512998606537926e-05
2021-06-29,-0.0007228579364059184,-0.0007228579364059184,0.0,-0.0007239957743563074
2021-06-30,-0.00013063309083727326,-0.00013063309083727326,0.0,-0.00013205498185853165
2021-07-01,1.7193835902373777e-05,0.00034904116408807084,0.6636946563709304,1.6548599853743525e-05
2021-07-02,0.001512455843805327,0.001512455843805327,0.0,0.0015118133084808597
2021-07-06,-0.004824888817146045,-0.004824888817146045,0.0,-0.004825533378504371
2021-07-07,-0.0009564773695246442,-0.0009564773695246442,0.0,-0.0009571154362920838
2021-07-08,-0.003235268440018424,-0.003235268440018424,0.0,-0.003236032573688844
2021-07-09,0.005895070452952789,0.005895070452952789,0.0,0.005894311567103024
2021-07-12,0.00162474012163627,0.00162474012163627,0.0,0.0016240997949639538
2021-07-13,-0.0010993234845038113,-0.0010993234845038113,0.0,-0.001099965990960826
2021-07-14,0.0002628435945821739,0.0002628435945821739,0.0,0.00026207435863147835
2021-07-15,-0.001894340888964896,-0.001894340888964896,0.0,-0.0018949822718554931
2021-07-16,-0.0022656764990620637,-0.0022656764990620637,0.0,-0.002266315333510002
2021-07-19,-0.0089685920378072,-0.0089685920378072,0.0,-0.008969227817335996
2021-07-20,0.004858734059746572,0.004858734059746572,0.0,0.004858110482432716
2021-07-21,0.0048501559123104165,0.0048501559123104165,0.0,0.004849525756411135
2021-07-22,0.00042288375351939855,0.00042288375351939855,0.0,0.0004222470623463509
2021-07-23,0.0016954578134946718,0.0016954578134946718,0.0,0.0016948205527537717
2021-07-26,0.0003959088512566211,0.0003959088512566211,0.0,0.00039526931082594307
2021-07-27,-0.0033343819585125445,-0.0033343819585125445,0.0,-0.003335022031066268
2021-07-28,0.0034654013350003954,0.0034654013350003954,0.0,0.003464765759030845
2021-07-29,0.002370971820772061,0.002370971820772061,0.0,0.002370203541050613
2021-07-30,-0.0033724417280944774,-0.0033724417280944774,0.0,-0.003373213822373149
2021-08-02,-0.0007158795595458844,-0.0005203312396651061,0.39109663976161985,-0.0007166031672529079
2021-08-03,0.0010739018458354455,0.0010739018458354455,0.0,0.0010731825448235541
2021-08-04,-0.002033807581835023,-0.002033807581835023,0.0,-0.0020345282396887457
2021-08-05,0.002263466572327344,0.002263466572327344,0.0,0.0022627484893635486
2021-08-06,-7.054104374337733e-05,-7.054104374337733e-05,0.0,-7.140617431193354e-05
2021-08-09,-0.0012550658009626847,-0.0012550658009626847,0.0,-0.0012559308245960448
2021-08-10,0.0009002753083753312,0.0009002753083753312,0.0,0.0008995560428318683
2021-08-11,0.001519917150496708,0.001519917150496708,0.0,0.001519196747253964
2021-08-12,-3.70031681408145e-05,-3.70031681408145e-05,0.0,-3.786995344062257e-05
2021-08-13,-0.00028701834877919996,-0.00028701834877919996,0.0,-0.0002878850780479556
2021-08-16,-0.0010245747046390141,-0.0010245747046390141,0.0,-0.0010254409991731757
2021-08-17,-0.002617976771161712,-0.002617976771161712,0.0,-0.002618985635734509
2021-08-18,-0.002350718830837484,-0.002350718830837484,0.0,-0.0023517230522809955
2021-08-19,-0.0018866405288813226,-0.0018866405288813226,0.0,-0.0018874977081564848
2021-08-20,7.698505954945034e-05,7.698505954945034e-05,0.0,7.627314369188793e-05
2021-08-23,0.004178417275809476,0.004178417275809476,0.0,0.004177705262018204
2021-08-24,0.002795194163521364,0.002795194163521364,0.0,0.0027944768564279747
2021-08-25,0.001299038186359791,0.001299038186359791,0.0,0.0012981731804829037
2021-08-26,-0.0017897844647825067,-0.0017897844647825067,0.0,-0.0017905069419445428
2021-08-27,0.003646043605497473,0.003646043605497473,0.0,0.0036453233904654137
2021-08-30,0.000948289146682546,0.000948289146682546,0.0,0.0009475643401133405
2021-08-31,-0.0001082664831694169,-0.0001082664831694169,0.0,-0.00010884728287958755
2021-09-01,0.0014861389190734542,0.0015662474828179729,0.1602171274891255,0.0014853836789727997
2021-09-02,0.001128869809876143,0.001128869809876143,0.0,0.0011281132775293626
2021-09-03,0.0004635808119091145,0.0004635808119091145,0.0,0.00046282289533042687
2021-09-07,-0.00041756348956267786,-0.00041756348956267786,0.0,-0.00041832197432558146
2021-09-08,-0.0007518747288174366,-0.0007518747288174366,0.0,-0.000752632701583106
2021-09-09,-0.000976843980173392,-0.000976843980173392,0.0,-0.0009774496202994826
2021-09-10,-0.001099749642593184,-0.001099749642593184,0.0,-0.0011005054929161349
2021-09-13,0.001896463843184426,0.001896463843184426,0.0,0.0018955584455376767
2021-09-14,-0.0017082348966038774,-0.0017082348966038774,0.0,-0.0017088403570612463
2021-09-15,0.0023893373334433754,0.0023893373334433754,0.0,0.0023887335530712677
2021-09-16,9.900865432110884e-05,9.900865432110884e-05,0.0,9.840252958651636e-05
2021-09-17,-0.0024386952720364397,-0.0024386952720364397,0.0,-0.0024393014939064145
2021-09-20,-0.005441041331839647,-0.005441041331839647,0.0,-0.005441645155306179
2021-09-21,0.0009023245996730989,0.0009023245996730989,0.0,0.0009018757673883446
2021-09-22,0.002746827970646404,0.002746827970646404,0.0,0.0027463784697614037
2021-09-23,0.0032477921711560054,0.0032477921711560054,0.0,0.003247340640514702
2021-09-24,-0.0007512168054003565,-0.0007512168054003565,0.0,-0.000751670728213951
2021-09-27,0.00037942437083060554,0.00037942437083060554,0.0,0.0003788198787154715
2021-09-28,-0.0049302710876504285,-0.0049302710876504285,0.0,-0.004930875952525994
2021-09-29,0.000886405858817163,0.000886405858817163,0.0,0.0008858058616198867
2021-09-30,-0.0022440936759828833,-0.0022440936759828833,0.0,-0.002244694547557502
2021-10-01,0.0025832400447503012,0.002707842776875191,0.24920546424963336,0.002582971470960446
2021-10-04,-0.00252764141835371,-0.00252764141835371,0.0,-0.0025279121634716037
2021-10-05,0.00213638750948153,0.00213638750948153,0.0,0.0021361201005790542
2021-10-06,-0.000918850356463663,-0.000918850356463663,0.0,-0.0009191205791570367
2021-10-07,0.002913842912627862,0.002913842912627862,0.0,0.002913506648400426
2021-10-08,-0.00022988314843352953,-0.00022988314843352953,0.0,-0.00023022420032368286
2021-10-11,1.075817390683298e-05,1.075817390683298e-05,0.0,1.0417499818805695e-05
2021-10-12,5.705574965708671e-05,5.705574965708671e-05,0.0,5.664691953501974e-05
2021-10-13,0.001021590150845464,0.001021590150845464,0.0,0.0010212493653149963
2021-10-14,0.0037767843964975345,0.0037767843964975345,0.0,0.0037764419338589404
2021-10-15,0.002117726690911814,0.002117726690911814,0.0,0.002117378051389693
2021-10-18,-0.00017622554391016898,-0.00017622554391016898,0.0,-0.000176648058772121
2021-10-19,0.0010016383475521806,0.0010016383475521806,0.0,0.0010012865394901772
2021-10-20,0.0014538287040919418,0.0014538287040919418,0.0,0.0014534752626727437
2021-10-21,-0.0012022916597321798,-0.0012022916597321798,0.0,-0.0012027186301902242
2021-10-22,-0.000416147572859793,-0.000416147572859793,0.0,-0.0004165721912337773
2021-10-25,0.0018509943899032155,0.0018509943899032155,0.0,0.0018505705859918167
2021-10-26,0.0008087122499751409,0.0008087122499751409,0.0,0.0008082848300860591
2021-10-27,-0.0023841414582822518,-0.0023841414582822518,0.0,-0.0023845704567403824
2021-10-28,0.00173755931807551,0.00173755931807551,0.0,0.001737134984473328
2021-10-29,-0.0010007272990165683,-0.0010007272990165683,0.0,-0.001001083738555208
2021-11-01,0.0017761333872217122,0.0019716449039721695,0.39102303350064743,0.0017763417661753342
2021-11-02,0.00018327016833552534,0.00018327016833552534,0.0,0.00018347826351693808
2021-11-03,0.0009645235893191995,0.0009645235893191995,0.0,0.0009647312828053057
2021-11-04,-0.00014081227124118634,-0.00014081227124118634,0.0,-0.00014064780607266034
2021-11-05,0.0014564272665185118,0.0014564272665185118,0.0,0.0014566331563604126
2021-11-08,0.0011130354743946747,0.0011130354743946747,0.0,0.00111327872025109
2021-11-09,-0.0001709377421641456,-0.0001709377421641456,0.0,-0.00017077752331210992
2021-11-10,-0.0014795902464775912,-0.0014795902464775912,0.0,-0.0014793895994522103
2021-11-11,0.0016844737108505647,0.0016844737108505647,0.0,0.0016846775952362276
2021-11-12,0.0007865668643527446,0.0007865668643527446,0.0,0.0007867670692887122
2021-11-15,0.0006487835130453146,0.0006487835130453146,0.0,0.0006489820012085297
2021-11-16,0.0004636997780977925,0.0004636997780977925,0.0,0.00046389685113439554
2021-11-17,-0.0014358669659253476,-0.0014358669659253476,0.0,-0.0014356709038419314
2021-11-18,0.00022783795916492267,0.00022783795916492267,0.0,0.00022803715621119
2021-11-19,-0.001778906404982794,-0.001778906404982794,0.0,-0.0017787077052673073
2021-11-22,-0.00022419254244487874,-0.00022419254244487874,0.0,-0.00022398995276511256
2021-11-23,0.0012867449715570078,0.0012867449715570078,0.0,0.0012869886675993304
2021-11-24,0.0001948601780785708,0.0001948601780785708,0.0,0.00019510050120781145
2021-11-26,-0.012983578783022698,-0.012983578783022698,0.0,-0.012983338970576158
2021-11-29,0.002410869083446121,0.002410869083446121,0.0,0.0024111433704017754
2021-11-30,-0.006000436072957083,-0.006000436072957083,0.0,-0.0060002128221928065
2021-12-01,-0.0008800368783965506,-0.0006114049699244006,0.5372638169443497,-0.0008799997818884608
2021-12-02,0.004571197523045578,0.004571197523045578,0.0,0.004571238852905848
2021-12-03,-0.0014883869320834187,-0.0014883869320834187,0.0,-0.0014883483962098102
2021-12-06,0.0034389367678615557,0.0034389367678615557,0.0,0.003438978910237736
2021-12-07,0.004326949833792559,0.004326949833792559,0.0,0.0043269836718570895
2021-12-08,0.0005059555386552894,0.0005059555386552894,0.0,0.0005059828787927445
2021-12-09,-0.002829342338869223,-0.002829342338869223,0.0,-0.0028293201203633106
2021-12-10,0.0011056100907260724,0.0011056100907260724,0.0,0.0011056391279175182
2021-12-13,-0.0009124104005375777,-0.0009124104005375777,0.0,-0.0009123884208498191
2021-12-14,-0.0012844187042097,-0.0012844187042097,0.0,-0.0012843948924577547
2021-12-15,0.0027275116273308697,0.0027275116273308697,0.0,0.002727543300254271
2021-12-16,-0.001703748968896024,-0.001703748968896024,0.0,-0.0017037280435966062
2021-12-17,-0.0007982287333602178,-0.0007982287333602178,0.0,-0.0007982043861249197
2021-12-20,-0.002068412166162048,-0.002068412166162048,0.0,-0.0020683758337290015
2021-12-21,0.00430053634080485,0.00430053634080485,0.0,0.004300578506042338
2021-12-22,0.002185547768381202,0.002185547768381202,0.0,0.0021855821568389122
2021-12-23,0.0012843866658407421,0.0012843866658407421,0.0,0.0012844140561886549
2021-12-27,0.0029484912794628393,0.0029484912794628393,0.0,0.002948508741731978
2021-12-28,-0.00031546699417550617,-0.00031546699417550617,0.0,-0.00031545658282148593
2021-12-29,0.0008807017829224328,0.0008807017829224328,0.0,0.0008807110879127761
2021-12-30,-0.0004598448696498947,-0.0004598448696498947,0.0,-0.0004598373187338291
2021-12-31,-0.0009465933452988962,-0.0009465933452988962,0.0,-0.0009465831846585619
2022-01-03,0.0016597929352419882,0.0017381796089390722,0.15677334739393925,0.0016602441202666733
2022-01-04,0.00044279744437303314,0.00044279744437303314,0.0,0.00044319506522978594
2022-01-05,-0.002991656292963052,-0.002991656292963052,0.0,-0.0029912107482047297
2022-01-06,0.000434605585011516,0.000434605585011516,0.0,0.00043511402748005215
2022-01-07,-0.001503692613462393,-0.001503692613462393,0.0,-0.0015031861157459305
2022-01-10,-0.00044511697080817925,-0.00044511697080817925,0.0,-0.00044444976335742824
2022-01-11,0.0013117492635530414,0.0013117492635530414,0.0,0.0013123675421646602
2022-01-12,-0.0011679363500681772,-0.0011679363500681772,0.0,-0.0011673251196626573
2022-01-13,-0.0021989476860571067,-0.0021989476860571067,0.0,-0.0021983301728337795
2022-01-14,0.001590784169936521,0.001590784169936521,0.0,0.0015914659856499564
2022-01-18,-0.0002160068740023613,-0.0002160068740023613,0.0,-0.00021512739937346715
2022-01-19,-0.001876368054643307,-0.001876368054643307,0.0,-0.001875486932496743
2022-01-20,-0.0015266174192478665,-0.0015266174192478665,0.0,-0.0015256692847084759
2022-01-21,-0.002219644453901881,-0.002219644453901881,0.0,-0.0022187373100323606
2022-01-24,0.0008142747223993663,0.0008142747223993663,0.0,0.000815361980032355
2022-01-25,-0.0008171684049936845,-0.0008171684049936845,0.0,-0.0008160884892066203
2022-01-26,0.0010652780129014605,0.0010652780129014605,0.0,0.0010663109381634154
2022-01-27,0.00042890933507711004,0.00042890933507711004,0.0,0.00042998702220273255
2022-01-28,0.002941935398186768,0.002941935398186768,0.0,0.0029429555295720105
2022-01-31,0.0009193665513924643,0.0009193665513924643,0.0,0.0009206234223399072
2022-02-01,0.00016203883000809327,0.00027190170004187664,0.21972574006794646,0.0001645365379511815
2022-02-02,0.00011477846921703616,0.00011477846921703616,0.0,0.00011727032474417074
2022-02-03,-0.0010264883752577614,-0.0010264883752577614,0.0,-0.0010238731836092077
2022-02-04,0.0014179225045696242,0.0014179225045696242,0.0,0.001420799083607519
2022-02-07,-0.00038032763379480805,-0.00038032763379480805,0.0,-0.0003768464022987826
2022-02-08,0.0006713616400193523,0.0006713616400193523,0.0,0.0006747238955167021
2022-02-09,0.0016509124361865357,0.0016509124361865357,0.0,0.0016542652475745048
2022-02-10,0.0008875949394615557,0.0008875949394615557,0.0,0.0008926510383834105
2022-02-11,-0.0015819802749763578,-0.0015819802749763578,0.0,-0.001577434520934303
2022-02-14,0.0013896023614909936,0.0013896023614909936,0.0,0.0013951680357064645
2022-02-15,-0.00030570014961572856,-0.00030570014961572856,0.0,-0.0003006588160560577
2022-02-16,-0.0008429915883276795,-0.0008429915883276795,0.0,-0.0008381899745504423
2022-02-17,-0.001363431111383484,-0.001363431111383484,0.0,-0.0013588595031254534
2022-02-18,0.0003111150236698723,0.0003111150236698723,0.0,0.0003154643845651823
2022-02-22,0.001129023151843045,0.001129023151843045,0.0,0.0011338632618486564
2022-02-23,6.516764123687402e-05,6.516764123687402e-05,0.0,6.961428582135469e-05
2022-02-24,0.0021099300538567345,0.0021099300538567345,0.0,0.002114005025783755
2022-02-25,-0.0007361709245699011,-0.0007361709245699011,0.0,-0.0007321321043075537
2022-02-28,-0.00022707140792788127,-0.00022707140792788127,0.0,-0.00022252888075910142
2022-03-01,0.002126805795270803,0.0022720047296977963,0.29039786885406355,0.0021292089647549427
2022-03-02,0.0038509101234229792,0.0038509101234229792,0.0,0.0038533670035499406
2022-03-03,0.001847681410478641,0.001847681410478641,0.0,0.001850369202670493
2022-03-04,0.0036234626424174188,0.0036234626424174188,0.0,0.003625831290146051
2022-03-07,0.004014013455895249,0.004014013455895249,0.0,0.0040166766999619515
2022-03-08,0.002497467664668074,0.002497467664668074,0.0,0.0024999235370403057
2022-03-09,-0.007091872409637157,-0.007091872409637157,0.0,-0.007089324124397588
2022-03-10,0.0011893886809160037,0.0011893886809160037,0.0,0.0011920628721114911
2022-03-11,0.0029492984168664194,0.0029492984168664194,0.0,0.0029520213356998043
2022-03-14,-0.0004622226344008773,-0.0004622226344008773,0.0,-0.00045914255509392314
2022-03-15,-0.0025670891054545564,-0.0025670891054545564,0.0,-0.0025639306826489767
2022-03-16,-0.003767533431497827,-0.003767533431497827,0.0,-0.0037645294778670475
2022-03-17,0.0043137385262128625,0.0043137385262128625,0.0,0.0043166034976770875
2022-03-18,0.0001317907222089243,0.0001317907222089243,0.0,0.0001346448222772313
2022-03-21,0.005141811209040892,0.005141811209040892,0.0,0.005145636499341649
2022-03-22,-3.473954769628307e-06,-3.473954769628307e-06,0.0,-4.854069725313047e-08
2022-03-23,0.0024210992878672677,0.0024210992878672677,0.0,0.002424457617552191
2022-03-24,0.00022119595659009228,0.00022119595659009228,0.0,0.00022449825340227223
2022-03-25,0.0019060200145575301,0.0019060200145575301,0.0,0.0019095150239593107
2022-03-28,-0.0022122972489796444,-0.0022122972489796444,0.0,-0.0022083934566976744
2022-03-29,-0.001338256802753568,-0.001338256802753568,0.0,-0.0013345559136625528
2022-03-30,0.0002773100328361533,0.0002773100328361533,0.0,0.00028097895256453146
2022-03-31,-0.0008639176544210647,-0.0008639176544210647,0.0,-0.000860522119061264
2022-04-01,0.00028103121439326806,0.00036114687290123015,0.1602313170164381,0.0002851722617693737
2022-04-04,0.0009456160903849042,0.0009456160903849042,0.0,0.0009509551635762625
2022-04-05,0.0014350291748919108,0.0014350291748919108,0.0,0.0014401796115371397
2022-04-06,1.5858166658722084e-05,1.5858166658722084e-05,0.0,2.112137187115754e-05
2022-04-07,0.0005523466284678147,0.0005523466284678147,0.0,0.0005576878763607462
2022-04-08,0.0015835573886875398,0.0015835573886875398,0.0,0.001588959076962564
2022-04-11,0.0005926848868174073,0.0005926848868174073,0.0,0.0005987325514327636
2022-04-12,0.0007233728546416351,0.0007233728546416351,0.0,0.0007290895901485734
2022-04-13,5.883149116892028e-05,5.883149116892028e-05,0.0,6.459977828206214e-05
2022-04-14,0.001218466953976316,0.001218466953976316,0.0,0.0012244637987959338
2022-04-18,0.0018057904983721507,0.0018057904983721507,0.0,0.0018120476010945762
2022-04-19,0.0009068841104262759,0.0009068841104262759,0.0,0.000913071280566101
2022-04-20,-0.0009469354461980606,-0.0009469354461980606,0.0,-0.00094078336500397
2022-04-21,0.0009567148445213114,0.0009567148445213114,0.0,0.0009629035990452333
2022-04-22,-0.0014169194156133935,-0.0014169194156133935,0.0,-0.001410767677745731
2022-04-25,-0.001421059868749297,-0.001421059868749297,0.0,-0.0014140206326490727
2022-04-26,-0.00047180767809806845,-0.00047180767809806845,0.0,-0.0004653931743384776
2022-04-27,0.0011460092470891858,0.0011460092470891858,0.0,0.0011522893400369234
2022-04-28,0.002701350565554872,0.002701350565554872,0.0,0.0027075101770200356
2022-04-29,-0.0021745075646689704,-0.0021745075646689704,0.0,-0.0021683016015681014
2022-05-02,-1.782024387486647e-05,8.263679624098685e-05,0.20091408023191948,-6.840700520797015e-06
2022-05-03,-0.0012999780619062928,-0.0012999780619062928,0.0,-0.001289011144101759
2022-05-04,-0.002398383051989361,-0.002398383051989361,0.0,-0.0023876004302383416
2022-05-05,0.004708921634929419,0.004708921634929419,0.0,0.004719319020525068
2022-05-06,0.0014683569912481431,0.0014683569912481431,0.0,0.0014785494174530261
2022-05-09,-0.0013429182752981994,-0.0013429182752981994,0.0,-0.0013318250373530085
2022-05-10,-0.0005068518553310586,-0.0005068518553310586,0.0,-0.0004960584302551345
2022-05-11,0.0011005723447163884,0.0011005723447163884,0.0,0.0011115106902040487
2022-05-12,0.000559280063137102,0.000559280063137102,0.0,0.0005707719569941647
2022-05-13,2.037122286013826e-05,2.037122286013826e-05,0.0,3.255968818426412e-05
2022-05-16,0.000405571774785507,0.000405571774785507,0.0,0.00041848317936692077
2022-05-17,-0.0009443524684694671,-0.0009443524684694671,0.0,-0.0009315839695284966
2022-05-18,-0.0003871581053567219,-0.0003871581053567219,0.0,-0.00037482156272959454
2022-05-19,-0.0023572233584158164,-0.0023572233584158164,0.0,-0.0023446240669246234
2022-05-20,-0.00034701738716536035,-0.00034701738716536035,0.0,-0.0003346579267505319
2022-05-23,-0.0005651510953614824,-0.0005651510953614824,0.0,-0.0005520381246782283
2022-05-24,-0.001964727107385267,-0.001964727107385267,0.0,-0.0019518284012775822
2022-05-25,-0.0006720341732066037,-0.0006720341732066037,0.0,-0.0006590280499865924
2022-05-26,-0.0010133065286885845,-0.0010133065286885845,0.0,-0.0010001394207777932
2022-05-27,-0.0007855408851777934,-0.0007855408851777934,0.0,-0.0007723177549717071
2022-05-31,0.0016797630889737736,0.0016797630889737736,0.0,0.001693905779071609
2022-06-01,0.0023501940857111325,0.0024030533771370877,0.10571858285192479,0.0023659534858788234
2022-06-02,-0.0017979676562500657,-0.0017979676562500657,0.0,-0.0017822060416540476
2022-06-03,0.0021235571453201985,0.0021235571453201985,0.0,0.002139989715475656
2022-06-06,0.0015413365417420444,0.0015413365417420444,0.0,0.0015584717703527114
2022-06-07,-0.0005947008191398151,-0.0005947008191398151,0.0,-0.0005775285914535887
2022-06-08,0.0019884995679324557,0.0019884995679324557,0.0,0.002005850098749287
2022-06-09,0.002309075958326412,0.002309075958326412,0.0,0.0023264313572082035
2022-06-10,0.0028373218902151276,0.0028373218902151276,0.0,0.0028556141966618294
2022-06-13,0.005990539261818251,0.005990539261818251,0.0,0.0060133543949104145
2022-06-14,0.0009513669026852689,0.0009513669026852689,0.0,0.0009748333250752011
2022-06-15,-0.004407379204461437,-0.004407379204461437,0.0,-0.0043851842041497955
2022-06-16,-0.0005701048542796627,-0.0005701048542796627,0.0,-0.0005495197582454274
2022-06-17,0.0008490467728883289,0.0008490467728883289,0.0,0.000870214359154754
2022-06-21,0.00018193139157585136,0.00018193139157585136,0.0,0.00020409600629594772
2022-06-22,-0.0021338205798528964,-0.0021338205798528964,0.0,-0.0021128728067835805
2022-06-23,-0.0018821234615532534,-0.0018821234615532534,0.0,-0.0018607285510537231
2022-06-24,-0.0006553431655883513,-0.0006553431655883513,0.0,-0.0006328400059166646
2022-06-27,0.0007810246731374537,0.0007810246731374537,0.0,0.0008048089804600206
2022-06-28,0.001742698949775967,0.001742698949775967,0.0,0.001766410499968272
2022-06-29,-7.501185754044126e-05,-7.501185754044126e-05,0.0,-5.173150480544945e-05
2022-06-30,-0.0017374612427147884,-0.0017374612427147884,0.0,-0.0017151162521737001
2022-07-01,-0.00215004782705408,-0.0020787308219709644,0.14263401016602872,-0.002125243491686518
2022-07-05,8.15125962871921e-05,8.15125962871921e-05,0.0,0.00010953690945922695
2022-07-06,0.0019328221146315272,0.0019328221146315272,0.0,0.0019606875040132916
2022-07-07,-0.00019371355807562551,-0.00019371355807562551,0.0,-0.0001654452730134177
2022-07-08,0.0011812373902939655,0.0011812373902939655,0.0,0.0012098250307191554
2022-07-11,0.002620024230412188,0.002620024230412188,0.0,0.002651767349216132
2022-07-12,-0.0017725601488409737,-0.0017725601488409737,0.0,-0.0017406780492356386
2022-07-13,-0.0003154404133965949,-0.0003154404133965949,0.0,-0.0002808238230077782
2022-07-14,0.0025124743075426448,0.0025124743075426448,0.0,0.002547130995772286
2022-07-15,-0.002473787930482807,-0.002473787930482807,0.0,-0.0024400393155036464
2022-07-18,0.0009747300748139676,0.0009747300748139676,0.0,0.0010110185933584165
2022-07-19,-0.0022677639803557748,-0.0022677639803557748,0.0,-0.0022313087012165622
2022-07-20,0.00016855842684826428,0.00016855842684826428,0.0,0.00020501958405052067
2022-07-21,-0.0040879652289709245,-0.0040879652289709245,0.0,-0.004052123890200418
2022-07-22,-0.001746125534019205,-0.001746125534019205,0.0,-0.001709594566783082
2022-07-25,0.0010468697125112225,0.0010468697125112225,0.0,0.0010857674221824802
2022-07-26,0.0018823001430590125,0.0018823001430590125,0.0,0.0019199875933412476
2022-07-27,-0.003248900057515103,-0.003248900057515103,0.0,-0.003213128586503306
2022-07-28,-0.0034263128231796225,-0.0034263128231796225,0.0,-0.003390423647955237
2022-07-29,-0.001292999037948439,-0.001292999037948439,0.0,-0.0012568204658939756
2022-08-01,-0.002167048176914821,-0.0021150724479411798,0.10395145794720041,-0.002133688738987539
2022-08-02,0.003758249980879924,0.003758249980879924,0.0,0.003791746588275978
2022-08-03,-0.001400182694879848,-0.001400182694879848,0.0,-0.0013677122813219214
2022-08-04,-0.0020476588581478383,-0.0020476588581478383,0.0,-0.002015408608383591
2022-08-05,0.003618003079283616,0.003618003079283616,0.0,0.0036514600824567012
2022-08-08,-0.0011020987471395127,-0.0011020987471395127,0.0,-0.00106792021544707
2022-08-09,0.0010517477411171594,0.0010517477411171594,0.0,0.00108621007802297
2022-08-10,-0.0028876911149737783,-0.0028876911149737783,0.0,-0.0028536385868509653
2022-08-11,0.0017190989030433368,0.0017190989030433368,0.0,0.0017530060428721458
2022-08-12,-0.0017294876076836552,-0.0017294876076836552,0.0,-0.0016956766321959487
2022-08-15,0.0005273689723301889,0.0005273689723301889,0.0,0.0005627580530991593
2022-08-16,0.00032752669740254703,0.00032752669740254703,0.0,0.00036257355670256137
2022-08-17,0.0019206127249631333,0.0019206127249631333,0.0,0.001955345987417472
2022-08-18,0.0010175049529563829,0.0010175049529563829,0.0,0.0010522407912349372
2022-08-19,0.0031924958128564107,0.0031924958128564107,0.0,0.0032274887124382947
2022-08-22,0.002700141659380151,0.002700141659380151,0.0,0.002735998454338317
2022-08-23,-0.00031160747582448245,-0.00031160747582448245,0.0,-0.00027652836445867836
2022-08-24,0.0007247881708722925,0.0007247881708722925,0.0,0.0007601709516844048
2022-08-25,-0.002690922052247524,-0.002690922052247524,0.0,-0.002654997229833407
2022-08-26,0.0025095304318167866,0.0025095304318167866,0.0,0.0025458498426210777
2022-08-29,0.0018065368206845456,0.0018065368206845456,0.0,0.0018439117376626213
2022-08-30,0.00023405182707336714,0.00023405182707336714,0.0,0.0002710241658369418
2022-08-31,0.0005986320984183724,0.0005986320984183724,0.0,0.000635440789961649
2022-09-01,0.0018485570167079413,0.0018988082546382845,0.10050247586089701,0.0018941396006410284
2022-09-02,5.5584085706827935e-05,5.5584085706827935e-05,0.0,0.00010061057887764097
2022-09-06,0.0038239927701400056,0.0038239927701400056,0.0,0.0038707480001884498
2022-09-07,-0.004259053014673997,-0.004259053014673997,0.0,-0.004212611664615512
2022-09-08,0.000731753641761923,0.000731753641761923,0.0,0.0007787412308162364
2022-09-09,-0.001960039019284654,-0.001960039019284654,0.0,-0.0019130141662391793
2022-09-12,-0.0013539572293870261,-0.0013539572293870261,0.0,-0.0013048599889936455
2022-09-13,0.006718945282198074,0.006718945282198074,0.0,0.006769871776134317
2022-09-14,-0.0010643438875032052,-0.0010643438875032052,0.0,-0.001015381790040952
2022-09-15,0.0013681801043567976,0.0013681801043567976,0.0,0.0014170140933932754
2022-09-16,0.0001469935828610769,0.0001469935828610769,0.0,0.00019528016090093322
2022-09-19,-9.310079932622894e-05,-9.310079932622894e-05,0.0,-4.188144108784715e-05
2022-09-20,0.0028382325261746555,0.0028382325261746555,0.0,0.0028890016092277416
2022-09-21,0.0014881307641445574,0.0014881307641445574,0.0,0.001537619183874841
2022-09-22,0.0023042817396039528,0.0023042817396039528,0.0,0.002353200644085946
2022-09-23,0.0036503055213870095,0.0036503055213870095,0.0,0.003697756338209123
2022-09-26,0.004408202341210421,0.004408202341210421,0.0,0.004457731890968704
2022-09-27,0.002036446530983005,0.002036446530983005,0.0,0.002084593214792381
2022-09-28,-0.006016201507555108,-0.006016201507555108,0.0,-0.00596797583451609
2022-09-29,0.00229454055592071,0.00229454055592071,0.0,0.0023433987080552854
2022-09-30,0.0007988666027312075,0.0007988666027312075,0.0,0.000846722270273262
2022-10-03,-0.004849336832432938,-0.004789126152079715,0.12042136070643546,-0.004786892730476446
2022-10-04,-0.005994277165194406,-0.005994277165194406,0.0,-0.005931570258693198
2022-10-05,0.0036353577498828837,0.0036353577498828837,0.0,0.003699429698538363
2022-10-06,0.00324439385735098,0.00324439385735098,0.0,0.0033075648048013335
2022-10-07,0.00476476576362761,0.00476476576362761,0.0,0.004827117993390378
2022-10-10,0.003056217293008423,0.003056217293008423,0.0,0.0031176509575481658
2022-10-11,0.0004059144740891085,0.0004059144740891085,0.0,0.0004708049106661351
2022-10-12,8.572882007551463e-05,8.572882007551463e-05,0.0,0.0001510868602028368
2022-10-13,-0.0007424920943750468,-0.0007424920943750468,0.0,-0.0006756834447233576
2022-10-14,0.0034702716489711793,0.0034702716489711793,0.0,0.003537421240407743
2022-10-17,-0.0043848862982623915,-0.0043848862982623915,0.0,-0.004315376458748666
2022-10-18,-0.0012560052582598624,-0.0012560052582598624,0.0,-0.0011842300789095608
2022-10-19,0.004765085478027009,0.004765085478027009,0.0,0.004837515534147955
2022-10-20,0.0015701337247624458,0.0015701337247624458,0.0,0.0016414844439954595
2022-10-21,-0.0040395114686108125,-0.0040395114686108125,0.0,-0.003968697416453139
2022-10-24,0.001972146928020946,0.001972146928020946,0.0,0.002045715096864111
2022-10-25,-0.005467353192463276,-0.005467353192463276,0.0,-0.005394790580419827
2022-10-26,-0.00257287837452036,-0.00257287837452036,0.0,-0.0024996086869652065
2022-10-27,0.0004325380362104614,0.0004325380362104614,0.0,0.0005065874961691567
2022-10-28,-0.0004001572748759674,-0.0004001572748759674,0.0,-0.0003254587421140586
2022-10-31,0.003115778624827703,0.003115778624827703,0.0,0.003191882581499466
2022-11-01,-0.001416154507991485,-0.0013805314463861684,0.07124612321061183,-0.0013411374137581044
2022-11-02,0.002527032282802155,0.002527032282802155,0.0,0.002601263542912256
2022-11-03,0.002360254820147567,0.002360254820147567,0.0,0.0024342594167597507
2022-11-04,-0.004868061548649605,-0.004868061548649605,0.0,-0.004795334233200851
2022-11-07,-0.0005902956291427008,-0.0005902956291427008,0.0,-0.0005145947706273958
2022-11-08,-0.002945445715405337,-0.002945445715405337,0.0,-0.0028699717446688134
2022-11-09,0.0021033717684273423,0.0021033717684273423,0.0,0.0021797351343385086
2022-11-10,-0.01432282620847869,-0.01432282620847869,0.0,-0.014247334607933211
2022-11-11,-0.003420505213089897,-0.003420505213089897,0.0,-0.0033415582515056792
2022-11-14,0.002065944413426335,0.002065944413426335,0.0,0.0021470847412453386
2022-11-15,-0.0034675712064857755,-0.0034675712064857755,0.0,-0.003387326163348879
2022-11-16,-0.0005684488643810104,-0.0005684488643810104,0.0,-0.0004873529429495005
2022-11-17,0.001508899589475865,0.001508899589475865,0.0,0.0015899388561710795
2022-11-18,0.001182264171256442,0.001182264171256442,0.0,0.0012633250777360943
2022-11-21,0.0020479217353948087,0.0020479217353948087,0.0,0.002130249477133159
2022-11-22,-0.0029749634496816224,-0.0029749634496816224,0.0,-0.002893533858791069
2022-11-23,-0.004291596880961812,-0.004291596880961812,0.0,-0.0042094258264046645
2022-11-25,-5.942695962168898e-05,-5.942695962168898e-05,0.0,2.4016051530108382e-05
2022-11-28,0.0022100746682285344,0.0022100746682285344,0.0,0.0022951147313985845
2022-11-29,2.973761378433082e-05,2.973761378433082e-05,0.0,0.00011362449304688444
2022-11-30,-0.005929163393481152,-0.005929163393481152,0.0,-0.005845284047463641
2022-12-01,-0.004716099858734113,-0.004607119428671647,0.21796086012492485,-0.00466339863233523
2022-12-02,-0.0012050421806022449,-0.0012050421806022449,0.0,-0.0011517488779947838
2022-12-05,0.002533806528398408,0.002533806528398408,0.0,0.0025880007622811527
2022-12-06,-0.0007683935805264941,-0.0007683935805264941,0.0,-0.0007147645716161718
2022-12-07,-0.0019915485541833755,-0.0019915485541833755,0.0,-0.0019386299814652286
2022-12-08,-0.0002842537496186015,-0.0002842537496186015,0.0,-0.00023127810927776193
2022-12-09,0.0016086970185793525,0.0016086970185793525,0.0,0.0016619891500440037
2022-12-12,0.00042169670445435514,0.00042169670445435514,0.0,0.0004758996668378723
2022-12-13,-0.002493233977988951,-0.002493233977988951,0.0,-0.002439504001878128
2022-12-14,-5.48754134244156e-07,-5.48754134244156e-07,0.0,5.335574552525945e-05
2022-12-15,0.0014916938411573266,0.0014916938411573266,0.0,0.0015454710284164839
2022-12-16,0.000307503660573083,0.000307503660573083,0.0,0.00036069801431612224
2022-12-19,0.0017822267654281632,0.0017822267654281632,0.0,0.0018363654702946665
2022-12-20,-0.00024442150666459384,-0.00024442150666459384,0.0,-0.0001910579586034684
2022-12-21,-0.000381844368222084,-0.000381844368222084,0.0,-0.00032880360882419854
2022-12-22,0.0007064962449543355,0.0007064962449543355,0.0,0.0007598730108064894
2022-12-23,0.0012181101640569292,0.0012181101640569292,0.0,0.0012712049396097031
2022-12-27,0.0013734477062048445,0.0013734477062048445,0.0,0.0014277722742002254
2022-12-28,0.0013706159964603781,0.0013706159964603781,0.0,0.0014246292967773344
2022-12-29,-0.0025395635136918893,-0.0025395635136918893,0.0,-0.0024859838695315034
2022-12-30,0.0008386882204438617,0.0008386882204438617,0.0,0.0008923436425700323
2023-01-03,-0.0014993619931735758,-0.0014536212632487722,0.09148145984980896,-0.0014359758450080233
2023-01-04,-0.002671937562517268,-0.002671937562517268,0.0,-0.0026084898240440195
2023-01-05,0.001724214922465439,0.001724214922465439,0.0,0.0017897546953483867
2023-01-06,-0.004794867540456771,-0.004794867540456771,0.0,-0.004729748626311467
2023-01-09,-0.001007287180320282,-0.001007287180320282,0.0,-0.000940404280210679
2023-01-10,0.0007053872410263118,0.0007053872410263118,0.0,0.0007728147214729994
2023-01-11,-0.0017927971968958456,-0.0017927971968958456,0.0,-0.0017255450766530383
2023-01-12,-0.003327029367642176,-0.003327029367642176,0.0,-0.003260367714221105
2023-01-13,0.0009711999536912153,0.0009711999536912153,0.0,0.0010388301845208267
2023-01-17,0.0007630730663554797,0.0007630730663554797,0.0,0.0008312111613559773
2023-01-18,-0.001626083173836057,-0.001626083173836057,0.0,-0.0015584330264095103
2023-01-19,0.00044821234995984227,0.00044821234995984227,0.0,0.0005164160096960122
2023-01-20,9.481378328080048e-05,9.481378328080048e-05,0.0,0.0001632053024460396
2023-01-23,2.626703371988448e-05,2.626703371988448e-05,0.0,9.478447767297914e-05
2023-01-24,-0.0012226996117246092,-0.0012226996117246092,0.0,-0.0011543383283313799
2023-01-25,-0.0005837634269372227,-0.0005837634269372227,0.0,-0.0005152467048219121
2023-01-26,9.289680668067568e-05,9.289680668067568e-05,0.0,0.0001614086692759933
2023-01-27,-0.0003309424146357154,-0.0003309424146357154,0.0,-0.0002621526381087583
2023-01-30,0.0018396015273958177,0.0018396015273958177,0.0,0.0019087755246796447
2023-01-31,-0.0014519959737121502,-0.0014519959737121502,0.0,-0.0013834331508560053
2023-02-01,-0.0022371106862030254,-0.0021397491193603235,0.19472313368547126,-0.0021980027239973787
2023-02-02,-0.0005643195889128982,-0.0005643195889128982,0.0,-0.0005249548943610716
2023-02-03,0.0016750936316023424,0.0016750936316023424,0.0,0.0017149307370445826
2023-02-06,0.0016651483366147968,0.0016651483366147968,0.0,0.0017047882769235549
2023-02-07,-4.6207505587148034e-05,-4.6207505587148034e-05,0.0,-6.936252615550049e-06
2023-02-08,6.667206113797342e-05,6.667206113797342e-05,0.0,0.00010595354557607213
2023-02-09,0.0003831477707212372,0.0003831477707212372,0.0,0.0004228422354026063
2023-02-10,0.001204405075303061,0.001204405075303061,0.0,0.001244184543471374
2023-02-13,-0.0005461243739617316,-0.0005461243739617316,0.0,-0.0005064456429555004
2023-02-14,0.0006897728233892231,0.0006897728233892231,0.0,0.0007294896675008194
2023-02-15,0.00035844754083935726,0.00035844754083935726,0.0,0.00039792455477574
2023-02-16,0.0007095903166423057,0.0007095903166423057,0.0,0.0007493250929233807
2023-02-17,-0.0004175052900019516,-0.0004175052900019516,0.0,-0.00037793093952248716
2023-02-21,0.0018124096545200086,0.0018124096545200086,0.0,0.0018522472382963666
2023-02-22,-0.0005140726996422096,-0.0005140726996422096,0.0,-0.00047472957138683565
2023-02-23,-0.0006285415415262507,-0.0006285415415262507,0.0,-0.0005890820455857437
2023-02-24,0.0014167283308730294,0.0014167283308730294,0.0,0.0014564142760301112
2023-02-27,-0.0006790653390852386,-0.0006790653390852386,0.0,-0.0006395337185630639
2023-02-28,8.359719839989843e-05,8.359719839989843e-05,0.0,0.00012311604473015734
2023-03-01,0.000987053139074101,0.0010630016227952677,0.1518969674421232,0.0010488707072404835
2023-03-02,0.0003312762081832954,0.0003312762081832954,0.0,0.000393014094124219
2023-03-03,-0.0026668767566430107,-0.0026668767566430107,0.0,-0.0026052216070635084
2023-03-06,0.0006232135476729184,0.0006232135476729184,0.0,0.0006857994979663788
2023-03-07,0.0023978518448914965,0.0023978518448914965,0.0,0.0024617238647630683
2023-03-08,2.9654055945904645e-05,2.9654055945904645e-05,0.0,9.317078276538223e-05
2023-03-09,-0.00035474388993794737,-0.00035474388993794737,0.0,-0.00029149455159565495
2023-03-10,-0.002909744423945315,-0.002909744423945315,0.0,-0.0028469243097247313
2023-03-13,-0.0034316283665974945,-0.0034316283665974945,0.0,-0.0033697763990586547
2023-03-14,0.0010675419770027617,0.0010675419770027617,0.0,0.001130382577743415
2023-03-15,-0.0013999547389962341,-0.0013999547389962341,0.0,-0.0013389747165488877
2023-03-16,0.0006593113271773365,0.0006593113271773365,0.0,0.000720364994517639
2023-03-17,-0.001987727444048293,-0.001987727444048293,0.0,-0.0019296316807990586
2023-03-20,-0.00024702668793075144,-0.00024702668793075144,0.0,-0.00018457583863514294
2023-03-21,0.0006732336020467411,0.0006732336020467411,0.0,0.0007353421733379955
2023-03-22,-0.0025034318502553665,-0.0025034318502553665,0.0,-0.002441354330815703
2023-03-23,-0.001157536151065508,-0.001157536151065508,0.0,-0.0010956541792425476
2023-03-24,0.00015919068511260903,0.00015919068511260903,0.0,0.00022135453209806054
2023-03-27,0.0023732289499480697,0.0023732289499480697,0.0,0.002437800978108265
2023-03-28,-0.0006471080537963081,-0.0006471080537963081,0.0,-0.0005846166597418805
2023-03-29,-0.00023849815750842662,-0.00023849815750842662,0.0,-0.00017584707137723466
2023-03-30,-0.0012316195450451373,-0.0012316195450451373,0.0,-0.0011667471764727037
2023-03-31,-0.0012924398009791505,-0.0012924398009791505,0.0,-0.001228882233534648
2023-04-03,-0.00022547291277197345,-6.944387633123217e-05,0.3120580728815842,-0.0002006431435704482
2023-04-04,-0.00017961005069255798,-0.00017961005069255798,0.0,-0.00015485131100053109
2023-04-05,6.265872765109926e-05,6.265872765109926e-05,0.0,8.735107632862938e-05
2023-04-06,-0.0003248405774970431,-0.0003248405774970431,0.0,-0.0002999000804711152
2023-04-10,0.0008470187929521256,0.0008470187929521256,0.0,0.0008729202475609954
2023-04-11,-0.0007548730662583214,-0.0007548730662583214,0.0,-0.0007294196935862595
2023-04-12,-0.0001970756632834192,-0.0001970756632834192,0.0,-0.00017156125202762626
2023-04-13,-0.0004872388039439679,-0.0004872388039439679,0.0,-0.00046126143398411836
2023-04-14,0.0008929265004937736,0.0008929265004937736,0.0,0.0009191703837661354
2023-04-17,0.00025525137965565214,0.00025525137965565214,0.0,0.0002817139283314091
2023-04-18,-0.0003191458894226118,-0.0003191458894226118,0.0,-0.00029284569923667054
2023-04-19,0.0008977780536603142,0.0008977780536603142,0.0,0.0009239935108928656
2023-04-20,-5.5522506138161454e-05,-5.5522506138161454e-05,0.0,-2.971658372697534e-05
2023-04-21,0.00015931119559997597,0.00015931119559997597,0.0,0.000185181450082443
2023-04-24,-0.0006310166101661796,-0.0006310166101661796,0.0,-0.0006048706934470434
2023-04-25,0.0005130942186537535,0.0005130942186537535,0.0,0.0005390178063532291
2023-04-26,0.0005196226103580948,0.0005196226103580948,0.0,0.0005455875515965189
2023-04-27,-0.00044668155305416235,-0.00044668155305416235,0.0,-0.00042067805249776824
2023-04-28,-0.000587217491190728,-0.000587217491190728,0.0,-0.0005615283493107255
2023-05-01,0.000655222617520268,0.000756000260909051,0.2015552867777927,0.0006506245740075964
2023-05-02,0.00024279370829072278,0.00024279370829072278,0.0,0.00023818980263643776
2023-05-03,0.00011691989729634145,0.00011691989729634145,0.0,0.00011225901999212856
2023-05-04,-8.333813613892183e-05,-8.333813613892183e-05,0.0,-8.803128401080542e-05
2023-05-05,-0.00028410958504521133,-0.00028410958504521133,0.0,-0.0002887862566108251
2023-05-08,0.00018242741638396787,0.00018242741638396787,0.0,0.00017776163158083442
2023-05-09,4.496212576432512e-05,4.496212576432512e-05,0.0,4.027817798455328e-05
2023-05-10,-0.00027704330730116133,-0.00027704330730116133,0.0,-0.0002816904574163183
2023-05-11,8.625560373243246e-05,8.625560373243246e-05,0.0,8.169919168846383e-05
2023-05-12,0.0001779255720835149,0.0001779255720835149,0.0,0.0001733160076055611
2023-05-15,0.0001297373295487958,0.0001297373295487958,0.0,0.0001251110097778912
2023-05-16,0.0001786233677978366,0.0001786233677978366,0.0,0.0001739624078878638
2023-05-17,7.195376958835098e-05,7.195376958835098e-05,0.0,6.722992385588177e-05
2023-05-18,0.0002832211536882845,0.0002832211536882845,0.0,0.00027844592549628426
2023-05-19,0.00024069280342331467,0.00024069280342331467,0.0,0.00023587997563488547
2023-05-22,9.601290048100175e-05,9.601290048100175e-05,0.0,9.10384205417741e-05
2023-05-23,-0.0005708570584943562,-0.0005708570584943562,0.0,-0.0005757938407299406
2023-05-24,-0.00012746240252448082,-0.00012746240252448082,0.0,-0.00013231252245663393
2023-05-25,0.0004654778207890953,0.0004654778207890953,0.0,0.00046065343827547504
2023-05-26,5.714693661551529e-05,5.714693661551529e-05,0.0,5.2275808635091664e-05
2023-05-30,-5.5725561993735795e-06,-5.5725561993735795e-06,0.0,-1.0568654358011083e-05
2023-05-31,-0.00024362363869812054,-0.00024362363869812054,0.0,-0.0002485996768112328
2023-06-01,-0.000759389772546637,-0.0006804013735572934,0.15797679797850103,-0.0007438309585944392
2023-06-02,-0.00012462643049160338,-0.00012462643049160338,0.0,-0.00010892848622718713
2023-06-05,6.923544304027196e-05,6.923544304027196e-05,0.0,8.487100690482909e-05
2023-06-06,-0.00021982790529073704,-0.00021982790529073704,0.0,-0.0002042677872518988
2023-06-07,-0.00027960924659542474,-0.00027960924659542474,0.0,-0.00026406077586405366
2023-06-08,-0.0005124157707094845,-0.0005124157707094845,0.0,-0.000496926690371172
2023-06-09,0.0006513607697324897,0.0006513607697324897,0.0,0.0006669314831711764
2023-06-12,0.0006908411957151639,0.0006908411957151639,0.0,0.0007063603568526432
2023-06-13,-0.0002501183673855323,-0.0002501183673855323,0.0,-0.0002348404268827053
2023-06-14,-0.00037153150078583774,-0.00037153150078583774,0.0,-0.00035622901177835857
2023-06-15,-0.0013636484393282355,-0.0013636484393282355,0.0,-0.0013483555345665565
2023-06-16,-0.00019982982002142435,-0.00019982982002142435,0.0,-0.00018417981177040738
2023-06-20,9.550665204849373e-05,9.550665204849373e-05,0.0,0.00011135431896590065
2023-06-21,-0.0008177995435937335,-0.0008177995435937335,0.0,-0.0008019420773575583
2023-06-22,0.001539804349049323,0.001539804349049323,0.0,0.0015558420605873056
2023-06-23,0.0006022179404336914,0.0006022179404336914,0.0,0.0006179167965667249
2023-06-26,-0.0005385915682584175,-0.0005385915682584175,0.0,-0.0005227531244737994
2023-06-27,0.0008190524885178796,0.0008190524885178796,0.0,0.000834859239712472
2023-06-28,0.00025914953803884977,0.00025914953803884977,0.0,0.0002747446990207196
2023-06-29,0.0005862091899739852,0.0005862091899739852,0.0,0.0006018070464538178
2023-06-30,-0.0005940381876252676,-0.0005940381876252676,0.0,-0.0005786595997815178
2023-07-03,-0.0001227665157134128,2.1368899880691572e-05,0.2882708311879948,-0.00015881793351739805
2023-07-05,-0.0010203658683751726,-0.0010203658683751726,0.0,-0.0010564612910041599
2023-07-06,-0.0017579475660979282,-0.0017579475660979282,0.0,-0.0017940065777863215
2023-07-07,0.0004987113062255855,0.0004987113062255855,0.0,0.000463022648514845
2023-07-10,0.0003427005424567753,0.0003427005424567753,0.0,0.0003067208228219919
2023-07-11,0.0005570565439079189,0.0005570565439079189,0.0,0.0005210177788311317
2023-07-12,0.0015200171717149047,0.0015200171717149047,0.0,0.001483951310236615
2023-07-13,0.0016119588403822327,0.0016119588403822327,0.0,0.0015756321290662455
2023-07-14,-0.0004112953604417102,-0.0004112953604417102,0.0,-0.0004479681073424968
2023-07-17,0.0006039226430332167,0.0006039226430332167,0.0,0.0005672508100723049
2023-07-18,0.0010610728307329786,0.0010610728307329786,0.0,0.0010243670663106466
2023-07-19,0.00017421034448217299,0.00017421034448217299,0.0,0.00013725240148689297
2023-07-20,-0.001517064216519537,-0.001517064216519537,0.0,-0.0015540520787994437
2023-07-21,0.000250218645733602,0.000250218645733602,0.0,0.00021342190036252633
2023-07-24,-0.0003338649881166056,-0.0003338649881166056,0.0,-0.00037077474778771487
2023-07-25,0.00023944993405966564,0.00023944993405966564,0.0,0.0002025978234232535
2023-07-26,0.000600509532497906,0.000600509532497906,0.0,0.0005636160855325624
2023-07-27,-0.0015432599403654157,-0.0015432599403654157,0.0,-0.0015802569912939067
2023-07-28,0.0014661768683814635,0.0014661768683814635,0.0,0.0014294464826218264
2023-07-31,0.00037108085224413223,0.00037108085224413223,0.0,0.00033409749166938587
2023-08-01,-0.0007496812925873453,-0.000647943355641889,0.20347587389092386,-0.0007732903645131074
2023-08-02,-0.002252611839543728,-0.002252611839543728,0.0,-0.002276269696579609
2023-08-03,9.678327979600887e-05,9.678327979600887e-05,0.0,7.354415595503522e-05
2023-08-04,-0.0006741001985133277,-0.0006741001985133277,0.0,-0.0006974014425941428
2023-08-07,0.0005685225025970908,0.0005685225025970908,0.0,0.0005453029826308366
2023-08-08,-0.0014914571872901572,-0.0014914571872901572,0.0,-0.0015148268844989991
2023-08-09,-0.0008153180483883027,-0.0008153180483883027,0.0,-0.0008383213707393369
2023-08-10,0.0010950302641918874,0.0010950302641918874,0.0,0.0010721791394498969
2023-08-11,-0.00047848747533663083,-0.00047848747533663083,0.0,-0.0005015427887252078
2023-08-14,-0.00030822944216279957,-0.00030822944216279957,0.0,-0.0003312389863017022
2023-08-15,-0.0011577678015924908,-0.0011577678015924908,0.0,-0.0011807197164671118
2023-08-16,-0.0006664719697215826,-0.0006664719697215826,0.0,-0.0006892071673239495
2023-08-17,-0.0006490455690006947,-0.0006490455690006947,0.0,-0.0006716559295555559
2023-08-18,-2.872822061450453e-05,-2.872822061450453e-05,0.0,-5.117441757149782e-05
2023-08-21,0.001362314231290629,0.001362314231290629,0.0,0.0013397884057798279
2023-08-22,-0.0002839564310239684,-0.0002839564310239684,0.0,-0.00030673773970302785
2023-08-23,0.0013318302427112183,0.0013318302427112183,0.0,0.0013091022012540364
2023-08-24,-0.0011585913147764693,-0.0011585913147764693,0.0,-0.0011816122150578167
2023-08-25,0.0005899491939058699,0.0005899491939058699,0.0,0.000567017174218875
2023-08-28,0.0012254714100603525,0.0012254714100603525,0.0,0.0012024279717877209
2023-08-29,0.0015482346725743668,0.0015482346725743668,0.0,0.0015250036588218526
2023-08-30,0.00028060192032053344,0.00028060192032053344,0.0,0.0002571239917607236
2023-08-31,-0.0011089306611862249,-0.0011089306611862249,0.0,-0.0011324612252077628
2023-09-01,0.00046253492903169935,0.0005438740373671092,0.16267821667078466,0.0004140589604018325
2023-09-05,-0.0009667181039129114,-0.0009667181039129114,0.0,-0.0010151500361885199
2023-09-06,-0.0008297079228286597,-0.0008297079228286597,0.0,-0.0008778916964491053
2023-09-07,-0.0007282331926597996,-0.0007282331926597996,0.0,-0.000776191514046424
2023-09-08,-0.00018096267181333392,-0.00018096267181333392,0.0,-0.000228892935870996
2023-09-11,0.0015084561624600923,0.0015084561624600923,0.0,0.0014604651529010657
2023-09-12,-0.0007691309928822276,-0.0007691309928822276,0.0,-0.000817367691352709
2023-09-13,0.00011290420562493075,0.00011290420562493075,0.0,6.488331016908105e-05
2023-09-14,0.00091405654785226,0.00091405654785226,0.0,0.0008660172857020997
2023-09-15,-0.00024469025077655804,-0.00024469025077655804,0.0,-0.0002929688204976244
2023-09-18,0.0001593004477684623,0.0001593004477684623,0.0,0.00011115240561350529
2023-09-19,-2.168648834199871e-05,-2.168648834199871e-05,0.0,-6.986042324761997e-05
2023-09-20,-0.0008624146906403007,-0.0008624146906403007,0.0,-0.0009107665333457029
2023-09-21,-0.0015980618665063506,-0.0015980618665063506,0.0,-0.0016462728795460175
2023-09-22,0.00013549516399136152,0.00013549516399136152,0.0,8.763548902851889e-05
2023-09-25,3.832095843514516e-05,3.832095843514516e-05,0.0,-9.83084341492522e-06
2023-09-26,-0.0018018182421055684,-0.0018018182421055684,0.0,-0.0018498863189664923
2023-09-27,-0.0005154879593368689,-0.0005154879593368689,0.0,-0.0005632602994060086
2023-09-28,0.0008162271518710185,0.0008162271518710185,0.0,0.0007687180692996959
2023-09-29,-0.0010014805183080622,-0.0010014805183080622,0.0,-0.001049123028390023
2023-10-02,-0.002031611594653482,-0.0019298318785094803,0.2035594322881185,-0.002118247877212247
2023-10-03,-0.0027580563318280182,-0.0027580563318280182,0.0,-0.002844647950452219
2023-10-04,-0.00015692146357260128,-0.00015692146357260128,0.0,-0.0002430042044823582
2023-10-05,0.0007419665879275783,0.0007419665879275783,0.0,0.0006559035942922768
2023-10-06,0.0023739909880318155,0.0023739909880318155,0.0,0.00228751201048339
2023-10-09,0.001940975849224369,0.001940975849224369,0.0,0.0018541979375413247
2023-10-10,0.0014680330643184192,0.0014680330643184192,0.0,0.0013813359258400871
2023-10-11,0.00015722102158166607,0.00015722102158166607,0.0,7.034034361427783e-05
2023-10-12,-0.001388308749313505,-0.001388308749313505,0.0,-0.0014753718153079699
2023-10-13,0.0007489116455734468,0.0007489116455734468,0.0,0.0006620226910343205
2023-10-16,0.0012542755761035806,0.0012542755761035806,0.0,0.0011674553535570686
2023-10-17,0.0001705716191704454,0.0001705716191704454,0.0,8.343182455788544e-05
2023-10-18,-0.0017028974423975995,-0.0017028974423975995,0.0,-0.0017898956644001444
2023-10-19,0.0002611349248022865,0.0002611349248022865,0.0,0.00017451228767538195
2023-10-20,-0.0012066287315941615,-0.0012066287315941615,0.0,-0.0012929588117432333
2023-10-23,-0.0001998522907136202,-0.0001998522907136202,0.0,-0.00028619440119031885
2023-10-24,0.00043990633387558375,0.00043990633387558375,0.0,0.00035375141407363673
2023-10-25,-0.0015372650043050662,-0.0015372650043050662,0.0,-0.0016236370479326588
2023-10-26,-0.0012004489629260373,-0.0012004489629260373,0.0,-0.0012866289543153329
2023-10-27,0.0009127436065639039,0.0009127436065639039,0.0,0.000826713768859551
2023-10-30,0.0006387773621778781,0.0006387773621778781,0.0,0.0005524715368257907
2023-10-31,0.0004078798298325914,0.0004078798298325914,0.0,0.00032149407926062185
2023-11-01,0.0016467977735177275,0.0017335642973366205,0.17353304763790373,0.001562395468568131
2023-11-02,0.00228163555841987,0.00228163555841987,0.0,0.0021975481153391012
2023-11-03,0.002561221963097715,0.002561221963097715,0.0,0.0024770087687933364
2023-11-06,-0.0004032719636323234,-0.0004032719636323234,0.0,-0.0004881250782817827
2023-11-07,-0.0009929793586954672,-0.0009929793586954672,0.0,-0.0010776217092905314
2023-11-08,-0.0008737519570075625,-0.0008737519570075625,0.0,-0.0009582701796351172
2023-11-09,-0.0005345124956267489,-0.0005345124956267489,0.0,-0.0006187615335130486
2023-11-10,0.000681404052642387,0.000681404052642387,0.0,0.0005973815378971302
2023-11-13,0.000996834855178319,0.000996834855178319,0.0,0.0009124076218766753
2023-11-14,0.00334123104692452,0.00334123104692452,0.0,0.0032569995091841944
2023-11-15,0.00011132221052734259,0.00011132221052734259,0.0,2.6676079381624578e-05
2023-11-16,-5.238276927976848e-05,-5.238276927976848e-05,0.0,-0.0001368817617343532
2023-11-17,0.0006193649036900783,0.0006193649036900783,0.0,0.0005348723983610144
2023-11-20,0.0008466820716772627,0.0008466820716772627,0.0,0.0007617907429326906
2023-11-21,-1.000597801925629e-05,-1.000597801925629e-05,0.0,-9.484112233603764e-05
2023-11-22,1.214199850863018e-05,1.214199850863018e-05,0.0,-7.285318729243409e-05
2023-11-24,0.0002616682900697942,0.0002616682900697942,0.0,0.00017651031303149905
2023-11-27,-0.00020971303483974246,-0.00020971303483974246,0.0,-0.0002949035459596297
2023-11-28,0.0016399262723343355,0.0016399262723343355,0.0,0.0015549231372685307
2023-11-29,6.490833632888382e-05,6.490833632888382e-05,0.0,-1.9974655652089176e-05
2023-11-30,9.6007493292527e-05,9.6007493292527e-05,0.0,1.111648887535149e-05
2023-12-01,0.0015012767696449547,0.0015806803996578633,0.1588072600255249,0.0014089249821658844
2023-12-04,-0.0026328579766367044,-0.0026328579766367044,0.0,-0.002726105361885615
2023-12-05,-0.0001362966712478153,-0.0001362966712478153,0.0,-0.0002290625072918365
2023-12-06,-0.0007517974598296728,-0.0007517974598296728,0.0,-0.0008445475422613441
2023-12-07,0.0005677608793492883,0.0005677608793492883,0.0,0.00047527425867327646
2023-12-08,-0.0005192914321161535,-0.0005192914321161535,0.0,-0.0006118435635272446
2023-12-11,0.00023512568296935044,0.00023512568296935044,0.0,0.000142280477211483
2023-12-12,0.00040432752786823123,0.00040432752786823123,0.0,0.0003114550809867381
2023-12-13,0.00419808183842818,0.00419808183842818,0.0,0.004105515871235614
2023-12-14,0.001735941367816185,0.001735941367816185,0.0,0.001643070663477946
2023-12-15,-0.0013197323544219541,-0.0013197323544219541,0.0,-0.0014129797254258814
2023-12-18,0.000846924202734245,0.000846924202734245,0.0,0.0007534730631855193
2023-12-19,0.0016683552475171837,0.0016683552475171837,0.0,0.0015753401056533543
2023-12-20,-0.0017906015980079237,-0.0017906015980079237,0.0,-0.001883985703193623
2023-12-21,0.0021147258863267737,0.0021147258863267737,0.0,0.0020219029103854262
2023-12-22,0.00047533469439531295,0.00047533469439531295,0.0,0.000381913905512509
2023-12-26,0.0011298233477359254,0.0011298233477359254,0.0,0.0010361697636413142
2023-12-27,0.0010429574270678366,0.0010429574270678366,0.0,0.0009493530556352344
2023-12-28,-0.0005225618907486185,-0.0005225618907486185,0.0,-0.0006164642431193294
2023-12-29,-0.0010277114107626328,-0.0010277114107626328,0.0,-0.0011206601962772044
2024-01-02,-0.0016362955230807552,-0.001548004819200366,0.17658140776063136,-0.0017460525518220478
2024-01-03,-0.0019482171814142468,-0.0019482171814142468,0.0,-0.0020585088686716226
2024-01-04,-0.0007933063784385519,-0.0007933063784385519,0.0,-0.0009034074610393377
2024-01-05,3.1376591701048895e-05,3.1376591701048895e-05,0.0,-7.864681581263874e-05
2024-01-08,0.0028174350926568614,0.0028174350926568614,0.0,0.0027071986388624877
2024-01-09,-0.0007071951488211159,-0.0007071951488211159,0.0,-0.0008174967085471442
2024-01-10,0.0011278938069207989,0.0011278938069207989,0.0,0.0010178717103182526
2024-01-11,0.0012112606204381926,0.0012112606204381926,0.0,0.001101128658271092
2024-01-12,0.0012314452886768024,0.0012314452886768024,0.0,0.0011214062858004561
2024-01-16,-0.0027150441600359843,-0.0027150441600359843,0.0,-0.002825202593923423
2024-01-17,-0.002403510448933943,-0.002403510448933943,0.0,-0.002513825900306949
2024-01-18,0.0016052843498683966,0.0016052843498683966,0.0,0.0014956242506638047
2024-01-19,0.00179446480763934,0.00179446480763934,0.0,0.0016846484716934434
2024-01-22,0.0007239064236470583,0.0007239064236470583,0.0,0.000613915751524158
2024-01-23,-7.957961681970271e-05,-7.957961681970271e-05,0.0,-0.00018942972242610835
2024-01-24,-0.00014282858696190726,-0.00014282858696190726,0.0,-0.00025267098101395673
2024-01-25,0.00160793409595672,0.00160793409595672,0.0,0.0014981055444914311
2024-01-26,-0.00042208928752329733,-0.00042208928752329733,0.0,-0.0005320734257363874
2024-01-29,0.0019554192350692556,0.0019554192350692556,0.0,0.0018452649326934137
2024-01-30,-0.00044870720594447633,-0.00044870720594447633,0.0,-0.000558839405298781
2024-01-31,-0.0011928886024107355,-0.0011928886024107355,0.0,-0.001303188733915386
2024-02-01,0.002414568116329008,0.0025098246886823272,0.19051314470636949,0.002326796227791784
2024-02-02,0.00021187776037678852,0.00021187776037678852,0.0,0.00012395002594464623
2024-02-05,-0.001240506166454769,-0.001240506166454769,0.0,-0.0013282910683199997
2024-02-06,0.00022707301525604073,0.00022707301525604073,0.0,0.0001392684752633943
2024-02-07,0.001028079590478681,0.001028079590478681,0.0,0.0009402478680385847
2024-02-08,0.0005447036111880799,0.0005447036111880799,0.0,0.00045674894583248946
2024-02-09,0.0006865903900210579,0.0006865903900210579,0.0,0.0005984023239004559
2024-02-12,-0.0001951046806513146,-0.0001951046806513146,0.0,-0.0002832064538565619
2024-02-13,-0.0024338529549764454,-0.0024338529549764454,0.0,-0.002522268240875903
2024-02-14,0.0012517634412847478,0.0012517634412847478,0.0,0.0011639764359292811
2024-02-15,0.0011057583246634195,0.0011057583246634195,0.0,0.0010178216046919405
2024-02-16,-0.0010148597111613311,-0.0010148597111613311,0.0,-0.0011030969286635866
2024-02-20,0.0005936579700080991,0.0005936579700080991,0.0,0.0005055423539015172
2024-02-21,-0.0005797033781839156,-0.0005797033781839156,0.0,-0.0006678900847145089
2024-02-22,0.002239902866839616,0.002239902866839616,0.0,0.0021516174572544927
2024-02-23,0.00011585333716968016,0.00011585333716968016,0.0,2.7130959127626706e-05
2024-02-26,-8.528146326070019e-05,-8.528146326070019e-05,0.0,-0.00017401774299407536
2024-02-27,0.0005297879759631474,0.0005297879759631474,0.0,0.00044123061105120706
2024-02-28,-0.000351825164119246,-0.000351825164119246,0.0,-0.00044027714979932126
2024-02-29,0.0007719467913229749,0.0007719467913229749,0.0,0.0006833681368530554
2024-03-01,0.0029388830200622884,0.003017844748903986,0.15792345768346563,0.0028211447671771324
2024-03-04,0.00035499049386511494,0.00035499049386511494,0.0,0.00023689173351256604
2024-03-05,-0.0011617666285995698,-0.0011617666285995698,0.0,-0.001279671829027541
2024-03-06,0.002289851074400273,0.002289851074400273,0.0,0.00217182488863038
2024-03-07,0.0016856464837826657,0.0016856464837826657,0.0,0.0015674148871253008
2024-03-08,-0.0010558154212937376,-0.0010558154212937376,0.0,-0.0011741979742604062
2024-03-11,-0.0009869206497817862,-0.0009869206497817862,0.0,-0.0011052085503663151
2024-03-12,0.001388742220881145,0.001388742220881145,0.0,0.0012703173125095091
2024-03-13,-0.00022786834924248822,-0.00022786834924248822,0.0,-0.0003464179440825184
2024-03-14,-0.0013479250028726186,-0.0013479250028726186,0.0,-0.0014664541341773774
2024-03-15,0.00015591202670139914,0.00015591202670139914,0.0,3.750410811156675e-05
2024-03-18,0.0013425282426251517,0.0013425282426251517,0.0,0.0012241063057672713
2024-03-19,0.0011685995544634675,0.0011685995544634675,0.0,0.001050282866060779
2024-03-20,0.003304943129866844,0.003304943129866844,0.0,0.0031865218340271814
2024-03-21,0.000594042531151473,0.000594042531151473,0.0,0.00047509980958419085
2024-03-22,-0.00025384931595728855,-0.00025384931595728855,0.0,-0.0003726184491726561
2024-03-25,-2.5599627430317184e-05,-2.5599627430317184e-05,0.0,-0.0001441195043777542
2024-03-26,-0.00022975251297763233,-0.00022975251297763233,0.0,-0.00034804349990680115
2024-03-27,0.002422036678877415,0.002422036678877415,0.0,0.0023037661105799424
2024-03-28,0.00010902670597112696,0.00010902670597112696,0.0,-9.685577514861426e-06
2024-04-01,-0.0014194088762670143,-0.001326826597248254,0.18516455803745108,-0.0015500101542440024
2024-04-02,-0.0009587163850451885,-0.0009587163850451885,0.0,-0.001088998400063855
2024-04-03,0.001291360400428987,0.001291360400428987,0.0,0.0011611521438724796
2024-04-04,-0.0017052882463639563,-0.0017052882463639563,0.0,-0.0018353460939002186
2024-04-05,0.001803846857613589,0.001803846857613589,0.0,0.001673421249431377
2024-04-08,0.0010127452678985183,0.0010127452678985183,0.0,0.0008821808082024657
2024-04-09,0.001509600939065825,0.001509600939065825,0.0,0.0013789586019470833
2024-04-10,-0.0040247020622248275,-0.0040247020622248275,0.0,-0.0041559603402067675
2024-04-11,0.0018889443557390528,0.0018889443557390528,0.0,0.0017579975354156125
2024-04-12,-0.002407945155623592,-0.002407945155623592,0.0,-0.0025390378791609403
2024-04-15,-0.0012469580950463799,-0.0012469580950463799,0.0,-0.0013778643784940416
2024-04-16,-0.0028811744744816625,-0.0028811744744816625,0.0,-0.0030119840891007156
2024-04-17,-0.0011161314909208242,-0.0011161314909208242,0.0,-0.0012467171007835645
2024-04-18,0.0004885119066804222,0.0004885119066804222,0.0,0.00035801317046260564
2024-04-19,0.0006363317204003405,0.0006363317204003405,0.0,0.0005057949796207623
2024-04-22,0.0010094407120313509,0.0010094407120313509,0.0,0.0008796007052290498
2024-04-23,0.0018962411443086413,0.0018962411443086413,0.0,0.001765576528605068
2024-04-24,0.0005560172710339373,0.0005560172710339373,0.0,0.0004249564904775255
2024-04-25,-0.0016877917632963646,-0.0016877917632963646,0.0,-0.0018188957053699225
2024-04-26,0.003148259873211545,0.003148259873211545,0.0,0.0030175361670656694
2024-04-29,-0.0007743333127443464,-0.0007743333127443464,0.0,-0.0009053005873484678
2024-04-30,-0.0045634955617136486,-0.0045634955617136486,0.0,-0.004694402882777196
2024-05-01,-0.0009748601136801982,-0.0008481191281632938,0.25348197103361086,-0.0010570312127339617
2024-05-02,3.6641056111674786e-05,3.6641056111674786e-05,0.0,-4.533847954515565e-05
2024-05-03,0.0019413196025512836,0.0019413196025512836,0.0,0.0018593354373274947
2024-05-06,0.0018889333744132042,0.0018889333744132042,0.0,0.0018067044003248459
2024-05-07,0.0006404230745626904,0.0006404230745626904,0.0,0.0005579563468422659
2024-05-08,-6.328963473567484e-05,-6.328963473567484e-05,0.0,-0.00014583691874454484
2024-05-09,0.0006365838606532392,0.0006365838606532392,0.0,0.0005540445381013636
2024-05-10,0.0002782076360543506,0.0002782076360543506,0.0,0.0001954309158190936
2024-05-13,-0.0009821379353077697,-0.0009821379353077697,0.0,-0.0010647922502150834
2024-05-14,0.001209529014095878,0.001209529014095878,0.0,0.001127155456115285
2024-05-15,0.0013016820718350086,0.0013016820718350086,0.0,0.0012189993343665506
2024-05-16,-0.0007139690338694438,-0.0007139690338694438,0.0,-0.0007968151158432404
2024-05-17,0.0014417741529053618,0.0014417741529053618,0.0,0.0013590177289562347
2024-05-20,0.0012138874253735388,0.0012138874253735388,0.0,0.0011309502085447606
2024-05-21,-0.0002927319967570563,-0.0002927319967570563,0.0,-0.00037582124580485117
2024-05-22,-0.0016156503397970479,-0.0016156503397970479,0.0,-0.0016987029151584064
2024-05-23,-0.0010078224008414072,-0.0010078224008414072,0.0,-0.0010908300479658105
2024-05-24,0.0012275337380325269,0.0012275337380325269,0.0,0.0011446529246975441
2024-05-28,0.0017603662329321867,0.0017603662329321867,0.0,0.0016773311246820362
2024-05-29,-0.0013083947461941525,-0.0013083947461941525,0.0,-0.0013916507349362552
2024-05-30,-0.0009858011433200309,-0.0009858011433200309,0.0,-0.0010688927472370967
2024-05-31,0.00028121195563324264,0.00028121195563324264,0.0,0.0001984020616949856
2024-06-03,-0.000709772566771627,-0.000554691186504197,0.310162760534889,-0.0008452642781533729
2024-06-04,-0.0015953386323598329,-0.0015953386323598329,0.0,-0.0017303854677945525
2024-06-05,0.0032469552896163822,0.0032469552896163822,0.0,0.00311202555778289
2024-06-06,0.001340331651134008,0.001340331651134008,0.0,0.0012051643524572668
2024-06-07,-0.0037749824505208807,-0.0037749824505208807,0.0,-0.0039105053327487
2024-06-10,0.0016889462214815243,0.0016889462214815243,0.0,0.001553957863312857
2024-06-11,-4.075004532599902e-05,-4.075004532599902e-05,0.0,-0.00017586207034667276
2024-06-12,0.0027096773230104176,0.0027096773230104176,0.0,0.0025745682818829703
2024-06-13,-0.000829456131312245,-0.000829456131312245,0.0,-0.0009647630504581967
2024-06-14,-0.0003425696412399093,-0.0003425696412399093,0.0,-0.00047781593789516895
2024-06-17,0.0007955609773220296,0.0007955609773220296,0.0,0.0006603397266466964
2024-06-18,0.0016307408017746106,0.0016307408017746106,0.0,0.0014957191072060936
2024-06-20,0.0004009754818443678,0.0004009754818443678,0.0,0.0002658350757024444
2024-06-21,-0.0012878538936808015,-0.0012878538936808015,0.0,-0.0014227655203539827
2024-06-24,0.000508185008672557,0.000508185008672557,0.0,0.00037310925878915866
2024-06-25,-0.0002754334965822114,-0.0002754334965822114,0.0,-0.00041028840562922506
2024-06-26,-0.0005632177784008485,-0.0005632177784008485,0.0,-0.0006983104725960075
2024-06-27,0.0012823605796794535,0.0012823605796794535,0.0,0.0011475666676806719
2024-06-28,-1.3220515875378425e-05,-1.3220515875378425e-05,0.0,-0.00014784968442458653
2024-07-01,0.0010081899680669526,0.00107204518665438,0.12771043717493588,0.0008794206722492493
2024-07-02,0.0016488905209843807,0.0016488905209843807,0.0,0.001520225514883995
2024-07-03,0.0021525970215219292,0.0021525970215219292,0.0,0.0020238015205653135
2024-07-05,0.0018901466083312002,0.0018901466083312002,0.0,0.0017614272319590495
2024-07-08,-0.0008444488041244869,-0.0008444488041244869,0.0,-0.0009733168813645666
2024-07-09,3.0403303115100755e-05,3.0403303115100755e-05,0.0,-9.839828383431871e-05
2024-07-10,0.0021215988206129133,0.0021215988206129133,0.0,0.001992794839838087
2024-07-11,0.000761704139119912,0.000761704139119912,0.0,0.0006332266621155355
2024-07-12,0.0008281146532469474,0.0008281146532469474,0.0,0.000699577604136781
2024-07-15,-7.497130366707072e-05,-7.497130366707072e-05,0.0,-0.00020332622879799158
2024-07-16,0.0020419290875970386,0.0020419290875970386,0.0,0.0019135800102374743
2024-07-17,-0.002947108463975945,-0.002947108463975945,0.0,-0.0030756164875109103
2024-07-18,-0.0016734525159123326,-0.0016734525159123326,0.0,-0.0018019771432989367
2024-07-19,-0.002386602083238487,-0.002386602083238487,0.0,-0.0025147491547214376
2024-07-22,0.002084990774221751,0.002084990774221751,0.0,0.0019572768635107967
2024-07-23,-0.0006524259271276645,-0.0006524259271276645,0.0,-0.0007800562343631944
2024-07-24,-0.00411027224553373,-0.00411027224553373,0.0,-0.004237851679125594
2024-07-25,-0.0013395869188920217,-0.0013395869188920217,0.0,-0.0014665988555446186
2024-07-26,0.002239484642785783,0.002239484642785783,0.0,0.0021128229992788804
2024-07-29,-0.00039725523369249505,-0.00039725523369249505,0.0,-0.000523845584208881
2024-07-30,-0.0001539320963838131,-0.0001539320963838131,0.0,-0.0002802457917145032
2024-07-31,0.003994164386046606,0.003994164386046606,0.0,0.003867616922855739
2024-08-01,-0.0029136602346803153,-0.0027806504283818256,0.2660196125967783,-0.0030673782835257115
2024-08-02,-0.0016809140380270593,-0.0016809140380270593,0.0,-0.0018324835114013364
2024-08-05,-0.005291254799030809,-0.005291254799030809,0.0,-0.005443941958724888
2024-08-06,0.00026781768520312,0.00026781768520312,0.0,0.00011539275585134855
2024-08-07,-0.00016388866925654,-0.00016388866925654,0.0,-0.0003163268678841551
2024-08-08,0.0031891334650422376,0.0031891334650422376,0.0,0.0030367033877618846
2024-08-09,0.0008239955225404216,0.0008239955225404216,0.0,0.0006714079131726818
2024-08-12,0.0009011942133037021,0.0009011942133037021,0.0,0.0007491656531238037
2024-08-13,0.0031516354605412022,0.0031516354605412022,0.0,0.002999862582217879
2024-08-14,0.0004614979035655331,0.0004614979035655331,0.0,0.0003092707642535885
2024-08-15,0.0016857767830413817,0.0016857767830413817,0.0,0.0015329264670429258
2024-08-16,0.001289045181145143,0.001289045181145143,0.0,0.0011364126336750803
2024-08-19,0.0012573977626870736,0.0012573977626870736,0.0,0.0011053033552332787
2024-08-20,0.0002834981607682252,0.0002834981607682252,0.0,0.00013194400128877366
2024-08-21,0.0013855173847203694,0.0013855173847203694,0.0,0.0012345509547073107
2024-08-22,-0.0016332902091513724,-0.0016332902091513724,0.0,-0.0017849251097310217
2024-08-23,0.003723401854180741,0.003723401854180741,0.0,0.003572748194796898
2024-08-26,-0.0006882009139511647,-0.0006882009139511647,0.0,-0.0008381300244145776
2024-08-27,0.0002475887691029133,0.0002475887691029133,0.0,9.76925015003239e-05
2024-08-28,-0.0007764889299270994,-0.0007764889299270994,0.0,-0.0009257949697462178
2024-08-29,0.0005946248575690039,0.0005946248575690039,0.0,0.00044475385309367067
2024-08-30,0.0006041705724779689,0.0006041705724779689,0.0,0.00045427119270194133
2024-09-03,-0.0026041603514226352,-0.002471568607060881,0.26518348872338654,-0.0027529157989904826
2024-09-04,0.0010628211645395957,0.0010628211645395957,0.0,0.0009143597660002465
2024-09-05,0.001310290021304894,0.001310290021304894,0.0,0.0011623761167767325
2024-09-06,-0.002633664283245518,-0.002633664283245518,0.0,-0.0027813416052772065
2024-09-09,0.0026348117703316465,0.0026348117703316465,0.0,0.002488458251831295
2024-09-10,0.000977329234993718,0.000977329234993718,0.0,0.0008320485727779123
2024-09-11,0.001420095695751744,0.001420095695751744,0.0,0.0012735703975538732
2024-09-12,0.0017449388482433381,0.0017449388482433381,0.0,0.0015995452817014787
2024-09-13,0.002500922914378423,0.002500922914378423,0.0,0.002357547009437667
2024-09-16,0.001683495795850476,0.001683495795850476,0.0,0.0015409049442927745
2024-09-17,-0.0005953557277342814,-0.0005953557277342814,0.0,-0.0007380237239166474
2024-09-18,-0.0013104001734609572,-0.0013104001734609572,0.0,-0.001450037909700764
2024-09-19,0.003654409318971208,0.003654409318971208,0.0,0.003516031156823321
2024-09-20,-0.0001537363985797402,-0.0001537363985797402,0.0,-0.0002907741948494914
2024-09-23,0.0005111509308597384,0.0005111509308597384,0.0,0.00037502140692422
2024-09-24,0.0022109914405910036,0.0022109914405910036,0.0,0.0020757412929684653
2024-09-25,-0.0016470949614278974,-0.0016470949614278974,0.0,-0.0017827414489887594
2024-09-26,0.0019095962430744073,0.0019095962430744073,0.0,0.0017743218380880388
2024-09-27,0.000290816685902584,0.000290816685902584,0.0,0.00015545975866681846
2024-09-30,-0.0012443374184235578,-0.0012443374184235578,0.0,-0.0013803085516861872
2024-10-01,-0.0006019454213739284,-0.0004974541136583133,0.20898261543091182,-0.0007590160907097166
2024-10-02,6.891690900467928e-05,6.891690900467928e-05,0.0,-8.726469508372786e-05
