Date,net,gross,turnover
2008-06-02,0.0013908831899105412,0.0017461459409942037,0.7105255021672406
2008-06-03,-0.0015902071878276525,-0.0015902071878276525,0.0
2008-06-04,-0.0021037627522955127,-0.0021037627522955127,0.0
2008-06-05,0.0011233277638007522,0.0011233277638007522,0.0
2008-06-06,0.0067080385331852455,0.0067080385331852455,0.0
2008-06-09,-0.002821101903603962,-0.002821101903603962,0.0
2008-06-10,-0.0035874033236371616,-0.0035874033236371616,0.0
2008-06-11,0.0036950849878794045,0.0036950849878794045,0.0
2008-06-12,-0.00382604691443722,-0.00382604691443722,0.0
2008-06-13,-0.0011666012455481267,-0.0011666012455481267,0.0
2008-06-16,0.0006015925273823441,0.0006015925273823441,0.0
2008-06-17,0.0020212841216054045,0.0020212841216054045,0.0
2008-06-18,0.0030701493638221056,0.0030701493638221056,0.0
2008-06-19,-0.0032704519009696398,-0.0032704519009696398,0.0
2008-06-20,0.002112971893618809,0.002112971893618809,0.0
2008-06-23,-0.0008239534112672864,-0.0008239534112672864,0.0
2008-06-24,0.0012969379376932544,0.0012969379376932544,0.0
2008-06-25,0.0009432519065610823,0.0009432519065610823,0.0
2008-06-26,0.00487942568288946,0.00487942568288946,0.0
2008-06-27,0.001486269202292556,0.001486269202292556,0.0
2008-06-30,-0.0010305092604678823,-0.0010305092604678823,0.0
2008-07-01,-0.001346958565575651,-0.0012141955620138534,0.26552600712359725
2008-07-02,0.003665849334140603,0.003665849334140603,0.0
2008-07-03,-0.0015093540808320816,-0.0015093540808320816,0.0
2008-07-07,1.8629247597878873e-05,1.8629247597878873e-05,0.0
2008-07-08,-0.003376477867102823,-0.003376477867102823,0.0
2008-07-09,0.004893025176604171,0.004893025176604171,0.0
2008-07-10,0.0008791669305467931,0.0008791669305467931,0.0
2008-07-11,0.0011414585941733613,0.0011414585941733613,0.0
2008-07-14,0.003029296841229989,0.003029296841229989,0.0
2008-07-15,0.0010036907839390263,0.0010036907839390263,0.0
2008-07-16,-0.006619415868880485,-0.006619415868880485,0.0
2008-07-17,-0.005023490040760303,-0.005023490040760303,0.0
2008-07-18,-0.0028881646977403364,-0.0028881646977403364,0.0
2008-07-21,0.00115913090940567,0.00115913090940567,0.0
2008-07-22,-0.00496080750037986,-0.00496080750037986,0.0
2008-07-23,-0.004567817503666416,-0.004567817503666416,0.0
2008-07-24,0.004581337103996441,0.004581337103996441,0.0
2008-07-25,-0.002635956194617317,-0.002635956194617317,0.0
2008-07-28,0.004352437500517725,0.004352437500517725,0.0
2008-07-29,-0.004119177485595538,-0.004119177485595538,0.0
2008-07-30,0.00130992597816193,0.00130992597816193,0.0
2008-07-31,0.0018702182868626238,0.0018702182868626238,0.0
2008-08-01,0.0008321624916767245,0.0009320673983863603,0.19980981341922047
2008-08-04,-0.0020385290390633193,-0.0020385290390633193,0.0
2008-08-05,-0.00571157261769395,-0.00571157261769395,0.0
2008-08-06,-0.0019712788498861267,-0.0019712788498861267,0.0
2008-08-07,0.0038866857695516455,0.0038866857695516455,0.0
2008-08-08,-0.006492242641865098,-0.006492242641865098,0.0
2008-08-11,-0.005521349359395411,-0.005521349359395411,0.0
2008-08-12,0.0027387841529404877,0.0027387841529404877,0.0
2008-08-13,0.002704221653169858,0.002704221653169858,0.0
2008-08-14,-0.001958867475249537,-0.001958867475249537,0.0
2008-08-15,-0.0022158026306056122,-0.0022158026306056122,0.0
2008-08-18,0.0028063256142301096,0.0028063256142301096,0.0
2008-08-19,0.0031240288493157298,0.0031240288493157298,0.0
2008-08-20,0.0009548240207899461,0.0009548240207899461,0.0
2008-08-21,0.003760531539648282,0.003760531539648282,0.0
2008-08-22,-0.005935142575368424,-0.005935142575368424,0.0
2008-08-25,0.004240227678038666,0.004240227678038666,0.0
2008-08-26,-0.0009877759706420353,-0.0009877759706420353,0.0
2008-08-27,0.0001985712021670416,0.0001985712021670416,0.0
2008-08-28,-0.00266112818514741,-0.00266112818514741,0.0
2008-08-29,0.0003010660439521917,0.0003010660439521917,0.0
2008-09-02,-0.0002634473609911536,-0.00017405690192229262,0.17878091813766014
2008-09-03,7.364080261829109e-05,7.364080261829109e-05,0.0
2008-09-04,0.0034038421510544925,0.0034038421510544925,0.0
2008-09-05,-0.0021783582730903195,-0.0021783582730903195,0.0
2008-09-08,-0.003107073928877657,-0.003107073928877657,0.0
2008-09-09,0.0025010109017149507,0.0025010109017149507,0.0
2008-09-10,-0.0028827033182267092,-0.0028827033182267092,0.0
2008-09-11,-0.0019212161722281795,-0.0019212161722281795,0.0
2008-09-12,0.0007016786350904081,0.0007016786350904081,0.0
2008-09-15,0.012093952286194254,0.012093952286194254,0.0
2008-09-16,-0.008230293225646612,-0.008230293225646612,0.0
2008-09-17,0.01471458907155565,0.01471458907155565,0.0
2008-09-18,-0.013550772793112897,-0.013550772793112897,0.0
2008-09-19,-0.005206561777079455,-0.005206561777079455,0.0
2008-09-22,0.012716750385795894,0.012716750385795894,0.0
2008-09-23,-0.0009900457994989065,-0.0009900457994989065,0.0
2008-09-24,-0.0027103000891284257,-0.0027103000891284257,0.0
2008-09-25,-0.0006451432568965743,-0.0006451432568965743,0.0
2008-09-26,-0.0007963894972585761,-0.0007963894972585761,0.0
2008-09-29,0.009847346983097527,0.009847346983097527,0.0
2008-09-30,-0.009696689738059816,-0.009696689738059816,0.0
2008-10-01,-0.00015796068815132625,2.6738086288613516e-05,0.36939754887989257
2008-10-02,0.005090427157847355,0.005090427157847355,0.0
2008-10-03,0.0017686853906122568,0.0017686853906122568,0.0
2008-10-06,0.005352298393930699,0.005352298393930699,0.0
2008-10-07,0.004600415408885894,0.004600415408885894,0.0
2008-10-08,0.0002798067523113179,0.0002798067523113179,0.0
2008-10-09,0.0027533526278955556,0.0027533526278955556,0.0
2008-10-10,-0.0014632651275270359,-0.0014632651275270359,0.0
2008-10-13,-0.013256976451335056,-0.013256976451335056,0.0
2008-10-14,0.0025491553639278575,0.0025491553639278575,0.0
2008-10-15,0.010032095865714075,0.010032095865714075,0.0
2008-10-16,-0.004730276112454801,-0.004730276112454801,0.0
2008-10-17,0.0016273119882119769,0.0016273119882119769,0.0
2008-10-20,-0.0031442004104248467,-0.0031442004104248467,0.0
2008-10-21,0.0034587813372080056,0.0034587813372080056,0.0
2008-10-22,0.00549675022149021,0.00549675022149021,0.0
2008-10-23,-0.0005892740292057219,-0.0005892740292057219,0.0
2008-10-24,0.0028812829309863286,0.0028812829309863286,0.0
2008-10-27,0.00305091514416711,0.00305091514416711,0.0
2008-10-28,-0.009209914004570163,-0.009209914004570163,0.0
2008-10-29,0.001204045866129544,0.001204045866129544,0.0
2008-10-30,-0.006051207050255858,-0.006051207050255858,0.0
2008-10-31,-0.001006726437664418,-0.001006726437664418,0.0
2008-11-03,0.0005217169555471468,0.0006595272885576708,0.2756206660211474
2008-11-04,-0.006379893566694883,-0.006379893566694883,0.0
2008-11-05,0.006059842202892796,0.006059842202892796,0.0
2008-11-06,0.005224167034840077,0.005224167034840077,0.0
2008-11-07,-0.0030361723485736736,-0.0030361723485736736,0.0
2008-11-10,0.0006314296638076922,0.0006314296638076922,0.0
2008-11-11,0.004010068819386259,0.004010068819386259,0.0
2008-11-12,0.005443262212049271,0.005443262212049271,0.0
2008-11-13,-0.0079296316072619,-0.0079296316072619,0.0
2008-11-14,0.004927815274160086,0.004927815274160086,0.0
2008-11-17,0.0021094546978308593,0.0021094546978308593,0.0
2008-11-18,0.0017310009254616343,0.0017310009254616343,0.0
2008-11-19,0.0060620813715654975,0.0060620813715654975,0.0
2008-11-20,0.007915488703578166,0.007915488703578166,0.0
2008-11-21,-0.005576387724271714,-0.005576387724271714,0.0
2008-11-24,-0.007070758035374269,-0.007070758035374269,0.0
2008-11-25,0.0011390309429653023,0.0011390309429653023,0.0
2008-11-26,-0.0021378975605506056,-0.0021378975605506056,0.0
2008-11-28,0.0023473242578320175,0.0023473242578320175,0.0
2008-12-01,0.00802614222468967,0.008063601868979031,0.0749192885785915
2008-12-02,-0.0025387190285279804,-0.0025387190285279804,0.0
2008-12-03,-0.0009803770781845467,-0.0009803770781845467,0.0
2008-12-04,0.003092837927289427,0.003092837927289427,0.0
2008-12-05,-0.0018444022967855078,-0.0018444022967855078,0.0
2008-12-08,-0.004413471879437192,-0.004413471879437192,0.0
2008-12-09,0.002811823439536232,0.002811823439536232,0.0
2008-12-10,-0.0025537069731207396,-0.0025537069731207396,0.0
2008-12-11,0.0002943040206284664,0.0002943040206284664,0.0
2008-12-12,-0.0012311633590585958,-0.0012311633590585958,0.0
2008-12-15,0.0008557451907236224,0.0008557451907236224,0.0
2008-12-16,-0.004589863413531958,-0.004589863413531958,0.0
2008-12-17,-0.00012687480189865763,-0.00012687480189865763,0.0
2008-12-18,0.001745073949278364,0.001745073949278364,0.0
2008-12-19,0.0014758276397504044,0.0014758276397504044,0.0
2008-12-22,1.1662427262804087e-05,1.1662427262804087e-05,0.0
2008-12-23,0.000447396526019217,0.000447396526019217,0.0
2008-12-24,-7.32284216681256e-05,-7.32284216681256e-05,0.0
2008-12-26,-0.0009036280890161175,-0.0009036280890161175,0.0
2008-12-29,0.0008434724239083646,0.0008434724239083646,0.0
2008-12-30,-0.0009833944366430813,-0.0009833944366430813,0.0
2008-12-31,-0.0029063199767358494,-0.0029063199767358494,0.0
2009-01-02,-0.00388344107418781,-0.003826991636110555,0.1128988761543572
2009-01-05,-0.0006984953538076155,-0.0006984953538076155,0.0
2009-01-06,-0.0017853872121124104,-0.0017853872121124104,0.0
2009-01-07,0.0030477630832699276,0.0030477630832699276,0.0
2009-01-08,4.0507413231249956e-05,4.0507413231249956e-05,0.0
2009-01-09,0.002595490652268495,0.002595490652268495,0.0
2009-01-12,0.0038067688942715616,0.0038067688942715616,0.0
2009-01-13,0.00041393481963636347,0.00041393481963636347,0.0
2009-01-14,0.002881837805214893,0.002881837805214893,0.0
2009-01-15,-0.0007587753831654886,-0.0007587753831654886,0.0
2009-01-16,-0.0019917917089060655,-0.0019917917089060655,0.0
2009-01-20,0.0053326953595882465,0.0053326953595882465,0.0
2009-01-21,-0.004395290718096634,-0.004395290718096634,0.0
2009-01-22,0.0010436344690856192,0.0010436344690856192,0.0
2009-01-23,-0.001092273364205365,-0.001092273364205365,0.0
2009-01-26,-0.001701629142496941,-0.001701629142496941,0.0
2009-01-27,0.001047836808724556,0.001047836808724556,0.0
2009-01-28,-0.0035068399477887757,-0.0035068399477887757,0.0
2009-01-29,0.0017817954171019945,0.0017817954171019945,0.0
2009-01-30,0.0013136992435704986,0.0013136992435704986,0.0
2009-02-02,0.0012544518181365483,0.0013217150320723459,0.13452642787172053
2009-02-03,-0.002228913784873998,-0.002228913784873998,0.0
2009-02-04,-0.00014401459055557453,-0.00014401459055557453,0.0
2009-02-05,-0.0016226102909077111,-0.0016226102909077111,0.0
2009-02-06,-0.0038637204709144335,-0.0038637204709144335,0.0
2009-02-09,-0.00018514053562190824,-0.00018514053562190824,0.0
2009-02-10,0.005139670935221385,0.005139670935221385,0.0
2009-02-11,-8.728478782171756e-05,-8.728478782171756e-05,0.0
2009-02-12,4.230976886221427e-05,4.230976886221427e-05,0.0
2009-02-13,-0.0005672431708344527,-0.0005672431708344527,0.0
2009-02-17,0.0063566179736258555,0.0063566179736258555,0.0
2009-02-18,-0.0004400775351238728,-0.0004400775351238728,0.0
2009-02-19,-0.0006210112659910116,-0.0006210112659910116,0.0
2009-02-20,0.0006880400798077169,0.0006880400798077169,0.0
2009-02-23,0.003231144683627063,0.003231144683627063,0.0
2009-02-24,-0.003053124485475789,-0.003053124485475789,0.0
2009-02-25,0.0007152449322938015,0.0007152449322938015,0.0
2009-02-26,0.0010178460262020295,0.0010178460262020295,0.0
2009-02-27,0.0017388506315820784,0.0017388506315820784,0.0
2009-03-02,0.007358739829098404,0.007403298909454348,0.08911816071164128
2009-03-03,-0.0005215827440151477,-0.0005215827440151477,0.0
2009-03-04,-0.005405983208910059,-0.005405983208910059,0.0
2009-03-05,0.0053306493675124855,0.0053306493675124855,0.0
2009-03-06,-0.0015071540270320538,-0.0015071540270320538,0.0
2009-03-09,0.0029999885252134373,0.0029999885252134373,0.0
2009-03-10,-0.006727835280840977,-0.006727835280840977,0.0
2009-03-11,0.0004748323420040723,0.0004748323420040723,0.0
2009-03-12,-0.005448694622284478,-0.005448694622284478,0.0
2009-03-13,-0.0007255398508826394,-0.0007255398508826394,0.0
2009-03-16,-0.001134326218942383,-0.001134326218942383,0.0
2009-03-17,-0.003551313403039824,-0.003551313403039824,0.0
2009-03-18,-0.0035146657951700133,-0.0035146657951700133,0.0
2009-03-19,-0.00122396615792697,-0.00122396615792697,0.0
2009-03-20,0.0025297746482577654,0.0025297746482577654,0.0
2009-03-23,-0.009077269155861378,-0.009077269155861378,0.0
2009-03-24,0.00429211126611051,0.00429211126611051,0.0
2009-03-25,-0.001922663626524157,-0.001922663626524157,0.0
2009-03-26,-0.0032221376992197515,-0.0032221376992197515,0.0
2009-03-27,0.004960480842150838,0.004960480842150838,0.0
2009-03-30,0.006905981075029599,0.006905981075029599,0.0
2009-03-31,-0.0024839797608174896,-0.0024839797608174896,0.0
2009-04-01,-0.0013629939521899725,-0.0013174938507317657,0.09100020291631154
2009-04-02,-0.007410378749267976,-0.007410378749267976,0.0
2009-04-03,-0.0029804413919488626,-0.0029804413919488626,0.0
2009-04-06,0.00188297945864635,0.00188297945864635,0.0
2009-04-07,0.004001209043160925,0.004001209043160925,0.0
2009-04-08,-0.0014107221218844224,-0.0014107221218844224,0.0
2009-04-09,-0.0059664123871385755,-0.0059664123871385755,0.0
2009-04-13,-0.0003737211061407564,-0.0003737211061407564,0.0
2009-04-14,0.00304248798179918,0.00304248798179918,0.0
2009-04-15,-0.0014104683477523805,-0.0014104683477523805,0.0
2009-04-16,-0.0017064007595262165,-0.0017064007595262165,0.0
2009-04-17,0.00015309493439841226,0.00015309493439841226,0.0
2009-04-20,0.007771464659478422,0.007771464659478422,0.0
2009-04-21,-0.0033487359147824636,-0.0033487359147824636,0.0
2009-04-22,0.0001917884214890364,0.0001917884214890364,0.0
2009-04-23,-0.002738063036410887,-0.002738063036410887,0.0
2009-04-24,-0.0031233042965389535,-0.0031233042965389535,0.0
2009-04-27,0.0037478495002820633,0.0037478495002820633,0.0
2009-04-28,-0.00024707418994263097,-0.00024707418994263097,0.0
2009-04-29,-0.004706827635801547,-0.004706827635801547,0.0
2009-04-30,-0.00037344233769132096,-0.00037344233769132096,0.0
2009-05-01,-0.002499482953472021,-0.002479300147622099,0.040365611699768496
2009-05-04,-0.004848426333891598,-0.004848426333891598,0.0
2009-05-05,0.0006588365387640849,0.0006588365387640849,0.0
2009-05-06,-0.002861087849230337,-0.002861087849230337,0.0
2009-05-07,0.0009813007157208897,0.0009813007157208897,0.0
2009-05-08,-0.005020783061713718,-0.005020783061713718,0.0
2009-05-11,0.003067225827867448,0.003067225827867448,0.0
2009-05-12,-0.00047868126137462497,-0.00047868126137462497,0.0
2009-05-13,0.005019253268427004,0.005019253268427004,0.0
2009-05-14,-0.0017519118310044268,-0.0017519118310044268,0.0
2009-05-15,0.0025949917265697398,0.0025949917265697398,0.0
2009-05-18,-0.006157059813700183,-0.006157059813700183,0.0
2009-05-19,-0.00113181374350535,-0.00113181374350535,0.0
2009-05-20,-0.0007482746982493405,-0.0007482746982493405,0.0
2009-05-21,0.000840444965786169,0.000840444965786169,0.0
2009-05-22,-0.0018464249595365745,-0.0018464249595365745,0.0
2009-05-26,-0.0032778193212880113,-0.0032778193212880113,0.0
2009-05-27,0.00048543085800223373,0.00048543085800223373,0.0
2009-05-28,-0.0022229808160293407,-0.0022229808160293407,0.0
2009-05-29,-0.002807905478688366,-0.002807905478688366,0.0
2009-06-01,-0.007038416232659994,-0.006937406192036644,0.2020200812465611
2009-06-02,0.0004882832322647968,0.0004882832322647968,0.0
2009-06-03,0.005334187341184071,0.005334187341184071,0.0
2009-06-04,-0.004744758553785533,-0.004744758553785533,0.0
2009-06-05,-0.0017286686108011207,-0.0017286686108011207,0.0
2009-06-08,3.103652733016382e-05,3.103652733016382e-05,0.0
2009-06-09,-0.00031363998287181616,-0.00031363998287181616,0.0
2009-06-10,-0.0006789845512309434,-0.0006789845512309434,0.0
2009-06-11,-0.0012748703345152324,-0.0012748703345152324,0.0
2009-06-12,0.002074299249226641,0.002074299249226641,0.0
2009-06-15,0.006143494977350894,0.006143494977350894,0.0
2009-06-16,0.0024604133666799033,0.0024604133666799033,0.0
2009-06-17,-0.000591254164573396,-0.000591254164573396,0.0
2009-06-18,-0.001864192110278995,-0.001864192110278995,0.0
2009-06-19,0.000751857424136082,0.000751857424136082,0.0
2009-06-22,0.005813960913650051,0.005813960913650051,0.0
2009-06-23,-0.0008656353942821937,-0.0008656353942821937,0.0
2009-06-24,-0.0011577370402447995,-0.0011577370402447995,0.0
2009-06-25,-0.0009891638905441535,-0.0009891638905441535,0.0
2009-06-26,0.00010341298217930728,0.00010341298217930728,0.0
2009-06-29,-0.000955183112311131,-0.000955183112311131,0.0
2009-06-30,0.001479136587245744,0.001479136587245744,0.0
2009-07-01,-0.0014323440673267296,-0.0013038703124614859,0.2569475097304589
2009-07-02,0.0069477247141531695,0.0069477247141531695,0.0
2009-07-06,0.0022108175727115764,0.0022108175727115764,0.0
2009-07-07,0.004801064365641539,0.004801064365641539,0.0
2009-07-08,0.0033414856896401,0.0033414856896401,0.0
2009-07-09,-0.001972071416590948,-0.001972071416590948,0.0
2009-07-10,0.0023169266774427655,0.0023169266774427655,0.0
2009-07-13,-0.0030792770727985364,-0.0030792770727985364,0.0
2009-07-14,-0.0016160636392820171,-0.0016160636392820171,0.0
2009-07-15,-0.008912702213134671,-0.008912702213134671,0.0
2009-07-16,0.0004857462839711335,0.0004857462839711335,0.0
2009-07-17,-0.0019058443193702423,-0.0019058443193702423,0.0
2009-07-20,-0.00433930982358377,-0.00433930982358377,0.0
2009-07-21,0.0020936815530756547,0.0020936815530756547,0.0
2009-07-22,-0.0010533876432802236,-0.0010533876432802236,0.0
2009-07-23,-0.005618063202465273,-0.005618063202465273,0.0
2009-07-24,-5.108141820053813e-05,-5.108141820053813e-05,0.0
2009-07-27,-0.001980542039883737,-0.001980542039883737,0.0
2009-07-28,0.002195893932990911,0.002195893932990911,0.0
2009-07-29,0.003629860658619366,0.003629860658619366,0.0
2009-07-30,-0.0037755386857589723,-0.0037755386857589723,0.0
2009-07-31,-0.0014289948072344627,-0.0014289948072344627,0.0
2009-08-03,-0.007296344633754059,-0.007221945871077384,0.14879752535341567
2009-08-04,-0.0009339060968883706,-0.0009339060968883706,0.0
2009-08-05,-0.0004003712166569251,-0.0004003712166569251,0.0
2009-08-06,0.0017527168501114687,0.0017527168501114687,0.0
2009-08-07,-0.002079941027916532,-0.002079941027916532,0.0
2009-08-10,0.0018252635620756852,0.0018252635620756852,0.0
2009-08-11,0.003044650187552067,0.003044650187552067,0.0
2009-08-12,-0.0029359983841354964,-0.0029359983841354964,0.0
2009-08-13,-0.0009686843802515499,-0.0009686843802515499,0.0
2009-08-14,0.003772911054105599,0.003772911054105599,0.0
2009-08-17,0.006077485084154066,0.006077485084154066,0.0
2009-08-18,-0.0030105053547770932,-0.0030105053547770932,0.0
2009-08-19,-0.0008084844623911236,-0.0008084844623911236,0.0
2009-08-20,-0.0017263839250986068,-0.0017263839250986068,0.0
2009-08-21,-0.0036234418698992688,-0.0036234418698992688,0.0
2009-08-24,0.0004992629233568913,0.0004992629233568913,0.0
2009-08-25,0.0005676784040329341,0.0005676784040329341,0.0
2009-08-26,0.0008888332450287528,0.0008888332450287528,0.0
2009-08-27,-0.0012101142633159645,-0.0012101142633159645,0.0
2009-08-28,0.000972977489106519,0.000972977489106519,0.0
2009-08-31,0.002776437256503339,0.002776437256503339,0.0
2009-09-01,0.00527620228207093,0.005424329370433023,0.29625417672438353
2009-09-02,0.002721240415241688,0.002721240415241688,0.0
2009-09-03,-0.0011625599877992387,-0.0011625599877992387,0.0
2009-09-04,-0.0027899910265021255,-0.0027899910265021255,0.0
2009-09-08,-0.004108621976098292,-0.004108621976098292,0.0
2009-09-09,-0.0014849758533553858,-0.0014849758533553858,0.0
2009-09-10,-0.0012782359844458746,-0.0012782359844458746,0.0
2009-09-11,0.0022453226563241557,0.0022453226563241557,0.0
2009-09-14,-0.0022334552523192164,-0.0022334552523192164,0.0
2009-09-15,-0.0014340776921905052,-0.0014340776921905052,0.0
2009-09-16,-0.0038929473786453173,-0.0038929473786453173,0.0
2009-09-17,0.0015398176208292202,0.0015398176208292202,0.0
2009-09-18,-0.0010456343821242386,-0.0010456343821242386,0.0
2009-09-21,0.0015917129090838866,0.0015917129090838866,0.0
2009-09-22,-0.0015503817396723685,-0.0015503817396723685,0.0
2009-09-23,0.0029214918306395,0.0029214918306395,0.0
2009-09-24,0.0024529307075169537,0.0024529307075169537,0.0
2009-09-25,0.0013218489278798984,0.0013218489278798984,0.0
2009-09-28,-0.0030257410980308874,-0.0030257410980308874,0.0
2009-09-29,0.0008598463107281074,0.0008598463107281074,0.0
2009-09-30,7.984591754306436e-05,7.984591754306436e-05,0.0
2009-10-01,-0.0008263477052572465,-0.0005429691086558108,0.5667571932028596
2009-10-02,0.0010360496472476832,0.0010360496472476832,0.0
2009-10-05,0.0019362918259993034,0.0019362918259993034,0.0
2009-10-06,0.0018110773100468158,0.0018110773100468158,0.0
2009-10-07,0.002057529729861951,0.002057529729861951,0.0
2009-10-08,0.0003309702296370176,0.0003309702296370176,0.0
2009-10-09,-0.004001573895673238,-0.004001573895673238,0.0
2009-10-12,0.0004791446216030337,0.0004791446216030337,0.0
2009-10-13,0.001458802444000984,0.001458802444000984,0.0
2009-10-14,0.00020716010432830778,0.00020716010432830778,0.0
2009-10-15,-0.002490238515198251,-0.002490238515198251,0.0
2009-10-16,0.000834919373394527,0.000834919373394527,0.0
2009-10-19,0.0019796033942116598,0.0019796033942116598,0.0
2009-10-20,8.15957600923678e-05,8.15957600923678e-05,0.0
2009-10-21,-0.000615621097944552,-0.000615621097944552,0.0
2009-10-22,-0.0003338774958926427,-0.0003338774958926427,0.0
2009-10-23,-0.0009650407068959588,-0.0009650407068959588,0.0
2009-10-26,-0.002845243776705586,-0.002845243776705586,0.0
2009-10-27,0.001022759770420878,0.001022759770420878,0.0
2009-10-28,-0.0014857363128445433,-0.0014857363128445433,0.0
2009-10-29,0.0013741871740151623,0.0013741871740151623,0.0
2009-10-30,0.0007937128912538505,0.0007937128912538505,0.0
2009-11-02,0.0005737545520956289,0.0007025409464633814,0.257572788735412
2009-11-03,0.0006524832939074354,0.0006524832939074354,0.0
2009-11-04,0.0015134418529196836,0.0015134418529196836,0.0
2009-11-05,0.002723948922344288,0.002723948922344288,0.0
2009-11-06,0.0016303954506335927,0.0016303954506335927,0.0
2009-11-09,0.006320647508692767,0.006320647508692767,0.0
2009-11-10,-0.000890890177658421,-0.000890890177658421,0.0
2009-11-11,0.002306925540073834,0.002306925540073834,0.0
2009-11-12,-0.004846194217427935,-0.004846194217427935,0.0
2009-11-13,0.004848923151832718,0.004848923151832718,0.0
2009-11-16,0.006338182478131671,0.006338182478131671,0.0
2009-11-17,-0.00042856449871042646,-0.00042856449871042646,0.0
2009-11-18,-0.0009209580038421761,-0.0009209580038421761,0.0
2009-11-19,-0.002530621582176762,-0.002530621582176762,0.0
2009-11-20,-0.0009057378190799881,-0.0009057378190799881,0.0
2009-11-23,0.0038295508989778515,0.0038295508989778515,0.0
2009-11-24,0.0006659366052366167,0.0006659366052366167,0.0
2009-11-25,0.004557763166719742,0.004557763166719742,0.0
2009-11-27,-0.005048154700766805,-0.005048154700766805,0.0
2009-11-30,0.0029845712217355658,0.0029845712217355658,0.0
2009-12-01,0.004035881356180493,0.0041444624397424246,0.21716216712383601
2009-12-02,2.044545920432128e-05,2.044545920432128e-05,0.0
2009-12-03,-0.0018087334069062377,-0.0018087334069062377,0.0
2009-12-04,-0.0050003089029008185,-0.0050003089029008185,0.0
2009-12-07,2.674647101574834e-05,2.674647101574834e-05,0.0
2009-12-08,-0.0019924751585064238,-0.0019924751585064238,0.0
2009-12-09,-0.0002325343293879678,-0.0002325343293879678,0.0
2009-12-10,-5.971361833889688e-07,-5.971361833889688e-07,0.0
2009-12-11,-0.0015989060364629548,-0.0015989060364629548,0.0
2009-12-14,0.003097316065350464,0.003097316065350464,0.0
2009-12-15,-0.0034467095298778005,-0.0034467095298778005,0.0
2009-12-16,0.0023359495791461793,0.0023359495791461793,0.0
2009-12-17,-0.004734268205467296,-0.004734268205467296,0.0
2009-12-18,0.000269282223255507,0.000269282223255507,0.0
2009-12-21,-0.0019626490506928773,-0.0019626490506928773,0.0
2009-12-22,-0.0005729087577940328,-0.0005729087577940328,0.0
2009-12-23,0.00230602846787753,0.00230602846787753,0.0
2009-12-24,0.0013768611101649952,0.0013768611101649952,0.0
2009-12-28,-9.301859815580293e-05,-9.301859815580293e-05,0.0
2009-12-29,-0.0008796845249275931,-0.0008796845249275931,0.0
2009-12-30,-0.0007250022793690025,-0.0007250022793690025,0.0
2009-12-31,-0.002198948011606805,-0.002198948011606805,0.0
2010-01-04,0.00744781222361679,0.007632785031281175,0.36994561532911596
2010-01-05,0.0012819482404320404,0.0012819482404320404,0.0
2010-01-06,0.00273408605735459,0.00273408605735459,0.0
2010-01-07,-0.0009189800408077042,-0.0009189800408077042,0.0
2010-01-08,0.0024895330062393306,0.0024895330062393306,0.0
2010-01-11,0.0007524823919082824,0.0007524823919082824,0.0
2010-01-12,-0.005095116763388918,-0.005095116763388918,0.0
2010-01-13,0.002181989798868633,0.002181989798868633,0.0
2010-01-14,7.185262562714456e-06,7.185262562714456e-06,0.0
2010-01-15,-0.0041606104794013055,-0.0041606104794013055,0.0
2010-01-19,0.0036050083617058526,0.0036050083617058526,0.0
2010-01-20,-0.007435286792311202,-0.007435286792311202,0.0
2010-01-21,-0.005872128469753934,-0.005872128469753934,0.0
2010-01-22,-0.004961215742953162,-0.004961215742953162,0.0
2010-01-25,0.0015505849891814805,0.0015505849891814805,0.0
2010-01-26,-0.0032052341866961598,-0.0032052341866961598,0.0
2010-01-27,-0.001313991731686448,-0.001313991731686448,0.0
2010-01-28,-0.002680153142374464,-0.002680153142374464,0.0
2010-01-29,-0.0033918449173390153,-0.0033918449173390153,0.0
2010-02-01,0.006138616700600341,0.006192439362998625,0.10764532479621632
2010-02-02,0.004511844186981806,0.004511844186981806,0.0
2010-02-03,-0.0019054276289439676,-0.0019054276289439676,0.0
2010-02-04,-0.013661632292434667,-0.013661632292434667,0.0
2010-02-05,-0.0017234558677821088,-0.0017234558677821088,0.0
2010-02-08,-0.0025683332717002516,-0.0025683332717002516,0.0
2010-02-09,0.005876807258587746,0.005876807258587746,0.0
2010-02-10,-0.0015762017532623407,-0.0015762017532623407,0.0
2010-02-11,0.004421966701819047,0.004421966701819047,0.0
2010-02-12,-0.001469320612406566,-0.001469320612406566,0.0
2010-02-16,0.00855728735969774,0.00855728735969774,0.0
2010-02-17,0.00027490377023275947,0.00027490377023275947,0.0
2010-02-18,0.003102949262202337,0.003102949262202337,0.0
2010-02-19,-0.00020508446565892235,-0.00020508446565892235,0.0
2010-02-22,-0.00017606495679922674,-0.00017606495679922674,0.0
2010-02-23,-0.006138108691645883,-0.006138108691645883,0.0
2010-02-24,0.0030051648465556635,0.0030051648465556635,0.0
2010-02-25,-0.0017141015911099622,-0.0017141015911099622,0.0
2010-02-26,0.0036345782720956787,0.0036345782720956787,0.0
2010-03-01,0.0018913175994355047,0.0020484862241270108,0.314337249383178
2010-03-02,0.0033132890581042407,0.0033132890581042407,0.0
2010-03-03,0.002242420941493739,0.002242420941493739,0.0
2010-03-04,-0.0018757140704920294,-0.0018757140704920294,0.0
2010-03-05,0.003956388808748379,0.003956388808748379,0.0
2010-03-08,3.347981060741745e-05,3.347981060741745e-05,0.0
2010-03-09,0.0005396988044921169,0.0005396988044921169,0.0
2010-03-10,0.0005576620285927536,0.0005576620285927536,0.0
2010-03-11,0.0005165319244444522,0.0005165319244444522,0.0
2010-03-12,0.001041893628008328,0.001041893628008328,0.0
2010-03-15,-0.001987945187815421,-0.001987945187815421,0.0
2010-03-16,0.005308360338895035,0.005308360338895035,0.0
2010-03-17,0.002130563267810359,0.002130563267810359,0.0
2010-03-18,-0.002273826914929722,-0.002273826914929722,0.0
2010-03-19,-0.004672335694280716,-0.004672335694280716,0.0
2010-03-22,0.002518892943392581,0.002518892943392581,0.0
2010-03-23,0.0005216709655191387,0.0005216709655191387,0.0
2010-03-24,-0.007108580547738996,-0.007108580547738996,0.0
2010-03-25,-0.002093689729356085,-0.002093689729356085,0.0
2010-03-26,0.00297651418163003,0.00297651418163003,0.0
2010-03-29,0.004437429763203715,0.004437429763203715,0.0
2010-03-30,0.00015088530841445014,0.00015088530841445014,0.0
2010-03-31,-6.757987040872937e-05,-6.757987040872937e-05,0.0
2010-04-01,0.003933165140076467,0.0041138458751606155,0.36136147016851433
2010-04-05,0.0004494999859223636,0.0004494999859223636,0.0
2010-04-06,0.0016918984938461001,0.0016918984938461001,0.0
2010-04-07,-0.0005506654486530094,-0.0005506654486530094,0.0
2010-04-08,0.00043587966711355897,0.00043587966711355897,0.0
2010-04-09,0.003181306021715402,0.003181306021715402,0.0
2010-04-12,-9.759667042286146e-05,-9.759667042286146e-05,0.0
2010-04-13,0.0007586084029815865,0.0007586084029815865,0.0
2010-04-14,0.004012465562262424,0.004012465562262424,0.0
2010-04-15,-0.0003190410155359258,-0.0003190410155359258,0.0
2010-04-16,-0.005973501144508009,-0.005973501144508009,0.0
2010-04-19,-0.0018350168389215105,-0.0018350168389215105,0.0
2010-04-20,0.0022843856036973698,0.0022843856036973698,0.0
2010-04-21,0.0003213062297968694,0.0003213062297968694,0.0
2010-04-22,-0.0009718914710230564,-0.0009718914710230564,0.0
2010-04-23,0.003293182195950539,0.003293182195950539,0.0
2010-04-26,-0.00026685336646570246,-0.00026685336646570246,0.0
2010-04-27,-0.007404322337081881,-0.007404322337081881,0.0
2010-04-28,0.0010715205976608022,0.0010715205976608022,0.0
2010-04-29,0.005893055806262648,0.005893055806262648,0.0
2010-04-30,-0.0021475113508040433,-0.0021475113508040433,0.0
2010-05-03,0.001446998672065103,0.0015775814438594438,0.26116554358881705
2010-05-04,-0.010845139705283002,-0.010845139705283002,0.0
2010-05-05,-0.005023155267752877,-0.005023155267752877,0.0
2010-05-06,-0.007818565580135384,-0.007818565580135384,0.0
2010-05-07,-0.0017006545329502076,-0.0017006545329502076,0.0
2010-05-10,0.011923843285662539,0.011923843285662539,0.0
2010-05-11,-0.00037668016329250875,-0.00037668016329250875,0.0
2010-05-12,0.003598986892830558,0.003598986892830558,0.0
2010-05-13,-0.0031685554435918473,-0.0031685554435918473,0.0
2010-05-14,-0.005505903103613319,-0.005505903103613319,0.0
2010-05-17,-0.001895025253789151,-0.001895025253789151,0.0
2010-05-18,-0.004257335098440618,-0.004257335098440618,0.0
2010-05-19,-0.0022628630673616756,-0.0022628630673616756,0.0
2010-05-20,-0.00886283908299923,-0.00886283908299923,0.0
2010-05-21,0.00470533164940079,0.00470533164940079,0.0
2010-05-24,-0.0028652112715721323,-0.0028652112715721323,0.0
2010-05-25,-0.0016825906018982373,-0.0016825906018982373,0.0
2010-05-26,-0.0017868023123343013,-0.0017868023123343013,0.0
2010-05-27,0.010538253965486133,0.010538253965486133,0.0
2010-05-28,-0.0015842095801994471,-0.0015842095801994471,0.0
2010-06-01,-0.004246537487487045,-0.003992446877501554,0.508181219971121
2010-06-02,0.001973406919007603,0.001973406919007603,0.0
2010-06-03,-0.0011768382484874662,-0.0011768382484874662,0.0
2010-06-04,0.0010521903876128391,0.0010521903876128391,0.0
2010-06-07,9.356303312779701e-05,9.356303312779701e-05,0.0
2010-06-08,0.00022551289511807404,0.00022551289511807404,0.0
2010-06-09,-0.0007642962646322582,-0.0007642962646322582,0.0
2010-06-10,9.719687998321902e-05,9.719687998321902e-05,0.0
2010-06-11,0.002973570046306717,0.002973570046306717,0.0
2010-06-14,-0.001212024583364113,-0.001212024583364113,0.0
2010-06-15,0.0021247873492491465,0.0021247873492491465,0.0
2010-06-16,0.0006178306207924589,0.0006178306207924589,0.0
2010-06-17,0.0021368210483447836,0.0021368210483447836,0.0
2010-06-18,0.0005001946301903537,0.0005001946301903537,0.0
2010-06-21,0.0002553979644459581,0.0002553979644459581,0.0
2010-06-22,-0.0003090283521922643,-0.0003090283521922643,0.0
2010-06-23,0.0013325229885068346,0.0013325229885068346,0.0
2010-06-24,-0.003255943734425837,-0.003255943734425837,0.0
2010-06-25,0.0018744234454495246,0.0018744234454495246,0.0
2010-06-28,0.0010071017204575927,0.0010071017204575927,0.0
2010-06-29,-0.002532667369348207,-0.002532667369348207,0.0
2010-06-30,-0.0012301992188611388,-0.0012301992188611388,0.0
2010-07-01,-0.0024338304236609654,-0.0023782950142362536,0.11107081884947373
2010-07-02,-0.000877683349621905,-0.000877683349621905,0.0
2010-07-06,0.0005650180174578967,0.0005650180174578967,0.0
2010-07-07,0.0007541701843976067,0.0007541701843976067,0.0
2010-07-08,-0.000613582379176858,-0.000613582379176858,0.0
2010-07-09,0.0013490444622863418,0.0013490444622863418,0.0
2010-07-12,0.0002384423022625537,0.0002384423022625537,0.0
2010-07-13,-8.14326909603924e-05,-8.14326909603924e-05,0.0
2010-07-14,0.000741538771728445,0.000741538771728445,0.0
2010-07-15,-0.000713524614378902,-0.000713524614378902,0.0
2010-07-16,-0.0020391276255407043,-0.0020391276255407043,0.0
2010-07-19,4.193808905372798e-05,4.193808905372798e-05,0.0
2010-07-20,0.002621901339195487,0.002621901339195487,0.0
2010-07-21,0.001639171048855026,0.001639171048855026,0.0
2010-07-22,0.0010152875358069302,0.0010152875358069302,0.0
2010-07-23,-0.0003723937103005115,-0.0003723937103005115,0.0
2010-07-26,0.0008581263648157478,0.0008581263648157478,0.0
2010-07-27,-0.0017417650850625188,-0.0017417650850625188,0.0
2010-07-28,1.1665041504738127e-05,1.1665041504738127e-05,0.0
2010-07-29,-0.0007805565354795929,-0.0007805565354795929,0.0
2010-07-30,0.0018493799288530344,0.0018493799288530344,0.0
2010-08-02,-0.000422015015614452,-0.00032230360403540104,0.1994228231581657
2010-08-03,0.0007040816792811544,0.0007040816792811544,0.0
2010-08-04,0.00041748085975168436,0.00041748085975168436,0.0
2010-08-05,0.0007118854326908508,0.0007118854326908508,0.0
2010-08-06,0.00018013989976228828,0.00018013989976228828,0.0
2010-08-09,0.0004222599496874757,0.0004222599496874757,0.0
2010-08-10,0.0009010065040917503,0.0009010065040917503,0.0
2010-08-11,-0.0004961869226880466,-0.0004961869226880466,0.0
2010-08-12,-0.00030870734707522107,-0.00030870734707522107,0.0
2010-08-13,0.001310119670503207,0.001310119670503207,0.0
2010-08-16,0.0030717653729672723,0.0030717653729672723,0.0
2010-08-17,0.00026964264941664595,0.00026964264941664595,0.0
2010-08-18,0.0003277082539445697,0.0003277082539445697,0.0
2010-08-19,-0.00033455596958076317,-0.00033455596958076317,0.0
2010-08-20,-0.00013304438840944233,-0.00013304438840944233,0.0
2010-08-23,0.0004934870651558398,0.0004934870651558398,0.0
2010-08-24,0.0007311552789213138,0.0007311552789213138,0.0
2010-08-25,0.0001189143464972453,0.0001189143464972453,0.0
2010-08-26,0.0004430088751896655,0.0004430088751896655,0.0
2010-08-27,-0.0016962936443872811,-0.0016962936443872811,0.0
2010-08-30,0.0021018867369213545,0.0021018867369213545,0.0
2010-08-31,0.0022951373579211953,0.0022951373579211953,0.0
2010-09-01,-0.0003467014480886821,-0.00016629674979495856,0.3608093965876823
2010-09-02,0.0004440413513719932,0.0004440413513719932,0.0
2010-09-03,-0.0011787278747004137,-0.0011787278747004137,0.0
2010-09-07,0.0032024246839541526,0.0032024246839541526,0.0
2010-09-08,-0.0005530230665776736,-0.0005530230665776736,0.0
2010-09-09,-0.0025584480308599167,-0.0025584480308599167,0.0
2010-09-10,-3.9038511803979326e-05,-3.9038511803979326e-05,0.0
2010-09-13,0.0030741549639310417,0.0030741549639310417,0.0
2010-09-14,0.0013977205705162365,0.0013977205705162365,0.0
2010-09-15,-0.0014241679522007944,-0.0014241679522007944,0.0
2010-09-16,-0.0007538054894058455,-0.0007538054894058455,0.0
2010-09-17,0.0010076487991694805,0.0010076487991694805,0.0
2010-09-20,0.0026096686388634716,0.0026096686388634716,0.0
2010-09-21,0.002899947395602842,0.002899947395602842,0.0
2010-09-22,-0.0005363086732566025,-0.0005363086732566025,0.0
2010-09-23,8.228818957767281e-05,8.228818957767281e-05,0.0
2010-09-24,-0.00038327061886378466,-0.00038327061886378466,0.0
2010-09-27,0.001249813887801654,0.001249813887801654,0.0
2010-09-28,0.0020921015140131782,0.0020921015140131782,0.0
2010-09-29,-0.0002744309874885831,-0.0002744309874885831,0.0
2010-09-30,0.0007905101904404077,0.0007905101904404077,0.0
2010-10-01,-0.0003798473142906378,-0.00026145553424961054,0.2367835600820382
2010-10-04,-0.0011688417881371427,-0.0011688417881371427,0.0
2010-10-05,0.007375814178613549,0.007375814178613549,0.0
2010-10-06,0.0016605134009288758,0.0016605134009288758,0.0
2010-10-07,-0.0008157466303477801,-0.0008157466303477801,0.0
2010-10-08,0.005871961719186025,0.005871961719186025,0.0
2010-10-11,0.0008254136142875623,0.0008254136142875623,0.0
2010-10-12,-0.0007052510190218575,-0.0007052510190218575,0.0
2010-10-13,0.004101344494480408,0.004101344494480408,0.0
2010-10-14,-0.001095072474852743,-0.001095072474852743,0.0
2010-10-15,-0.0012865424848352847,-0.0012865424848352847,0.0
2010-10-18,0.0022270759312155164,0.0022270759312155164,0.0
2010-10-19,-0.004492326768210875,-0.004492326768210875,0.0
2010-10-20,0.003854679703273911,0.003854679703273911,0.0
2010-10-21,-0.003061062115140678,-0.003061062115140678,0.0
2010-10-22,0.0009839627139505147,0.0009839627139505147,0.0
2010-10-25,0.003168619348179691,0.003168619348179691,0.0
2010-10-26,-0.001419562557808951,-0.001419562557808951,0.0
2010-10-27,-0.003476313200832859,-0.003476313200832859,0.0
2010-10-28,0.0024558693454572733,0.0024558693454572733,0.0
2010-10-29,0.0026536838826367593,0.0026536838826367593,0.0
2010-11-01,-0.000358746156477463,-0.00024331966378798864,0.23085298537897023
2010-11-02,0.003952980378768789,0.003952980378768789,0.0
2010-11-03,0.00039295634277713987,0.00039295634277713987,0.0
2010-11-04,0.010384916555526758,0.010384916555526758,0.0
2010-11-05,-0.001040822912931394,-0.001040822912931394,0.0
2010-11-08,0.000868702175863767,0.000868702175863767,0.0
2010-11-09,-0.007587587165116316,-0.007587587165116316,0.0
2010-11-10,0.0017178038421472586,0.0017178038421472586,0.0
2010-11-11,-0.0030790053764823133,-0.0030790053764823133,0.0
2010-11-12,-0.008663439491613079,-0.008663439491613079,0.0
2010-11-15,-0.004795698773734536,-0.004795698773734536,0.0
2010-11-16,-0.005424354635751194,-0.005424354635751194,0.0
2010-11-17,0.0016317804303653816,0.0016317804303653816,0.0
2010-11-18,0.007847694591540888,0.007847694591540888,0.0
2010-11-19,0.0001409207513427546,0.0001409207513427546,0.0
2010-11-22,0.001502621163007145,0.001502621163007145,0.0
2010-11-23,-0.004504548022160937,-0.004504548022160937,0.0
2010-11-24,0.0015388506852156425,0.0015388506852156425,0.0
2010-11-26,-0.0031602250071935956,-0.0031602250071935956,0.0
2010-11-29,0.0014806351025613562,0.0014806351025613562,0.0
2010-11-30,0.0003727097845607208,0.0003727097845607208,0.0
2010-12-01,0.0028827083188520675,0.0030141566843322476,0.26289673096036725
2010-12-02,0.0022227290083007833,0.0022227290083007833,0.0
2010-12-03,0.0018276296620856058,0.0018276296620856058,0.0
2010-12-06,0.002541051186605081,0.002541051186605081,0.0
2010-12-07,-0.0049570645693223225,-0.0049570645693223225,0.0
2010-12-08,-0.003711089740451645,-0.003711089740451645,0.0
2010-12-09,0.0004429519076742938,0.0004429519076742938,0.0
2010-12-10,-0.0003251481774719789,-0.0003251481774719789,0.0
2010-12-13,0.002243181595615873,0.002243181595615873,0.0
2010-12-14,-0.002002846441374495,-0.002002846441374495,0.0
2010-12-15,-0.0035072237130852058,-0.0035072237130852058,0.0
2010-12-16,0.0023161126778075136,0.0023161126778075136,0.0
2010-12-17,0.0036212854624382285,0.0036212854624382285,0.0
2010-12-20,0.0011558874139609987,0.0011558874139609987,0.0
2010-12-21,0.003195131432247811,0.003195131432247811,0.0
2010-12-22,0.0004080210918044891,0.0004080210918044891,0.0
2010-12-23,-0.0014003766120128658,-0.0014003766120128658,0.0
2010-12-27,0.0011854512233770986,0.0011854512233770986,0.0
2010-12-28,-0.0009417580551123184,-0.0009417580551123184,0.0
2010-12-29,0.004994034078960485,0.004994034078960485,0.0
2010-12-30,-0.0010590836684719607,-0.0010590836684719607,0.0
2010-12-31,0.00260185690150716,0.00260185690150716,0.0
2011-01-03,0.002074683079241302,0.002193800504650678,0.23823485081857934
2011-01-04,-0.001346263014622484,-0.001346263014622484,0.0
2011-01-05,-0.002653942770164064,-0.002653942770164064,0.0
2011-01-06,-0.0004489418324997718,-0.0004489418324997718,0.0
2011-01-07,0.0005276608374011893,0.0005276608374011893,0.0
2011-01-10,0.00094437590064822,0.00094437590064822,0.0
2011-01-11,0.0012198386679871387,0.0012198386679871387,0.0
2011-01-12,0.0034401482351056334,0.0034401482351056334,0.0
2011-01-13,7.381914927684363e-05,7.381914927684363e-05,0.0
2011-01-14,-0.00012881419070642774,-0.00012881419070642774,0.0
2011-01-18,0.0009726470096351747,0.0009726470096351747,0.0
2011-01-19,-0.0017746112591463525,-0.0017746112591463525,0.0
2011-01-20,-0.005177977376523146,-0.005177977376523146,0.0
2011-01-21,0.0003697516696088421,0.0003697516696088421,0.0
2011-01-24,0.001736429821831198,0.001736429821831198,0.0
2011-01-25,0.0014222185940793164,0.0014222185940793164,0.0
2011-01-26,0.0012572433146298412,0.0012572433146298412,0.0
2011-01-27,0.00015076296311700155,0.00015076296311700155,0.0
2011-01-28,-0.0039953330035424894,-0.0039953330035424894,0.0
2011-01-31,0.0017416771990714786,0.0017416771990714786,0.0
2011-02-01,0.0042360326497463685,0.00427943524363994,0.08680518778733279
2011-02-02,-0.0007403145448183768,-0.0007403145448183768,0.0
2011-02-03,-0.0006114721549704827,-0.0006114721549704827,0.0
2011-02-04,-0.002054575581884266,-0.002054575581884266,0.0
2011-02-07,0.00045165756487008935,0.00045165756487008935,0.0
2011-02-08,0.0006819643058897373,0.0006819643058897373,0.0
2011-02-09,-0.0010392407874336707,-0.0010392407874336707,0.0
2011-02-10,-0.0019707094489841426,-0.0019707094489841426,0.0
2011-02-11,0.0024516613067908644,0.0024516613067908644,0.0
2011-02-14,0.0016664843168077148,0.0016664843168077148,0.0
2011-02-15,-0.001119501395869693,-0.001119501395869693,0.0
2011-02-16,0.002363475942551041,0.002363475942551041,0.0
2011-02-17,0.003533224060051854,0.003533224060051854,0.0
2011-02-18,0.001518251480838284,0.001518251480838284,0.0
2011-02-22,-0.00398901050126832,-0.00398901050126832,0.0
2011-02-23,0.0009420750558435387,0.0009420750558435387,0.0
2011-02-24,-0.00019584493523716606,-0.00019584493523716606,0.0
2011-02-25,0.006366742013615756,0.006366742013615756,0.0
2011-02-28,0.002618861321952215,0.002618861321952215,0.0
2011-03-01,-0.0026085187038035196,-0.0024930204862678718,0.23099643507120884
2011-03-02,0.0008769884588282206,0.0008769884588282206,0.0
2011-03-03,0.0029214928210454794,0.0029214928210454794,0.0
2011-03-04,0.0019780479172784027,0.0019780479172784027,0.0
2011-03-07,-0.003901079052634482,-0.003901079052634482,0.0
2011-03-08,0.0009521490325603565,0.0009521490325603565,0.0
2011-03-09,0.00060782727786024,0.00060782727786024,0.0
2011-03-10,-0.007629439416152128,-0.007629439416152128,0.0
2011-03-11,0.0013952292707499758,0.0013952292707499758,0.0
2011-03-14,-0.002443615579167835,-0.002443615579167835,0.0
2011-03-15,-0.006888006271509872,-0.006888006271509872,0.0
2011-03-16,-0.003977274989131141,-0.003977274989131141,0.0
2011-03-17,0.00859541046878376,0.00859541046878376,0.0
2011-03-18,0.003197177644745919,0.003197177644745919,0.0
2011-03-21,0.005529885150929115,0.005529885150929115,0.0
2011-03-22,0.000420778873235772,0.000420778873235772,0.0
2011-03-23,0.00022974608654902084,0.00022974608654902084,0.0
2011-03-24,0.0017854768491785133,0.0017854768491785133,0.0
2011-03-25,-0.001733102251747276,-0.001733102251747276,0.0
2011-03-28,-0.002345549869707808,-0.002345549869707808,0.0
2011-03-29,0.0008364920675709708,0.0008364920675709708,0.0
2011-03-30,0.004344390689559274,0.004344390689559274,0.0
2011-03-31,0.0016655713439102104,0.0016655713439102104,0.0
2011-04-01,0.002636695201577055,0.002730115836863778,0.18684127057317815
2011-04-04,0.0031099384665855823,0.0031099384665855823,0.0
2011-04-05,-0.0005405267415833359,-0.0005405267415833359,0.0
2011-04-06,-0.00018668940898181052,-0.00018668940898181052,0.0
2011-04-07,0.0003126284664209944,0.0003126284664209944,0.0
2011-04-08,0.001676677907675339,0.001676677907675339,0.0
2011-04-11,-0.0027892551681952815,-0.0027892551681952815,0.0
2011-04-12,-0.0013645796103324281,-0.0013645796103324281,0.0
2011-04-13,0.0023577214225714016,0.0023577214225714016,0.0
2011-04-14,0.0012723247358426004,0.0012723247358426004,0.0
2011-04-15,0.004233282113797587,0.004233282113797587,0.0
2011-04-18,-0.003636577747475056,-0.003636577747475056,0.0
2011-04-19,0.003453360779175574,0.003453360779175574,0.0
2011-04-20,0.005718275796720906,0.005718275796720906,0.0
2011-04-21,0.00298867062629693,0.00298867062629693,0.0
2011-04-25,0.00041000444982475237,0.00041000444982475237,0.0
2011-04-26,0.0027084814226141507,0.0027084814226141507,0.0
2011-04-27,0.0025124729566525783,0.0025124729566525783,0.0
2011-04-28,0.0008979717432415768,0.0008979717432415768,0.0
2011-04-29,0.002326219324972234,0.002326219324972234,0.0
2011-05-02,-0.0028315952224938767,-0.002785122225928527,0.09294599313067482
2011-05-03,-0.0029534921346944243,-0.0029534921346944243,0.0
2011-05-04,-0.003597917912428694,-0.003597917912428694,0.0
2011-05-05,-0.008794764761800633,-0.008794764761800633,0.0
2011-05-06,0.0006030557464031805,0.0006030557464031805,0.0
2011-05-09,0.005126758842847856,0.005126758842847856,0.0
2011-05-10,0.00155782468970167,0.00155782468970167,0.0
2011-05-11,-0.007367840604526665,-0.007367840604526665,0.0
2011-05-12,9.254044204465295e-05,9.254044204465295e-05,0.0
2011-05-13,-0.0033279286310246015,-0.0033279286310246015,0.0
2011-05-16,-0.0010255430107602992,-0.0010255430107602992,0.0
2011-05-17,0.0015658956552331293,0.0015658956552331293,0.0
2011-05-18,0.0027962691683278695,0.0027962691683278695,0.0
2011-05-19,-0.00013747474753900146,-0.00013747474753900146,0.0
2011-05-20,-0.001968082370658042,-0.001968082370658042,0.0
2011-05-23,-0.005556378967604747,-0.005556378967604747,0.0
2011-05-24,0.0030873393438553,0.0030873393438553,0.0
2011-05-25,0.0021028029954399674,0.0021028029954399674,0.0
2011-05-26,0.004237183093112273,0.004237183093112273,0.0
2011-05-27,0.0041044833371042255,0.0041044833371042255,0.0
2011-05-31,0.004527946545496375,0.004527946545496375,0.0
2011-06-01,-0.004403040765996624,-0.004314388512585254,0.17730450682273252
2011-06-02,-0.0013020664788546688,-0.0013020664788546688,0.0
2011-06-03,0.0005980077849376819,0.0005980077849376819,0.0
2011-06-06,-0.0046866783453846095,-0.0046866783453846095,0.0
2011-06-07,0.0032108632202576537,0.0032108632202576537,0.0
2011-06-08,-0.0012013659731917592,-0.0012013659731917592,0.0
2011-06-09,-0.0003656264142990473,-0.0003656264142990473,0.0
2011-06-10,-0.006347705452588115,-0.006347705452588115,0.0
2011-06-13,-0.0009744827799411659,-0.0009744827799411659,0.0
2011-06-14,0.002351751571161964,0.002351751571161964,0.0
2011-06-15,-0.004565761610990204,-0.004565761610990204,0.0
2011-06-16,-0.0018318760850353222,-0.0018318760850353222,0.0
2011-06-17,0.0025485693026245926,0.0025485693026245926,0.0
2011-06-20,0.0011062632221021662,0.0011062632221021662,0.0
2011-06-21,0.005353540655746558,0.005353540655746558,0.0
2011-06-22,-0.002926646119997822,-0.002926646119997822,0.0
2011-06-23,-0.0005928154413310516,-0.0005928154413310516,0.0
2011-06-24,-0.002269842887855811,-0.002269842887855811,0.0
2011-06-27,0.00011080286103370973,0.00011080286103370973,0.0
2011-06-28,0.0017723476214515088,0.0017723476214515088,0.0
2011-06-29,0.0035211529596750335,0.0035211529596750335,0.0
2011-06-30,0.0018230358525919144,0.0018230358525919144,0.0
2011-07-01,0.0034608379507430342,0.0035574905093551656,0.1933051172241556
2011-07-05,0.002618517384998409,0.002618517384998409,0.0
2011-07-06,0.00012698373426478504,0.00012698373426478504,0.0
2011-07-07,0.003124353003524316,0.003124353003524316,0.0
2011-07-08,-0.00010717524844694459,-0.00010717524844694459,0.0
2011-07-11,-0.005666566278648699,-0.005666566278648699,0.0
2011-07-12,0.0007107672168646939,0.0007107672168646939,0.0
2011-07-13,0.005934371486832957,0.005934371486832957,0.0
2011-07-14,-0.00429946993649577,-0.00429946993649577,0.0
2011-07-15,0.0031837385266739737,0.0031837385266739737,0.0
2011-07-18,-0.002354027422586946,-0.002354027422586946,0.0
2011-07-19,0.004188417275377443,0.004188417275377443,0.0
2011-07-20,0.0013320824601315007,0.0013320824601315007,0.0
2011-07-21,0.002794041172450523,0.002794041172450523,0.0
2011-07-22,0.0024776731109110717,0.0024776731109110717,0.0
2011-07-25,-0.0018114427001807432,-0.0018114427001807432,0.0
2011-07-26,0.0030056312325963397,0.0030056312325963397,0.0
2011-07-27,-0.007481678306540118,-0.007481678306540118,0.0
2011-07-28,0.000459064783325136,0.000459064783325136,0.0
2011-07-29,0.0035655714435320895,0.0035655714435320895,0.0
2011-08-01,-0.0010104996277460199,-0.0009342675279987445,0.1524641994943415
2011-08-02,-0.0018077199254490361,-0.0018077199254490361,0.0
2011-08-03,-0.0004253906096250981,-0.0004253906096250981,0.0
2011-08-04,-0.014775591223305629,-0.014775591223305629,0.0
2011-08-05,-0.003002595269799291,-0.003002595269799291,0.0
2011-08-08,-0.014895645734615215,-0.014895645734615215,0.0
2011-08-09,0.01642550472874449,0.01642550472874449,0.0
2011-08-10,-0.004126153578114966,-0.004126153578114966,0.0
2011-08-11,0.004107518993487602,0.004107518993487602,0.0
2011-08-12,0.0029295964388322826,0.0029295964388322826,0.0
2011-08-15,0.0068792808262052585,0.0068792808262052585,0.0
2011-08-16,-0.00024918055924894045,-0.00024918055924894045,0.0
2011-08-17,0.003980375862662644,0.003980375862662644,0.0
2011-08-18,-0.010317103930075566,-0.010317103930075566,0.0
2011-08-19,-0.0007070243264492015,-0.0007070243264492015,0.0
2011-08-22,0.0007428884089870635,0.0007428884089870635,0.0
2011-08-23,0.003413349485378747,0.003413349485378747,0.0
2011-08-24,-0.006662100413927563,-0.006662100413927563,0.0
2011-08-25,-0.0015414664258021071,-0.0015414664258021071,0.0
2011-08-26,0.007789329478975482,0.007789329478975482,0.0
2011-08-29,0.004472378283737477,0.004472378283737477,0.0
2011-08-30,0.00402253549622178,0.00402253549622178,0.0
2011-08-31,0.0016162753877360103,0.0016162753877360103,0.0
2011-09-01,-0.00036341399445460887,-0.00019968418231530727,0.32745962427880826
2011-09-02,0.0004192870148054251,0.0004192870148054251,0.0
2011-09-06,-0.0033692927817695617,-0.0033692927817695617,0.0
2011-09-07,0.0020269143691347136,0.0020269143691347136,0.0
2011-09-08,-0.0006835981242463429,-0.0006835981242463429,0.0
2011-09-09,-0.003382934260589332,-0.003382934260589332,0.0
2011-09-12,-0.0009351411423773603,-0.0009351411423773603,0.0
2011-09-13,0.0012652600631646305,0.0012652600631646305,0.0
2011-09-14,0.0008953923894592375,0.0008953923894592375,0.0
2011-09-15,0.00046386144990773204,0.00046386144990773204,0.0
2011-09-16,1.3090789512171241e-05,1.3090789512171241e-05,0.0
2011-09-19,-0.001175980597366899,-0.001175980597366899,0.0
2011-09-20,0.0004099880464452088,0.0004099880464452088,0.0
2011-09-21,-0.003240879462568569,-0.003240879462568569,0.0
2011-09-22,-0.004384840477688501,-0.004384840477688501,0.0
2011-09-23,-0.003630642995886779,-0.003630642995886779,0.0
2011-09-26,0.0005617154671244684,0.0005617154671244684,0.0
2011-09-27,0.0016849499396787149,0.0016849499396787149,0.0
2011-09-28,-0.004307927118332611,-0.004307927118332611,0.0
2011-09-29,0.0023226490891234963,0.0023226490891234963,0.0
2011-09-30,-0.004324857114695324,-0.004324857114695324,0.0
2011-10-03,0.00205202100137325,0.0022425727182122657,0.3811034336783228
2011-10-04,-0.0019529409389132946,-0.0019529409389132946,0.0
2011-10-05,-0.0007606945712250734,-0.0007606945712250734,0.0
2011-10-06,-0.0017150496671051174,-0.0017150496671051174,0.0
2011-10-07,-0.0010494031243210022,-0.0010494031243210022,0.0
2011-10-10,-0.0026275590446983577,-0.0026275590446983577,0.0
2011-10-11,0.0007598966597610612,0.0007598966597610612,0.0
2011-10-12,-0.0027531339227069296,-0.0027531339227069296,0.0
2011-10-13,0.0015346560927427255,0.0015346560927427255,0.0
2011-10-14,-0.00047527495065591285,-0.00047527495065591285,0.0
2011-10-17,0.002254306296981312,0.002254306296981312,0.0
2011-10-18,-0.0008751758266438703,-0.0008751758266438703,0.0
2011-10-19,0.0005875883238366519,0.0005875883238366519,0.0
2011-10-20,0.00030364693246198726,0.00030364693246198726,0.0
2011-10-21,-0.0007977039050151014,-0.0007977039050151014,0.0
2011-10-24,-0.0020497977524286393,-0.0020497977524286393,0.0
2011-10-25,0.0037201983805132954,0.0037201983805132954,0.0
2011-10-26,-0.002514442044931342,-0.002514442044931342,0.0
2011-10-27,-0.0037958253468732828,-0.0037958253468732828,0.0
2011-10-28,0.0012494037509225286,0.0012494037509225286,0.0
2011-10-31,0.002785066929485769,0.002785066929485769,0.0
2011-11-01,0.0026635642422427885,0.0027679202601218478,0.2087120357580862
2011-11-02,0.0003635913139077296,0.0003635913139077296,0.0
2011-11-03,0.00048233737873037974,0.00048233737873037974,0.0
2011-11-04,0.00014897129845681256,0.00014897129845681256,0.0
2011-11-07,0.0004679768705433407,0.0004679768705433407,0.0
2011-11-08,-0.0007528447619908896,-0.0007528447619908896,0.0
2011-11-09,-0.0004997600024866378,-0.0004997600024866378,0.0
2011-11-10,-0.0009549039914478197,-0.0009549039914478197,0.0
2011-11-11,0.00029968846139949434,0.00029968846139949434,0.0
2011-11-14,0.00044761856039787773,0.00044761856039787773,0.0
2011-11-15,-1.509599116500393e-05,-1.509599116500393e-05,0.0
2011-11-16,-0.0005949942406794362,-0.0005949942406794362,0.0
2011-11-17,-0.0016036525107583355,-0.0016036525107583355,0.0
2011-11-18,-0.00027254611107285776,-0.00027254611107285776,0.0
2011-11-21,-0.0006260790238094005,-0.0006260790238094005,0.0
2011-11-22,0.0004345951571600448,0.0004345951571600448,0.0
2011-11-23,-0.0005732083568207313,-0.0005732083568207313,0.0
2011-11-25,-0.0016746835067608101,-0.0016746835067608101,0.0
2011-11-28,0.000690294102357436,0.000690294102357436,0.0
2011-11-29,0.00016948657940263345,0.00016948657940263345,0.0
2011-11-30,0.0005029966178395906,0.0005029966178395906,0.0
2011-12-01,-3.915907507034966e-06,0.0001449496102663428,0.29773103554681524
2011-12-02,0.0013314877638850309,0.0013314877638850309,0.0
2011-12-05,0.0003215258852291569,0.0003215258852291569,0.0
2011-12-06,5.8814609483315294e-05,5.8814609483315294e-05,0.0
2011-12-07,0.0008288893853669599,0.0008288893853669599,0.0
2011-12-08,-0.0007757648181793142,-0.0007757648181793142,0.0
2011-12-09,-0.00023368870031936773,-0.00023368870031936773,0.0
2011-12-12,-0.0007151915271598197,-0.0007151915271598197,0.0
2011-12-13,-0.0005823534741768999,-0.0005823534741768999,0.0
2011-12-14,-0.0013001948956330445,-0.0013001948956330445,0.0
2011-12-15,0.00018228761315142172,0.00018228761315142172,0.0
2011-12-16,0.002551373816258362,0.002551373816258362,0.0
2011-12-19,0.00015026491045300183,0.00015026491045300183,0.0
2011-12-20,0.0006221275763429457,0.0006221275763429457,0.0
2011-12-21,-0.0010649517797433061,-0.0010649517797433061,0.0
2011-12-22,0.00018495867130807753,0.00018495867130807753,0.0
2011-12-23,-0.00024291373828755347,-0.00024291373828755347,0.0
2011-12-27,0.0007139113006169318,0.0007139113006169318,0.0
2011-12-28,-0.0006268590285254394,-0.0006268590285254394,0.0
2011-12-29,0.0005111846845329282,0.0005111846845329282,0.0
2011-12-30,0.0008297442209272976,0.0008297442209272976,0.0
2012-01-03,-0.000599607384804246,-0.0004276675462955293,0.3438796770172224
2012-01-04,0.00018274999938294734,0.00018274999938294734,0.0
2012-01-05,0.0014819228830273978,0.0014819228830273978,0.0
2012-01-06,0.0017515946088866308,0.0017515946088866308,0.0
2012-01-09,-0.0011234175293548532,-0.0011234175293548532,0.0
2012-01-10,-0.0015515674567447846,-0.0015515674567447846,0.0
2012-01-11,0.001397104177925268,0.001397104177925268,0.0
2012-01-12,0.0007402216625653768,0.0007402216625653768,0.0
2012-01-13,0.0015690712920233274,0.0015690712920233274,0.0
2012-01-17,-0.00026976262486677616,-0.00026976262486677616,0.0
2012-01-18,-0.0015001797075437917,-0.0015001797075437917,0.0
2012-01-19,-0.0018223450347789605,-0.0018223450347789605,0.0
2012-01-20,-0.0008317853431012434,-0.0008317853431012434,0.0
2012-01-23,-0.0012352684747828357,-0.0012352684747828357,0.0
2012-01-24,-0.0002539442951238202,-0.0002539442951238202,0.0
2012-01-25,0.0010140709980481777,0.0010140709980481777,0.0
2012-01-26,0.0021930058117136664,0.0021930058117136664,0.0
2012-01-27,0.0008144388762660881,0.0008144388762660881,0.0
2012-01-30,0.002120899299236534,0.002120899299236534,0.0
2012-01-31,0.0010375072711290567,0.0010375072711290567,0.0
2012-02-01,-0.0015727367515265822,-0.001345000143618158,0.4554732158169511
2012-02-02,0.0007081965041724203,0.0007081965041724203,0.0
2012-02-03,-0.003084950345683346,-0.003084950345683346,0.0
2012-02-06,0.0009713379370979158,0.0009713379370979158,0.0
2012-02-07,-0.0017329111308724832,-0.0017329111308724832,0.0
2012-02-08,-0.0007549478593418257,-0.0007549478593418257,0.0
2012-02-09,-0.002190196139946754,-0.002190196139946754,0.0
2012-02-10,0.002391511065995333,0.002391511065995333,0.0
2012-02-13,-0.000862579606744962,-0.000862579606744962,0.0
2012-02-14,-0.00011631066413841928,-0.00011631066413841928,0.0
2012-02-15,-0.000995852716095702,-0.000995852716095702,0.0
2012-02-16,-0.001997758769736402,-0.001997758769736402,0.0
2012-02-17,-0.001893257046013952,-0.001893257046013952,0.0
2012-02-21,-0.0013886387526685917,-0.0013886387526685917,0.0
2012-02-22,0.0008121773470211036,0.0008121773470211036,0.0
2012-02-23,0.0012995568349032371,0.0012995568349032371,0.0
2012-02-24,-0.001917831291722294,-0.001917831291722294,0.0
2012-02-27,0.0026855187274248404,0.0026855187274248404,0.0
2012-02-28,0.00024962772064496264,0.00024962772064496264,0.0
2012-02-29,-0.0028366609707399792,-0.0028366609707399792,0.0
2012-03-01,-0.001626538575441594,-0.0014703989705026066,0.3122792098778143
2012-03-02,0.00027111193076989615,0.00027111193076989615,0.0
2012-03-05,0.0007905277368958075,0.0007905277368958075,0.0
2012-03-06,0.0020788754695475475,0.0020788754695475475,0.0
2012-03-07,-4.097726898455445e-05,-4.097726898455445e-05,0.0
2012-03-08,-0.001963129327299251,-0.001963129327299251,0.0
2012-03-09,0.00045189576598714254,0.00045189576598714254,0.0
2012-03-12,0.0009349745906870321,0.0009349745906870321,0.0
2012-03-13,-0.0022094977472424393,-0.0022094977472424393,0.0
2012-03-14,-0.004183578732162019,-0.004183578732162019,0.0
2012-03-15,0.0001246339353835335,0.0001246339353835335,0.0
2012-03-16,0.0007336044553567511,0.0007336044553567511,0.0
2012-03-19,-0.0003167951568235905,-0.0003167951568235905,0.0
2012-03-20,0.0006891219958728989,0.0006891219958728989,0.0
2012-03-21,0.0021321389275252844,0.0021321389275252844,0.0
2012-03-22,0.0012401802028010334,0.0012401802028010334,0.0
2012-03-23,0.0009881224178585057,0.0009881224178585057,0.0
2012-03-26,0.0007194053520385157,0.0007194053520385157,0.0
2012-03-27,0.0017439766762865627,0.0017439766762865627,0.0
2012-03-28,0.0003433612256074081,0.0003433612256074081,0.0
2012-03-29,0.0021456578959428985,0.0021456578959428985,0.0
2012-03-30,-0.0030163159284608554,-0.0030163159284608554,0.0
2012-04-02,-0.0004462677874365051,-0.00015327726592784252,0.5859810430172165
2012-04-03,-0.0023560418436560093,-0.0023560418436560093,0.0
2012-04-04,0.0031227753466860353,0.0031227753466860353,0.0
2012-04-05,0.001017614193032701,0.001017614193032701,0.0
2012-04-09,0.0032845596462942606,0.0032845596462942606,0.0
2012-04-10,0.002950252459385183,0.002950252459385183,0.0
2012-04-11,-0.0008519418611109275,-0.0008519418611109275,0.0
2012-04-12,-0.0023352049723385226,-0.0023352049723385226,0.0
2012-04-13,0.0033632989803269453,0.0033632989803269453,0.0
2012-04-16,0.0007295466468038025,0.0007295466468038025,0.0
2012-04-17,0.00021582015584953318,0.00021582015584953318,0.0
2012-04-18,0.0010061855322580637,0.0010061855322580637,0.0
2012-04-19,-0.0011449449693767821,-0.0011449449693767821,0.0
2012-04-20,-0.0009813598880220598,-0.0009813598880220598,0.0
2012-04-23,0.0024737245727559642,0.0024737245727559642,0.0
2012-04-24,-0.0011042434210452035,-0.0011042434210452035,0.0
2012-04-25,0.0014652075045247237,0.0014652075045247237,0.0
2012-04-26,0.001264789527068766,0.001264789527068766,0.0
2012-04-27,-2.4911124447579702e-05,-2.4911124447579702e-05,0.0
2012-04-30,0.0004795596430127169,0.0004795596430127169,0.0
2012-05-01,-0.001612518208485958,-0.0015225781022982776,0.17988021237525603
2012-05-02,0.00328279641468443,0.00328279641468443,0.0
2012-05-03,0.0012420590573190005,0.0012420590573190005,0.0
2012-05-04,0.0038662744191901854,0.0038662744191901854,0.0
2012-05-07,0.0003968143250618894,0.0003968143250618894,0.0
2012-05-08,0.0028296916781824777,0.0028296916781824777,0.0
2012-05-09,0.001778060268476045,0.001778060268476045,0.0
2012-05-10,-0.001048220285598922,-0.001048220285598922,0.0
2012-05-11,0.00320230083606865,0.00320230083606865,0.0
2012-05-14,0.0036535873047025547,0.0036535873047025547,0.0
2012-05-15,0.0009869320010968963,0.0009869320010968963,0.0
2012-05-16,0.0001809714678304708,0.0001809714678304708,0.0
2012-05-17,-0.0006201265107314002,-0.0006201265107314002,0.0
2012-05-18,-0.00033503095822329243,-0.00033503095822329243,0.0
2012-05-21,-0.0010085918942683847,-0.0010085918942683847,0.0
2012-05-22,0.002111977846821045,0.002111977846821045,0.0
2012-05-23,0.003541557901748371,0.003541557901748371,0.0
2012-05-24,0.00012419276527131373,0.00012419276527131373,0.0
2012-05-25,0.0005427884083923917,0.0005427884083923917,0.0
2012-05-29,-0.0005011650102427767,-0.0005011650102427767,0.0
2012-05-30,0.005743617632844922,0.005743617632844922,0.0
2012-05-31,0.0015036703142556895,0.0015036703142556895,0.0
2012-06-01,0.00481661095670205,0.00486803983991102,0.1028577664179813
2012-06-04,-0.003281619267563207,-0.003281619267563207,0.0
2012-06-05,-0.0002394852693629046,-0.0002394852693629046,0.0
2012-06-06,-0.006161845160709389,-0.006161845160709389,0.0
2012-06-07,-7.916138138575057e-05,-7.916138138575057e-05,0.0
2012-06-08,0.003223509786163259,0.003223509786163259,0.0
2012-06-11,0.0020147088397668433,0.0020147088397668433,0.0
2012-06-12,-0.0032783901353073963,-0.0032783901353073963,0.0
2012-06-13,0.0015033729473561408,0.0015033729473561408,0.0
2012-06-14,-0.0010424928630019537,-0.0010424928630019537,0.0
2012-06-15,0.0007197320344571878,0.0007197320344571878,0.0
2012-06-18,0.00041749810363711504,0.00041749810363711504,0.0
2012-06-19,-0.004306344651728855,-0.004306344651728855,0.0
2012-06-20,0.0009993242089221255,0.0009993242089221255,0.0
2012-06-21,0.004459256585610527,0.004459256585610527,0.0
2012-06-22,-0.0016825988287409999,-0.0016825988287409999,0.0
2012-06-25,0.0029428672369922193,0.0029428672369922193,0.0
2012-06-26,-0.00182763401739916,-0.00182763401739916,0.0
2012-06-27,-0.0005358351663011796,-0.0005358351663011796,0.0
2012-06-28,0.0013292054850699841,0.0013292054850699841,0.0
2012-06-29,-0.008666785017248158,-0.008666785017248158,0.0
2012-07-02,0.0020554012986522263,0.0022940817279710757,0.4773608586378673
2012-07-03,-0.0037921906950941775,-0.0037921906950941775,0.0
2012-07-05,0.0034706756597135957,0.0034706756597135957,0.0
2012-07-06,0.004811578742134337,0.004811578742134337,0.0
2012-07-09,-0.00042871558495871653,-0.00042871558495871653,0.0
2012-07-10,0.002310183931655052,0.002310183931655052,0.0
2012-07-11,-0.0005749766551556013,-0.0005749766551556013,0.0
2012-07-12,0.0028502245705486207,0.0028502245705486207,0.0
2012-07-13,-0.0012278179439428882,-0.0012278179439428882,0.0
2012-07-16,0.00030966215641514694,0.00030966215641514694,0.0
2012-07-17,-0.0011512631959508246,-0.0011512631959508246,0.0
2012-07-18,0.0005734994961830164,0.0005734994961830164,0.0
2012-07-19,-0.0012796213478795115,-0.0012796213478795115,0.0
2012-07-20,0.003490304864200988,0.003490304864200988,0.0
2012-07-23,0.003308792741419042,0.003308792741419042,0.0
2012-07-24,0.001822311974944757,0.001822311974944757,0.0
2012-07-25,-0.0012517633215166635,-0.0012517633215166635,0.0
2012-07-26,-0.002471538328323253,-0.002471538328323253,0.0
2012-07-27,-0.005169233705841103,-0.005169233705841103,0.0
2012-07-30,0.0017451254728555465,0.0017451254728555465,0.0
2012-07-31,0.002205058196485865,0.002205058196485865,0.0
2012-08-01,-0.0007873982308743699,-0.0006493167626592244,0.2761629364302877
2012-08-02,0.0020379467663693696,0.0020379467663693696,0.0
2012-08-03,-0.005061459494237419,-0.005061459494237419,0.0
2012-08-06,-0.0008860601967567439,-0.0008860601967567439,0.0
2012-08-07,-0.0025409070198449957,-0.0025409070198449957,0.0
2012-08-08,-0.0016795815301247075,-0.0016795815301247075,0.0
2012-08-09,-0.0003536649901743072,-0.0003536649901743072,0.0
2012-08-10,0.0006733271181083023,0.0006733271181083023,0.0
2012-08-13,0.0011669096912860777,0.0011669096912860777,0.0
2012-08-14,-0.0015427384685022805,-0.0015427384685022805,0.0
2012-08-15,-0.002154063729421618,-0.002154063729421618,0.0
2012-08-16,-0.0015901533274037538,-0.0015901533274037538,0.0
2012-08-17,0.001006974276353878,0.001006974276353878,0.0
2012-08-20,-0.0007913380094087819,-0.0007913380094087819,0.0
2012-08-21,-0.0014047584542649094,-0.0014047584542649094,0.0
2012-08-22,0.0013435306908415878,0.0013435306908415878,0.0
2012-08-23,0.00041729383475463955,0.00041729383475463955,0.0
2012-08-24,0.0013514781046215507,0.0013514781046215507,0.0
2012-08-27,0.0018783272540354723,0.0018783272540354723,0.0
2012-08-28,-6.438020740462402e-05,-6.438020740462402e-05,0.0
2012-08-29,0.00031574692416413974,0.00031574692416413974,0.0
2012-08-30,0.00135625483747992,0.00135625483747992,0.0
2012-08-31,-0.0001239010985926159,-0.0001239010985926159,0.0
2012-09-04,0.00043618002967571456,0.0005248552163874542,0.17735037342335824
2012-09-05,0.0005256225700780437,0.0005256225700780437,0.0
2012-09-06,-0.001647389921480391,-0.001647389921480391,0.0
2012-09-07,-0.003505485024943078,-0.003505485024943078,0.0
2012-09-10,0.0005892519980963407,0.0005892519980963407,0.0
2012-09-11,-0.0013160088915094015,-0.0013160088915094015,0.0
2012-09-12,-0.0018489220426496367,-0.0018489220426496367,0.0
2012-09-13,-0.0003112828103708498,-0.0003112828103708498,0.0
2012-09-14,-0.002939125559031308,-0.002939125559031308,0.0
2012-09-17,0.003476209195760749,0.003476209195760749,0.0
2012-09-18,0.00039602731136900715,0.00039602731136900715,0.0
2012-09-19,-0.0008350501633094254,-0.0008350501633094254,0.0
2012-09-20,4.899105575661977e-05,4.899105575661977e-05,0.0
2012-09-21,-0.0003367406604304346,-0.0003367406604304346,0.0
2012-09-24,0.0011634368488029345,0.0011634368488029345,0.0
2012-09-25,-0.0005445408823027131,-0.0005445408823027131,0.0
2012-09-26,0.001740006412832562,0.001740006412832562,0.0
2012-09-27,-0.0007527630044934508,-0.0007527630044934508,0.0
2012-09-28,0.0007131332921495037,0.0007131332921495037,0.0
2012-10-01,-0.001019837071628782,-0.0007719131384658073,0.49584786632577676
2012-10-02,0.0005485759397800827,0.0005485759397800827,0.0
2012-10-03,-0.00032624355628096957,-0.00032624355628096957,0.0
2012-10-04,0.0025008683824936373,0.0025008683824936373,0.0
2012-10-05,-0.002283080952168337,-0.002283080952168337,0.0
2012-10-08,-0.00064174700274644,-0.00064174700274644,0.0
2012-10-09,-0.0019464695373471175,-0.0019464695373471175,0.0
2012-10-10,-0.00016103916312859567,-0.00016103916312859567,0.0
2012-10-11,0.0023312016448684414,0.0023312016448684414,0.0
2012-10-12,-0.0007572971033735776,-0.0007572971033735776,0.0
2012-10-15,0.0014527978481413406,0.0014527978481413406,0.0
2012-10-16,0.0010116850476789008,0.0010116850476789008,0.0
2012-10-17,-0.000701189987434625,-0.000701189987434625,0.0
2012-10-18,-0.0013218469713374148,-0.0013218469713374148,0.0
2012-10-19,-0.003816006231115665,-0.003816006231115665,0.0
2012-10-22,-0.0005931191777959199,-0.0005931191777959199,0.0
2012-10-23,-0.0028249483461365577,-0.0028249483461365577,0.0
2012-10-24,-0.0015608716181861881,-0.0015608716181861881,0.0
2012-10-25,0.0005496871932983982,0.0005496871932983982,0.0
2012-10-26,0.0006823285159047732,0.0006823285159047732,0.0
2012-10-31,0.002840093736817373,0.002840093736817373,0.0
2012-11-01,0.0014438039449578,0.0017228588627324903,0.5581098355488802
2012-11-02,0.0024649703566550496,0.0024649703566550496,0.0
2012-11-05,0.000186089236670961,0.000186089236670961,0.0
2012-11-06,-0.00342221708661139,-0.00342221708661139,0.0
2012-11-07,0.001056582258229577,0.001056582258229577,0.0
2012-11-08,-0.002107361176215683,-0.002107361176215683,0.0
2012-11-09,-0.00048539400871949745,-0.00048539400871949745,0.0
2012-11-12,0.0012877676371063629,0.0012877676371063629,0.0
2012-11-13,-0.0002660019116818013,-0.0002660019116818013,0.0
2012-11-14,-0.0018389318582857639,-0.0018389318582857639,0.0
2012-11-15,-0.0001551130312394955,-0.0001551130312394955,0.0
2012-11-16,0.0010366497837690503,0.0010366497837690503,0.0
2012-11-19,0.0005040329319767611,0.0005040329319767611,0.0
2012-11-20,-0.00027212614342941865,-0.00027212614342941865,0.0
2012-11-21,0.0006984173970943086,0.0006984173970943086,0.0
2012-11-23,-0.0006574248159417762,-0.0006574248159417762,0.0
2012-11-26,0.0007505808354095755,0.0007505808354095755,0.0
2012-11-27,0.0008300383387225274,0.0008300383387225274,0.0
2012-11-28,0.0017038580425079441,0.0017038580425079441,0.0
2012-11-29,0.0001348253125068588,0.0001348253125068588,0.0
2012-11-30,0.0015393108535279865,0.0015393108535279865,0.0
2012-12-03,-0.0014608186698150671,-0.0011726017121848065,0.5764339152606781
2012-12-04,0.00013070782763802136,0.00013070782763802136,0.0
2012-12-05,0.0015700496702171218,0.0015700496702171218,0.0
2012-12-06,0.001504979218055702,0.001504979218055702,0.0
2012-12-07,-0.0008095086563579823,-0.0008095086563579823,0.0
2012-12-10,0.0003734695017940659,0.0003734695017940659,0.0
2012-12-11,-2.008351485671689e-06,-2.008351485671689e-06,0.0
2012-12-12,-0.0007701750078223935,-0.0007701750078223935,0.0
2012-12-13,-0.002537194152772426,-0.002537194152772426,0.0
2012-12-14,0.0010145722804442148,0.0010145722804442148,0.0
2012-12-17,0.0004904412871740149,0.0004904412871740149,0.0
2012-12-18,0.000876197986050764,0.000876197986050764,0.0
2012-12-19,0.00033241490849955646,0.00033241490849955646,0.0
2012-12-20,0.0012942556223309865,0.0012942556223309865,0.0
2012-12-21,-0.0007154261882079682,-0.0007154261882079682,0.0
2012-12-24,-0.0006899122596368823,-0.0006899122596368823,0.0
2012-12-26,0.00015109314634975668,0.00015109314634975668,0.0
2012-12-27,0.0017335387676311598,0.0017335387676311598,0.0
2012-12-28,-0.001010663997475847,-0.001010663997475847,0.0
2012-12-31,0.0018201043105103842,0.0018201043105103842,0.0
2013-01-02,0.0055781022453760265,0.005838218296609243,0.5202321024667254
2013-01-03,-0.006052748139482422,-0.006052748139482422,0.0
2013-01-04,0.0016392861833982586,0.0016392861833982586,0.0
2013-01-07,-0.0008830434047158997,-0.0008830434047158997,0.0
2013-01-08,-0.0011450998222075626,-0.0011450998222075626,0.0
2013-01-09,0.0023866155051917026,0.0023866155051917026,0.0
2013-01-10,0.00452163464935551,0.00452163464935551,0.0
2013-01-11,0.0009721856441655685,0.0009721856441655685,0.0
2013-01-14,0.0011143109258620054,0.0011143109258620054,0.0
2013-01-15,-0.00025498484851893544,-0.00025498484851893544,0.0
2013-01-16,-0.0013755827499611906,-0.0013755827499611906,0.0
2013-01-17,0.002774015359543913,0.002774015359543913,0.0
2013-01-18,0.0011403762884605317,0.0011403762884605317,0.0
2013-01-22,0.0006804562659783464,0.0006804562659783464,0.0
2013-01-23,-0.0003316116825390347,-0.0003316116825390347,0.0
2013-01-24,0.0004761748856751957,0.0004761748856751957,0.0
2013-01-25,-0.0008660704256404639,-0.0008660704256404639,0.0
2013-01-28,-0.002832001335949963,-0.002832001335949963,0.0
2013-01-29,0.002085288952930142,0.002085288952930142,0.0
2013-01-30,-9.226263403272483e-06,-9.226263403272483e-06,0.0
2013-01-31,0.0002470115399535455,0.0002470115399535455,0.0
2013-02-01,0.0031188031653459625,0.003356586676924511,0.47556702315725646
2013-02-04,-0.0018429628315072,-0.0018429628315072,0.0
2013-02-05,0.0010718920399757081,0.0010718920399757081,0.0
2013-02-06,0.001675879254923185,0.001675879254923185,0.0
2013-02-07,-0.001816800535268448,-0.001816800535268448,0.0
2013-02-08,0.002394566861915637,0.002394566861915637,0.0
2013-02-11,0.0008880852586838905,0.0008880852586838905,0.0
2013-02-12,0.0005239992695675877,0.0005239992695675877,0.0
2013-02-13,-0.0006068503345805221,-0.0006068503345805221,0.0
2013-02-14,0.0006361146130615669,0.0006361146130615669,0.0
2013-02-15,0.0009367420261188197,0.0009367420261188197,0.0
2013-02-19,0.0013113934454591636,0.0013113934454591636,0.0
2013-02-20,-0.00133148027330654,-0.00133148027330654,0.0
2013-02-21,-0.0020549760988621824,-0.0020549760988621824,0.0
2013-02-22,0.002766062168565675,0.002766062168565675,0.0
2013-02-25,-0.003535526552554291,-0.003535526552554291,0.0
2013-02-26,0.0007915454189464377,0.0007915454189464377,0.0
2013-02-27,0.0033260258577296753,0.0033260258577296753,0.0
2013-02-28,0.00011388845886650678,0.00011388845886650678,0.0
2013-03-01,0.0015847803772410796,0.0018757775766686802,0.5819943988551536
2013-03-04,8.778313637614055e-05,8.778313637614055e-05,0.0
2013-03-05,0.0011070570603308738,0.0011070570603308738,0.0
2013-03-06,-0.0001884217995203885,-0.0001884217995203885,0.0
2013-03-07,-0.0038148851398223105,-0.0038148851398223105,0.0
2013-03-08,0.0011141891743511323,0.0011141891743511323,0.0
2013-03-11,-0.0005310675743356308,-0.0005310675743356308,0.0
2013-03-12,-0.001370063735877447,-0.001370063735877447,0.0
2013-03-13,0.0011396896329551875,0.0011396896329551875,0.0
2013-03-14,0.0013724255944631558,0.0013724255944631558,0.0
2013-03-15,0.00035729378206772466,0.00035729378206772466,0.0
2013-03-18,0.0010244964860417483,0.0010244964860417483,0.0
2013-03-19,0.0008403218707475624,0.0008403218707475624,0.0
2013-03-20,0.00018092174731743071,0.00018092174731743071,0.0
2013-03-21,-0.000984747923964524,-0.000984747923964524,0.0
2013-03-22,0.0004560718421970922,0.0004560718421970922,0.0
2013-03-25,-0.00019472298344458405,-0.00019472298344458405,0.0
2013-03-26,0.0018874421177799139,0.0018874421177799139,0.0
2013-03-27,0.0014802953361885418,0.0014802953361885418,0.0
2013-03-28,0.0012483861060794688,0.0012483861060794688,0.0
2013-04-01,-0.001757519919819317,-0.0016601581410582433,0.1947235575220373
2013-04-02,0.002860702430814932,0.002860702430814932,0.0
2013-04-03,0.0013807083417787247,0.0013807083417787247,0.0
2013-04-04,0.007113047266046335,0.007113047266046335,0.0
2013-04-05,0.0006668024747897849,0.0006668024747897849,0.0
2013-04-08,0.00090018060146968,0.00090018060146968,0.0
2013-04-09,-0.002480728729388537,-0.002480728729388537,0.0
2013-04-10,0.0027282643160733144,0.0027282643160733144,0.0
2013-04-11,0.001966832927907225,0.001966832927907225,0.0
2013-04-12,0.006397289030059428,0.006397289030059428,0.0
2013-04-15,0.005701480928911762,0.005701480928911762,0.0
2013-04-16,-0.0009131711019991773,-0.0009131711019991773,0.0
2013-04-17,0.0008259918463360272,0.0008259918463360272,0.0
2013-04-18,-0.0035486801180284466,-0.0035486801180284466,0.0
2013-04-19,0.0032350774683536088,0.0032350774683536088,0.0
2013-04-22,0.0004315244166299692,0.0004315244166299692,0.0
2013-04-23,0.0038687494360836183,0.0038687494360836183,0.0
2013-04-24,-0.0006951655548358415,-0.0006951655548358415,0.0
2013-04-25,-0.0029433167858745612,-0.0029433167858745612,0.0
2013-04-26,0.0022873935829268444,0.0022873935829268444,0.0
2013-04-29,-0.0014833778203054981,-0.0014833778203054981,0.0
2013-04-30,0.00010373577373190557,0.00010373577373190557,0.0
2013-05-01,0.0016876725554832994,0.0019061406171896333,0.4369361234125753
2013-05-02,0.0016727176760400475,0.0016727176760400475,0.0
2013-05-03,-0.002268133218932711,-0.002268133218932711,0.0
2013-05-06,0.000972593673691291,0.000972593673691291,0.0
2013-05-07,0.0006567805807651261,0.0006567805807651261,0.0
2013-05-08,0.0008565834804927785,0.0008565834804927785,0.0
2013-05-09,-0.000264266609582009,-0.000264266609582009,0.0
2013-05-10,-0.00038291286399383395,-0.00038291286399383395,0.0
2013-05-13,-0.001450950085951641,-0.001450950085951641,0.0
2013-05-14,0.0013549054193660037,0.0013549054193660037,0.0
2013-05-15,0.004029597345566627,0.004029597345566627,0.0
2013-05-16,0.0011258725142559989,0.0011258725142559989,0.0
2013-05-17,0.0011544678044896894,0.0011544678044896894,0.0
2013-05-20,-0.0017755394172888073,-0.0017755394172888073,0.0
2013-05-21,0.002818038768803932,0.002818038768803932,0.0
2013-05-22,-0.006090429035090161,-0.006090429035090161,0.0
2013-05-23,-0.004340095618602935,-0.004340095618602935,0.0
2013-05-24,-0.001704653932686595,-0.001704653932686595,0.0
2013-05-28,-0.004372670353028352,-0.004372670353028352,0.0
2013-05-29,-0.0028488383432764275,-0.0028488383432764275,0.0
2013-05-30,-0.0008375146261410116,-0.0008375146261410116,0.0
2013-05-31,-0.004095391375605217,-0.004095391375605217,0.0
2013-06-03,-0.0023933614809671377,-0.0018750508054553583,1.0366213510237576
2013-06-04,-0.00020560076612430311,-0.00020560076612430311,0.0
2013-06-05,-0.004933903902184844,-0.004933903902184844,0.0
2013-06-06,0.0024444117316171354,0.0024444117316171354,0.0
2013-06-07,0.00416461190626638,0.00416461190626638,0.0
2013-06-10,0.0005835293513332118,0.0005835293513332118,0.0
2013-06-11,-0.0037734265723570193,-0.0037734265723570193,0.0
2013-06-12,-6.187296621285032e-05,-6.187296621285032e-05,0.0
2013-06-13,0.004359897702454596,0.004359897702454596,0.0
2013-06-14,-0.0019048216411410301,-0.0019048216411410301,0.0
2013-06-17,0.0034936539350263196,0.0034936539350263196,0.0
2013-06-18,0.0021361760745526315,0.0021361760745526315,0.0
2013-06-19,-0.006093143239591314,-0.006093143239591314,0.0
2013-06-20,-0.0038321421734243133,-0.0038321421734243133,0.0
2013-06-21,0.001189226497727569,0.001189226497727569,0.0
2013-06-24,-0.004628493314270732,-0.004628493314270732,0.0
2013-06-25,0.003932187758936001,0.003932187758936001,0.0
2013-06-26,0.0033257775611115203,0.0033257775611115203,0.0
2013-06-27,0.0036512647589632685,0.0036512647589632685,0.0
2013-06-28,-0.0012593461363122893,-0.0012593461363122893,0.0
2013-07-01,0.001719091571692477,0.002117380454790263,0.7965777661955672
2013-07-02,0.000625650199473915,0.000625650199473915,0.0
2013-07-03,0.0003765426826802809,0.0003765426826802809,0.0
2013-07-05,0.0025243234055098984,0.0025243234055098984,0.0
2013-07-08,0.001149977702749272,0.001149977702749272,0.0
2013-07-09,0.00017723666726565668,0.00017723666726565668,0.0
2013-07-10,0.002007765708489817,0.002007765708489817,0.0
2013-07-11,0.0048962958047809035,0.0048962958047809035,0.0
2013-07-12,-0.0003144523957711032,-0.0003144523957711032,0.0
2013-07-15,0.0008754756670035224,0.0008754756670035224,0.0
2013-07-16,-0.0006335737601376179,-0.0006335737601376179,0.0
2013-07-17,0.0017031057399901073,0.0017031057399901073,0.0
2013-07-18,0.0013763205309054172,0.0013763205309054172,0.0
2013-07-19,-0.0005118758027808923,-0.0005118758027808923,0.0
2013-07-22,-0.0009682149692846753,-0.0009682149692846753,0.0
2013-07-23,0.0006662752899748714,0.0006662752899748714,0.0
2013-07-24,-0.0005220739393021478,-0.0005220739393021478,0.0
2013-07-25,0.0008922615933890654,0.0008922615933890654,0.0
2013-07-26,-0.0008776048248224644,-0.0008776048248224644,0.0
2013-07-29,-0.0012733395428536909,-0.0012733395428536909,0.0
2013-07-30,0.0004929033549265771,0.0004929033549265771,0.0
2013-07-31,0.00012518767315894408,0.00012518767315894408,0.0
2013-08-01,0.003995649070252183,0.0042246265312346765,0.45795492196504023
2013-08-02,0.00047887148871206264,0.00047887148871206264,0.0
2013-08-05,0.00021349540072668205,0.00021349540072668205,0.0
2013-08-06,-0.0008031504074205165,-0.0008031504074205165,0.0
2013-08-07,-0.002278832964689781,-0.002278832964689781,0.0
2013-08-08,-0.0005618616105518282,-0.0005618616105518282,0.0
2013-08-09,-0.0008453808920205752,-0.0008453808920205752,0.0
2013-08-12,-0.0008505622663980139,-0.0008505622663980139,0.0
2013-08-13,0.0029358762235947022,0.0029358762235947022,0.0
2013-08-14,-0.0013844346972520238,-0.0013844346972520238,0.0
2013-08-15,-0.002987916946308955,-0.002987916946308955,0.0
2013-08-16,0.00027426656841655905,0.00027426656841655905,0.0
2013-08-19,-0.0010080227267952324,-0.0010080227267952324,0.0
2013-08-20,0.0009830700387758462,0.0009830700387758462,0.0
2013-08-21,-0.0009858456170669383,-0.0009858456170669383,0.0
2013-08-22,0.0022751626284287507,0.0022751626284287507,0.0
2013-08-23,-0.0017014772786990706,-0.0017014772786990706,0.0
2013-08-26,-0.0022749934894882307,-0.0022749934894882307,0.0
2013-08-27,-0.004334222851791525,-0.004334222851791525,0.0
2013-08-28,0.00046437289153788974,0.00046437289153788974,0.0
2013-08-29,0.0011213122559967648,0.0011213122559967648,0.0
2013-08-30,-0.000715774226488719,-0.000715774226488719,0.0
2013-09-03,0.0017578492888976616,0.0018255804579998536,0.13546233820422898
2013-09-04,0.002789575214455109,0.002789575214455109,0.0
2013-09-05,0.00016461454410632292,0.00016461454410632292,0.0
2013-09-06,-0.00021847903786120781,-0.00021847903786120781,0.0
2013-09-09,0.002597347220194113,0.002597347220194113,0.0
2013-09-10,0.0025917145009082265,0.0025917145009082265,0.0
2013-09-11,-0.00036339529710249785,-0.00036339529710249785,0.0
2013-09-12,0.00012123737251212852,0.00012123737251212852,0.0
2013-09-13,0.0002480108894100663,0.0002480108894100663,0.0
2013-09-16,0.0022776393145300666,0.0022776393145300666,0.0
2013-09-17,0.000762832862171603,0.000762832862171603,0.0
2013-09-18,-0.00041991848310507507,-0.00041991848310507507,0.0
2013-09-19,0.000548502571277476,0.000548502571277476,0.0
2013-09-20,0.0006042997389339444,0.0006042997389339444,0.0
2013-09-23,-0.001505791119805755,-0.001505791119805755,0.0
2013-09-24,-0.0013805084154046021,-0.0013805084154046021,0.0
2013-09-25,-0.00044358210805017784,-0.00044358210805017784,0.0
2013-09-26,0.0009298963446846553,0.0009298963446846553,0.0
2013-09-27,-8.641284610100275e-05,-8.641284610100275e-05,0.0
2013-09-30,-0.0003876767142546589,-0.0003876767142546589,0.0
2013-10-01,0.0030518281075364584,0.0031467108993423754,0.1897655836115334
2013-10-02,-0.001258370601379788,-0.001258370601379788,0.0
2013-10-03,-0.0020916595034070617,-0.0020916595034070617,0.0
2013-10-04,0.0010275206145371474,0.0010275206145371474,0.0
2013-10-07,-0.003925986810214943,-0.003925986810214943,0.0
2013-10-08,-0.0029545341665883074,-0.0029545341665883074,0.0
2013-10-09,0.0014286876535467563,0.0014286876535467563,0.0
2013-10-10,0.0053372534477698075,0.0053372534477698075,0.0
2013-10-11,0.0024086068283393214,0.0024086068283393214,0.0
2013-10-14,0.0017125193480342915,0.0017125193480342915,0.0
2013-10-15,-0.0023895917341255624,-0.0023895917341255624,0.0
2013-10-16,0.0020395571106095467,0.0020395571106095467,0.0
2013-10-17,0.000917200933686857,0.000917200933686857,0.0
2013-10-18,0.001576009519017596,0.001576009519017596,0.0
2013-10-21,-0.00040430203730501546,-0.00040430203730501546,0.0
2013-10-22,1.7909142495664554e-05,1.7909142495664554e-05,0.0
2013-10-23,-0.0018540425251966086,-0.0018540425251966086,0.0
2013-10-24,0.001199249241532696,0.001199249241532696,0.0
2013-10-25,0.0003186998556428122,0.0003186998556428122,0.0
2013-10-28,0.00018201727099076415,0.00018201727099076415,0.0
2013-10-29,0.0008665295622030111,0.0008665295622030111,0.0
2013-10-30,-0.0010352594930994607,-0.0010352594930994607,0.0
2013-10-31,-0.00042381363079113665,-0.00042381363079113665,0.0
2013-11-01,0.0010903709144671758,0.0011656777225967918,0.15061361625934644
2013-11-04,0.0014137527326463228,0.0014137527326463228,0.0
2013-11-05,-0.0009469935567018029,-0.0009469935567018029,0.0
2013-11-06,0.0013397385647146987,0.0013397385647146987,0.0
2013-11-07,-0.004477621119154063,-0.004477621119154063,0.0
2013-11-08,0.004014788449739459,0.004014788449739459,0.0
2013-11-11,0.0011511859779178568,0.0011511859779178568,0.0
2013-11-12,0.00026773588411610483,0.00026773588411610483,0.0
2013-11-13,0.001002575952612661,0.001002575952612661,0.0
2013-11-14,0.00011362013715765507,0.00011362013715765507,0.0
2013-11-15,0.0026238951220747264,0.0026238951220747264,0.0
2013-11-18,-0.00041662805351916354,-0.00041662805351916354,0.0
2013-11-19,0.000719554691029689,0.000719554691029689,0.0
2013-11-20,0.00036448289882873297,0.00036448289882873297,0.0
2013-11-21,0.002433993995698547,0.002433993995698547,0.0
2013-11-22,0.0003789172334172086,0.0003789172334172086,0.0
2013-11-25,-0.0014883261740201714,-0.0014883261740201714,0.0
2013-11-26,0.000822662542244057,0.000822662542244057,0.0
2013-11-27,0.002085835223286203,0.002085835223286203,0.0
2013-11-29,0.00029311678421573006,0.00029311678421573006,0.0
2013-12-02,0.001047829950250545,0.0011586659910238772,0.22167208154665394
2013-12-03,-0.0007409984579861417,-0.0007409984579861417,0.0
2013-12-04,0.0003509983250649107,0.0003509983250649107,0.0
2013-12-05,0.0013436340782611023,0.0013436340782611023,0.0
2013-12-06,0.0026013825144510783,0.0026013825144510783,0.0
2013-12-09,0.00018664379407939968,0.00018664379407939968,0.0
2013-12-10,-0.0020704497721288906,-0.0020704497721288906,0.0
2013-12-11,-0.0029721602941370495,-0.0029721602941370495,0.0
2013-12-12,0.0008076259962175314,0.0008076259962175314,0.0
2013-12-13,-0.0007485779297098372,-0.0007485779297098372,0.0
2013-12-16,0.0013562163232756497,0.0013562163232756497,0.0
2013-12-17,-0.0009465886936956824,-0.0009465886936956824,0.0
2013-12-18,0.005041760356404357,0.005041760356404357,0.0
2013-12-19,-0.0006203818976201481,-0.0006203818976201481,0.0
2013-12-20,-0.0008030523789925859,-0.0008030523789925859,0.0
2013-12-23,0.002376386793900398,0.002376386793900398,0.0
2013-12-24,0.0008404474250853777,0.0008404474250853777,0.0
2013-12-26,0.0014862168437217438,0.0014862168437217438,0.0
2013-12-27,0.0013906216908494695,0.0013906216908494695,0.0
2013-12-30,0.0015513270969358395,0.0015513270969358395,0.0
2013-12-31,0.0016191268219203359,0.0016191268219203359,0.0
2014-01-02,-0.0036540500613293503,-0.0034839951562387617,0.3401098101813907
2014-01-03,-0.002189494639577627,-0.002189494639577627,0.0
2014-01-06,-0.0006226975063995388,-0.0006226975063995388,0.0
2014-01-07,0.0018852821334016667,0.0018852821334016667,0.0
2014-01-08,0.0007260296735687177,0.0007260296735687177,0.0
2014-01-09,0.001079153291633217,0.001079153291633217,0.0
2014-01-10,-0.001888246981836872,-0.001888246981836872,0.0
2014-01-13,-0.003150848510662718,-0.003150848510662718,0.0
2014-01-14,0.0033394063527274476,0.0033394063527274476,0.0
2014-01-15,0.0018138514940144734,0.0018138514940144734,0.0
2014-01-16,-0.0006365113084081386,-0.0006365113084081386,0.0
2014-01-17,-0.0017257065434361785,-0.0017257065434361785,0.0
2014-01-21,0.0030499298811110798,0.0030499298811110798,0.0
2014-01-22,-0.00027129997257557825,-0.00027129997257557825,0.0
2014-01-23,-0.0008207287203694236,-0.0008207287203694236,0.0
2014-01-24,-0.004912425345609539,-0.004912425345609539,0.0
2014-01-27,-0.000110813172314983,-0.000110813172314983,0.0
2014-01-28,0.0008221915343080699,0.0008221915343080699,0.0
2014-01-29,-0.0028191862700570613,-0.0028191862700570613,0.0
2014-01-30,0.002350972132710405,0.002350972132710405,0.0
2014-01-31,-0.004242069698712436,-0.004242069698712436,0.0
2014-02-03,-0.006124180691399861,-0.005748807764062391,0.7507458546749098
2014-02-04,0.0005075347735510327,0.0005075347735510327,0.0
2014-02-05,-0.0010164132982876106,-0.0010164132982876106,0.0
2014-02-06,0.0020205236301633622,0.0020205236301633622,0.0
2014-02-07,0.0006312919766882086,0.0006312919766882086,0.0
2014-02-10,0.0008356742628994329,0.0008356742628994329,0.0
2014-02-11,0.0008357484454037944,0.0008357484454037944,0.0
2014-02-12,-0.0002101401960222793,-0.0002101401960222793,0.0
2014-02-13,-0.0011089797638834664,-0.0011089797638834664,0.0
2014-02-14,-0.0014408294457803894,-0.0014408294457803894,0.0
2014-02-18,-0.001122377998377333,-0.001122377998377333,0.0
2014-02-19,-0.002377131116315767,-0.002377131116315767,0.0
2014-02-20,0.0007059643187470321,0.0007059643187470321,0.0
2014-02-21,7.533270781467927e-05,7.533270781467927e-05,0.0
2014-02-24,0.0003625153814215132,0.0003625153814215132,0.0
2014-02-25,7.509434823527172e-05,7.509434823527172e-05,0.0
2014-02-26,0.0016479898547667737,0.0016479898547667737,0.0
2014-02-27,-0.0013247445016574266,-0.0013247445016574266,0.0
2014-02-28,-0.0006817157832801346,-0.0006817157832801346,0.0
2014-03-03,-0.0036363853712615413,-0.0033393814447411074,0.5940078530408565
2014-03-04,0.004596792796628391,0.004596792796628391,0.0
2014-03-05,-0.00016272951305218442,-0.00016272951305218442,0.0
2014-03-06,0.0007515383020035848,0.0007515383020035848,0.0
2014-03-07,0.0007345033182937222,0.0007345033182937222,0.0
2014-03-10,0.00011506332879251957,0.00011506332879251957,0.0
2014-03-11,-0.000901027773888563,-0.000901027773888563,0.0
2014-03-12,-0.0007700619125962094,-0.0007700619125962094,0.0
2014-03-13,-0.0030300847545274845,-0.0030300847545274845,0.0
2014-03-14,-0.0014927659288704875,-0.0014927659288704875,0.0
2014-03-17,0.002754784701898938,0.002754784701898938,0.0
2014-03-18,0.0015360314163621602,0.0015360314163621602,0.0
2014-03-19,-0.0017316022643429907,-0.0017316022643429907,0.0
2014-03-20,-0.0006416330173248941,-0.0006416330173248941,0.0
2014-03-21,-0.0021795780170207335,-0.0021795780170207335,0.0
2014-03-24,-0.0005686047754851487,-0.0005686047754851487,0.0
2014-03-25,0.0006315452944829492,0.0006315452944829492,0.0
2014-03-26,-0.001106809793424035,-0.001106809793424035,0.0
2014-03-27,-0.0013504746046519855,-0.0013504746046519855,0.0
2014-03-28,0.00160050989398286,0.00160050989398286,0.0
2014-03-31,0.0024956413261281174,0.0024956413261281174,0.0
2014-04-01,0.0017503161181076088,0.0018849243723209064,0.2692165084265123
2014-04-02,-0.0004916084990831404,-0.0004916084990831404,0.0
2014-04-03,-0.0007786933250945038,-0.0007786933250945038,0.0
2014-04-04,-0.002619928622752954,-0.002619928622752954,0.0
2014-04-07,-0.0015554721708660457,-0.0015554721708660457,0.0
2014-04-08,0.0005865066523533802,0.0005865066523533802,0.0
2014-04-09,0.0038892947734767702,0.0038892947734767702,0.0
2014-04-10,-0.0051197099803445,-0.0051197099803445,0.0
2014-04-11,-0.003161080439273656,-0.003161080439273656,0.0
2014-04-14,0.0015793959168450833,0.0015793959168450833,0.0
2014-04-15,0.001372943609139643,0.001372943609139643,0.0
2014-04-16,0.0017102758511049476,0.0017102758511049476,0.0
2014-04-17,0.000584220504642019,0.000584220504642019,0.0
2014-04-21,0.0009470407709772921,0.0009470407709772921,0.0
2014-04-22,0.0008516888784007026,0.0008516888784007026,0.0
2014-04-23,-0.0006826206900806264,-0.0006826206900806264,0.0
2014-04-24,-0.0005129192003887617,-0.0005129192003887617,0.0
2014-04-25,-0.0020081313511806087,-0.0020081313511806087,0.0
2014-04-28,0.0015312613716329526,0.0015312613716329526,0.0
2014-04-29,0.001037012306809748,0.001037012306809748,0.0
2014-04-30,0.0011670001597667845,0.0011670001597667845,0.0
2014-05-01,-3.847338340978723e-05,0.00012879346761374144,0.3345337020470498
2014-05-02,-0.0018146737988685713,-0.0018146737988685713,0.0
2014-05-05,0.000591443916386325,0.000591443916386325,0.0
2014-05-06,-0.001244300201013293,-0.001244300201013293,0.0
2014-05-07,0.0022661213903796273,0.0022661213903796273,0.0
2014-05-08,-0.0010374089982951862,-0.0010374089982951862,0.0
2014-05-09,-0.0008834360116930506,-0.0008834360116930506,0.0
2014-05-12,0.000755282877953567,0.000755282877953567,0.0
2014-05-13,-0.0007527573921920494,-0.0007527573921920494,0.0
2014-05-14,-0.002419892812042579,-0.002419892812042579,0.0
2014-05-15,-0.0008795017563869578,-0.0008795017563869578,0.0
2014-05-16,0.0009215220101403965,0.0009215220101403965,0.0
2014-05-19,0.001625253473078292,0.001625253473078292,0.0
2014-05-20,-0.0008179365045959397,-0.0008179365045959397,0.0
2014-05-21,0.0006574619885890698,0.0006574619885890698,0.0
2014-05-22,-0.0007125720873376595,-0.0007125720873376595,0.0
2014-05-23,0.0004979391939006206,0.0004979391939006206,0.0
2014-05-27,0.002635331601931412,0.002635331601931412,0.0
2014-05-28,-0.002823043585938767,-0.002823043585938767,0.0
2014-05-29,0.0011445755615784314,0.0011445755615784314,0.0
2014-05-30,0.0013672871215670845,0.0013672871215670845,0.0
2014-06-02,-0.0025426182132178843,-0.0021111670193680876,0.8629023876998773
2014-06-03,-0.002021067556135736,-0.002021067556135736,0.0
2014-06-04,7.950261650213619e-05,7.950261650213619e-05,0.0
2014-06-05,0.0037370005262393757,0.0037370005262393757,0.0
2014-06-06,0.0007944644820476743,0.0007944644820476743,0.0
2014-06-09,-0.002096442072930471,-0.002096442072930471,0.0
2014-06-10,-0.00230932701409281,-0.00230932701409281,0.0
2014-06-11,-0.0004812409021288655,-0.0004812409021288655,0.0
2014-06-12,0.00025729424057541195,0.00025729424057541195,0.0
2014-06-13,0.00024715950233122896,0.00024715950233122896,0.0
2014-06-16,0.00031045598809442687,0.00031045598809442687,0.0
2014-06-17,-0.0023328441827767943,-0.0023328441827767943,0.0
2014-06-18,0.005204930028298138,0.005204930028298138,0.0
2014-06-19,-0.00277852835909298,-0.00277852835909298,0.0
2014-06-20,0.0013995320246393828,0.0013995320246393828,0.0
2014-06-23,-0.0012404769442523333,-0.0012404769442523333,0.0
2014-06-24,0.0007032906218309432,0.0007032906218309432,0.0
2014-06-25,0.0018678033463084276,0.0018678033463084276,0.0
2014-06-26,0.0006954396999736545,0.0006954396999736545,0.0
2014-06-27,0.001363611613431459,0.001363611613431459,0.0
2014-06-30,9.240136642674202e-05,9.240136642674202e-05,0.0
2014-07-01,6.058102690609246e-05,0.00032621291256496043,0.5312637713178288
2014-07-02,-0.001987508804012439,-0.001987508804012439,0.0
2014-07-03,-0.0006701563688320533,-0.0006701563688320533,0.0
2014-07-07,-0.0020828917131455738,-0.0020828917131455738,0.0
2014-07-08,-0.0003320001723515764,-0.0003320001723515764,0.0
2014-07-09,0.0013802499866666373,0.0013802499866666373,0.0
2014-07-10,-0.0023439464046374203,-0.0023439464046374203,0.0
2014-07-11,0.0004945283540962464,0.0004945283540962464,0.0
2014-07-14,0.0012693023763399314,0.0012693023763399314,0.0
2014-07-15,-0.004270256638352898,-0.004270256638352898,0.0
2014-07-16,0.0012455898259691178,0.0012455898259691178,0.0
2014-07-17,-0.0009735242499666619,-0.0009735242499666619,0.0
2014-07-18,0.002517713501682284,0.002517713501682284,0.0
2014-07-21,0.000959481470083734,0.000959481470083734,0.0
2014-07-22,0.001512676214074915,0.001512676214074915,0.0
2014-07-23,0.0021006592732166762,0.0021006592732166762,0.0
2014-07-24,-0.002073480498200997,-0.002073480498200997,0.0
2014-07-25,0.0009449650410386923,0.0009449650410386923,0.0
2014-07-28,-5.124245478593803e-05,-5.124245478593803e-05,0.0
2014-07-29,-0.0017940878706901309,-0.0017940878706901309,0.0
2014-07-30,-0.004936442812829345,-0.004936442812829345,0.0
2014-07-31,-0.009011783859215639,-0.009011783859215639,0.0
2014-08-01,0.0019766377492320686,0.002229562326656387,0.5058491548489753
2014-08-04,0.002272252530971075,0.002272252530971075,0.0
2014-08-05,-0.004568817967975924,-0.004568817967975924,0.0
2014-08-06,-0.000560773790026281,-0.000560773790026281,0.0
2014-08-07,-0.0012880357975065815,-0.0012880357975065815,0.0
2014-08-08,0.0028443123601205045,0.0028443123601205045,0.0
2014-08-11,0.0035269300209141985,0.0035269300209141985,0.0
2014-08-12,-0.0016833156950112338,-0.0016833156950112338,0.0
2014-08-13,0.004155529551902237,0.004155529551902237,0.0
2014-08-14,0.0036156924654944245,0.0036156924654944245,0.0
2014-08-15,0.0022166372519758504,0.0022166372519758504,0.0
2014-08-18,0.002593481408284637,0.002593481408284637,0.0
2014-08-19,4.498069290304052e-05,4.498069290304052e-05,0.0
2014-08-20,-0.002413372623215726,-0.002413372623215726,0.0
2014-08-21,0.0014458176633886932,0.0014458176633886932,0.0
2014-08-22,-0.0015085974502809796,-0.0015085974502809796,0.0
2014-08-25,0.0013350616946765648,0.0013350616946765648,0.0
2014-08-26,0.0010224027536627212,0.0010224027536627212,0.0
2014-08-27,0.0018157416390891523,0.0018157416390891523,0.0
2014-08-28,-0.0011341556231753147,-0.0011341556231753147,0.0
2014-08-29,0.0006040387088748211,0.0006040387088748211,0.0
2014-09-02,0.0006361404612216237,0.000867686251192934,0.46309157994301187
2014-09-03,0.0002238585049707531,0.0002238585049707531,0.0
2014-09-04,-0.0019790767618852456,-0.0019790767618852456,0.0
2014-09-05,0.0015231341301817913,0.0015231341301817913,0.0
2014-09-08,-0.0016760778517049824,-0.0016760778517049824,0.0
2014-09-09,-0.004636791946790342,-0.004636791946790342,0.0
2014-09-10,0.00010495055585302282,0.00010495055585302282,0.0
2014-09-11,-5.909481678290085e-05,-5.909481678290085e-05,0.0
2014-09-12,-0.005193897671323278,-0.005193897671323278,0.0
2014-09-15,-0.0016394822621963456,-0.0016394822621963456,0.0
2014-09-16,0.0022016980571668565,0.0022016980571668565,0.0
2014-09-17,-0.0009085623373272789,-0.0009085623373272789,0.0
2014-09-18,0.001985016230088732,0.001985016230088732,0.0
2014-09-19,0.001704451540184948,0.001704451540184948,0.0
2014-09-22,-0.002182860534567621,-0.002182860534567621,0.0
2014-09-23,-0.001694887843291526,-0.001694887843291526,0.0
2014-09-24,0.001791870802196227,0.001791870802196227,0.0
2014-09-25,-0.004320704895043326,-0.004320704895043326,0.0
2014-09-26,0.0020560955320605423,0.0020560955320605423,0.0
2014-09-29,-0.002553198648713617,-0.002553198648713617,0.0
2014-09-30,0.0019363320343004364,0.0019363320343004364,0.0
2014-10-01,-0.0010696199259908612,-0.0008179699654832229,0.5032999210151621
2014-10-02,-0.002456395358454655,-0.002456395358454655,0.0
2014-10-03,0.007485722745959711,0.007485722745959711,0.0
2014-10-06,-0.0034018343144396335,-0.0034018343144396335,0.0
2014-10-07,-0.0021545692883979672,-0.0021545692883979672,0.0
2014-10-08,0.00625245420363485,0.00625245420363485,0.0
2014-10-09,-0.0056202286422014636,-0.0056202286422014636,0.0
2014-10-10,-0.0016975621353669812,-0.0016975621353669812,0.0
2014-10-13,-0.003052714048519256,-0.003052714048519256,0.0
2014-10-14,0.005393022557474536,0.005393022557474536,0.0
2014-10-15,-0.0011197887565563835,-0.0011197887565563835,0.0
2014-10-16,-0.0011847609261453895,-0.0011847609261453895,0.0
2014-10-17,0.0021927312465159776,0.0021927312465159776,0.0
2014-10-20,0.004263811156963504,0.004263811156963504,0.0
2014-10-21,0.0044016396043962125,0.0044016396043962125,0.0
2014-10-22,0.0003742546356240162,0.0003742546356240162,0.0
2014-10-23,0.002049738151174374,0.002049738151174374,0.0
2014-10-24,0.001069670989863214,0.001069670989863214,0.0
2014-10-27,0.00010534980654264281,0.00010534980654264281,0.0
2014-10-28,0.0019564949537105303,0.0019564949537105303,0.0
2014-10-29,0.00019898376105653703,0.00019898376105653703,0.0
2014-10-30,0.004223044830296452,0.004223044830296452,0.0
2014-10-31,0.00984929974444193,0.00984929974444193,0.0
2014-11-03,0.0028873010049019765,0.003034988539189154,0.2953750685744544
2014-11-04,-0.0006169407071415778,-0.0006169407071415778,0.0
2014-11-05,0.0018109149032812244,0.0018109149032812244,0.0
2014-11-06,-0.00041847161819419387,-0.00041847161819419387,0.0
2014-11-07,-0.0001063665400863334,-0.0001063665400863334,0.0
2014-11-10,0.001573163086157514,0.001573163086157514,0.0
2014-11-11,-0.0005318045164867113,-0.0005318045164867113,0.0
2014-11-12,0.00045783933203713545,0.00045783933203713545,0.0
2014-11-13,0.0021040590340746235,0.0021040590340746235,0.0
2014-11-14,-0.002052026720123501,-0.002052026720123501,0.0
2014-11-17,-0.001123754275997646,-0.001123754275997646,0.0
2014-11-18,0.0007799468060329939,0.0007799468060329939,0.0
2014-11-19,-0.001758940598674763,-0.001758940598674763,0.0
2014-11-20,-0.0003233582018291603,-0.0003233582018291603,0.0
2014-11-21,0.0035954880674293754,0.0035954880674293754,0.0
2014-11-24,0.002031263349271173,0.002031263349271173,0.0
2014-11-25,0.001300760643864196,0.001300760643864196,0.0
2014-11-26,0.0025584978381680834,0.0025584978381680834,0.0
2014-11-28,0.007090781298712878,0.007090781298712878,0.0
2014-12-01,-0.007667437381976838,-0.007590346613861154,0.15418153623126715
2014-12-02,0.0021209339607981548,0.0021209339607981548,0.0
2014-12-03,0.0009546827238586797,0.0009546827238586797,0.0
2014-12-04,0.002017845063952084,0.002017845063952084,0.0
2014-12-05,0.00014294157684702213,0.00014294157684702213,0.0
2014-12-08,0.0008648720225963302,0.0008648720225963302,0.0
2014-12-09,-0.002047164666903911,-0.002047164666903911,0.0
2014-12-10,-0.0015729132197180862,-0.0015729132197180862,0.0
2014-12-11,0.0016203421003146978,0.0016203421003146978,0.0
2014-12-12,-0.0005035196186957691,-0.0005035196186957691,0.0
2014-12-15,0.0006365012508693368,0.0006365012508693368,0.0
2014-12-16,-0.00016836623524740801,-0.00016836623524740801,0.0
2014-12-17,0.004989007357435682,0.004989007357435682,0.0
2014-12-18,0.002245197005575239,0.002245197005575239,0.0
2014-12-19,0.0011648334530001136,0.0011648334530001136,0.0
2014-12-22,0.005021107493903498,0.005021107493903498,0.0
2014-12-23,-0.004268978091532372,-0.004268978091532372,0.0
2014-12-24,0.001276032298079821,0.001276032298079821,0.0
2014-12-26,0.0010997937233283572,0.0010997937233283572,0.0
2014-12-29,0.0034624650890027198,0.0034624650890027198,0.0
2014-12-30,-0.002305804527883426,-0.002305804527883426,0.0
2014-12-31,0.0006332843408158872,0.0006332843408158872,0.0
2015-01-02,0.005114034652836885,0.005247181583323268,0.26629386097290986
2015-01-05,0.003278306214026916,0.003278306214026916,0.0
2015-01-06,0.002108695784921233,0.002108695784921233,0.0
2015-01-07,0.001747359147758587,0.001747359147758587,0.0
2015-01-08,-0.00013694176150302884,-0.00013694176150302884,0.0
2015-01-09,0.0007537103800554501,0.0007537103800554501,0.0
2015-01-12,0.001931312401872054,0.001931312401872054,0.0
2015-01-13,-0.00072984110337182,-0.00072984110337182,0.0
2015-01-14,6.682644173983121e-05,6.682644173983121e-05,0.0
2015-01-15,0.0030403308510096316,0.0030403308510096316,0.0
2015-01-16,-0.003989578223568491,-0.003989578223568491,0.0
2015-01-20,0.0016109394453571735,0.0016109394453571735,0.0
2015-01-21,-0.0029660767892931705,-0.0029660767892931705,0.0
2015-01-22,0.0029965888898486615,0.0029965888898486615,0.0
2015-01-23,0.004249349506027844,0.004249349506027844,0.0
2015-01-26,0.00022348517596282313,0.00022348517596282313,0.0
2015-01-27,-0.0030926748303446994,-0.0030926748303446994,0.0
2015-01-28,0.003879663210103468,0.003879663210103468,0.0
2015-01-29,0.0008721946633916122,0.0008721946633916122,0.0
2015-01-30,1.3165917265078875e-05,1.3165917265078875e-05,0.0
2015-02-02,-0.0010173024140225362,-0.0008371123278519965,0.3603801723410832
2015-02-03,-0.005188742221643339,-0.005188742221643339,0.0
2015-02-04,0.0026511216305473706,0.0026511216305473706,0.0
2015-02-05,-0.0024834767081994835,-0.0024834767081994835,0.0
2015-02-06,-0.004145483895246049,-0.004145483895246049,0.0
2015-02-09,-0.00198853011714617,-0.00198853011714617,0.0
2015-02-10,0.001457444944895414,0.001457444944895414,0.0
2015-02-11,0.0013109057429099291,0.0013109057429099291,0.0
2015-02-12,-0.001668202244445971,-0.001668202244445971,0.0
2015-02-13,-0.002265819493246668,-0.002265819493246668,0.0
2015-02-17,-0.0023641606446642704,-0.0023641606446642704,0.0
2015-02-18,0.002793741002814931,0.002793741002814931,0.0
2015-02-19,-0.0010048056939485628,-0.0010048056939485628,0.0
2015-02-20,0.0014584553412235746,0.0014584553412235746,0.0
2015-02-23,0.0029563408498636257,0.0029563408498636257,0.0
2015-02-24,0.0018282407330099115,0.0018282407330099115,0.0
2015-02-25,-9.41719694858012e-06,-9.41719694858012e-06,0.0
2015-02-26,0.0001415639444166672,0.0001415639444166672,0.0
2015-02-27,0.0009245254214562681,0.0009245254214562681,0.0
2015-03-02,-0.00032416225061948634,-0.00010307073344451023,0.44218303434989087
2015-03-03,-0.0013526516886629425,-0.0013526516886629425,0.0
2015-03-04,-7.910686940626466e-05,-7.910686940626466e-05,0.0
2015-03-05,0.0015962054221896338,0.0015962054221896338,0.0
2015-03-06,-0.0023759962529478207,-0.0023759962529478207,0.0
2015-03-09,0.0018898229509036746,0.0018898229509036746,0.0
2015-03-10,0.0007574410743147464,0.0007574410743147464,0.0
2015-03-11,0.0028209389082602954,0.0028209389082602954,0.0
2015-03-12,0.0017386033686255242,0.0017386033686255242,0.0
2015-03-13,0.0016730188422677816,0.0016730188422677816,0.0
2015-03-16,0.0011728594083628696,0.0011728594083628696,0.0
2015-03-17,0.001138833491011848,0.001138833491011848,0.0
2015-03-18,0.001594406304266105,0.001594406304266105,0.0
2015-03-19,0.0008089903516483865,0.0008089903516483865,0.0
2015-03-20,-0.0007367524654310342,-0.0007367524654310342,0.0
2015-03-23,-0.0024185885817507025,-0.0024185885817507025,0.0
2015-03-24,0.0012275675167485733,0.0012275675167485733,0.0
2015-03-25,-0.00408696747476045,-0.00408696747476045,0.0
2015-03-26,-0.002330076743881526,-0.002330076743881526,0.0
2015-03-27,0.00336744564226632,0.00336744564226632,0.0
2015-03-30,0.0035834682954891672,0.0035834682954891672,0.0
2015-03-31,0.0005164257990035725,0.0005164257990035725,0.0
2015-04-01,-0.0005979604290378138,-0.0005482892329436995,0.09934239218818845
2015-04-02,-0.0009963810630209124,-0.0009963810630209124,0.0
2015-04-06,0.00022625681476795556,0.00022625681476795556,0.0
2015-04-07,0.0012861217361170851,0.0012861217361170851,0.0
2015-04-08,0.003471335647500462,0.003471335647500462,0.0
2015-04-09,0.0011558904934287906,0.0011558904934287906,0.0
2015-04-10,-0.00043656113153134335,-0.00043656113153134335,0.0
2015-04-13,0.0011430495594286771,0.0011430495594286771,0.0
2015-04-14,-0.0003855533880688933,-0.0003855533880688933,0.0
2015-04-15,-0.0006660827746256537,-0.0006660827746256537,0.0
2015-04-16,-0.0005375788556460925,-0.0005375788556460925,0.0
2015-04-17,-0.0019546742623803848,-0.0019546742623803848,0.0
2015-04-20,0.0022445499872045804,0.0022445499872045804,0.0
2015-04-21,0.0009456266326013374,0.0009456266326013374,0.0
2015-04-22,-7.773212273731733e-05,-7.773212273731733e-05,0.0
2015-04-23,-0.001376394123096647,-0.001376394123096647,0.0
2015-04-24,0.0010925935094343586,0.0010925935094343586,0.0
2015-04-27,-0.0012395930030124624,-0.0012395930030124624,0.0
2015-04-28,-0.0025345916449751593,-0.0025345916449751593,0.0
2015-04-29,-0.003924665433984731,-0.003924665433984731,0.0
2015-04-30,-0.002536592700074447,-0.002536592700074447,0.0
2015-05-01,0.001766449473239673,0.0018595785824020439,0.18625821832472875
2015-05-04,-0.0003040628207156004,-0.0003040628207156004,0.0
2015-05-05,-0.0059029897523787955,-0.0059029897523787955,0.0
2015-05-06,-0.004065578811810688,-0.004065578811810688,0.0
2015-05-07,0.0035337032792379652,0.0035337032792379652,0.0
2015-05-08,0.004943374628019415,0.004943374628019415,0.0
2015-05-11,-0.0041638058018267365,-0.0041638058018267365,0.0
2015-05-12,-0.0019844242124703593,-0.0019844242124703593,0.0
2015-05-13,-0.002296373965679166,-0.002296373965679166,0.0
2015-05-14,0.002426655027884639,0.002426655027884639,0.0
2015-05-15,0.002742692993694895,0.002742692993694895,0.0
2015-05-18,-0.0005495741777989949,-0.0005495741777989949,0.0
2015-05-19,0.002230519538572784,0.002230519538572784,0.0
2015-05-20,0.0009252458290476273,0.0009252458290476273,0.0
2015-05-21,0.0012865225335627617,0.0012865225335627617,0.0
2015-05-22,0.001863977637510894,0.001863977637510894,0.0
2015-05-26,0.002466126644996125,0.002466126644996125,0.0
2015-05-27,0.0031979563658997012,0.0031979563658997012,0.0
2015-05-28,-0.0017156487918635888,-0.0017156487918635888,0.0
2015-05-29,-0.0017522158353928674,-0.0017522158353928674,0.0
2015-06-01,0.0006995179413802344,0.0008574006877608564,0.31576549276125426
2015-06-02,-0.004964611196827673,-0.004964611196827673,0.0
2015-06-03,-0.00045430250438993625,-0.00045430250438993625,0.0
2015-06-04,0.0013454923896745186,0.0013454923896745186,0.0
2015-06-05,-1.8571486591456576e-05,-1.8571486591456576e-05,0.0
2015-06-08,-0.0025170106264240655,-0.0025170106264240655,0.0
2015-06-09,-0.002276518608988254,-0.002276518608988254,0.0
2015-06-10,-0.0014806862527614317,-0.0014806862527614317,0.0
2015-06-11,0.003978177517805603,0.003978177517805603,0.0
2015-06-12,-0.0003268426488607368,-0.0003268426488607368,0.0
2015-06-15,-0.0003561907010176668,-0.0003561907010176668,0.0
2015-06-16,0.0010242928316492872,0.0010242928316492872,0.0
2015-06-17,-0.001060254543388539,-0.001060254543388539,0.0
2015-06-18,0.00026904442678188367,0.00026904442678188367,0.0
2015-06-19,0.0017540471420196546,0.0017540471420196546,0.0
2015-06-22,-0.0013106280906476364,-0.0013106280906476364,0.0
2015-06-23,0.00090256284746415,0.00090256284746415,0.0
2015-06-24,-0.00011432988203408101,-0.00011432988203408101,0.0
2015-06-25,-0.0012134836667974103,-0.0012134836667974103,0.0
2015-06-26,-0.0017957193934486915,-0.0017957193934486915,0.0
2015-06-29,-0.0015046321886226233,-0.0015046321886226233,0.0
2015-06-30,-0.0005722344663474654,-0.0005722344663474654,0.0
2015-07-01,0.0032180012906266597,0.0033765548660875666,0.3171071509217508
2015-07-02,-0.00013156318060947303,-0.00013156318060947303,0.0
2015-07-06,0.004165956994204079,0.004165956994204079,0.0
2015-07-07,0.0030102498166053593,0.0030102498166053593,0.0
2015-07-08,-0.0012434367305145244,-0.0012434367305145244,0.0
2015-07-09,-0.002118121043245269,-0.002118121043245269,0.0
2015-07-10,-0.0018338326289425444,-0.0018338326289425444,0.0
2015-07-13,0.0021980100998688634,0.0021980100998688634,0.0
2015-07-14,0.0009991686054418025,0.0009991686054418025,0.0
2015-07-15,0.002731114929867884,0.002731114929867884,0.0
2015-07-16,0.002217568222933508,0.002217568222933508,0.0
2015-07-17,0.0024664628163919566,0.0024664628163919566,0.0
2015-07-20,0.0026552877162582256,0.0026552877162582256,0.0
2015-07-21,-0.0008562140626856563,-0.0008562140626856563,0.0
2015-07-22,0.0027835510877356473,0.0027835510877356473,0.0
2015-07-23,0.0009889153764650604,0.0009889153764650604,0.0
2015-07-24,0.000624910895669295,0.000624910895669295,0.0
2015-07-27,0.0012331239636045321,0.0012331239636045321,0.0
2015-07-28,-0.0009612480281082636,-0.0009612480281082636,0.0
2015-07-29,-0.0004426385981045611,-0.0004426385981045611,0.0
2015-07-30,0.0011131713995440329,0.0011131713995440329,0.0
2015-07-31,0.0016160219611409676,0.0016160219611409676,0.0
2015-08-03,0.002519678042922857,0.0026629826430255576,0.2866092002051914
2015-08-04,-0.001515199827815561,-0.001515199827815561,0.0
2015-08-05,0.000501212456469835,0.000501212456469835,0.0
2015-08-06,-0.0007022560557743418,-0.0007022560557743418,0.0
2015-08-07,-0.00014166912224111705,-0.00014166912224111705,0.0
2015-08-10,-0.002646495228574075,-0.002646495228574075,0.0
2015-08-11,0.0015435189248795833,0.0015435189248795833,0.0
2015-08-12,-0.0009996655425847933,-0.0009996655425847933,0.0
2015-08-13,0.0005740578529260798,0.0005740578529260798,0.0
2015-08-14,0.0012929669924182097,0.0012929669924182097,0.0
2015-08-17,0.002410586393034597,0.002410586393034597,0.0
2015-08-18,-0.00016905305807934923,-0.00016905305807934923,0.0
2015-08-19,-0.0006625987117321319,-0.0006625987117321319,0.0
2015-08-20,-0.005394088986911294,-0.005394088986911294,0.0
2015-08-21,-0.0027895762727906392,-0.0027895762727906392,0.0
2015-08-24,-0.0056895584716858405,-0.0056895584716858405,0.0
2015-08-25,-0.0013523703996488612,-0.0013523703996488612,0.0
2015-08-26,0.007018174306754554,0.007018174306754554,0.0
2015-08-27,0.0005965818811275447,0.0005965818811275447,0.0
2015-08-28,-0.0009593049674679888,-0.0009593049674679888,0.0
2015-08-31,-0.004329756197953283,-0.004329756197953283,0.0
2015-09-01,-0.0010185875586607995,-0.0007720186461048772,0.4931378251118973
2015-09-02,0.000945145906451117,0.000945145906451117,0.0
2015-09-03,-0.0002270579579560783,-0.0002270579579560783,0.0
2015-09-04,0.0015951599538299721,0.0015951599538299721,0.0
2015-09-08,-0.001741688682709186,-0.001741688682709186,0.0
2015-09-09,0.0008955632655716084,0.0008955632655716084,0.0
2015-09-10,-0.0009724044283143662,-0.0009724044283143662,0.0
2015-09-11,-9.416533487227596e-05,-9.416533487227596e-05,0.0
2015-09-14,0.00010964670278568178,0.00010964670278568178,0.0
2015-09-15,0.0004986489774434499,0.0004986489774434499,0.0
2015-09-16,-0.003155287443712629,-0.003155287443712629,0.0
2015-09-17,-0.00104307497230971,-0.00104307497230971,0.0
2015-09-18,0.002623636815384245,0.002623636815384245,0.0
2015-09-21,0.00023279874837722758,0.00023279874837722758,0.0
2015-09-22,0.002956876703581024,0.002956876703581024,0.0
2015-09-23,0.001137199762481833,0.001137199762481833,0.0
2015-09-24,-0.0013547466660405183,-0.0013547466660405183,0.0
2015-09-25,0.00015452628762036014,0.00015452628762036014,0.0
2015-09-28,0.003321968792916019,0.003321968792916019,0.0
2015-09-29,-0.0011398825416895075,-0.0011398825416895075,0.0
2015-09-30,-3.274467905034495e-05,-3.274467905034495e-05,0.0
2015-10-01,0.0002705189614138348,0.00043914798065958216,0.3372580384910754
2015-10-02,-0.0026513380439654455,-0.0026513380439654455,0.0
2015-10-05,-0.0034579168145667527,-0.0034579168145667527,0.0
2015-10-06,-0.0029412770591970006,-0.0029412770591970006,0.0
2015-10-07,-0.0017752486405111512,-0.0017752486405111512,0.0
2015-10-08,-0.0016359004985107006,-0.0016359004985107006,0.0
2015-10-09,-0.0010139701593459005,-0.0010139701593459005,0.0
2015-10-12,0.0016024943571464334,0.0016024943571464334,0.0
2015-10-13,0.0010475949755954783,0.0010475949755954783,0.0
2015-10-14,-0.0011887426240433374,-0.0011887426240433374,0.0
2015-10-15,-0.0003880509786517994,-0.0003880509786517994,0.0
2015-10-16,0.0006903814820051757,0.0006903814820051757,0.0
2015-10-19,0.0023624200914429405,0.0023624200914429405,0.0
2015-10-20,-0.0011923996503685474,-0.0011923996503685474,0.0
2015-10-21,0.002230434186703878,0.002230434186703878,0.0
2015-10-22,0.0007579000130528701,0.0007579000130528701,0.0
2015-10-23,-0.00024111838871654356,-0.00024111838871654356,0.0
2015-10-26,0.000863581025016158,0.000863581025016158,0.0
2015-10-27,0.0010883881922794103,0.0010883881922794103,0.0
2015-10-28,-0.0002713782603643855,-0.0002713782603643855,0.0
2015-10-29,-0.0002565958188459616,-0.0002565958188459616,0.0
2015-10-30,-0.0007670692860615169,-0.0007670692860615169,0.0
2015-11-02,5.457510662276732e-06,6.639782950257356e-05,0.12188063768096054
2015-11-03,-0.0009618218708012938,-0.0009618218708012938,0.0
2015-11-04,0.0022745401965300616,0.0022745401965300616,0.0
2015-11-05,0.0012862486534499507,0.0012862486534499507,0.0
2015-11-06,0.0015657346294886132,0.0015657346294886132,0.0
2015-11-09,0.0007685158945880399,0.0007685158945880399,0.0
2015-11-10,0.001917488128091005,0.001917488128091005,0.0
2015-11-11,-0.0006314147203896336,-0.0006314147203896336,0.0
2015-11-12,0.0001065485128026733,0.0001065485128026733,0.0
2015-11-13,0.002091837418031206,0.002091837418031206,0.0
2015-11-16,0.0003196194252774731,0.0003196194252774731,0.0
2015-11-17,0.001068402556559711,0.001068402556559711,0.0
2015-11-18,0.0001300184670292026,0.0001300184670292026,0.0
2015-11-19,-0.0014594088359872748,-0.0014594088359872748,0.0
2015-11-20,0.0007865180566528629,0.0007865180566528629,0.0
2015-11-23,0.0008846180685526672,0.0008846180685526672,0.0
2015-11-24,-0.0011073059267175944,-0.0011073059267175944,0.0
2015-11-25,0.0012338613699105494,0.0012338613699105494,0.0
2015-11-27,0.0025749887223669443,0.0025749887223669443,0.0
2015-11-30,0.0002737563960506506,0.0002737563960506506,0.0
2015-12-01,-0.001263991418511079,-0.0010897718329740957,0.34843917107378014
2015-12-02,0.001629041842799328,0.001629041842799328,0.0
2015-12-03,-0.00647841157707596,-0.00647841157707596,0.0
2015-12-04,0.0017327314898309965,0.0017327314898309965,0.0
2015-12-07,0.004214614599846067,0.004214614599846067,0.0
2015-12-08,0.0010826277057962574,0.0010826277057962574,0.0
2015-12-09,-0.0030726307608025527,-0.0030726307608025527,0.0
2015-12-10,0.0023267422741550803,0.0023267422741550803,0.0
2015-12-11,0.0021005242762621723,0.0021005242762621723,0.0
2015-12-14,0.0015409680234359513,0.0015409680234359513,0.0
2015-12-15,-0.00016296576202534663,-0.00016296576202534663,0.0
2015-12-16,0.00014803315118205873,0.00014803315118205873,0.0
2015-12-17,0.0038563593746892,0.0038563593746892,0.0
2015-12-18,-0.003151391057685915,-0.003151391057685915,0.0
2015-12-21,-2.1249283541191488e-05,-2.1249283541191488e-05,0.0
2015-12-22,-0.0007198761002544796,-0.0007198761002544796,0.0
2015-12-23,-0.0021334012617292286,-0.0021334012617292286,0.0
2015-12-24,-0.0011623061301132553,-0.0011623061301132553,0.0
2015-12-28,0.002278010305639233,0.002278010305639233,0.0
2015-12-29,0.00012765555816840468,0.00012765555816840468,0.0
2015-12-30,0.0009277120629613833,0.0009277120629613833,0.0
2015-12-31,-0.0010617742235997651,-0.0010617742235997651,0.0
2016-01-04,0.0013010823035013441,0.001440610915393048,0.27905722378377096
2016-01-05,0.001440552963476005,0.001440552963476005,0.0
2016-01-06,0.0005124839109997836,0.0005124839109997836,0.0
2016-01-07,-0.0006194875821513568,-0.0006194875821513568,0.0
2016-01-08,0.0010074741520587072,0.0010074741520587072,0.0
2016-01-11,0.0047530111567000155,0.0047530111567000155,0.0
2016-01-12,-0.00038365181863719844,-0.00038365181863719844,0.0
2016-01-13,-0.000669342426327435,-0.000669342426327435,0.0
2016-01-14,0.0016095016951298557,0.0016095016951298557,0.0
2016-01-15,0.0019156228873438153,0.0019156228873438153,0.0
2016-01-19,0.000980361384646855,0.000980361384646855,0.0
2016-01-20,0.0003001230716821457,0.0003001230716821457,0.0
2016-01-21,-0.00029303028178684354,-0.00029303028178684354,0.0
2016-01-22,-0.0013036230508084445,-0.0013036230508084445,0.0
2016-01-25,0.000929749091129084,0.000929749091129084,0.0
2016-01-26,-0.00249333795552531,-0.00249333795552531,0.0
2016-01-27,-0.0011740220257687728,-0.0011740220257687728,0.0
2016-01-28,-0.0012365049682404594,-0.0012365049682404594,0.0
2016-01-29,0.0005580949784065314,0.0005580949784065314,0.0
2016-02-01,0.000516639883438863,0.00062046257348225,0.2076453800868832
2016-02-02,0.003916448788569893,0.003916448788569893,0.0
2016-02-03,-0.006435391170617977,-0.006435391170617977,0.0
2016-02-04,-0.0017035356328464202,-0.0017035356328464202,0.0
2016-02-05,0.0029851725082354896,0.0029851725082354896,0.0
2016-02-08,0.0015943349794702577,0.0015943349794702577,0.0
2016-02-09,0.0024876516165452944,0.0024876516165452944,0.0
2016-02-10,-0.0017071472651561947,-0.0017071472651561947,0.0
2016-02-11,3.9529535785121084e-05,3.9529535785121084e-05,0.0
2016-02-12,-0.0022191955255764784,-0.0022191955255764784,0.0
2016-02-16,0.0004520556327076708,0.0004520556327076708,0.0
2016-02-17,-0.00329482142364379,-0.00329482142364379,0.0
2016-02-18,-0.0011725625286548302,-0.0011725625286548302,0.0
2016-02-19,-0.0003044557637467138,-0.0003044557637467138,0.0
2016-02-22,-0.0027321347240237825,-0.0027321347240237825,0.0
2016-02-23,0.0013598758584907333,0.0013598758584907333,0.0
2016-02-24,-0.0007648975874059438,-0.0007648975874059438,0.0
2016-02-25,-0.00184529232104369,-0.00184529232104369,0.0
2016-02-26,0.0018934536557013715,0.0018934536557013715,0.0
2016-02-29,-0.0017822368074364991,-0.0017822368074364991,0.0
2016-03-01,-0.006556252995399192,-0.006356557181860234,0.39939162707791953
2016-03-02,-0.001989114612123699,-0.001989114612123699,0.0
2016-03-03,-0.0031345033184897453,-0.0031345033184897453,0.0
2016-03-04,-0.004475026557918427,-0.004475026557918427,0.0
2016-03-07,-0.0005961120797706165,-0.0005961120797706165,0.0
2016-03-08,0.0037845558885503117,0.0037845558885503117,0.0
2016-03-09,-0.002521734429342337,-0.002521734429342337,0.0
2016-03-10,-0.0019176028412215551,-0.0019176028412215551,0.0
2016-03-11,-0.006336372688953706,-0.006336372688953706,0.0
2016-03-14,0.0010573605855037638,0.0010573605855037638,0.0
2016-03-15,0.003350502579595238,0.003350502579595238,0.0
2016-03-16,-0.003776534076451954,-0.003776534076451954,0.0
2016-03-17,-0.004781712972008023,-0.004781712972008023,0.0
2016-03-18,-0.0003079138334149967,-0.0003079138334149967,0.0
2016-03-21,-0.0004473838917984363,-0.0004473838917984363,0.0
2016-03-22,-0.00018101271419701526,-0.00018101271419701526,0.0
2016-03-23,0.004924479072859089,0.004924479072859089,0.0
2016-03-24,0.001059502206218088,0.001059502206218088,0.0
2016-03-28,-0.0016695510378288425,-0.0016695510378288425,0.0
2016-03-29,-0.002497524531225981,-0.002497524531225981,0.0
2016-03-30,-0.0009221202837540465,-0.0009221202837540465,0.0
2016-03-31,0.0008042365755884795,0.0008042365755884795,0.0
2016-04-01,0.002708262788130078,0.0030826001706374395,0.7486747650144172
2016-04-04,0.002648459517381241,0.002648459517381241,0.0
2016-04-05,0.0029611555230462105,0.0029611555230462105,0.0
2016-04-06,-0.002047206006101643,-0.002047206006101643,0.0
2016-04-07,0.0032970943399841524,0.0032970943399841524,0.0
2016-04-08,-0.003907609311859295,-0.003907609311859295,0.0
2016-04-11,-0.001115074903563662,-0.001115074903563662,0.0
2016-04-12,-0.00433043950223666,-0.00433043950223666,0.0
2016-04-13,-0.0035374516766635278,-0.0035374516766635278,0.0
2016-04-14,-0.00086231182330887,-0.00086231182330887,0.0
2016-04-15,0.0023752497677731466,0.0023752497677731466,0.0
2016-04-18,-0.0005512107679728206,-0.0005512107679728206,0.0
2016-04-19,-0.003220384513939911,-0.003220384513939911,0.0
2016-04-20,-0.0041728847844128,-0.0041728847844128,0.0
2016-04-21,0.0003982761907546095,0.0003982761907546095,0.0
2016-04-22,-0.0009580779386928473,-0.0009580779386928473,0.0
2016-04-25,0.00047654444417855046,0.00047654444417855046,0.0
2016-04-26,-0.0022994539539329395,-0.0022994539539329395,0.0
2016-04-27,0.0012235096520738509,0.0012235096520738509,0.0
2016-04-28,0.004276240790012098,0.004276240790012098,0.0
2016-04-29,0.0012256205786653762,0.0012256205786653762,0.0
2016-05-02,-0.0005738691758492287,-0.0004843428393437321,0.17905267301078978
2016-05-03,0.004896146908504706,0.004896146908504706,0.0
2016-05-04,0.0009132649025087591,0.0009132649025087591,0.0
2016-05-05,0.0010373736442321757,0.0010373736442321757,0.0
2016-05-06,-0.0010913568675359198,-0.0010913568675359198,0.0
2016-05-09,0.0005158215195373295,0.0005158215195373295,0.0
2016-05-10,-0.003640762703106204,-0.003640762703106204,0.0
2016-05-11,0.0010878783599972408,0.0010878783599972408,0.0
2016-05-12,-0.002073575437649078,-0.002073575437649078,0.0
2016-05-13,0.0025517235010936723,0.0025517235010936723,0.0
2016-05-16,-0.0035050815512436273,-0.0035050815512436273,0.0
2016-05-17,0.00012055643702102437,0.00012055643702102437,0.0
2016-05-18,-0.005006843629728697,-0.005006843629728697,0.0
2016-05-19,0.0012571640983756183,0.0012571640983756183,0.0
2016-05-20,-0.0011941146438124717,-0.0011941146438124717,0.0
2016-05-23,0.0014348427419721421,0.0014348427419721421,0.0
2016-05-24,-0.003798650428511685,-0.003798650428511685,0.0
2016-05-25,-0.0014190428197925486,-0.0014190428197925486,0.0
2016-05-26,0.001131336529321958,0.001131336529321958,0.0
2016-05-27,-0.0022103263061316047,-0.0022103263061316047,0.0
2016-05-31,3.781248837042561e-05,3.781248837042561e-05,0.0
2016-06-01,7.442822325676168e-05,0.000177258421616866,0.20566039672001243
2016-06-02,0.0005898846062133423,0.0005898846062133423,0.0
2016-06-03,0.0049285388794222396,0.0049285388794222396,0.0
2016-06-06,-0.0034769711556580374,-0.0034769711556580374,0.0
2016-06-07,-0.0008057501403989642,-0.0008057501403989642,0.0
2016-06-08,-0.0013296944270538846,-0.0013296944270538846,0.0
2016-06-09,0.0019100568587719913,0.0019100568587719913,0.0
2016-06-10,0.0036250542910416517,0.0036250542910416517,0.0
2016-06-13,0.0028710718162343607,0.0028710718162343607,0.0
2016-06-14,-0.0001818502008709144,-0.0001818502008709144,0.0
2016-06-15,0.0020113707533786496,0.0020113707533786496,0.0
2016-06-16,0.0020908863629136576,0.0020908863629136576,0.0
2016-06-17,-0.002794670692711554,-0.002794670692711554,0.0
2016-06-20,-0.003418064111355257,-0.003418064111355257,0.0
2016-06-21,-0.0021805965991680276,-0.0021805965991680276,0.0
2016-06-22,0.0019068667043551368,0.0019068667043551368,0.0
2016-06-23,-0.004271203130354673,-0.004271203130354673,0.0
2016-06-24,0.010683290990953997,0.010683290990953997,0.0
2016-06-27,0.003691152315203672,0.003691152315203672,0.0
2016-06-28,-0.001492120145190401,-0.001492120145190401,0.0
2016-06-29,-0.00393977977786375,-0.00393977977786375,0.0
2016-06-30,0.0002978171745167124,0.0002978171745167124,0.0
2016-07-01,0.002718277174780237,0.002915738888877417,0.39492342819458626
2016-07-05,0.00519737047026636,0.00519737047026636,0.0
2016-07-06,0.001202118272164432,0.001202118272164432,0.0
2016-07-07,0.0010945348246240716,0.0010945348246240716,0.0
2016-07-08,0.0012883226483628718,0.0012883226483628718,0.0
2016-07-11,-0.003572437426648478,-0.003572437426648478,0.0
2016-07-12,-0.0051169859276962715,-0.0051169859276962715,0.0
2016-07-13,0.002575524179257771,0.002575524179257771,0.0
2016-07-14,-0.0032074543870083128,-0.0032074543870083128,0.0
2016-07-15,-0.0010843715636296158,-0.0010843715636296158,0.0
2016-07-18,-8.55274083663149e-05,-8.55274083663149e-05,0.0
2016-07-19,0.0020943624250711057,0.0020943624250711057,0.0
2016-07-20,-0.001584663538280462,-0.001584663538280462,0.0
2016-07-21,0.002740680726921685,0.002740680726921685,0.0
2016-07-22,-0.0005813554115818853,-0.0005813554115818853,0.0
2016-07-25,-0.00013237025644996514,-0.00013237025644996514,0.0
2016-07-26,0.00015656831880916933,0.00015656831880916933,0.0
2016-07-27,0.003101500823638359,0.003101500823638359,0.0
2016-07-28,0.0006997977245657427,0.0006997977245657427,0.0
2016-07-29,0.0023034196468676438,0.0023034196468676438,0.0
2016-08-01,-0.001436967752291296,-0.0013165505500242203,0.24083440453394758
2016-08-02,-0.0012843869328507118,-0.0012843869328507118,0.0
2016-08-03,-0.0005516643118804732,-0.0005516643118804732,0.0
2016-08-04,0.0011857062969899967,0.0011857062969899967,0.0
2016-08-05,-0.0031193331721178774,-0.0031193331721178774,0.0
2016-08-08,-0.0005890023509336206,-0.0005890023509336206,0.0
2016-08-09,0.002608360322738479,0.002608360322738479,0.0
2016-08-10,0.0021026595899984457,0.0021026595899984457,0.0
2016-08-11,-0.003217637187205913,-0.003217637187205913,0.0
2016-08-12,0.0010017292288360125,0.0010017292288360125,0.0
2016-08-15,-0.0014953521349828636,-0.0014953521349828636,0.0
2016-08-16,-0.0007447313362278773,-0.0007447313362278773,0.0
2016-08-17,0.0006844495502706938,0.0006844495502706938,0.0
2016-08-18,0.0012517737071771062,0.0012517737071771062,0.0
2016-08-19,-0.002250110663388649,-0.002250110663388649,0.0
2016-08-22,0.0006793779848390802,0.0006793779848390802,0.0
2016-08-23,0.00023289049750951918,0.00023289049750951918,0.0
2016-08-24,-0.0009349126503640504,-0.0009349126503640504,0.0
2016-08-25,-0.0002736687276205796,-0.0002736687276205796,0.0
2016-08-26,-0.002688455734662476,-0.002688455734662476,0.0
2016-08-29,0.003584275311262486,0.003584275311262486,0.0
2016-08-30,-0.0013881898512826396,-0.0013881898512826396,0.0
2016-08-31,0.00038098123388463634,0.00038098123388463634,0.0
2016-09-01,0.001111207503114775,0.001249059753208659,0.2757045001876052
2016-09-02,0.0017993405196747858,0.0017993405196747858,0.0
2016-09-06,0.00506921589286824,0.00506921589286824,0.0
2016-09-07,-0.0007003468818426173,-0.0007003468818426173,0.0
2016-09-08,-0.004420346897349603,-0.004420346897349603,0.0
2016-09-09,-0.009194997740554767,-0.009194997740554767,0.0
2016-09-12,0.0033163672184275406,0.0033163672184275406,0.0
2016-09-13,-0.006375213023717796,-0.006375213023717796,0.0
2016-09-14,0.0014970718932263427,0.0014970718932263427,0.0
2016-09-15,0.0029009635613022056,0.0029009635613022056,0.0
2016-09-16,-0.001029191905977167,-0.001029191905977167,0.0
2016-09-19,0.0007231423537532589,0.0007231423537532589,0.0
2016-09-20,0.0003683385066428624,0.0003683385066428624,0.0
2016-09-21,0.00656436148387618,0.00656436148387618,0.0
2016-09-22,0.0035759342366949998,0.0035759342366949998,0.0
2016-09-23,-0.0009564477661079263,-0.0009564477661079263,0.0
2016-09-26,-0.0017700180957941347,-0.0017700180957941347,0.0
2016-09-27,0.0025083122405784586,0.0025083122405784586,0.0
2016-09-28,0.0005238102085418639,0.0005238102085418639,0.0
2016-09-29,-0.0031419324909406354,-0.0031419324909406354,0.0
2016-09-30,-1.4412802390451063e-06,-1.4412802390451063e-06,0.0
2016-10-03,-0.0021437005923701236,-0.0020235452105613616,0.24031076361756704
2016-10-04,-0.007040917107685618,-0.007040917107685618,0.0
2016-10-05,-6.456100759921757e-05,-6.456100759921757e-05,0.0
2016-10-06,-0.001315182840655238,-0.001315182840655238,0.0
2016-10-07,0.0003483872835725599,0.0003483872835725599,0.0
2016-10-10,0.0009770413964900193,0.0009770413964900193,0.0
2016-10-11,-0.0051528179452865475,-0.0051528179452865475,0.0
2016-10-12,0.0006637374495692683,0.0006637374495692683,0.0
2016-10-13,-0.000513959361231775,-0.000513959361231775,0.0
2016-10-14,-0.0014241356654789428,-0.0014241356654789428,0.0
2016-10-17,0.0011029529248085534,0.0011029529248085534,0.0
2016-10-18,0.004143903747708233,0.004143903747708233,0.0
2016-10-19,0.0012163549868224877,0.0012163549868224877,0.0
2016-10-20,-3.078772973552635e-05,-3.078772973552635e-05,0.0
2016-10-21,0.00022099272451736596,0.00022099272451736596,0.0
2016-10-24,0.00011955764551618842,0.00011955764551618842,0.0
2016-10-25,-2.2089648580081445e-05,-2.2089648580081445e-05,0.0
2016-10-26,-0.003482421461364682,-0.003482421461364682,0.0
2016-10-27,-0.004185269247446888,-0.004185269247446888,0.0
2016-10-28,-0.0004289066775478023,-0.0004289066775478023,0.0
2016-10-31,0.0028941799559243364,0.0028941799559243364,0.0
2016-11-01,-0.0011151700357505678,-0.0008964740815731176,0.4373919083546495
2016-11-02,-0.00024784553168211154,-0.00024784553168211154,0.0
2016-11-03,-0.0014309261964571274,-0.0014309261964571274,0.0
2016-11-04,0.0015198832213263458,0.0015198832213263458,0.0
2016-11-07,0.0032431087635123035,0.0032431087635123035,0.0
2016-11-08,-0.0010464612752955071,-0.0010464612752955071,0.0
2016-11-09,-0.00611699373008312,-0.00611699373008312,0.0
2016-11-10,-0.004518878403713789,-0.004518878403713789,0.0
2016-11-11,-0.0020670063908800884,-0.0020670063908800884,0.0
2016-11-14,-0.0014660816356735218,-0.0014660816356735218,0.0
2016-11-15,0.0023147047747453797,0.0023147047747453797,0.0
2016-11-16,0.0014181377850934762,0.0014181377850934762,0.0
2016-11-17,-0.0018387270812415535,-0.0018387270812415535,0.0
2016-11-18,-0.0025758973439691246,-0.0025758973439691246,0.0
2016-11-21,0.00017906241319121108,0.00017906241319121108,0.0
2016-11-22,0.002483236812245604,0.002483236812245604,0.0
2016-11-23,-0.0028688361993942646,-0.0028688361993942646,0.0
2016-11-25,-0.0006271527806064325,-0.0006271527806064325,0.0
2016-11-28,0.0024877560870328885,0.0024877560870328885,0.0
2016-11-29,0.0012703845031392103,0.0012703845031392103,0.0
2016-11-30,-0.005259974127394207,-0.005259974127394207,0.0
2016-12-01,-0.005948794528397694,-0.005783078252552198,0.3314325516911347
2016-12-02,0.002234498162539511,0.002234498162539511,0.0
2016-12-05,0.00011516744696749015,0.00011516744696749015,0.0
2016-12-06,0.0012388445947761895,0.0012388445947761895,0.0
2016-12-07,0.0032926098082879385,0.0032926098082879385,0.0
2016-12-08,0.002271219066808383,0.002271219066808383,0.0
2016-12-09,-0.0009665518661301498,-0.0009665518661301498,0.0
2016-12-12,-0.0029342532239290398,-0.0029342532239290398,0.0
2016-12-13,0.0011533236133487446,0.0011533236133487446,0.0
2016-12-14,-0.005583735567884718,-0.005583735567884718,0.0
2016-12-15,-0.0008150089138956318,-0.0008150089138956318,0.0
2016-12-16,-0.0007953938958933371,-0.0007953938958933371,0.0
2016-12-19,0.002415902651490942,0.002415902651490942,0.0
2016-12-20,0.0011141315689067177,0.0011141315689067177,0.0
2016-12-21,-0.0006309801719738273,-0.0006309801719738273,0.0
2016-12-22,0.00011921998889663499,0.00011921998889663499,0.0
2016-12-23,0.0010910478039796168,0.0010910478039796168,0.0
2016-12-27,1.9609764668748753e-05,1.9609764668748753e-05,0.0
2016-12-28,0.0012116484652193726,0.0012116484652193726,0.0
2016-12-29,0.001752479208790847,0.001752479208790847,0.0
2016-12-30,-0.0009323272069561295,-0.0009323272069561295,0.0
2017-01-03,0.0030374503205976566,0.003191663824044122,0.3084270068930742
2017-01-04,0.0033412144395099652,0.0033412144395099652,0.0
2017-01-05,0.003599669113559578,0.003599669113559578,0.0
2017-01-06,-0.002195243184039408,-0.002195243184039408,0.0
2017-01-09,0.0002869392301474427,0.0002869392301474427,0.0
2017-01-10,0.0001628178660029178,0.0001628178660029178,0.0
2017-01-11,0.0031353248851448967,0.0031353248851448967,0.0
2017-01-12,0.00037646103349686655,0.00037646103349686655,0.0
2017-01-13,-0.0006164841331869342,-0.0006164841331869342,0.0
2017-01-17,0.0009221471256124492,0.0009221471256124492,0.0
2017-01-18,-0.0030655811565871716,-0.0030655811565871716,0.0
2017-01-19,-0.002451752507907079,-0.002451752507907079,0.0
2017-01-20,0.002069677743755882,0.002069677743755882,0.0
2017-01-23,0.00309388967482338,0.00309388967482338,0.0
2017-01-24,0.00013162231419605597,0.00013162231419605597,0.0
2017-01-25,0.00010784613062364556,0.00010784613062364556,0.0
2017-01-26,0.0006872227545893228,0.0006872227545893228,0.0
2017-01-27,-0.00010120368763955057,-0.00010120368763955057,0.0
2017-01-30,-0.0015982013719110233,-0.0015982013719110233,0.0
2017-01-31,0.0015121228332901637,0.0015121228332901637,0.0
2017-02-01,-3.3717263421273458e-06,0.00020185346855483566,0.41045038979364784
2017-02-02,0.0009471547165025296,0.0009471547165025296,0.0
2017-02-03,0.001525125483829104,0.001525125483829104,0.0
2017-02-06,0.0003424087826962019,0.0003424087826962019,0.0
2017-02-07,-0.0008063872495991387,-0.0008063872495991387,0.0
2017-02-08,0.001861710327308863,0.001861710327308863,0.0
2017-02-09,0.001468204291257047,0.001468204291257047,0.0
2017-02-10,0.0028653424975806363,0.0028653424975806363,0.0
2017-02-13,0.00035071713504120083,0.00035071713504120083,0.0
2017-02-14,0.00035664276402846973,0.00035664276402846973,0.0
2017-02-15,0.00219298263241674,0.00219298263241674,0.0
2017-02-16,-0.0005718101617906424,-0.0005718101617906424,0.0
2017-02-17,0.000548355681941004,0.000548355681941004,0.0
2017-02-21,0.00324181563032222,0.00324181563032222,0.0
2017-02-22,-9.56219220524801e-05,-9.56219220524801e-05,0.0
2017-02-23,0.00046348912519755814,0.00046348912519755814,0.0
2017-02-24,-0.0006361587590841822,-0.0006361587590841822,0.0
2017-02-27,-0.001088093884336172,-0.001088093884336172,0.0
2017-02-28,-0.001444014614747413,-0.001444014614747413,0.0
2017-03-01,0.004411509091019505,0.00456794028030183,0.31286237856455934
2017-03-02,-0.00702045729341827,-0.00702045729341827,0.0
2017-03-03,0.0009195413724505386,0.0009195413724505386,0.0
2017-03-06,-0.0018030361957124263,-0.0018030361957124263,0.0
2017-03-07,-0.0033614270166182347,-0.0033614270166182347,0.0
2017-03-08,-0.0055852512002648735,-0.0055852512002648735,0.0
2017-03-09,-0.0032734170820334363,-0.0032734170820334363,0.0
2017-03-10,0.0010819300996205428,0.0010819300996205428,0.0
2017-03-13,0.0019451973631237074,0.0019451973631237074,0.0
2017-03-14,-0.0028917680442833715,-0.0028917680442833715,0.0
2017-03-15,0.008984831999521381,0.008984831999521381,0.0
2017-03-16,-0.00011701987563372818,-0.00011701987563372818,0.0
2017-03-17,0.0003498904597551977,0.0003498904597551977,0.0
2017-03-20,0.000978270853474017,0.000978270853474017,0.0
2017-03-21,-0.006584223603363082,-0.006584223603363082,0.0
2017-03-22,0.0014318516163660533,0.0014318516163660533,0.0
2017-03-23,3.4274343925444484e-05,3.4274343925444484e-05,0.0
2017-03-24,0.0016336753759840228,0.0016336753759840228,0.0
2017-03-27,-0.0008044276127839867,-0.0008044276127839867,0.0
2017-03-28,0.0034871193115173504,0.0034871193115173504,0.0
2017-03-29,0.002512792407377562,0.002512792407377562,0.0
2017-03-30,0.0010092994990191784,0.0010092994990191784,0.0
2017-03-31,-0.0003319937427558317,-0.0003319937427558317,0.0
2017-04-03,0.000956115196059093,0.001053618131744205,0.195005871370458
2017-04-04,0.0013460432927341337,0.0013460432927341337,0.0
2017-04-05,-0.0020374956870748973,-0.0020374956870748973,0.0
2017-04-06,0.0009063082371651987,0.0009063082371651987,0.0
2017-04-07,-0.00011838480664150275,-0.00011838480664150275,0.0
2017-04-10,0.000436168557466976,0.000436168557466976,0.0
2017-04-11,0.00059595288509251,0.00059595288509251,0.0
2017-04-12,-0.0007165384355550808,-0.0007165384355550808,0.0
2017-04-13,-0.0016085242355656781,-0.0016085242355656781,0.0
2017-04-17,0.003142612702767167,0.003142612702767167,0.0
2017-04-18,-0.0030758475560680454,-0.0030758475560680454,0.0
2017-04-19,-0.002288496924246153,-0.002288496924246153,0.0
2017-04-20,0.003989563193661727,0.003989563193661727,0.0
2017-04-21,-0.0013400188546939251,-0.0013400188546939251,0.0
2017-04-24,0.0030338963102327643,0.0030338963102327643,0.0
2017-04-25,0.0017805570284070704,0.0017805570284070704,0.0
2017-04-26,-0.0004476772885450009,-0.0004476772885450009,0.0
2017-04-27,-0.0003196487139245363,-0.0003196487139245363,0.0
2017-04-28,-0.0013956627237824426,-0.0013956627237824426,0.0
2017-05-01,0.0012530938191124275,0.0013896217387765475,0.27305583932771965
2017-05-02,0.0007323691935530174,0.0007323691935530174,0.0
2017-05-03,-0.0006936803571585548,-0.0006936803571585548,0.0
2017-05-04,-0.001321546201407231,-0.001321546201407231,0.0
2017-05-05,0.0027911599180170388,0.0027911599180170388,0.0
2017-05-08,-0.00036088557784796915,-0.00036088557784796915,0.0
2017-05-09,0.0024162081622598475,0.0024162081622598475,0.0
2017-05-10,0.0019992442234118,0.0019992442234118,0.0
2017-05-11,-0.0005252223215884699,-0.0005252223215884699,0.0
2017-05-12,-0.0003917315512780295,-0.0003917315512780295,0.0
2017-05-15,0.0018381696147944382,0.0018381696147944382,0.0
2017-05-16,-0.0011844721377813894,-0.0011844721377813894,0.0
2017-05-17,-0.008642312333656976,-0.008642312333656976,0.0
2017-05-18,-1.7164213959919294e-05,-1.7164213959919294e-05,0.0
2017-05-19,0.0026349600632131764,0.0026349600632131764,0.0
2017-05-22,0.0002340186848115433,0.0002340186848115433,0.0
2017-05-23,0.0022666135813880217,0.0022666135813880217,0.0
2017-05-24,0.0008345986248134984,0.0008345986248134984,0.0
2017-05-25,0.0017470742748870727,0.0017470742748870727,0.0
2017-05-26,-0.00034561163542701223,-0.00034561163542701223,0.0
2017-05-30,-0.000992693488675922,-0.000992693488675922,0.0
2017-05-31,-0.0011723107562305879,-0.0011723107562305879,0.0
2017-06-01,0.004840137688060908,0.00505572418603184,0.4311729959419389
2017-06-02,0.00422513943296976,0.00422513943296976,0.0
2017-06-05,-0.0015707672816008822,-0.0015707672816008822,0.0
2017-06-06,-0.0006429244273286061,-0.0006429244273286061,0.0
2017-06-07,0.000829036305926456,0.000829036305926456,0.0
2017-06-08,-2.2094090033397684e-05,-2.2094090033397684e-05,0.0
2017-06-09,-0.003382683065260017,-0.003382683065260017,0.0
2017-06-12,-0.0005603127206276204,-0.0005603127206276204,0.0
2017-06-13,0.0022097480849680995,0.0022097480849680995,0.0
2017-06-14,0.00013814311405080382,0.00013814311405080382,0.0
2017-06-15,-0.002954341716362885,-0.002954341716362885,0.0
2017-06-16,0.00011141330045250086,0.00011141330045250086,0.0
2017-06-19,0.00336019188675607,0.00336019188675607,0.0
2017-06-20,-0.0027462987878810186,-0.0027462987878810186,0.0
2017-06-21,0.0011934639848130146,0.0011934639848130146,0.0
2017-06-22,0.0019959770039092994,0.0019959770039092994,0.0
2017-06-23,0.001578357108408257,0.001578357108408257,0.0
2017-06-26,0.0006766287365631563,0.0006766287365631563,0.0
2017-06-27,-0.0035297723473787235,-0.0035297723473787235,0.0
2017-06-28,0.0038516560250634324,0.0038516560250634324,0.0
2017-06-29,-0.005685149506918119,-0.005685149506918119,0.0
2017-06-30,-0.0011373578318417676,-0.0011373578318417676,0.0
2017-07-03,-0.0012794116503743735,-0.0004458366033337491,1.6671500940813822
2017-07-05,0.0013079850489148281,0.0013079850489148281,0.0
2017-07-06,-0.0009563931991110053,-0.0009563931991110053,0.0
2017-07-07,0.0034888920912385935,0.0034888920912385935,0.0
2017-07-10,0.0005490399318117678,0.0005490399318117678,0.0
2017-07-11,0.0005369091248155211,0.0005369091248155211,0.0
2017-07-12,0.0022989012591860813,0.0022989012591860813,0.0
2017-07-13,0.0015299608844960844,0.0015299608844960844,0.0
2017-07-14,0.0007997801581578479,0.0007997801581578479,0.0
2017-07-17,-0.001173977066443399,-0.001173977066443399,0.0
2017-07-18,-0.0002545226888538421,-0.0002545226888538421,0.0
2017-07-19,0.00023065198420568755,0.00023065198420568755,0.0
2017-07-20,0.0020216475015544244,0.0020216475015544244,0.0
2017-07-21,-0.0007024117451480683,-0.0007024117451480683,0.0
2017-07-24,0.0007439148493135761,0.0007439148493135761,0.0
2017-07-25,0.0014976248379525714,0.0014976248379525714,0.0
2017-07-26,-0.0008782521616891303,-0.0008782521616891303,0.0
2017-07-27,-0.0016313694827098102,-0.0016313694827098102,0.0
2017-07-28,-0.000880520424709208,-0.000880520424709208,0.0
2017-07-31,0.00012430761159842874,0.00012430761159842874,0.0
2017-08-01,0.0013911005310809355,0.0020356277561646152,1.2890544501676504
2017-08-02,0.0004032505170168399,0.0004032505170168399,0.0
2017-08-03,-0.0018766835874834964,-0.0018766835874834964,0.0
2017-08-04,0.0011631993452665412,0.0011631993452665412,0.0
2017-08-07,0.0011027281141908762,0.0011027281141908762,0.0
2017-08-08,-0.002133063667647428,-0.002133063667647428,0.0
2017-08-09,-0.0032568259771120767,-0.0032568259771120767,0.0
2017-08-10,-0.00806766313483076,-0.00806766313483076,0.0
2017-08-11,0.0021766958928237656,0.0021766958928237656,0.0
2017-08-14,0.0031094744498609828,0.0031094744498609828,0.0
2017-08-15,0.001469769566687651,0.001469769566687651,0.0
2017-08-16,0.0006858596845733533,0.0006858596845733533,0.0
2017-08-17,-0.006373069505055562,-0.006373069505055562,0.0
2017-08-18,0.0027138268848609925,0.0027138268848609925,0.0
2017-08-21,-0.0003935645249939501,-0.0003935645249939501,0.0
2017-08-22,0.004091644715644938,0.004091644715644938,0.0
2017-08-23,0.0003454397692164157,0.0003454397692164157,0.0
2017-08-24,-0.00023559034886977415,-0.00023559034886977415,0.0
2017-08-25,0.0020988922905900154,0.0020988922905900154,0.0
2017-08-28,-0.001429659744531575,-0.001429659744531575,0.0
2017-08-29,0.000299233174117175,0.000299233174117175,0.0
2017-08-30,0.00032770790786784687,0.00032770790786784687,0.0
2017-08-31,0.0017867994695217604,0.0017867994695217604,0.0
2017-09-01,-0.0002782899623707813,-3.828715181897202e-05,0.4800056211038214
2017-09-05,-0.0027297681164871745,-0.0027297681164871745,0.0
2017-09-06,0.0018357526331274077,0.0018357526331274077,0.0
2017-09-07,0.0022369495885072865,0.0022369495885072865,0.0
2017-09-08,-0.0014693091620729959,-0.0014693091620729959,0.0
2017-09-11,0.0030858008732506104,0.0030858008732506104,0.0
2017-09-12,0.0017229201063138078,0.0017229201063138078,0.0
2017-09-13,-0.0017567052917265569,-0.0017567052917265569,0.0
2017-09-14,0.0005597563660912908,0.0005597563660912908,0.0
2017-09-15,0.001305803721013854,0.001305803721013854,0.0
2017-09-18,0.0016570802044131305,0.0016570802044131305,0.0
2017-09-19,0.0020454394929008135,0.0020454394929008135,0.0
2017-09-20,-0.0020335363011755314,-0.0020335363011755314,0.0
2017-09-21,-0.0008605249962984063,-0.0008605249962984063,0.0
2017-09-22,0.0007034586022158784,0.0007034586022158784,0.0
2017-09-25,-0.0026534229315963165,-0.0026534229315963165,0.0
2017-09-26,-0.0001358711355760045,-0.0001358711355760045,0.0
2017-09-27,0.0007519488263141305,0.0007519488263141305,0.0
2017-09-28,0.00075860049493226,0.00075860049493226,0.0
2017-09-29,0.001657689571023857,0.001657689571023857,0.0
2017-10-02,0.0015198006891901095,0.0017487491842309577,0.4578969900816534
2017-10-03,0.003302353572136818,0.003302353572136818,0.0
2017-10-04,0.0008698009169123555,0.0008698009169123555,0.0
2017-10-05,-0.00011017860313222716,-0.00011017860313222716,0.0
2017-10-06,-0.001368583657399225,-0.001368583657399225,0.0
2017-10-09,-0.0012761648040264806,-0.0012761648040264806,0.0
2017-10-10,0.00238375134938118,0.00238375134938118,0.0
2017-10-11,0.0001440293352190647,0.0001440293352190647,0.0
2017-10-12,-0.0016365506759361548,-0.0016365506759361548,0.0
2017-10-13,0.0013602767454954368,0.0013602767454954368,0.0
2017-10-16,0.0008010205705597517,0.0008010205705597517,0.0
2017-10-17,-2.429582622209825e-05,-2.429582622209825e-05,0.0
2017-10-18,0.001928171993337724,0.001928171993337724,0.0
2017-10-19,-0.0017884409607754614,-0.0017884409607754614,0.0
2017-10-20,0.0025849445222827505,0.0025849445222827505,0.0
2017-10-23,-0.0026296130818045382,-0.0026296130818045382,0.0
2017-10-24,0.0022606863346150696,0.0022606863346150696,0.0
2017-10-25,-0.0009525881345692211,-0.0009525881345692211,0.0
2017-10-26,-0.0009825386815520698,-0.0009825386815520698,0.0
2017-10-27,0.0029591684536323104,0.0029591684536323104,0.0
2017-10-30,-0.0022940250678028518,-0.0022940250678028518,0.0
2017-10-31,0.0013912080359941292,0.0013912080359941292,0.0
2017-11-01,-0.0012336994516676247,-0.0010630987637969547,0.3412013757413143
2017-11-02,0.0009592710657506665,0.0009592710657506665,0.0
2017-11-03,8.354681443645262e-05,8.354681443645262e-05,0.0
2017-11-06,0.00174260988359487,0.00174260988359487,0.0
2017-11-07,-0.0014793712475189569,-0.0014793712475189569,0.0
2017-11-08,0.0012151833174440796,0.0012151833174440796,0.0
2017-11-09,-0.002427689198619465,-0.002427689198619465,0.0
2017-11-10,0.0008700930364777815,0.0008700930364777815,0.0
2017-11-13,-0.000772287665460003,-0.000772287665460003,0.0
2017-11-14,-0.0026963579404261084,-0.0026963579404261084,0.0
2017-11-15,-0.0033691786626975917,-0.0033691786626975917,0.0
2017-11-16,0.007177384565395961,0.007177384565395961,0.0
2017-11-17,-0.0014594782027688158,-0.0014594782027688158,0.0
2017-11-20,0.0020238235464964394,0.0020238235464964394,0.0
2017-11-21,0.004655413122144569,0.004655413122144569,0.0
2017-11-22,0.0004039141425578041,0.0004039141425578041,0.0
2017-11-24,0.003171843246049688,0.003171843246049688,0.0
2017-11-27,-0.0035848621307585926,-0.0035848621307585926,0.0
2017-11-28,0.0027489516139429515,0.0027489516139429515,0.0
2017-11-29,-0.0019469867858277201,-0.0019469867858277201,0.0
2017-11-30,0.0020805729046864396,0.0020805729046864396,0.0
2017-12-01,-5.195203322838626e-05,0.0004205784658988243,0.9450609982541619
2017-12-04,-0.0028974923361748672,-0.0028974923361748672,0.0
2017-12-05,-0.00039707067753858016,-0.00039707067753858016,0.0
2017-12-06,-0.0010158039140911734,-0.0010158039140911734,0.0
2017-12-07,3.021746869724673e-05,3.021746869724673e-05,0.0
2017-12-08,0.0023089155380282556,0.0023089155380282556,0.0
2017-12-11,0.0016224434545408783,0.0016224434545408783,0.0
2017-12-12,-0.0003656616943334967,-0.0003656616943334967,0.0
2017-12-13,0.00422391111932896,0.00422391111932896,0.0
2017-12-14,-0.0019460349087664364,-0.0019460349087664364,0.0
2017-12-15,0.0014654786478212056,0.0014654786478212056,0.0
2017-12-18,0.003266227982047898,0.003266227982047898,0.0
2017-12-19,-0.005225863032414679,-0.005225863032414679,0.0
2017-12-20,-0.0019821852549918306,-0.0019821852549918306,0.0
2017-12-21,0.0028813923720640844,0.0028813923720640844,0.0
2017-12-22,0.0015002179747152233,0.0015002179747152233,0.0
2017-12-26,0.0015545914270056471,0.0015545914270056471,0.0
2017-12-27,0.002874622990103326,0.002874622990103326,0.0
2017-12-28,0.0016902964144538402,0.0016902964144538402,0.0
2017-12-29,0.001461499766294061,0.001461499766294061,0.0
2018-01-02,0.0031049769310627084,0.003221172807277295,0.23239175242932955
2018-01-03,0.00376718012585342,0.00376718012585342,0.0
2018-01-04,0.0022759654208726054,0.0022759654208726054,0.0
2018-01-05,0.001419797759801611,0.001419797759801611,0.0
2018-01-08,0.00015195204171858379,0.00015195204171858379,0.0
2018-01-09,-0.003406775911756088,-0.003406775911756088,0.0
2018-01-10,0.0007746221561852895,0.0007746221561852895,0.0
2018-01-11,0.004865299505079301,0.004865299505079301,0.0
2018-01-12,0.005774635855787524,0.005774635855787524,0.0
2018-01-16,0.0003041426530334679,0.0003041426530334679,0.0
2018-01-17,0.001011176878753739,0.001011176878753739,0.0
2018-01-18,-0.002891982644342428,-0.002891982644342428,0.0
2018-01-19,0.0025020957293047097,0.0025020957293047097,0.0
2018-01-22,0.0028840111938690516,0.0028840111938690516,0.0
2018-01-23,0.005997628961705859,0.005997628961705859,0.0
2018-01-24,0.003639141054809558,0.003639141054809558,0.0
2018-01-25,-0.0007714887058414277,-0.0007714887058414277,0.0
2018-01-26,0.003965468685747764,0.003965468685747764,0.0
2018-01-29,-0.007716224618149803,-0.007716224618149803,0.0
2018-01-30,-0.006643798355251418,-0.006643798355251418,0.0
2018-01-31,0.0035630382029807617,0.0035630382029807617,0.0
2018-02-01,-0.004044504437137331,-0.003309327348794744,1.4703541766851587
2018-02-02,-0.011064990449942913,-0.011064990449942913,0.0
2018-02-05,-0.014233498190078242,-0.014233498190078242,0.0
2018-02-06,0.0048767068391766255,0.0048767068391766255,0.0
2018-02-07,-0.008305744629606204,-0.008305744629606204,0.0
2018-02-08,-0.013687193375063855,-0.013687193375063855,0.0
2018-02-09,0.0009769021637842101,0.0009769021637842101,0.0
2018-02-12,0.006629149444644655,0.006629149444644655,0.0
2018-02-13,0.0019680757471904897,0.0019680757471904897,0.0
2018-02-14,0.008175525749941182,0.008175525749941182,0.0
2018-02-15,0.007459501661954748,0.007459501661954748,0.0
2018-02-16,0.0018958445783143762,0.0018958445783143762,0.0
2018-02-20,-0.005700550737603782,-0.005700550737603782,0.0
2018-02-21,-0.005062019531897111,-0.005062019531897111,0.0
2018-02-22,0.0031454348244475128,0.0031454348244475128,0.0
2018-02-23,0.007734249519873337,0.007734249519873337,0.0
2018-02-26,0.0044563822820378185,0.0044563822820378185,0.0
2018-02-27,-0.009592101183980795,-0.009592101183980795,0.0
2018-02-28,-0.004241431313023347,-0.004241431313023347,0.0
2018-03-01,-0.004965127989109863,-0.004463737080860453,1.0027818164988445
2018-03-02,0.0032761327273762575,0.0032761327273762575,0.0
2018-03-05,0.0007022305465502754,0.0007022305465502754,0.0
2018-03-06,0.0021742845412342504,0.0021742845412342504,0.0
2018-03-07,-0.0005817838182011759,-0.0005817838182011759,0.0
2018-03-08,-0.0016362477051042879,-0.0016362477051042879,0.0
2018-03-09,0.0039730759037903685,0.0039730759037903685,0.0
2018-03-12,5.876094365664386e-05,5.876094365664386e-05,0.0
2018-03-13,-0.001905424633108388,-0.001905424633108388,0.0
2018-03-14,0.00015482767721319846,0.00015482767721319846,0.0
2018-03-15,-0.0005726059486544921,-0.0005726059486544921,0.0
2018-03-16,0.0011523877651007375,0.0011523877651007375,0.0
2018-03-19,-0.0013927930357988672,-0.0013927930357988672,0.0
2018-03-20,0.0006817448941585091,0.0006817448941585091,0.0
2018-03-21,0.0026057265733616664,0.0026057265733616664,0.0
2018-03-22,-0.005554728522853547,-0.005554728522853547,0.0
2018-03-23,-0.0017784507315489195,-0.0017784507315489195,0.0
2018-03-26,0.006019220935386427,0.006019220935386427,0.0
2018-03-27,-0.0044250046137327415,-0.0044250046137327415,0.0
2018-03-28,-0.0027891558416446305,-0.0027891558416446305,0.0
2018-03-29,0.0032605672986683043,0.0032605672986683043,0.0
2018-04-02,-0.004100772790150087,-0.00390615087623547,0.38924382782913497
2018-04-03,0.0013266097598831905,0.0013266097598831905,0.0
2018-04-04,0.0012291757151008387,0.0012291757151008387,0.0
2018-04-05,-0.0011652691069493626,-0.0011652691069493626,0.0
2018-04-06,-0.0018894477612486638,-0.0018894477612486638,0.0
2018-04-09,0.0013686651575546271,0.0013686651575546271,0.0
2018-04-10,0.004941473846072908,0.004941473846072908,0.0
2018-04-11,0.001466323746291076,0.001466323746291076,0.0
2018-04-12,9.935486419765382e-05,9.935486419765382e-05,0.0
2018-04-13,-0.0004395155123430028,-0.0004395155123430028,0.0
2018-04-16,0.0005315805191201672,0.0005315805191201672,0.0
2018-04-17,0.00144877633701479,0.00144877633701479,0.0
2018-04-18,0.0006628915295945337,0.0006628915295945337,0.0
2018-04-19,-0.00208762961473985,-0.00208762961473985,0.0
2018-04-20,-0.002564162535898862,-0.002564162535898862,0.0
2018-04-23,-0.001023680848917241,-0.001023680848917241,0.0
2018-04-24,-0.0027722003580397114,-0.0027722003580397114,0.0
2018-04-25,-0.0018143760163811251,-0.0018143760163811251,0.0
2018-04-26,0.0018873600900821685,0.0018873600900821685,0.0
2018-04-27,0.00016173037023614611,0.00016173037023614611,0.0
2018-04-30,-0.0011702128570365566,-0.0011702128570365566,0.0
2018-05-01,-0.0022980316323039096,-0.002123346729026143,0.3493698065555254
2018-05-02,-0.0010629547551569418,-0.0010629547551569418,0.0
2018-05-03,-7.054591714883429e-05,-7.054591714883429e-05,0.0
2018-05-04,0.0018102565768221002,0.0018102565768221002,0.0
2018-05-07,0.00027741668674274855,0.00027741668674274855,0.0
2018-05-08,-0.00018937987830724978,-0.00018937987830724978,0.0
2018-05-09,0.0018660267047465595,0.0018660267047465595,0.0
2018-05-10,0.002074860098904452,0.002074860098904452,0.0
2018-05-11,-0.00018609678864112134,-0.00018609678864112134,0.0
2018-05-14,0.0011011610076436806,0.0011011610076436806,0.0
2018-05-15,-0.0010701541921811497,-0.0010701541921811497,0.0
2018-05-16,0.0013801185887445389,0.0013801185887445389,0.0
2018-05-17,-0.000844893296664373,-0.000844893296664373,0.0
2018-05-18,-0.0026075121619950625,-0.0026075121619950625,0.0
2018-05-21,0.0008022478779070585,0.0008022478779070585,0.0
2018-05-22,-0.00018163501778867275,-0.00018163501778867275,0.0
2018-05-23,-0.002462972454022827,-0.002462972454022827,0.0
2018-05-24,-0.0013309262621492568,-0.0013309262621492568,0.0
2018-05-25,-0.0042544085305492585,-0.0042544085305492585,0.0
2018-05-29,-0.007102838728680783,-0.007102838728680783,0.0
2018-05-30,0.0048361644358532185,0.0048361644358532185,0.0
2018-05-31,-7.438692640215905e-05,-7.438692640215905e-05,0.0
2018-06-01,0.0016900897873837195,0.001807092184178405,0.23400479358958515
2018-06-04,0.0035698746236896284,0.0035698746236896284,0.0
2018-06-05,-0.0004695784857280394,-0.0004695784857280394,0.0
2018-06-06,0.0026268969470490955,0.0026268969470490955,0.0
2018-06-07,-0.0018360401141205296,-0.0018360401141205296,0.0
2018-06-08,0.0005889489249581992,0.0005889489249581992,0.0
2018-06-11,0.0008726205023577016,0.0008726205023577016,0.0
2018-06-12,-0.0006261288380341457,-0.0006261288380341457,0.0
2018-06-13,-0.00040728546473278726,-0.00040728546473278726,0.0
2018-06-14,-0.002913273002807193,-0.002913273002807193,0.0
2018-06-15,-0.001932689150583644,-0.001932689150583644,0.0
2018-06-18,-1.7278826598188246e-05,-1.7278826598188246e-05,0.0
2018-06-19,-0.002009760013268025,-0.002009760013268025,0.0
2018-06-20,0.0015481744942160702,0.0015481744942160702,0.0
2018-06-21,-0.0023218267084487154,-0.0023218267084487154,0.0
2018-06-22,0.00318743185691317,0.00318743185691317,0.0
2018-06-25,-0.003181555299130223,-0.003181555299130223,0.0
2018-06-26,0.00031312014752571393,0.00031312014752571393,0.0
2018-06-27,-0.004337891263285876,-0.004337891263285876,0.0
2018-06-28,0.00149579097208008,0.00149579097208008,0.0
2018-06-29,0.0022714122568625594,0.0022714122568625594,0.0
2018-07-02,-0.002254374069563969,-0.0020866657600199234,0.33541661908788617
2018-07-03,-0.0005722477025279504,-0.0005722477025279504,0.0
2018-07-05,0.0021491997479097247,0.0021491997479097247,0.0
2018-07-06,0.0020920134154167602,0.0020920134154167602,0.0
2018-07-09,0.003474219414503432,0.003474219414503432,0.0
2018-07-10,-0.0004292223292853281,-0.0004292223292853281,0.0
2018-07-11,-0.005569288743317968,-0.005569288743317968,0.0
2018-07-12,0.0020559233257835263,0.0020559233257835263,0.0
2018-07-13,0.00019976288961376376,0.00019976288961376376,0.0
2018-07-16,-0.0017488486667515124,-0.0017488486667515124,0.0
2018-07-17,0.0002159787099642596,0.0002159787099642596,0.0
2018-07-18,0.0007234235763484698,0.0007234235763484698,0.0
2018-07-19,-0.0008455531147599782,-0.0008455531147599782,0.0
2018-07-20,0.0017179472176134247,0.0017179472176134247,0.0
2018-07-23,0.0012722082124558831,0.0012722082124558831,0.0
2018-07-24,0.0011142817550251483,0.0011142817550251483,0.0
2018-07-25,0.0029717305337260136,0.0029717305337260136,0.0
2018-07-26,-0.0005439410102331399,-0.0005439410102331399,0.0
2018-07-27,-0.002077134572864736,-0.002077134572864736,0.0
2018-07-30,-0.0009222127727533946,-0.0009222127727533946,0.0
2018-07-31,0.000801494032679706,0.000801494032679706,0.0
2018-08-01,-0.00027543944929253605,-4.008756487061671e-05,0.47070376884352777
2018-08-02,0.0009911111830758212,0.0009911111830758212,0.0
2018-08-03,-0.000844067967632145,-0.000844067967632145,0.0
2018-08-06,0.0006456835715034082,0.0006456835715034082,0.0
2018-08-07,0.0027088594818549527,0.0027088594818549527,0.0
2018-08-08,-0.0019465321722273998,-0.0019465321722273998,0.0
2018-08-09,0.00022691310870959214,0.00022691310870959214,0.0
2018-08-10,-0.0019006271176601475,-0.0019006271176601475,0.0
2018-08-13,-0.0001515768086832736,-0.0001515768086832736,0.0
2018-08-14,0.001774058069023532,0.001774058069023532,0.0
2018-08-15,-0.0032341371886597248,-0.0032341371886597248,0.0
2018-08-16,0.0017499131444649318,0.0017499131444649318,0.0
2018-08-17,-0.00020193470236717914,-0.00020193470236717914,0.0
2018-08-20,-0.00037710902549281666,-0.00037710902549281666,0.0
2018-08-21,0.0018661525985654848,0.0018661525985654848,0.0
2018-08-22,0.0009591692315848999,0.0009591692315848999,0.0
2018-08-23,0.0014430995385703582,0.0014430995385703582,0.0
2018-08-24,2.2318962251910435e-05,2.2318962251910435e-05,0.0
2018-08-27,0.00189095069558598,0.00189095069558598,0.0
2018-08-28,0.0023021211879690195,0.0023021211879690195,0.0
2018-08-29,0.001620723224229792,0.001620723224229792,0.0
2018-08-30,-0.0021569112207067143,-0.0021569112207067143,0.0
2018-08-31,0.0006573935958271715,0.0006573935958271715,0.0
2018-09-04,-0.00011109573169543197,0.00016969033469549366,0.5615721327816319
2018-09-05,-0.0016443266607212292,-0.0016443266607212292,0.0
2018-09-06,-0.0026487787683623365,-0.0026487787683623365,0.0
2018-09-07,0.0013169760489422089,0.0013169760489422089,0.0
2018-09-10,0.0005661268188057456,0.0005661268188057456,0.0
2018-09-11,0.003951083185861348,0.003951083185861348,0.0
2018-09-12,-0.0013136776817495033,-0.0013136776817495033,0.0
2018-09-13,0.00045992697096886026,0.00045992697096886026,0.0
2018-09-14,0.002232250408688241,0.002232250408688241,0.0
2018-09-17,-0.001907972469610164,-0.001907972469610164,0.0
2018-09-18,0.0038147770515528645,0.0038147770515528645,0.0
2018-09-19,-0.0006673854373032695,-0.0006673854373032695,0.0
2018-09-20,-0.0002611629023997475,-0.0002611629023997475,0.0
2018-09-21,0.00028807853472567757,0.00028807853472567757,0.0
2018-09-24,0.0009477463288065646,0.0009477463288065646,0.0
2018-09-25,-5.507611341659668e-06,-5.507611341659668e-06,0.0
2018-09-26,-0.0018921823813319305,-0.0018921823813319305,0.0
2018-09-27,0.002609101166895833,0.002609101166895833,0.0
2018-09-28,0.0007987640845616983,0.0007987640845616983,0.0
2018-10-01,0.0022527190167538347,0.0023217545155564956,0.13807099760526828
2018-10-02,-0.004383991943211929,-0.004383991943211929,0.0
2018-10-03,0.003088850482804828,0.003088850482804828,0.0
2018-10-04,-0.0035038637097770664,-0.0035038637097770664,0.0
2018-10-05,-0.0024311336812687934,-0.0024311336812687934,0.0
2018-10-08,-0.0005907236313563713,-0.0005907236313563713,0.0
2018-10-09,-0.0009047327016217244,-0.0009047327016217244,0.0
2018-10-10,-0.009190569879294341,-0.009190569879294341,0.0
2018-10-11,-0.009936441134843599,-0.009936441134843599,0.0
2018-10-12,0.003196356026585301,0.003196356026585301,0.0
2018-10-15,-0.002006209764762956,-0.002006209764762956,0.0
2018-10-16,0.0062165045415267794,0.0062165045415267794,0.0
2018-10-17,0.00024406945421229231,0.00024406945421229231,0.0
2018-10-18,-0.0048786369610491764,-0.0048786369610491764,0.0
2018-10-19,0.001161748667280138,0.001161748667280138,0.0
2018-10-22,7.667293833413247e-05,7.667293833413247e-05,0.0
2018-10-23,-0.005451304353701891,-0.005451304353701891,0.0
2018-10-24,-0.008710301030570466,-0.008710301030570466,0.0
2018-10-25,0.006228776657892565,0.006228776657892565,0.0
2018-10-26,-0.0075046496164772325,-0.0075046496164772325,0.0
2018-10-29,0.00032592509284401494,0.00032592509284401494,0.0
2018-10-30,0.005316442909999219,0.005316442909999219,0.0
2018-10-31,0.0027274180933540837,0.0027274180933540837,0.0
2018-11-01,-0.004428872246747817,-0.003236243741917,2.385257009661671
2018-11-02,0.0002790214790013845,0.0002790214790013845,0.0
2018-11-05,-0.0004569002614913664,-0.0004569002614913664,0.0
2018-11-06,-0.00028491471560587733,-0.00028491471560587733,0.0
2018-11-07,-0.0007028055198065042,-0.0007028055198065042,0.0
2018-11-08,0.0018100182807219145,0.0018100182807219145,0.0
2018-11-09,-0.000232336981049186,-0.000232336981049186,0.0
2018-11-12,-0.0003301558727777376,-0.0003301558727777376,0.0
2018-11-13,-0.0030916638371696337,-0.0030916638371696337,0.0
2018-11-14,-0.0007662647060829864,-0.0007662647060829864,0.0
2018-11-15,0.0006023205688274746,0.0006023205688274746,0.0
2018-11-16,-0.002767168775518747,-0.002767168775518747,0.0
2018-11-19,-0.0008453455126472553,-0.0008453455126472553,0.0
2018-11-20,-0.0006168013148187823,-0.0006168013148187823,0.0
2018-11-21,-0.000339080525977864,-0.000339080525977864,0.0
2018-11-23,-0.0011697056470874045,-0.0011697056470874045,0.0
2018-11-26,0.0006129286357099417,0.0006129286357099417,0.0
2018-11-27,0.0012280338467547391,0.0012280338467547391,0.0
2018-11-28,-0.0007391801136668041,-0.0007391801136668041,0.0
2018-11-29,-0.00012913852568940953,-0.00012913852568940953,0.0
2018-11-30,0.00025286110929578776,0.00025286110929578776,0.0
2018-12-03,-0.0011222701817575897,-0.0008836006294888898,0.47733910453716044
2018-12-04,-0.00346818840343166,-0.00346818840343166,0.0
2018-12-06,0.0012373486201862072,0.0012373486201862072,0.0
2018-12-07,-0.0031934911548366918,-0.0031934911548366918,0.0
2018-12-10,0.00293038027719561,0.00293038027719561,0.0
2018-12-11,0.0003124179446483133,0.0003124179446483133,0.0
2018-12-12,-0.0012498591317824381,-0.0012498591317824381,0.0
2018-12-13,-0.0004137219030959649,-0.0004137219030959649,0.0
2018-12-14,0.0017165484854411162,0.0017165484854411162,0.0
2018-12-17,-0.0028475138702903635,-0.0028475138702903635,0.0
2018-12-18,0.0003947228182670237,0.0003947228182670237,0.0
2018-12-19,-0.002288949232325921,-0.002288949232325921,0.0
2018-12-20,-0.0030282240899563995,-0.0030282240899563995,0.0
2018-12-21,0.002058228396513595,0.002058228396513595,0.0
2018-12-24,-0.003773269605058638,-0.003773269605058638,0.0
2018-12-26,0.0039553325363150815,0.0039553325363150815,0.0
2018-12-27,-0.0005333966630927112,-0.0005333966630927112,0.0
2018-12-28,-0.0022517759031903672,-0.0022517759031903672,0.0
2018-12-31,-0.001331448895555254,-0.001331448895555254,0.0
2019-01-02,-0.0032070879324539447,-0.0028031118370275276,0.8079521908531468
2019-01-03,0.0014150978269176218,0.0014150978269176218,0.0
2019-01-04,-0.007924890525242034,-0.007924890525242034,0.0
2019-01-07,-0.0038664030188718668,-0.0038664030188718668,0.0
2019-01-08,-0.003202177382889304,-0.003202177382889304,0.0
2019-01-09,-0.0046094278738739725,-0.0046094278738739725,0.0
2019-01-10,0.001242124048535631,0.001242124048535631,0.0
2019-01-11,0.000964137706098267,0.000964137706098267,0.0
2019-01-14,0.0026040278206007628,0.0026040278206007628,0.0
2019-01-15,-0.0012775895839188811,-0.0012775895839188811,0.0
2019-01-16,-0.0019566893869710222,-0.0019566893869710222,0.0
2019-01-17,-0.0016462078241972211,-0.0016462078241972211,0.0
2019-01-18,-0.002330028143732621,-0.002330028143732621,0.0
2019-01-22,0.004372936134734218,0.004372936134734218,0.0
2019-01-23,-0.0017238653187897635,-0.0017238653187897635,0.0
2019-01-24,-0.00022677347022703742,-0.00022677347022703742,0.0
2019-01-25,-0.005091537681489511,-0.005091537681489511,0.0
2019-01-28,0.0021099634601731143,0.0021099634601731143,0.0
2019-01-29,-0.001244749747406293,-0.001244749747406293,0.0
2019-01-30,-0.004979464604605299,-0.004979464604605299,0.0
2019-01-31,-0.0019992515318658644,-0.0019992515318658644,0.0
2019-02-01,-0.0015877472273917448,-0.0009855473502886625,1.2043997542060008
2019-02-04,-0.0004542778331750874,-0.0004542778331750874,0.0
2019-02-05,0.001180968129406823,0.001180968129406823,0.0
2019-02-06,0.0010777703834257135,0.0010777703834257135,0.0
2019-02-07,0.0030406315119870797,0.0030406315119870797,0.0
2019-02-08,0.0013771447132548964,0.0013771447132548964,0.0
2019-02-11,0.00031603953596870404,0.00031603953596870404,0.0
2019-02-12,-0.0017584929411528227,-0.0017584929411528227,0.0
2019-02-13,-0.00013709333834022175,-0.00013709333834022175,0.0
2019-02-14,0.0016042291159161781,0.0016042291159161781,0.0
2019-02-15,-0.002531022403694183,-0.002531022403694183,0.0
2019-02-19,-0.001270836706823486,-0.001270836706823486,0.0
2019-02-20,-0.0006296840161758022,-0.0006296840161758022,0.0
2019-02-21,-0.0003714239214920312,-0.0003714239214920312,0.0
2019-02-22,0.0006479295716075306,0.0006479295716075306,0.0
2019-02-25,9.798860416854183e-06,9.798860416854183e-06,0.0
2019-02-26,0.00044254923282172065,0.00044254923282172065,0.0
2019-02-27,-0.0003948638376004565,-0.0003948638376004565,0.0
2019-02-28,0.0008744660710393592,0.0008744660710393592,0.0
2019-03-01,0.0008777879919639187,0.0009749036551014445,0.19423132627525258
2019-03-04,0.0014377301655887909,0.0014377301655887909,0.0
2019-03-05,-0.0007795707688007525,-0.0007795707688007525,0.0
2019-03-06,0.001823926657242847,0.001823926657242847,0.0
2019-03-07,0.00466481310783351,0.00466481310783351,0.0
2019-03-08,-0.0011346263129793366,-0.0011346263129793366,0.0
2019-03-11,-0.000495841094856786,-0.000495841094856786,0.0
2019-03-12,-0.00024935927712188555,-0.00024935927712188555,0.0
2019-03-13,-0.00162486609000978,-0.00162486609000978,0.0
2019-03-14,0.0015797619815125508,0.0015797619815125508,0.0
2019-03-15,-0.0009049456537997269,-0.0009049456537997269,0.0
2019-03-18,-0.0018729496684680713,-0.0018729496684680713,0.0
2019-03-19,-0.000748869128120333,-0.000748869128120333,0.0
2019-03-20,0.0012182503923605648,0.0012182503923605648,0.0
2019-03-21,0.0026610015571284507,0.0026610015571284507,0.0
2019-03-22,0.005159869564893782,0.005159869564893782,0.0
2019-03-25,-0.0002575921011701565,-0.0002575921011701565,0.0
2019-03-26,0.0006756516727504103,0.0006756516727504103,0.0
2019-03-27,0.003451216878164187,0.003451216878164187,0.0
2019-03-28,0.002142448652623141,0.002142448652623141,0.0
2019-03-29,-0.00023713319383922293,-0.00023713319383922293,0.0
2019-04-01,-0.004270263368353122,-0.004190872554517666,0.15878162767114407
2019-04-02,0.0009854499313535214,0.0009854499313535214,0.0
2019-04-03,-0.002515840024650662,-0.002515840024650662,0.0
2019-04-04,-0.00017448514960993755,-0.00017448514960993755,0.0
2019-04-05,0.0009710260238458002,0.0009710260238458002,0.0
2019-04-08,-0.00241570801901958,-0.00241570801901958,0.0
2019-04-09,0.0005327541034432226,0.0005327541034432226,0.0
2019-04-10,0.0017686064563853243,0.0017686064563853243,0.0
2019-04-11,0.0023673009447415794,0.0023673009447415794,0.0
2019-04-12,-0.0017283503496988706,-0.0017283503496988706,0.0
2019-04-15,0.00030319481201224185,0.00030319481201224185,0.0
2019-04-16,-0.0017273665241878122,-0.0017273665241878122,0.0
2019-04-17,-0.00014852030986878262,-0.00014852030986878262,0.0
2019-04-18,0.0014279502580347714,0.0014279502580347714,0.0
2019-04-22,-0.0011666047970202431,-0.0011666047970202431,0.0
2019-04-23,0.0033401585154868574,0.0033401585154868574,0.0
2019-04-24,0.0052276761049048215,0.0052276761049048215,0.0
2019-04-25,-0.00027705265965105585,-0.00027705265965105585,0.0
2019-04-26,0.0021307474550140704,0.0021307474550140704,0.0
2019-04-29,-0.001957795153399111,-0.001957795153399111,0.0
2019-04-30,0.0003960553151332036,0.0003960553151332036,0.0
2019-05-01,0.000289951451517112,0.0004577354018973079,0.33556790075998266
2019-05-02,0.0001364165269355233,0.0001364165269355233,0.0
2019-05-03,7.101896144012798e-05,7.101896144012798e-05,0.0
2019-05-06,0.0029016065997506946,0.0029016065997506946,0.0
2019-05-07,0.0009831349231774755,0.0009831349231774755,0.0
2019-05-08,-0.0012620566383421128,-0.0012620566383421128,0.0
2019-05-09,0.0019742826846129713,0.0019742826846129713,0.0
2019-05-10,0.0005038112568309661,0.0005038112568309661,0.0
2019-05-13,0.0008467927377353579,0.0008467927377353579,0.0
2019-05-14,-0.0011756534183408052,-0.0011756534183408052,0.0
2019-05-15,0.0021147755083026354,0.0021147755083026354,0.0
2019-05-16,0.0005883805112723017,0.0005883805112723017,0.0
2019-05-17,0.0025199201154981754,0.0025199201154981754,0.0
2019-05-20,-0.003229629102493692,-0.003229629102493692,0.0
2019-05-21,0.0005885397917411161,0.0005885397917411161,0.0
2019-05-22,0.0028012120614622216,0.0028012120614622216,0.0
2019-05-23,0.002225122115595779,0.002225122115595779,0.0
2019-05-24,-0.0025474661732611814,-0.0025474661732611814,0.0
2019-05-28,0.0005419936889736743,0.0005419936889736743,0.0
2019-05-29,-0.0006891554944771228,-0.0006891554944771228,0.0
2019-05-30,0.0023763712424607064,0.0023763712424607064,0.0
2019-05-31,0.001962083566576789,0.001962083566576789,0.0
2019-06-03,-0.000923807497861806,-0.0007249935091704351,0.39762797738296246
2019-06-04,-0.001165909914510821,-0.001165909914510821,0.0
2019-06-05,0.0034740098455634527,0.0034740098455634527,0.0
2019-06-06,-0.0017173923848838868,-0.0017173923848838868,0.0
2019-06-07,0.0010712505900638547,0.0010712505900638547,0.0
2019-06-10,-0.0018052353445481284,-0.0018052353445481284,0.0
2019-06-11,-0.0008183247492363765,-0.0008183247492363765,0.0
2019-06-12,0.0028102589897294195,0.0028102589897294195,0.0
2019-06-13,0.0006569348878422421,0.0006569348878422421,0.0
2019-06-14,0.0013182244607428117,0.0013182244607428117,0.0
2019-06-17,-0.0005162705743197993,-0.0005162705743197993,0.0
2019-06-18,0.0003876845010706287,0.0003876845010706287,0.0
2019-06-19,0.0018200450277492397,0.0018200450277492397,0.0
2019-06-20,-0.0020054430104754495,-0.0020054430104754495,0.0
2019-06-21,-0.003153899713704944,-0.003153899713704944,0.0
2019-06-24,-1.6431004389971804e-05,-1.6431004389971804e-05,0.0
2019-06-25,-0.0008581521143146142,-0.0008581521143146142,0.0
2019-06-26,-0.002966204637163239,-0.002966204637163239,0.0
2019-06-27,0.0018479325158025084,0.0018479325158025084,0.0
2019-06-28,0.0008348940233606772,0.0008348940233606772,0.0
2019-07-01,-0.0012875488630609278,-0.0010514218548519638,0.47225401641801434
2019-07-02,0.004523788180237132,0.004523788180237132,0.0
2019-07-03,0.0016824321188744218,0.0016824321188744218,0.0
2019-07-05,-0.003543725828843103,-0.003543725828843103,0.0
2019-07-08,-0.0008533686842275845,-0.0008533686842275845,0.0
2019-07-09,-0.0004320630982910245,-0.0004320630982910245,0.0
2019-07-10,0.0009334204624116271,0.0009334204624116271,0.0
2019-07-11,-0.0035767206413291897,-0.0035767206413291897,0.0
2019-07-12,0.0007317603506573622,0.0007317603506573622,0.0
2019-07-15,0.002106313530021664,0.002106313530021664,0.0
2019-07-16,-0.0007088015826186567,-0.0007088015826186567,0.0
2019-07-17,0.0021095341443961857,0.0021095341443961857,0.0
2019-07-18,0.0021613310907728778,0.0021613310907728778,0.0
2019-07-19,-0.002918733600825396,-0.002918733600825396,0.0
2019-07-22,0.0010021664380457374,0.0010021664380457374,0.0
2019-07-23,0.0001949823519800109,0.0001949823519800109,0.0
2019-07-24,0.0013119564393377914,0.0013119564393377914,0.0
2019-07-25,-0.0021329626189762196,-0.0021329626189762196,0.0
2019-07-26,0.0015824432185618242,0.0015824432185618242,0.0
2019-07-29,-0.0004696910607350224,-0.0004696910607350224,0.0
2019-07-30,-0.0007022977008063203,-0.0007022977008063203,0.0
2019-07-31,0.0010065511860288812,0.0010065511860288812,0.0
2019-08-01,0.009929458704693861,0.010112698900194284,0.36648039100086516
2019-08-02,0.001070792526224773,0.001070792526224773,0.0
2019-08-05,0.003452468366516692,0.003452468366516692,0.0
2019-08-06,0.0031087963845668476,0.0031087963845668476,0.0
2019-08-07,0.0025054868853975343,0.0025054868853975343,0.0
2019-08-08,0.0012357081955001181,0.0012357081955001181,0.0
2019-08-09,-0.000796031379035278,-0.000796031379035278,0.0
2019-08-12,0.0047526160692401564,0.0047526160692401564,0.0
2019-08-13,-0.0028814096824223423,-0.0028814096824223423,0.0
2019-08-14,0.005336013158313335,0.005336013158313335,0.0
2019-08-15,0.003531692213548654,0.003531692213548654,0.0
2019-08-16,-0.0013917969399322994,-0.0013917969399322994,0.0
2019-08-19,-0.003279924573848958,-0.003279924573848958,0.0
2019-08-20,0.002290357155904532,0.002290357155904532,0.0
2019-08-21,-0.0007930385231924575,-0.0007930385231924575,0.0
2019-08-22,-0.0006296566624182098,-0.0006296566624182098,0.0
2019-08-23,0.004521832169758433,0.004521832169758433,0.0
2019-08-26,-0.0007908957708352427,-0.0007908957708352427,0.0
2019-08-27,0.0038827546196607,0.0038827546196607,0.0
2019-08-28,0.0004847699095247293,0.0004847699095247293,0.0
2019-08-29,-0.0010191273370950826,-0.0010191273370950826,0.0
2019-08-30,0.0012706589367981191,0.0012706589367981191,0.0
2019-09-03,0.0026256834900759696,0.0026861656172840753,0.12096425441662954
2019-09-04,-0.001073118599672962,-0.001073118599672962,0.0
2019-09-05,-0.005980924589220393,-0.005980924589220393,0.0
2019-09-06,4.1348635923199595e-05,4.1348635923199595e-05,0.0
2019-09-09,-0.0050544569923896,-0.0050544569923896,0.0
2019-09-10,-0.004915230809353188,-0.004915230809353188,0.0
2019-09-11,-9.714304495722637e-05,-9.714304495722637e-05,0.0
2019-09-12,-0.002089235982411175,-0.002089235982411175,0.0
2019-09-13,-0.007115333499701948,-0.007115333499701948,0.0
2019-09-16,0.002140877037914768,0.002140877037914768,0.0
2019-09-17,0.0025655807758284688,0.0025655807758284688,0.0
2019-09-18,0.00047078712608406015,0.00047078712608406015,0.0
2019-09-19,0.0002627967824411215,0.0002627967824411215,0.0
2019-09-20,0.00418920166278447,0.00418920166278447,0.0
2019-09-23,0.001702032476479376,0.001702032476479376,0.0
2019-09-24,0.0024504090909693854,0.0024504090909693854,0.0
2019-09-25,-0.003471585598257332,-0.003471585598257332,0.0
2019-09-26,0.001514497893874145,0.001514497893874145,0.0
2019-09-27,0.00031479323436944817,0.00031479323436944817,0.0
2019-09-30,0.00023736195237833435,0.00023736195237833435,0.0
2019-10-01,0.000578555404503911,0.0006408160117286066,0.12452121444935652
2019-10-02,0.00128093309469679,0.00128093309469679,0.0
2019-10-03,0.0018116506031813362,0.0018116506031813362,0.0
2019-10-04,0.0013411532966520756,0.0013411532966520756,0.0
2019-10-07,-0.0015848206621735805,-0.0015848206621735805,0.0
2019-10-08,0.0009436283588104555,0.0009436283588104555,0.0
2019-10-09,-0.0014582320426634876,-0.0014582320426634876,0.0
2019-10-10,-0.0038235875353752613,-0.0038235875353752613,0.0
2019-10-11,-0.004324970080773705,-0.004324970080773705,0.0
2019-10-14,0.002382846997420307,0.002382846997420307,0.0
2019-10-15,-0.003247560632098412,-0.003247560632098412,0.0
2019-10-16,0.00012945070391934266,0.00012945070391934266,0.0
2019-10-17,-0.0005257659100891265,-0.0005257659100891265,0.0
2019-10-18,0.0006028287981412195,0.0006028287981412195,0.0
2019-10-21,-0.001398667971909906,-0.001398667971909906,0.0
2019-10-22,0.0015045477469639579,0.0015045477469639579,0.0
2019-10-23,-0.00036868466913730913,-0.00036868466913730913,0.0
2019-10-24,0.001142495723632564,0.001142495723632564,0.0
2019-10-25,-0.0005721615817506631,-0.0005721615817506631,0.0
2019-10-28,-0.0026094843852479954,-0.0026094843852479954,0.0
2019-10-29,-0.00036901964343660776,-0.00036901964343660776,0.0
2019-10-30,0.0017111498897490751,0.0017111498897490751,0.0
2019-10-31,0.0030078537515196846,0.0030078537515196846,0.0
2019-11-01,-0.00153344009610612,-0.0013459278487391035,0.37502449473416655
2019-11-04,1.4266587048838986e-05,1.4266587048838986e-05,0.0
2019-11-05,-0.002775454778023656,-0.002775454778023656,0.0
2019-11-06,0.0014432584691590478,0.0014432584691590478,0.0
2019-11-07,-0.0025662336230785066,-0.0025662336230785066,0.0
2019-11-08,-0.0014663565860821848,-0.0014663565860821848,0.0
2019-11-11,-0.00023763910974972102,-0.00023763910974972102,0.0
2019-11-12,-0.0005201840247008871,-0.0005201840247008871,0.0
2019-11-13,0.00028080782073724997,0.00028080782073724997,0.0
2019-11-14,0.0018771899605325437,0.0018771899605325437,0.0
2019-11-15,0.0006491362054419358,0.0006491362054419358,0.0
2019-11-18,0.0009937185298836138,0.0009937185298836138,0.0
2019-11-19,0.0015294268187404647,0.0015294268187404647,0.0
2019-11-20,-0.0007392695135406413,-0.0007392695135406413,0.0
2019-11-21,-0.0021190480666600786,-0.0021190480666600786,0.0
2019-11-22,0.0014561210783641254,0.0014561210783641254,0.0
2019-11-25,0.00241440844653118,0.00241440844653118,0.0
2019-11-26,0.0012069587635930024,0.0012069587635930024,0.0
2019-11-27,0.00043420640740143845,0.00043420640740143845,0.0
2019-11-29,-0.0018651743027553458,-0.0018651743027553458,0.0
2019-12-02,-0.004200545686103396,-0.004005371477874942,0.3903484164569166
2019-12-03,0.003087836972245128,0.003087836972245128,0.0
2019-12-04,0.001983568801456226,0.001983568801456226,0.0
2019-12-05,-0.000559121973579102,-0.000559121973579102,0.0
2019-12-06,0.0023976210937144415,0.0023976210937144415,0.0
2019-12-09,-0.0011145795325258057,-0.0011145795325258057,0.0
2019-12-10,-0.0008450467256500005,-0.0008450467256500005,0.0
2019-12-11,0.001991522916988897,0.001991522916988897,0.0
2019-12-12,-0.0011635621958605569,-0.0011635621958605569,0.0
2019-12-13,0.0034684840039647113,0.0034684840039647113,0.0
2019-12-16,0.0001513530909444949,0.0001513530909444949,0.0
2019-12-17,0.0006799900669902659,0.0006799900669902659,0.0
2019-12-18,0.0010552594313488761,0.0010552594313488761,0.0
2019-12-19,0.002363196493900155,0.002363196493900155,0.0
2019-12-20,0.0006143324173955023,0.0006143324173955023,0.0
2019-12-23,0.0008093564760565108,0.0008093564760565108,0.0
2019-12-24,0.001076501018137721,0.001076501018137721,0.0
2019-12-26,0.002550699489574315,0.002550699489574315,0.0
2019-12-27,-0.0012417941847899794,-0.0012417941847899794,0.0
2019-12-30,-0.001213530801680296,-0.001213530801680296,0.0
2019-12-31,-0.0004991723238051415,-0.0004991723238051415,0.0
2020-01-02,0.0062345888684476325,0.0063928229696421646,0.3164682023893265
2020-01-03,0.001504261516820371,0.001504261516820371,0.0
2020-01-06,-0.0007466193647726049,-0.0007466193647726049,0.0
2020-01-07,-0.0008017184772166619,-0.0008017184772166619,0.0
2020-01-08,-0.0012295440137950475,-0.0012295440137950475,0.0
2020-01-09,0.0014121134339473151,0.0014121134339473151,0.0
2020-01-10,0.00037982628792576634,0.00037982628792576634,0.0
2020-01-13,0.0016312151282531495,0.0016312151282531495,0.0
2020-01-14,-0.00013025885886086552,-0.00013025885886086552,0.0
2020-01-15,0.00019401264311280642,0.00019401264311280642,0.0
2020-01-16,0.002901069858364691,0.002901069858364691,0.0
2020-01-17,0.001519444456702379,0.001519444456702379,0.0
2020-01-21,-0.002750008096604528,-0.002750008096604528,0.0
2020-01-22,0.0005875544590427939,0.0005875544590427939,0.0
2020-01-23,0.000867153858605807,0.000867153858605807,0.0
2020-01-24,-0.0013973907929484275,-0.0013973907929484275,0.0
2020-01-27,-0.00633499480581079,-0.00633499480581079,0.0
2020-01-28,0.0027596226575099525,0.0027596226575099525,0.0
2020-01-29,0.0020827979787707562,0.0020827979787707562,0.0
2020-01-30,-0.00040145516559442207,-0.00040145516559442207,0.0
2020-01-31,-0.00570548160925366,-0.00570548160925366,0.0
2020-02-03,0.0026044049704201377,0.0028799643127086494,0.5511186845769797
2020-02-04,0.0030778712643511064,0.0030778712643511064,0.0
2020-02-05,0.0015140409401832589,0.0015140409401832589,0.0
2020-02-06,0.0024814266839536803,0.0024814266839536803,0.0
2020-02-07,0.0006053190010200105,0.0006053190010200105,0.0
2020-02-10,0.004196652022643077,0.004196652022643077,0.0
2020-02-11,-0.0009893108606636725,-0.0009893108606636725,0.0
2020-02-12,0.0004558700258581183,0.0004558700258581183,0.0
2020-02-13,0.00047115167588174245,0.00047115167588174245,0.0
2020-02-14,0.0009235781626524275,0.0009235781626524275,0.0
2020-02-18,0.0011650378174876685,0.0011650378174876685,0.0
2020-02-19,0.0014103227309205657,0.0014103227309205657,0.0
2020-02-20,0.0025851768862761304,0.0025851768862761304,0.0
2020-02-21,-0.001395787002241189,-0.001395787002241189,0.0
2020-02-24,-0.004426548363659855,-0.004426548363659855,0.0
2020-02-25,-0.007413210676862403,-0.007413210676862403,0.0
2020-02-26,0.0008842956521861733,0.0008842956521861733,0.0
2020-02-27,-0.011299371024965366,-0.011299371024965366,0.0
2020-02-28,-0.0017093968223985678,-0.0017093968223985678,0.0
2020-03-02,-0.0008284019676872978,-0.00048001478643144857,0.6967743625115621
2020-03-03,0.00576656362729322,0.00576656362729322,0.0
2020-03-04,0.0033908337704966485,0.0033908337704966485,0.0
2020-03-05,0.0029697192578350684,0.0029697192578350684,0.0
2020-03-06,0.006038334944537649,0.006038334944537649,0.0
2020-03-09,0.0021024955846298266,0.0021024955846298266,0.0
2020-03-10,-0.01198855792323672,-0.01198855792323672,0.0
2020-03-11,-0.007225217580583809,-0.007225217580583809,0.0
2020-03-12,-0.004052711589429325,-0.004052711589429325,0.0
2020-03-13,0.005868396922128483,0.005868396922128483,0.0
2020-03-16,-0.0017911436265232172,-0.0017911436265232172,0.0
2020-03-17,-0.008346075575773937,-0.008346075575773937,0.0
2020-03-18,-0.007879175842499087,-0.007879175842499087,0.0
2020-03-19,-0.0022799963582581517,-0.0022799963582581517,0.0
2020-03-20,0.00802340933125989,0.00802340933125989,0.0
2020-03-23,0.010042300712037822,0.010042300712037822,0.0
2020-03-24,0.0017961903438672433,0.0017961903438672433,0.0
2020-03-25,0.00428973154378931,0.00428973154378931,0.0
2020-03-26,0.004938488001517083,0.004938488001517083,0.0
2020-03-27,0.0042517517095939095,0.0042517517095939095,0.0
2020-03-30,0.0022028471197632626,0.0022028471197632626,0.0
2020-03-31,-0.002467409901800388,-0.002467409901800388,0.0
2020-04-01,0.004088108979144467,0.004509720294765485,0.8432226312419773
2020-04-02,-0.0022437004872601918,-0.0022437004872601918,0.0
2020-04-03,0.0002742988064021734,0.0002742988064021734,0.0
2020-04-06,-0.0032488350131637533,-0.0032488350131637533,0.0
2020-04-07,-0.001300776173397078,-0.001300776173397078,0.0
2020-04-08,-0.002039036560210983,-0.002039036560210983,0.0
2020-04-09,-0.0004276745589509856,-0.0004276745589509856,0.0
2020-04-13,0.0013642024887110527,0.0013642024887110527,0.0
2020-04-14,-0.0007323267630854335,-0.0007323267630854335,0.0
2020-04-15,0.004187873862395719,0.004187873862395719,0.0
2020-04-16,0.0008866610350117821,0.0008866610350117821,0.0
2020-04-17,-0.0023426532159810387,-0.0023426532159810387,0.0
2020-04-20,0.0028832994897600717,0.0028832994897600717,0.0
2020-04-21,0.005215725600158594,0.005215725600158594,0.0
2020-04-22,-0.0006756001684167234,-0.0006756001684167234,0.0
2020-04-23,0.00023198384214495604,0.00023198384214495604,0.0
2020-04-24,0.0008541774821833048,0.0008541774821833048,0.0
2020-04-27,-0.0010517003808275804,-0.0010517003808275804,0.0
2020-04-28,-0.00046749450943417425,-0.00046749450943417425,0.0
2020-04-29,-0.0028135296628547524,-0.0028135296628547524,0.0
2020-04-30,-0.0005185976006882864,-0.0005185976006882864,0.0
2020-05-01,0.0021543867877489298,0.002192000272025485,0.07522696855341633
2020-05-04,0.00018175718886670467,0.00018175718886670467,0.0
2020-05-05,-0.0005924335673412884,-0.0005924335673412884,0.0
2020-05-06,0.0005458896988710382,0.0005458896988710382,0.0
2020-05-07,0.0003803196822420585,0.0003803196822420585,0.0
2020-05-08,-0.002123918516911516,-0.002123918516911516,0.0
2020-05-11,0.00020052341330045742,0.00020052341330045742,0.0
2020-05-12,0.0011712156063246049,0.0011712156063246049,0.0
2020-05-13,0.0013895114181268209,0.0013895114181268209,0.0
2020-05-14,0.0005299691739679702,0.0005299691739679702,0.0
2020-05-15,0.0006448292578211667,0.0006448292578211667,0.0
2020-05-18,-0.004016320121115635,-0.004016320121115635,0.0
2020-05-19,0.0010462659828571752,0.0010462659828571752,0.0
2020-05-20,-0.0010657818585204648,-0.0010657818585204648,0.0
2020-05-21,-0.00013506016476216853,-0.00013506016476216853,0.0
2020-05-22,0.0012623803269673495,0.0012623803269673495,0.0
2020-05-26,-0.003328756707733249,-0.003328756707733249,0.0
2020-05-27,-0.00011679504564543475,-0.00011679504564543475,0.0
2020-05-28,-0.0002679475932282349,-0.0002679475932282349,0.0
2020-05-29,8.942463700356562e-05,8.942463700356562e-05,0.0
2020-06-01,-0.000677823737065264,-0.0006349439217355757,0.08575963065927295
2020-06-02,-0.0014986871318346529,-0.0014986871318346529,0.0
2020-06-03,-0.002566403216061275,-0.002566403216061275,0.0
2020-06-04,-0.0009361638307595621,-0.0009361638307595621,0.0
2020-06-05,-0.0019333396736652686,-0.0019333396736652686,0.0
2020-06-08,0.0006396654117961642,0.0006396654117961642,0.0
2020-06-09,0.0006195901186594188,0.0006195901186594188,0.0
2020-06-10,0.00156743179372687,0.00156743179372687,0.0
2020-06-11,0.0024451935809626235,0.0024451935809626235,0.0
2020-06-12,-0.0006131455105513606,-0.0006131455105513606,0.0
2020-06-15,-0.0002521936989005047,-0.0002521936989005047,0.0
2020-06-16,-0.0002321228671549047,-0.0002321228671549047,0.0
2020-06-17,0.0005222085674030374,0.0005222085674030374,0.0
2020-06-18,0.00042537889926275163,0.00042537889926275163,0.0
2020-06-19,0.0004017452944020672,0.0004017452944020672,0.0
2020-06-22,-0.0007635109605672596,-0.0007635109605672596,0.0
2020-06-23,1.2636111931696448e-05,1.2636111931696448e-05,0.0
2020-06-24,0.0011298520137350554,0.0011298520137350554,0.0
2020-06-25,-0.00011623992059317523,-0.00011623992059317523,0.0
2020-06-26,0.0013632004711154888,0.0013632004711154888,0.0
2020-06-29,-0.0010590465928151938,-0.0010590465928151938,0.0
2020-06-30,-3.8071615959811567e-06,-3.8071615959811567e-06,0.0
2020-07-01,-0.0018181404211310426,-0.0014073088888314489,0.8216630645989957
2020-07-02,-8.782576704846612e-05,-8.782576704846612e-05,0.0
2020-07-06,-0.002787117305753428,-0.002787117305753428,0.0
2020-07-07,0.0026951874519558494,0.0026951874519558494,0.0
2020-07-08,-0.002371034428923058,-0.002371034428923058,0.0
2020-07-09,0.002423045553027192,0.002423045553027192,0.0
2020-07-10,-0.000557824795697992,-0.000557824795697992,0.0
2020-07-13,0.001420607060367951,0.001420607060367951,0.0
2020-07-14,-1.2697922852189514e-05,-1.2697922852189514e-05,0.0
2020-07-15,-0.0015057766993281652,-0.0015057766993281652,0.0
2020-07-16,0.0010952601952496366,0.0010952601952496366,0.0
2020-07-17,-0.0007075253313332253,-0.0007075253313332253,0.0
2020-07-20,0.0010575683665365876,0.0010575683665365876,0.0
2020-07-21,-0.00041435780056808813,-0.00041435780056808813,0.0
2020-07-22,0.0012875682421116252,0.0012875682421116252,0.0
2020-07-23,0.0002831464352655022,0.0002831464352655022,0.0
2020-07-24,-0.0006987541566156885,-0.0006987541566156885,0.0
2020-07-27,-0.0006053786021718022,-0.0006053786021718022,0.0
2020-07-28,0.0012333129543147248,0.0012333129543147248,0.0
2020-07-29,-0.001432549084810053,-0.001432549084810053,0.0
2020-07-30,-0.0005471924213336088,-0.0005471924213336088,0.0
2020-07-31,0.0032041344093673985,0.0032041344093673985,0.0
2020-08-03,0.0018043427114291521,0.0022719109505280333,0.9351364781976024
2020-08-04,0.003979703141901991,0.003979703141901991,0.0
2020-08-05,0.00010340448134726898,0.00010340448134726898,0.0
2020-08-06,0.0027274995106580935,0.0027274995106580935,0.0
2020-08-07,-0.0034462539013816462,-0.0034462539013816462,0.0
2020-08-10,-0.0009659653454079375,-0.0009659653454079375,0.0
2020-08-11,-0.005922617738410185,-0.005922617738410185,0.0
2020-08-12,-0.00034894664308238177,-0.00034894664308238177,0.0
2020-08-13,-0.00010492410144780084,-0.00010492410144780084,0.0
2020-08-14,-0.00036896402123132166,-0.00036896402123132166,0.0
2020-08-17,0.003143427936368237,0.003143427936368237,0.0
2020-08-18,0.00326544397388151,0.00326544397388151,0.0
2020-08-19,-0.004375171022726554,-0.004375171022726554,0.0
2020-08-20,0.0024176855532307417,0.0024176855532307417,0.0
2020-08-21,0.0003083191092640991,0.0003083191092640991,0.0
2020-08-24,-0.0003721391724819112,-0.0003721391724819112,0.0
2020-08-25,-0.0009097524299596094,-0.0009097524299596094,0.0
2020-08-26,0.002465805117705777,0.002465805117705777,0.0
2020-08-27,-0.0039413592602683956,-0.0039413592602683956,0.0
2020-08-28,0.0034027029262471142,0.0034027029262471142,0.0
2020-08-31,0.0016851135713940035,0.0016851135713940035,0.0
2020-09-01,0.0019251590629827398,0.002226909212256878,0.6035002985485203
2020-09-02,0.0016619430147029046,0.0016619430147029046,0.0
2020-09-03,-0.00428701181426272,-0.00428701181426272,0.0
2020-09-04,-0.002678225381335886,-0.002678225381335886,0.0
2020-09-08,-0.001089862163898725,-0.001089862163898725,0.0
2020-09-09,0.0022602099147845944,0.0022602099147845944,0.0
2020-09-10,-0.0010576171743852392,-0.0010576171743852392,0.0
2020-09-11,0.00104816703201549,0.00104816703201549,0.0
2020-09-14,0.0014647529981228757,0.0014647529981228757,0.0
2020-09-15,0.00021757853614157163,0.00021757853614157163,0.0
2020-09-16,-0.001895010243025852,-0.001895010243025852,0.0
2020-09-17,-0.0014010949162008846,-0.0014010949162008846,0.0
2020-09-18,-0.0009379860062070922,-0.0009379860062070922,0.0
2020-09-21,-0.0019371335209059648,-0.0019371335209059648,0.0
2020-09-22,0.0005547898114082184,0.0005547898114082184,0.0
2020-09-23,-0.00303874130627102,-0.00303874130627102,0.0
2020-09-24,-0.000574448138315975,-0.000574448138315975,0.0
2020-09-25,0.0005629453017534924,0.0005629453017534924,0.0
2020-09-28,0.003862988448728233,0.003862988448728233,0.0
2020-09-29,0.0019898448375583744,0.0019898448375583744,0.0
2020-09-30,-0.0020050487441208853,-0.0020050487441208853,0.0
2020-10-01,0.002604221234336901,0.0029085494478071627,0.6086564269406058
2020-10-02,-0.000892738747206745,-0.000892738747206745,0.0
2020-10-05,-0.001598448899283178,-0.001598448899283178,0.0
2020-10-06,-0.0015287430009814917,-0.0015287430009814917,0.0
2020-10-07,0.0007933334602776565,0.0007933334602776565,0.0
2020-10-08,0.0012183399887006896,0.0012183399887006896,0.0
2020-10-09,0.003465398721205215,0.003465398721205215,0.0
2020-10-12,0.00455869576344381,0.00455869576344381,0.0
2020-10-13,-0.002279359853323615,-0.002279359853323615,0.0
2020-10-14,-0.0008418080275196527,-0.0008418080275196527,0.0
2020-10-15,-0.0017181459576655067,-0.0017181459576655067,0.0
2020-10-16,0.0005198566439581498,0.0005198566439581498,0.0
2020-10-19,-0.001434324369659401,-0.001434324369659401,0.0
2020-10-20,-0.00031862879049993076,-0.00031862879049993076,0.0
2020-10-21,0.0019871139692790862,0.0019871139692790862,0.0
2020-10-22,-0.002861858304603948,-0.002861858304603948,0.0
2020-10-23,0.0027893873519817536,0.0027893873519817536,0.0
2020-10-26,-0.0016146479208990483,-0.0016146479208990483,0.0
2020-10-27,0.0021202581187007574,0.0021202581187007574,0.0
2020-10-28,-0.003931594910229763,-0.003931594910229763,0.0
2020-10-29,4.770123094188783e-05,4.770123094188783e-05,0.0
2020-10-30,-0.003004943397017734,-0.003004943397017734,0.0
2020-11-02,0.001741211666069331,0.0018779793002532408,0.2735352683672946
2020-11-03,-1.215697957013262e-05,-1.215697957013262e-05,0.0
2020-11-04,0.005831662141988492,0.005831662141988492,0.0
2020-11-05,0.0038545062931860663,0.0038545062931860663,0.0
2020-11-06,-0.000694393899704826,-0.000694393899704826,0.0
2020-11-09,-0.009097621010753953,-0.009097621010753953,0.0
2020-11-10,-0.004834919428915119,-0.004834919428915119,0.0
2020-11-11,0.0008603009463905575,0.0008603009463905575,0.0
2020-11-12,0.0030492379533604286,0.0030492379533604286,0.0
2020-11-13,0.0013048981021677175,0.0013048981021677175,0.0
2020-11-16,-6.576913876077395e-05,-6.576913876077395e-05,0.0
2020-11-17,-0.0003720233779264115,-0.0003720233779264115,0.0
2020-11-18,7.156248731465809e-05,7.156248731465809e-05,0.0
2020-11-19,0.0017467043497463308,0.0017467043497463308,0.0
2020-11-20,0.0013670028487944297,0.0013670028487944297,0.0
2020-11-23,-0.002722489200977618,-0.002722489200977618,0.0
2020-11-24,-0.0010679844525034454,-0.0010679844525034454,0.0
2020-11-25,-0.00022773787413243873,-0.00022773787413243873,0.0
2020-11-27,0.0029186197045867335,0.0029186197045867335,0.0
2020-11-30,-0.0008523210654138857,-0.0008523210654138857,0.0
2020-12-01,0.0009884276827261118,0.0011030468309134456,0.22923829637439516
2020-12-02,0.00012218882390269137,0.00012218882390269137,0.0
2020-12-03,0.0031812578056853447,0.0031812578056853447,0.0
2020-12-04,-0.0013241176137924748,-0.0013241176137924748,0.0
2020-12-07,0.0013332275574127195,0.0013332275574127195,0.0
2020-12-08,0.0004897057729567056,0.0004897057729567056,0.0
2020-12-09,-0.0026898535675373703,-0.0026898535675373703,0.0
2020-12-10,0.0019074524785982483,0.0019074524785982483,0.0
2020-12-11,0.0003954926727471886,0.0003954926727471886,0.0
2020-12-14,1.4941066616813714e-05,1.4941066616813714e-05,0.0
2020-12-15,0.0022518747780171378,0.0022518747780171378,0.0
2020-12-16,0.0004275741367318897,0.0004275741367318897,0.0
2020-12-17,0.0019446385011638867,0.0019446385011638867,0.0
2020-12-18,-0.0011931365645412306,-0.0011931365645412306,0.0
2020-12-21,-0.0007490157241782924,-0.0007490157241782924,0.0
2020-12-22,-0.0006293425755360404,-0.0006293425755360404,0.0
2020-12-23,0.0013956410652593565,0.0013956410652593565,0.0
2020-12-24,-0.0006316630133593737,-0.0006316630133593737,0.0
2020-12-28,0.0018628274603211814,0.0018628274603211814,0.0
2020-12-29,0.0010592324233271722,0.0010592324233271722,0.0
2020-12-30,0.002116706345915542,0.002116706345915542,0.0
2020-12-31,-0.0009741899490596229,-0.0009741899490596229,0.0
2021-01-04,0.00130813608335556,0.0014288101922952379,0.24134821787953792
2021-01-05,0.0009236251478901281,0.0009236251478901281,0.0
2021-01-06,-0.0030442146122519054,-0.0030442146122519054,0.0
2021-01-07,-0.0004785133985576451,-0.0004785133985576451,0.0
2021-01-08,-0.002181315159881292,-0.002181315159881292,0.0
2021-01-11,-0.003213618428785092,-0.003213618428785092,0.0
2021-01-12,0.0008229853165133694,0.0008229853165133694,0.0
2021-01-13,0.0010510799531695536,0.0010510799531695536,0.0
2021-01-14,-0.0007276109026495003,-0.0007276109026495003,0.0
2021-01-15,-0.0019776962245442453,-0.0019776962245442453,0.0
2021-01-19,0.0049431217399102945,0.0049431217399102945,0.0
2021-01-20,0.003391780268128919,0.003391780268128919,0.0
2021-01-21,0.0007636347408459532,0.0007636347408459532,0.0
2021-01-22,0.00032271503319392103,0.00032271503319392103,0.0
2021-01-25,0.0018164780237339695,0.0018164780237339695,0.0
2021-01-26,-0.0016300159610084242,-0.0016300159610084242,0.0
2021-01-27,-0.005458813626428194,-0.005458813626428194,0.0
2021-01-28,0.0018516733971254418,0.0018516733971254418,0.0
2021-01-29,-0.0038563785788157112,-0.0038563785788157112,0.0
2021-02-01,0.0020939992811974673,0.0022624496370251546,0.33690071165540253
2021-02-02,-0.0004601532895606164,-0.0004601532895606164,0.0
2021-02-03,-0.00016199168890151938,-0.00016199168890151938,0.0
2021-02-04,-0.0004980179911053817,-0.0004980179911053817,0.0
2021-02-05,0.00227518766762258,0.00227518766762258,0.0
2021-02-08,0.003147626612038712,0.003147626612038712,0.0
2021-02-09,0.001691707304841028,0.001691707304841028,0.0
2021-02-10,0.00038546697434305166,0.00038546697434305166,0.0
2021-02-11,0.0003084611057431186,0.0003084611057431186,0.0
2021-02-12,-0.0005343177573471358,-0.0005343177573471358,0.0
2021-02-16,-0.0029411951037462414,-0.0029411951037462414,0.0
2021-02-17,-0.0004184552740694736,-0.0004184552740694736,0.0
2021-02-18,-0.0016872484093426454,-0.0016872484093426454,0.0
2021-02-19,-0.00011203964554895585,-0.00011203964554895585,0.0
2021-02-22,-0.0012967112011716964,-0.0012967112011716964,0.0
2021-02-23,-0.00036943958842594604,-0.00036943958842594604,0.0
2021-02-24,0.00013391189591915875,0.00013391189591915875,0.0
2021-02-25,-0.012400855046742487,-0.012400855046742487,0.0
2021-02-26,0.0024810950514728702,0.0024810950514728702,0.0
2021-03-01,0.002701334633652852,0.003112985238873156,0.823301210440544
2021-03-02,-0.0005218974095138051,-0.0005218974095138051,0.0
2021-03-03,-0.004963801087627506,-0.004963801087627506,0.0
2021-03-04,-0.0075524692804072036,-0.0075524692804072036,0.0
2021-03-05,0.0016313515444199567,0.0016313515444199567,0.0
2021-03-08,-0.005303056310944521,-0.005303056310944521,0.0
2021-03-09,0.00687196660679934,0.00687196660679934,0.0
2021-03-10,0.002156366061435655,0.002156366061435655,0.0
2021-03-11,0.0042046545980238825,0.0042046545980238825,0.0
2021-03-12,-0.0025306089724135283,-0.0025306089724135283,0.0
2021-03-15,0.0014040881213384093,0.0014040881213384093,0.0
2021-03-16,0.00026271702171287714,0.00026271702171287714,0.0
2021-03-17,0.001998633226877322,0.001998633226877322,0.0
2021-03-18,-0.006787767381907783,-0.006787767381907783,0.0
2021-03-19,0.0006521701660586743,0.0006521701660586743,0.0
2021-03-22,0.0017362394967221917,0.0017362394967221917,0.0
2021-03-23,-0.0032440644485872694,-0.0032440644485872694,0.0
2021-03-24,-0.002386550238480667,-0.002386550238480667,0.0
2021-03-25,0.0008431414233431855,0.0008431414233431855,0.0
2021-03-26,0.004064874152191589,0.004064874152191589,0.0
2021-03-29,-0.0030435918234062997,-0.0030435918234062997,0.0
2021-03-30,-0.002964112495733473,-0.002964112495733473,0.0
2021-03-31,0.00214432372352924,0.00214432372352924,0.0
2021-04-01,0.004076537086190157,0.004316573584750127,0.48007299712035406
2021-04-05,0.0012374463810798098,0.0012374463810798098,0.0
2021-04-06,0.0006746542725104554,0.0006746542725104554,0.0
2021-04-07,-0.0003428050016687223,-0.0003428050016687223,0.0
2021-04-08,0.002331139933283488,0.002331139933283488,0.0
2021-04-09,-0.0006508668058131661,-0.0006508668058131661,0.0
2021-04-12,-0.0012088929891874711,-0.0012088929891874711,0.0
2021-04-13,0.0025132396602358664,0.0025132396602358664,0.0
2021-04-14,0.0015069006485608494,0.0015069006485608494,0.0
2021-04-15,0.0028865018626449412,0.0028865018626449412,0.0
2021-04-16,0.0007427635081025397,0.0007427635081025397,0.0
2021-04-19,-0.0007862888007541535,-0.0007862888007541535,0.0
2021-04-20,-0.0019612507047337413,-0.0019612507047337413,0.0
2021-04-21,0.002869098188944097,0.002869098188944097,0.0
2021-04-22,-0.001051508519692046,-0.001051508519692046,0.0
2021-04-23,0.0036357915998790347,0.0036357915998790347,0.0
2021-04-26,0.001312455092839837,0.001312455092839837,0.0
2021-04-27,0.00033950834365104043,0.00033950834365104043,0.0
2021-04-28,0.0012259364529436656,0.0012259364529436656,0.0
2021-04-29,0.0009839429085833906,0.0009839429085833906,0.0
2021-04-30,-0.0032988818068188097,-0.0032988818068188097,0.0
2021-05-03,0.001546975951978613,0.00240653579334138,1.71911968272579
2021-05-04,-0.002711563129878636,-0.002711563129878636,0.0
2021-05-05,0.0017994581973985735,0.0017994581973985735,0.0
2021-05-06,0.0038381865421062145,0.0038381865421062145,0.0
2021-05-07,0.0038697052794449682,0.0038697052794449682,0.0
2021-05-10,-0.0028991886346474427,-0.0028991886346474427,0.0
2021-05-11,-0.0007058840409561729,-0.0007058840409561729,0.0
2021-05-12,-0.006808733721411997,-0.006808733721411997,0.0
2021-05-13,-0.00015198081007095077,-0.00015198081007095077,0.0
2021-05-14,0.005041233450013172,0.005041233450013172,0.0
2021-05-17,0.0013954936738596047,0.0013954936738596047,0.0
2021-05-18,0.0005806403308032948,0.0005806403308032948,0.0
2021-05-19,-0.0030824445265461575,-0.0030824445265461575,0.0
2021-05-20,0.002197326685034806,0.002197326685034806,0.0
2021-05-21,-0.0002487833457744948,-0.0002487833457744948,0.0
2021-05-24,0.002893915829784044,0.002893915829784044,0.0
2021-05-25,0.0004252398141841862,0.0004252398141841862,0.0
2021-05-26,0.00043445615109849456,0.00043445615109849456,0.0
2021-05-27,0.002201250795849319,0.002201250795849319,0.0
2021-05-28,0.0009327321287031509,0.0009327321287031509,0.0
2021-06-01,0.0026519562289823995,0.0038044948373523457,2.305077216739835
2021-06-02,0.0018904518968547723,0.0018904518968547723,0.0
2021-06-03,-0.004486824202335038,-0.004486824202335038,0.0
2021-06-04,0.003923255277014981,0.003923255277014981,0.0
2021-06-07,0.0007257735186412262,0.0007257735186412262,0.0
2021-06-08,0.0003692917644579907,0.0003692917644579907,0.0
2021-06-09,-0.001286245591515689,-0.001286245591515689,0.0
2021-06-10,0.0023072203495229093,0.0023072203495229093,0.0
2021-06-11,-0.0014013538894329658,-0.0014013538894329658,0.0
2021-06-14,6.130464729547924e-05,6.130464729547924e-05,0.0
2021-06-15,-0.001159466195241432,-0.001159466195241432,0.0
2021-06-16,-0.005386197194749864,-0.005386197194749864,0.0
2021-06-17,-0.00538542982006629,-0.00538542982006629,0.0
2021-06-18,-0.005179454339212852,-0.005179454339212852,0.0
2021-06-21,0.005624354130452147,0.005624354130452147,0.0
2021-06-22,0.0014293665587723492,0.0014293665587723492,0.0
2021-06-23,-0.0006092567908715374,-0.0006092567908715374,0.0
2021-06-24,0.0023062514131688694,0.0023062514131688694,0.0
2021-06-25,0.0013370077369807554,0.0013370077369807554,0.0
2021-06-28,0.00023528761956437272,0.00023528761956437272,0.0
2021-06-29,-0.0011811085312969372,-0.0011811085312969372,0.0
2021-06-30,0.0003235638740792801,0.0003235638740792801,0.0
2021-07-01,-0.0006864448599436246,0.0005516551411484105,2.4762000021840738
2021-07-02,0.0009258370250344594,0.0009258370250344594,0.0
2021-07-06,-0.006375834475744746,-0.006375834475744746,0.0
2021-07-07,-0.0013172296456548382,-0.0013172296456548382,0.0
2021-07-08,-0.0044233776420807835,-0.0044233776420807835,0.0
2021-07-09,0.0071659837426159,0.0071659837426159,0.0
2021-07-12,0.0020444806602955,0.0020444806602955,0.0
2021-07-13,-0.0007310524642630822,-0.0007310524642630822,0.0
2021-07-14,-0.0005828436083810118,-0.0005828436083810118,0.0
2021-07-15,-0.002352799458427146,-0.002352799458427146,0.0
2021-07-16,-0.0022135323473414514,-0.0022135323473414514,0.0
2021-07-19,-0.010608172371595392,-0.010608172371595392,0.0
2021-07-20,0.004901855824017698,0.004901855824017698,0.0
2021-07-21,0.006065241064391991,0.006065241064391991,0.0
2021-07-22,0.00022046941105102746,0.00022046941105102746,0.0
2021-07-23,0.0018568169366848242,0.0018568169366848242,0.0
2021-07-26,0.000302621981807194,0.000302621981807194,0.0
2021-07-27,-0.004409454532161794,-0.004409454532161794,0.0
2021-07-28,0.004298320866094274,0.004298320866094274,0.0
2021-07-29,0.002121676338227685,0.002121676338227685,0.0
2021-07-30,-0.003862845791021474,-0.003862845791021474,0.0
2021-08-02,-0.0016051963341513487,-0.0005887831451527603,2.0328263779970794
2021-08-03,0.001469062277463573,0.001469062277463573,0.0
2021-08-04,-0.0026723923514804238,-0.0026723923514804238,0.0
2021-08-05,0.0021301301642513426,0.0021301301642513426,0.0
2021-08-06,1.9974021047586277e-05,1.9974021047586277e-05,0.0
2021-08-09,-0.0021022763298423897,-0.0021022763298423897,0.0
2021-08-10,0.000479873506962436,0.000479873506962436,0.0
2021-08-11,0.0017351479374296819,0.0017351479374296819,0.0
2021-08-12,-5.399522934135259e-05,-5.399522934135259e-05,0.0
2021-08-13,-0.0003844651573922109,-0.0003844651573922109,0.0
2021-08-16,-0.0009712890532384,-0.0009712890532384,0.0
2021-08-17,-0.0028308830544698793,-0.0028308830544698793,0.0
2021-08-18,-0.002998841996433188,-0.002998841996433188,0.0
2021-08-19,-0.002044537386540979,-0.002044537386540979,0.0
2021-08-20,0.0002648208660547269,0.0002648208660547269,0.0
2021-08-23,0.004460330099289367,0.004460330099289367,0.0
2021-08-24,0.002907673201525185,0.002907673201525185,0.0
2021-08-25,0.0017860134964049479,0.0017860134964049479,0.0
2021-08-26,-0.0021294093797833424,-0.0021294093797833424,0.0
2021-08-27,0.0047202893430629,0.0047202893430629,0.0
2021-08-30,0.0012225775716261378,0.0012225775716261378,0.0
2021-08-31,-0.0006084303630977672,-0.0006084303630977672,0.0
2021-09-01,0.001535572527874951,0.0016155193355813502,0.15989361541247016
2021-09-02,0.0014480072350560036,0.0014480072350560036,0.0
2021-09-03,0.0001070263094917756,0.0001070263094917756,0.0
2021-09-07,-0.0002815374171424301,-0.0002815374171424301,0.0
2021-09-08,-0.0007051975789043041,-0.0007051975789043041,0.0
2021-09-09,-0.0005912102565008848,-0.0005912102565008848,0.0
2021-09-10,-0.0011603098415504665,-0.0011603098415504665,0.0
2021-09-13,0.0024179217044388857,0.0024179217044388857,0.0
2021-09-14,-0.002087731357849232,-0.002087731357849232,0.0
2021-09-15,0.002982284108523414,0.002982284108523414,0.0
2021-09-16,0.0009206470791187638,0.0009206470791187638,0.0
2021-09-17,-0.002794144603593063,-0.002794144603593063,0.0
2021-09-20,-0.0061144984364198685,-0.0061144984364198685,0.0
2021-09-21,0.0009720783665563282,0.0009720783665563282,0.0
2021-09-22,0.0025045981812654716,0.0025045981812654716,0.0
2021-09-23,0.004270603806576734,0.004270603806576734,0.0
2021-09-24,-0.0005811397857310441,-0.0005811397857310441,0.0
2021-09-27,0.0002045014196967454,0.0002045014196967454,0.0
2021-09-28,-0.005798332104104742,-0.005798332104104742,0.0
2021-09-29,0.00179833125128126,0.00179833125128126,0.0
2021-09-30,-0.0032806562158439467,-0.0032806562158439467,0.0
2021-10-01,0.00233466320584097,0.0032003232219759425,1.7313200322697153
2021-10-04,-0.00269471112678088,-0.00269471112678088,0.0
2021-10-05,0.0023941881092677253,0.0023941881092677253,0.0
2021-10-06,-0.0010610655241297673,-0.0010610655241297673,0.0
2021-10-07,0.0031949197713825317,0.0031949197713825317,0.0
2021-10-08,-7.998379520801624e-05,-7.998379520801624e-05,0.0
2021-10-11,0.0005778930485522693,0.0005778930485522693,0.0
2021-10-12,-0.00026276203922181995,-0.00026276203922181995,0.0
2021-10-13,0.0009414820262012569,0.0009414820262012569,0.0
2021-10-14,0.00402129782007532,0.00402129782007532,0.0
2021-10-15,0.0034744227497267577,0.0034744227497267577,0.0
2021-10-18,0.00010525354088120054,0.00010525354088120054,0.0
2021-10-19,-0.0001683189417462927,-0.0001683189417462927,0.0
2021-10-20,0.0006074186580993235,0.0006074186580993235,0.0
2021-10-21,-0.0007132253053114823,-0.0007132253053114823,0.0
2021-10-22,-0.0005672285560136547,-0.0005672285560136547,0.0
2021-10-25,0.0017338399794923909,0.0017338399794923909,0.0
2021-10-26,0.001790197777548297,0.001790197777548297,0.0
2021-10-27,-0.002150877590902933,-0.002150877590902933,0.0
2021-10-28,0.0015649100420587203,0.0015649100420587203,0.0
2021-10-29,-0.0008897811273118617,-0.0008897811273118617,0.0
2021-11-01,0.0020447169121662334,0.002141734036883225,0.19403424943421138
2021-11-02,-0.000232894160496544,-0.000232894160496544,0.0
2021-11-03,0.0018279499656599363,0.0018279499656599363,0.0
2021-11-04,-0.0009656444350868432,-0.0009656444350868432,0.0
2021-11-05,0.0016128283402536692,0.0016128283402536692,0.0
2021-11-08,0.0016845742957591892,0.0016845742957591892,0.0
2021-11-09,-0.000591071651725561,-0.000591071651725561,0.0
2021-11-10,-0.0013135089807588818,-0.0013135089807588818,0.0
2021-11-11,0.002055257247114861,0.002055257247114861,0.0
2021-11-12,0.0005639365806919816,0.0005639365806919816,0.0
2021-11-15,0.0007351660199834686,0.0007351660199834686,0.0
2021-11-16,7.64778823669765e-06,7.64778823669765e-06,0.0
2021-11-17,-0.00168179863908835,-0.00168179863908835,0.0
2021-11-18,0.0002481028137897301,0.0002481028137897301,0.0
2021-11-19,-0.001905845326757527,-0.001905845326757527,0.0
2021-11-22,0.0002907823490625461,0.0002907823490625461,0.0
2021-11-23,0.001414866774107626,0.001414866774107626,0.0
2021-11-24,-8.774293069901962e-05,-8.774293069901962e-05,0.0
2021-11-26,-0.01493946047669581,-0.01493946047669581,0.0
2021-11-29,0.0027269102224665165,0.0027269102224665165,0.0
2021-11-30,-0.0063380820446943265,-0.0063380820446943265,0.0
2021-12-01,-0.002364331778288875,-0.0019581488299211802,0.8123658967354881
2021-12-02,0.006120223703042882,0.006120223703042882,0.0
2021-12-03,-0.0029783751513314805,-0.0029783751513314805,0.0
2021-12-06,0.004954531483521096,0.004954531483521096,0.0
2021-12-07,0.00630092797836368,0.00630092797836368,0.0
2021-12-08,0.0008047760779157365,0.0008047760779157365,0.0
2021-12-09,-0.0035272691947990653,-0.0035272691947990653,0.0
2021-12-10,0.0010757290175071876,0.0010757290175071876,0.0
2021-12-13,-0.0021137629474016206,-0.0021137629474016206,0.0
2021-12-14,-0.0008877225856654958,-0.0008877225856654958,0.0
2021-12-15,0.0037543053830877415,0.0037543053830877415,0.0
2021-12-16,-0.002696186886609442,-0.002696186886609442,0.0
2021-12-17,-0.0010802348057863398,-0.0010802348057863398,0.0
2021-12-20,-0.0021517153339214445,-0.0021517153339214445,0.0
2021-12-21,0.005799319669368197,0.005799319669368197,0.0
2021-12-22,0.0021836349254036325,0.0021836349254036325,0.0
2021-12-23,0.002144611065835189,0.002144611065835189,0.0
2021-12-27,0.0032908389855454967,0.0032908389855454967,0.0
2021-12-28,1.9656639644649587e-05,1.9656639644649587e-05,0.0
2021-12-29,0.0014449173238109125,0.0014449173238109125,0.0
2021-12-30,-0.0014043288274390164,-0.0014043288274390164,0.0
2021-12-31,-0.001379736811444765,-0.001379736811444765,0.0
2022-01-03,0.004152154890565418,0.004245239947608059,0.18617011408535591
2022-01-04,0.000675972788929613,0.000675972788929613,0.0
2022-01-05,-0.0024727993725583985,-0.0024727993725583985,0.0
2022-01-06,0.0008211223915894905,0.0008211223915894905,0.0
2022-01-07,-0.0023929238936010178,-0.0023929238936010178,0.0
2022-01-10,-0.0006287669149348529,-0.0006287669149348529,0.0
2022-01-11,-9.765280110174412e-05,-9.765280110174412e-05,0.0
2022-01-12,-0.0021429135189617865,-0.0021429135189617865,0.0
2022-01-13,-0.0027209415792947,-0.0027209415792947,0.0
2022-01-14,0.002844541644090537,0.002844541644090537,0.0
2022-01-18,0.0002790886145844773,0.0002790886145844773,0.0
2022-01-19,-0.004417009237425384,-0.004417009237425384,0.0
2022-01-20,-0.002698797452766022,-0.002698797452766022,0.0
2022-01-21,-0.002777761873403173,-0.002777761873403173,0.0
2022-01-24,0.0018650037713083822,0.0018650037713083822,0.0
2022-01-25,-0.0013159776378053323,-0.0013159776378053323,0.0
2022-01-26,0.0026297028837887204,0.0026297028837887204,0.0
2022-01-27,0.0005598675993796487,0.0005598675993796487,0.0
2022-01-28,0.003749894314052815,0.003749894314052815,0.0
2022-01-31,0.0003347793823236245,0.0003347793823236245,0.0
2022-02-01,-0.0006062821869191604,-0.0004354330581514132,0.3416982575355844
2022-02-02,0.00013462122936980236,0.00013462122936980236,0.0
2022-02-03,-0.0007455721635881707,-0.0007455721635881707,0.0
2022-02-04,0.0019848374935060864,0.0019848374935060864,0.0
2022-02-07,-0.0012287437539411084,-0.0012287437539411084,0.0
2022-02-08,0.0006001033020723856,0.0006001033020723856,0.0
2022-02-09,0.0014550662948236148,0.0014550662948236148,0.0
2022-02-10,0.0022078545654409254,0.0022078545654409254,0.0
2022-02-11,-0.003577704966936879,-0.003577704966936879,0.0
2022-02-14,0.002234380848722406,0.002234380848722406,0.0
2022-02-15,-0.0004940687045706937,-0.0004940687045706937,0.0
2022-02-16,-0.0016631974960169549,-0.0016631974960169549,0.0
2022-02-17,-0.0017038352569660464,-0.0017038352569660464,0.0
2022-02-18,0.0004766041277284305,0.0004766041277284305,0.0
2022-02-22,0.0014612239628433166,0.0014612239628433166,0.0
2022-02-23,0.0009065492355424531,0.0009065492355424531,0.0
2022-02-24,0.0036454418737879024,0.0036454418737879024,0.0
2022-02-25,-0.0014703865305115693,-0.0014703865305115693,0.0
2022-02-28,-0.0012830621143579135,-0.0012830621143579135,0.0
2022-03-01,0.0013666059927610608,0.0017329065705609104,0.7326011555996035
2022-03-02,0.004825385094331169,0.004825385094331169,0.0
2022-03-03,0.002403986103729938,0.002403986103729938,0.0
2022-03-04,0.004190877080061162,0.004190877080061162,0.0
2022-03-07,0.005384254327833959,0.005384254327833959,0.0
2022-03-08,0.0033025718821824146,0.0033025718821824146,0.0
2022-03-09,-0.007844780112694294,-0.007844780112694294,0.0
2022-03-10,0.0020648413216595163,0.0020648413216595163,0.0
2022-03-11,0.004001332114357936,0.004001332114357936,0.0
2022-03-14,0.0012234444604195538,0.0012234444604195538,0.0
2022-03-15,-0.003717884215115208,-0.003717884215115208,0.0
2022-03-16,-0.005334552089567568,-0.005334552089567568,0.0
2022-03-17,0.004260721864496997,0.004260721864496997,0.0
2022-03-18,0.0003334457160746318,0.0003334457160746318,0.0
2022-03-21,0.007100699016393541,0.007100699016393541,0.0
2022-03-22,6.791743816259022e-05,6.791743816259022e-05,0.0
2022-03-23,0.003003834533672256,0.003003834533672256,0.0
2022-03-24,0.00039002984322733525,0.00039002984322733525,0.0
2022-03-25,0.0031711984747524458,0.0031711984747524458,0.0
2022-03-28,-0.0022789321563476683,-0.0022789321563476683,0.0
2022-03-29,-0.0026404009327606337,-0.0026404009327606337,0.0
2022-03-30,0.0005300345958045849,0.0005300345958045849,0.0
2022-03-31,-0.0006023931964872498,-0.0006023931964872498,0.0
2022-04-01,-9.177940478877211e-05,8.926380563800684e-05,0.362086420853663
2022-04-04,0.0008977566609376098,0.0008977566609376098,0.0
2022-04-05,0.004312988617763747,0.004312988617763747,0.0
2022-04-06,0.0008217424598007117,0.0008217424598007117,0.0
2022-04-07,0.0009700030073267474,0.0009700030073267474,0.0
2022-04-08,0.002620328328185595,0.002620328328185595,0.0
2022-04-11,0.001607947315863223,0.001607947315863223,0.0
2022-04-12,0.0002438275632437037,0.0002438275632437037,0.0
2022-04-13,-0.0012261250078156039,-0.0012261250078156039,0.0
2022-04-14,0.002887480211803739,0.002887480211803739,0.0
2022-04-18,0.0027300434410584273,0.0027300434410584273,0.0
2022-04-19,0.002208054767190326,0.002208054767190326,0.0
2022-04-20,-0.002272194893390145,-0.002272194893390145,0.0
2022-04-21,0.0029098119415293944,0.0029098119415293944,0.0
2022-04-22,-0.0004755240781684211,-0.0004755240781684211,0.0
2022-04-25,-0.0021505721163668223,-0.0021505721163668223,0.0
2022-04-26,0.00014161122201206133,0.00014161122201206133,0.0
2022-04-27,0.002134790633748107,0.002134790633748107,0.0
2022-04-28,0.0030437398876197452,0.0030437398876197452,0.0
2022-04-29,-0.0013219104675088467,-0.0013219104675088467,0.0
2022-05-02,-0.0005111821888854617,-0.0003955282246292935,0.23130792851213375
2022-05-03,-0.0013050527788889266,-0.0013050527788889266,0.0
2022-05-04,-0.0026559114003144035,-0.0026559114003144035,0.0
2022-05-05,0.005891624681643393,0.005891624681643393,0.0
2022-05-06,0.002017023090037595,0.002017023090037595,0.0
2022-05-09,-0.001665310159242095,-0.001665310159242095,0.0
2022-05-10,-0.0011777129821674004,-0.0011777129821674004,0.0
2022-05-11,0.0019083469640130968,0.0019083469640130968,0.0
2022-05-12,0.0006031781078472687,0.0006031781078472687,0.0
2022-05-13,0.00010285769744089457,0.00010285769744089457,0.0
2022-05-16,0.0006458259716324299,0.0006458259716324299,0.0
2022-05-17,-0.0010648359622349446,-0.0010648359622349446,0.0
2022-05-18,-0.0006095500131836351,-0.0006095500131836351,0.0
2022-05-19,-0.0030269117120675926,-0.0030269117120675926,0.0
2022-05-20,-0.0002232830223490856,-0.0002232830223490856,0.0
2022-05-23,-3.959264274444596e-05,-3.959264274444596e-05,0.0
2022-05-24,-0.00212094237854632,-0.00212094237854632,0.0
2022-05-25,-0.001244887528876637,-0.001244887528876637,0.0
2022-05-26,-0.0011118875009499263,-0.0011118875009499263,0.0
2022-05-27,-0.0008924191803080239,-0.0008924191803080239,0.0
2022-05-31,0.0019339356141265807,0.0019339356141265807,0.0
2022-06-01,0.0031945088228082508,0.003349420905764733,0.30982416591297446
2022-06-02,-0.0035690286121481396,-0.0035690286121481396,0.0
2022-06-03,0.003338348879723174,0.003338348879723174,0.0
2022-06-06,0.002155461366045053,0.002155461366045053,0.0
2022-06-07,-0.0011201405193350666,-0.0011201405193350666,0.0
2022-06-08,0.0029212604204142956,0.0029212604204142956,0.0
2022-06-09,0.003786532828174094,0.003786532828174094,0.0
2022-06-10,0.004550873615686513,0.004550873615686513,0.0
2022-06-13,0.010385260121515971,0.010385260121515971,0.0
2022-06-14,0.001765694793971928,0.001765694793971928,0.0
2022-06-15,-0.006846528874058566,-0.006846528874058566,0.0
2022-06-16,0.001150114430505056,0.001150114430505056,0.0
2022-06-17,0.00105026348078896,0.00105026348078896,0.0
2022-06-21,-0.0002659360089720675,-0.0002659360089720675,0.0
2022-06-22,-0.002391848872315805,-0.002391848872315805,0.0
2022-06-23,-0.002217237364545821,-0.002217237364545821,0.0
2022-06-24,-0.001909161151566141,-0.001909161151566141,0.0
2022-06-27,0.0011743907480858962,0.0011743907480858962,0.0
2022-06-28,0.002904036644097996,0.002904036644097996,0.0
2022-06-29,-0.00012477807952138154,-0.00012477807952138154,0.0
2022-06-30,-0.001290197212368116,-0.001290197212368116,0.0
2022-07-01,-0.0030844504088319846,-0.002994467405560197,0.17996600654348918
2022-07-05,-0.0005547456858171484,-0.0005547456858171484,0.0
2022-07-06,0.002063263052829223,0.002063263052829223,0.0
2022-07-07,-0.0007245598551887111,-0.0007245598551887111,0.0
2022-07-08,0.0016960512936239347,0.0016960512936239347,0.0
2022-07-11,0.0035271715414391114,0.0035271715414391114,0.0
2022-07-12,-0.0021493425290280976,-0.0021493425290280976,0.0
2022-07-13,-0.0002399278876590305,-0.0002399278876590305,0.0
2022-07-14,0.0029402837186585096,0.0029402837186585096,0.0
2022-07-15,-0.0035107670217758846,-0.0035107670217758846,0.0
2022-07-18,0.0015306821713116925,0.0015306821713116925,0.0
2022-07-19,-0.003598808195259595,-0.003598808195259595,0.0
2022-07-20,-8.753279451834128e-05,-8.753279451834128e-05,0.0
2022-07-21,-0.00507469302875152,-0.00507469302875152,0.0
2022-07-22,-0.00187466604821529,-0.00187466604821529,0.0
2022-07-25,0.0010376197019617006,0.0010376197019617006,0.0
2022-07-26,0.0024774798730531344,0.0024774798730531344,0.0
2022-07-27,-0.004473241884115464,-0.004473241884115464,0.0
2022-07-28,-0.004542081705569356,-0.004542081705569356,0.0
2022-07-29,-0.0017179545659795625,-0.0017179545659795625,0.0
2022-08-01,-0.002458583208165832,-0.002395461155181411,0.12624410596897476
2022-08-02,0.0054641114752465025,0.0054641114752465025,0.0
2022-08-03,-0.0028554866009227187,-0.0028554866009227187,0.0
2022-08-04,-0.0029794942325250817,-0.0029794942325250817,0.0
2022-08-05,0.004858066967187158,0.004858066967187158,0.0
2022-08-08,-0.002164700796118302,-0.002164700796118302,0.0
2022-08-09,0.0018422643145123985,0.0018422643145123985,0.0
2022-08-10,-0.00471067478045506,-0.00471067478045506,0.0
2022-08-11,0.002712579653879832,0.002712579653879832,0.0
2022-08-12,-0.004115527826108134,-0.004115527826108134,0.0
2022-08-15,0.0007489849194419751,0.0007489849194419751,0.0
2022-08-16,0.0004685062828198028,0.0004685062828198028,0.0
2022-08-17,0.0034322886214548376,0.0034322886214548376,0.0
2022-08-18,0.0009507176048699773,0.0009507176048699773,0.0
2022-08-19,0.005574332810077243,0.005574332810077243,0.0
2022-08-22,0.00487471986489818,0.00487471986489818,0.0
2022-08-23,-0.0004499718840643707,-0.0004499718840643707,0.0
2022-08-24,0.0005990642431181747,0.0005990642431181747,0.0
2022-08-25,-0.00490003878762213,-0.00490003878762213,0.0
2022-08-26,0.005758952652978877,0.005758952652978877,0.0
2022-08-29,0.002810072046592893,0.002810072046592893,0.0
2022-08-30,0.00171996553773468,0.00171996553773468,0.0
2022-08-31,0.0016461118812662878,0.0016461118812662878,0.0
2022-09-01,0.0026487218769795096,0.0026873349416181025,0.0772261292771322
2022-09-02,0.00031570998005081563,0.00031570998005081563,0.0
2022-09-06,0.005084287036910551,0.005084287036910551,0.0
2022-09-07,-0.006285726018217863,-0.006285726018217863,0.0
2022-09-08,0.0008910977463558734,0.0008910977463558734,0.0
2022-09-09,-0.003403610411586433,-0.003403610411586433,0.0
2022-09-12,-0.002473545615901962,-0.002473545615901962,0.0
2022-09-13,0.010629787403702906,0.010629787403702906,0.0
2022-09-14,-0.0013179613299413306,-0.0013179613299413306,0.0
2022-09-15,0.002813339370136392,0.002813339370136392,0.0
2022-09-16,0.0005890995674726618,0.0005890995674726618,0.0
2022-09-19,-0.0008415615725260173,-0.0008415615725260173,0.0
2022-09-20,0.004108073584094818,0.004108073584094818,0.0
2022-09-21,0.0022702644886627432,0.0022702644886627432,0.0
2022-09-22,0.0029260373689055097,0.0029260373689055097,0.0
2022-09-23,0.0057032468142801385,0.0057032468142801385,0.0
2022-09-26,0.006334772591930937,0.006334772591930937,0.0
2022-09-27,0.002676482280354442,0.002676482280354442,0.0
2022-09-28,-0.008224851034607239,-0.008224851034607239,0.0
2022-09-29,0.00416179428174801,0.00416179428174801,0.0
2022-09-30,0.0008707990806171573,0.0008707990806171573,0.0
2022-10-03,-0.007723235462206102,-0.007663603982669409,0.11926295907335686
2022-10-04,-0.007753818703961746,-0.007753818703961746,0.0
2022-10-05,0.004847552553366663,0.004847552553366663,0.0
2022-10-06,0.004022892510661791,0.004022892510661791,0.0
2022-10-07,0.006825188522800563,0.006825188522800563,0.0
2022-10-10,0.004380445794146759,0.004380445794146759,0.0
2022-10-11,0.00032273874577182227,0.00032273874577182227,0.0
2022-10-12,-0.0001490150032452675,-0.0001490150032452675,0.0
2022-10-13,-0.0009212985031313847,-0.0009212985031313847,0.0
2022-10-14,0.004360936313937858,0.004360936313937858,0.0
2022-10-17,-0.005859977802523564,-0.005859977802523564,0.0
2022-10-18,-0.0016438461157054496,-0.0016438461157054496,0.0
2022-10-19,0.006319201932458718,0.006319201932458718,0.0
2022-10-20,0.0020432216012586935,0.0020432216012586935,0.0
2022-10-21,-0.005108541047387893,-0.005108541047387893,0.0
2022-10-24,0.0018777411112420594,0.0018777411112420594,0.0
2022-10-25,-0.007045777980374646,-0.007045777980374646,0.0
2022-10-26,-0.002961021972738842,-0.002961021972738842,0.0
2022-10-27,0.0009667091093124025,0.0009667091093124025,0.0
2022-10-28,-0.0010044458487131758,-0.0010044458487131758,0.0
2022-10-31,0.004330530927155962,0.004330530927155962,0.0
2022-11-01,-0.0017260446484945735,-0.0016855678084490844,0.08095368009092495
2022-11-02,0.0037121442077603373,0.0037121442077603373,0.0
2022-11-03,0.0027609940346180473,0.0027609940346180473,0.0
2022-11-04,-0.00587060048101784,-0.00587060048101784,0.0
2022-11-07,-0.0009106813964583349,-0.0009106813964583349,0.0
2022-11-08,-0.00416041792080335,-0.00416041792080335,0.0
2022-11-09,0.0026478244389536165,0.0026478244389536165,0.0
2022-11-10,-0.01823766046386388,-0.01823766046386388,0.0
2022-11-11,-0.0037283065216694444,-0.0037283065216694444,0.0
2022-11-14,0.002291847865678598,0.002291847865678598,0.0
2022-11-15,-0.003932793408460755,-0.003932793408460755,0.0
2022-11-16,-0.0005072313571237164,-0.0005072313571237164,0.0
2022-11-17,0.001499028900508348,0.001499028900508348,0.0
2022-11-18,0.0011678973925994818,0.0011678973925994818,0.0
2022-11-21,0.002533485384227818,0.002533485384227818,0.0
2022-11-22,-0.0036118002285109307,-0.0036118002285109307,0.0
2022-11-23,-0.005453953649120491,-0.005453953649120491,0.0
2022-11-25,-0.0001554396507869038,-0.0001554396507869038,0.0
2022-11-28,0.0031586226113571314,0.0031586226113571314,0.0
2022-11-29,5.649877326674435e-05,5.649877326674435e-05,0.0
2022-11-30,-0.00736401448260704,-0.00736401448260704,0.0
2022-12-01,-0.005861141766676181,-0.005801951788314108,0.11837995672402471
2022-12-02,-0.0018275117421286957,-0.0018275117421286957,0.0
2022-12-05,0.005171282012256473,0.005171282012256473,0.0
2022-12-06,-0.0006226207416970553,-0.0006226207416970553,0.0
2022-12-07,-0.002844836735420908,-0.002844836735420908,0.0
2022-12-08,-0.0013573098952261997,-0.0013573098952261997,0.0
2022-12-09,0.0017822096143518262,0.0017822096143518262,0.0
2022-12-12,0.0006727208829910847,0.0006727208829910847,0.0
2022-12-13,-0.004647417312642621,-0.004647417312642621,0.0
2022-12-14,0.0002282769964050413,0.0002282769964050413,0.0
2022-12-15,0.004589252929332099,0.004589252929332099,0.0
2022-12-16,0.0004974278901437312,0.0004974278901437312,0.0
2022-12-19,0.002999942500358399,0.002999942500358399,0.0
2022-12-20,-0.0013375099331929263,-0.0013375099331929263,0.0
2022-12-21,-0.0008550703335848953,-0.0008550703335848953,0.0
2022-12-22,0.0022733027155832364,0.0022733027155832364,0.0
2022-12-23,0.001316271539264946,0.001316271539264946,0.0
2022-12-27,0.0009368857477904946,0.0009368857477904946,0.0
2022-12-28,0.0035927923301801723,0.0035927923301801723,0.0
2022-12-29,-0.005255704082433588,-0.005255704082433588,0.0
2022-12-30,0.001360710704033874,0.001360710704033874,0.0
2023-01-03,-0.003908635890724321,-0.0038473480396300497,0.12257570218872166
2023-01-04,-0.0050966118557126405,-0.0050966118557126405,0.0
2023-01-05,0.002957435705742917,0.002957435705742917,0.0
2023-01-06,-0.007127527939012279,-0.007127527939012279,0.0
2023-01-09,-0.0014355164451242963,-0.0014355164451242963,0.0
2023-01-10,0.00014894620109484613,0.00014894620109484613,0.0
2023-01-11,-0.0023854333677303385,-0.0023854333677303385,0.0
2023-01-12,-0.004482473783045338,-0.004482473783045338,0.0
2023-01-13,0.0008374412141254339,0.0008374412141254339,0.0
2023-01-17,0.0014622327941000712,0.0014622327941000712,0.0
2023-01-18,-0.001967039427930417,-0.001967039427930417,0.0
2023-01-19,0.00010311139722674056,0.00010311139722674056,0.0
2023-01-20,-0.00045903942091496397,-0.00045903942091496397,0.0
2023-01-23,-0.0006382792805047499,-0.0006382792805047499,0.0
2023-01-24,-0.0012383482400507573,-0.0012383482400507573,0.0
2023-01-25,-0.00072895264577999,-0.00072895264577999,0.0
2023-01-26,0.0007302459478044643,0.0007302459478044643,0.0
2023-01-27,-0.0007532045972231671,-0.0007532045972231671,0.0
2023-01-30,0.003101627691426634,0.003101627691426634,0.0
2023-01-31,-0.001366345825197235,-0.001366345825197235,0.0
2023-02-01,-0.005640286897832136,-0.005595874231676512,0.08882533231136311
2023-02-02,-0.002071581723086413,-0.002071581723086413,0.0
2023-02-03,0.0033948630886386777,0.0033948630886386777,0.0
2023-02-06,0.004134293639209474,0.004134293639209474,0.0
2023-02-07,-0.0009635845039137614,-0.0009635845039137614,0.0
2023-02-08,0.001770306082745643,0.001770306082745643,0.0
2023-02-09,0.00030410535041625053,0.00030410535041625053,0.0
2023-02-10,0.003217475391536606,0.003217475391536606,0.0
2023-02-13,-0.0019413116907709416,-0.0019413116907709416,0.0
2023-02-14,0.0014302156190157955,0.0014302156190157955,0.0
2023-02-15,0.00023360345346956635,0.00023360345346956635,0.0
2023-02-16,0.002231924952109887,0.002231924952109887,0.0
2023-02-17,-0.00027975620588716055,-0.00027975620588716055,0.0
2023-02-21,0.0055205570647343105,0.0055205570647343105,0.0
2023-02-22,-0.0009241675500559765,-0.0009241675500559765,0.0
2023-02-23,-0.0016579791357224094,-0.0016579791357224094,0.0
2023-02-24,0.0033076302712615746,0.0033076302712615746,0.0
2023-02-27,-0.0022724733724729385,-0.0022724733724729385,0.0
2023-02-28,0.0008431712021308435,0.0008431712021308435,0.0
2023-03-01,0.0008729648664165257,0.0010308246194452586,0.31571950605754445
2023-03-02,0.0002763258666698132,0.0002763258666698132,0.0
2023-03-03,-0.005943605319724932,-0.005943605319724932,0.0
2023-03-06,0.0014858862489408597,0.0014858862489408597,0.0
2023-03-07,0.005796875437646953,0.005796875437646953,0.0
2023-03-08,-0.0005460994963732979,-0.0005460994963732979,0.0
2023-03-09,0.0015185604580507661,0.0015185604580507661,0.0
2023-03-10,-0.0025751420618458365,-0.0025751420618458365,0.0
2023-03-13,-0.005495241128128936,-0.005495241128128936,0.0
2023-03-14,-0.0005130920481924983,-0.0005130920481924983,0.0
2023-03-15,-0.0003833211535835268,-0.0003833211535835268,0.0
2023-03-16,-0.0015399390717873995,-0.0015399390717873995,0.0
2023-03-17,-0.0022716197578571684,-0.0022716197578571684,0.0
2023-03-20,-0.0012668591108088156,-0.0012668591108088156,0.0
2023-03-21,-9.488619381814445e-05,-9.488619381814445e-05,0.0
2023-03-22,-0.002632653113612382,-0.002632653113612382,0.0
2023-03-23,-0.0019150297217357393,-0.0019150297217357393,0.0
2023-03-24,-0.00045435312113850657,-0.00045435312113850657,0.0
2023-03-27,0.003564140010454242,0.003564140010454242,0.0
2023-03-28,-0.0019870011700923174,-0.0019870011700923174,0.0
2023-03-29,-0.001982612905656378,-0.001982612905656378,0.0
2023-03-30,-0.003818879135061737,-0.003818879135061737,0.0
2023-03-31,-0.0029152430198269297,-0.0029152430198269297,0.0
2023-04-03,-0.00015328285109128537,0.00010139299050537787,0.5093516831931896
2023-04-04,-0.0001628074048479755,-0.0001628074048479755,0.0
2023-04-05,0.0013704193719092927,0.0013704193719092927,0.0
2023-04-06,-0.0014011651076116793,-0.0014011651076116793,0.0
2023-04-10,0.0014673114091945383,0.0014673114091945383,0.0
2023-04-11,-0.002523248401764322,-0.002523248401764322,0.0
2023-04-12,-0.0006309466280908227,-0.0006309466280908227,0.0
2023-04-13,-0.0028083661797805304,-0.0028083661797805304,0.0
2023-04-14,0.00223795801636939,0.00223795801636939,0.0
2023-04-17,0.0003442858547577643,0.0003442858547577643,0.0
2023-04-18,-0.0010708698608229428,-0.0010708698608229428,0.0
2023-04-19,0.003059239162413796,0.003059239162413796,0.0
2023-04-20,0.0006942261176337006,0.0006942261176337006,0.0
2023-04-21,0.00013201865306422533,0.00013201865306422533,0.0
2023-04-24,-0.0017327130089130893,-0.0017327130089130893,0.0
2023-04-25,0.0038600997146267524,0.0038600997146267524,0.0
2023-04-26,0.0013118896142572112,0.0013118896142572112,0.0
2023-04-27,-0.0028864854942109996,-0.0028864854942109996,0.0
2023-04-28,-0.001857476735722563,-0.001857476735722563,0.0
2023-05-01,0.001184101459815734,0.0014625586657148748,0.5569144117982313
2023-05-02,0.002340524136851929,0.002340524136851929,0.0
2023-05-03,6.877661480841901e-05,6.877661480841901e-05,0.0
2023-05-04,-0.0009613167930853095,-0.0009613167930853095,0.0
2023-05-05,-0.002336246030028244,-0.002336246030028244,0.0
2023-05-08,0.00018569789484090826,0.00018569789484090826,0.0
2023-05-09,0.0002653305785642601,0.0002653305785642601,0.0
2023-05-10,-0.0003742930095392838,-0.0003742930095392838,0.0
2023-05-11,0.0002485036646151517,0.0002485036646151517,0.0
2023-05-12,0.001227846491717477,0.001227846491717477,0.0
2023-05-15,-0.0017562520651346336,-0.0017562520651346336,0.0
2023-05-16,0.000991741536146895,0.000991741536146895,0.0
2023-05-17,0.00017948569901893308,0.00017948569901893308,0.0
2023-05-18,0.0017011180589681096,0.0017011180589681096,0.0
2023-05-19,0.0008568022754940063,0.0008568022754940063,0.0
2023-05-22,-0.00014409146678340257,-0.00014409146678340257,0.0
2023-05-23,-0.001052307558892851,-0.001052307558892851,0.0
2023-05-24,-0.00010522079438535226,-0.00010522079438535226,0.0
2023-05-25,0.002766244788546368,0.002766244788546368,0.0
2023-05-26,-0.0003435617142987235,-0.0003435617142987235,0.0
2023-05-30,0.0020854125818001723,0.0020854125818001723,0.0
2023-05-31,3.4385890062882396e-05,3.4385890062882396e-05,0.0
2023-06-01,-0.0024954183272907215,-0.002225150710772006,0.5405352330372932
2023-06-02,-0.00032356785267551036,-0.00032356785267551036,0.0
2023-06-05,0.00018344388301061443,0.00018344388301061443,0.0
2023-06-06,-0.0009891560765588059,-0.0009891560765588059,0.0
2023-06-07,-0.0008071271537323232,-0.0008071271537323232,0.0
2023-06-08,-0.001795934683453293,-0.001795934683453293,0.0
2023-06-09,0.001767847332343253,0.001767847332343253,0.0
2023-06-12,0.0010900560014657223,0.0010900560014657223,0.0
2023-06-13,9.331007287549653e-05,9.331007287549653e-05,0.0
2023-06-14,-0.0012888964818872362,-0.0012888964818872362,0.0
2023-06-15,-0.004277232950937626,-0.004277232950937626,0.0
2023-06-16,0.0003693135139539727,0.0003693135139539727,0.0
2023-06-20,-0.00029627340664661883,-0.00029627340664661883,0.0
2023-06-21,-0.0018234079077427134,-0.0018234079077427134,0.0
2023-06-22,0.0036416461176576043,0.0036416461176576043,0.0
2023-06-23,0.0010913084021160202,0.0010913084021160202,0.0
2023-06-26,-0.001413253384837776,-0.001413253384837776,0.0
2023-06-27,0.0012957038235315022,0.0012957038235315022,0.0
2023-06-28,0.0007094407178498408,0.0007094407178498408,0.0
2023-06-29,0.0021410988198780068,0.0021410988198780068,0.0
2023-06-30,-0.0016482797095117574,-0.0016482797095117574,0.0
2023-07-03,-0.00066124677366175,-0.0001931961211448785,0.9361013050338777
2023-07-05,-0.0015273540214810755,-0.0015273540214810755,0.0
2023-07-06,-0.0028809745406026543,-0.0028809745406026543,0.0
2023-07-07,0.0008770379915041815,0.0008770379915041815,0.0
2023-07-10,0.0005774502829687389,0.0005774502829687389,0.0
2023-07-11,0.0007770193710285866,0.0007770193710285866,0.0
2023-07-12,0.0019423558148197184,0.0019423558148197184,0.0
2023-07-13,0.002478546816176097,0.002478546816176097,0.0
2023-07-14,-0.00012531011357608257,-0.00012531011357608257,0.0
2023-07-17,0.0009698745191955016,0.0009698745191955016,0.0
2023-07-18,0.00234698979756498,0.00234698979756498,0.0
2023-07-19,0.00027763241717537746,0.00027763241717537746,0.0
2023-07-20,-0.0023732621360417205,-0.0023732621360417205,0.0
2023-07-21,0.00048600434923007363,0.00048600434923007363,0.0
2023-07-24,-0.0006654746017942248,-0.0006654746017942248,0.0
2023-07-25,0.0007805078102924856,0.0007805078102924856,0.0
2023-07-26,0.001155252774907689,0.001155252774907689,0.0
2023-07-27,-0.002672611399784919,-0.002672611399784919,0.0
2023-07-28,0.002942586606920816,0.002942586606920816,0.0
2023-07-31,0.0007824873947694932,0.0007824873947694932,0.0
2023-08-01,-0.0008412292660368026,-0.0005730401512566985,0.5363782295601464
2023-08-02,-0.0023753074935378704,-0.0023753074935378704,0.0
2023-08-03,-0.00016180766374407352,-0.00016180766374407352,0.0
2023-08-04,-0.00238754697016319,-0.00238754697016319,0.0
2023-08-07,0.0010604654039370054,0.0010604654039370054,0.0
2023-08-08,-0.0021790444751610405,-0.0021790444751610405,0.0
2023-08-09,-0.0016626894657982838,-0.0016626894657982838,0.0
2023-08-10,0.0029651533112085016,0.0029651533112085016,0.0
2023-08-11,0.0001679970553840615,0.0001679970553840615,0.0
2023-08-14,0.00041403346038304534,0.00041403346038304534,0.0
2023-08-15,-0.000964496654914826,-0.000964496654914826,0.0
2023-08-16,0.0002439893500782997,0.0002439893500782997,0.0
2023-08-17,-0.00157667704514719,-0.00157667704514719,0.0
2023-08-18,-0.00039945769151084054,-0.00039945769151084054,0.0
2023-08-21,0.003241063667355659,0.003241063667355659,0.0
2023-08-22,-0.00047266671952261863,-0.00047266671952261863,0.0
2023-08-23,0.00044720571084111427,0.00044720571084111427,0.0
2023-08-24,-0.0011511355399618228,-0.0011511355399618228,0.0
2023-08-25,0.0009666672687125288,0.0009666672687125288,0.0
2023-08-28,0.0014459083153037788,0.0014459083153037788,0.0
2023-08-29,0.0007249504851398747,0.0007249504851398747,0.0
2023-08-30,0.00045100548078758074,0.00045100548078758074,0.0
2023-08-31,-0.0022255149813776853,-0.0022255149813776853,0.0
2023-09-01,0.0009398347717204381,0.0011857704038555905,0.49187126427024136
2023-09-05,-0.0008255772559814245,-0.0008255772559814245,0.0
2023-09-06,-0.0018078519959554562,-0.0018078519959554562,0.0
2023-09-07,-0.0012834939732060402,-0.0012834939732060402,0.0
2023-09-08,-0.000282024405376613,-0.000282024405376613,0.0
2023-09-11,0.0023041012449531717,0.0023041012449531717,0.0
2023-09-12,-0.0016324311860125285,-0.0016324311860125285,0.0
2023-09-13,0.000534191703650766,0.000534191703650766,0.0
2023-09-14,0.0016269236954595812,0.0016269236954595812,0.0
2023-09-15,-0.00026247345119390086,-0.00026247345119390086,0.0
2023-09-18,-0.00013714168742440247,-0.00013714168742440247,0.0
2023-09-19,0.00021298272254655082,0.00021298272254655082,0.0
2023-09-20,-0.0007706761518210259,-0.0007706761518210259,0.0
2023-09-21,-0.001595284290484722,-0.001595284290484722,0.0
2023-09-22,-0.0002194783678380885,-0.0002194783678380885,0.0
2023-09-25,0.0017648363285673874,0.0017648363285673874,0.0
2023-09-26,-0.0025986671724412824,-0.0025986671724412824,0.0
2023-09-27,-0.0005875073569051592,-0.0005875073569051592,0.0
2023-09-28,0.001483977349740595,0.001483977349740595,0.0
2023-09-29,-0.0013362696112468875,-0.0013362696112468875,0.0
2023-10-02,-0.002708843461125654,-0.0024774945441918828,0.46269783386745905
2023-10-03,-0.004160053273088105,-0.004160053273088105,0.0
2023-10-04,-0.001775893193379674,-0.001775893193379674,0.0
2023-10-05,0.0008078147263734792,0.0008078147263734792,0.0
2023-10-06,0.00495749006267121,0.00495749006267121,0.0
2023-10-09,0.0027124697280489496,0.0027124697280489496,0.0
2023-10-10,0.002739582840638688,0.002739582840638688,0.0
2023-10-11,-0.0007181036745649294,-0.0007181036745649294,0.0
2023-10-12,-0.0021732019178419826,-0.0021732019178419826,0.0
2023-10-13,0.001860006431450012,0.001860006431450012,0.0
2023-10-16,0.002279214726652601,0.002279214726652601,0.0
2023-10-17,0.0010191506156032037,0.0010191506156032037,0.0
2023-10-18,-0.0020806188165869433,-0.0020806188165869433,0.0
2023-10-19,0.0015595077020349457,0.0015595077020349457,0.0
2023-10-20,-0.0025048434766404837,-0.0025048434766404837,0.0
2023-10-23,-0.0002435482123103183,-0.0002435482123103183,0.0
2023-10-24,0.00017128374724451056,0.00017128374724451056,0.0
2023-10-25,-0.0016532573281312635,-0.0016532573281312635,0.0
2023-10-26,-0.0027662032324550223,-0.0027662032324550223,0.0
2023-10-27,0.0019357003218987145,0.0019357003218987145,0.0
2023-10-30,0.0004358679674649757,0.0004358679674649757,0.0
2023-10-31,0.00014541361194764235,0.00014541361194764235,0.0
2023-11-01,0.0018846272324448687,0.002066807219729405,0.36435997456909547
2023-11-02,0.0026829303169464414,0.0026829303169464414,0.0
2023-11-03,0.0024931132371390774,0.0024931132371390774,0.0
2023-11-06,0.00027126445831338053,0.00027126445831338053,0.0
2023-11-07,-0.0008714379214006529,-0.0008714379214006529,0.0
2023-11-08,-0.001239453062469087,-0.001239453062469087,0.0
2023-11-09,0.00033207800700774115,0.00033207800700774115,0.0
2023-11-10,0.0015132674814641867,0.0015132674814641867,0.0
2023-11-13,0.001229196301452129,0.001229196301452129,0.0
2023-11-14,0.002617513769120894,0.002617513769120894,0.0
2023-11-15,0.0013876499560931954,0.0013876499560931954,0.0
2023-11-16,-0.00019646703583375835,-0.00019646703583375835,0.0
2023-11-17,9.331706210002899e-05,9.331706210002899e-05,0.0
2023-11-20,0.0006820095916577618,0.0006820095916577618,0.0
2023-11-21,8.294615006532169e-05,8.294615006532169e-05,0.0
2023-11-22,0.0006833604028844142,0.0006833604028844142,0.0
2023-11-24,0.0005461652605625034,0.0005461652605625034,0.0
2023-11-27,-0.0009823317726036507,-0.0009823317726036507,0.0
2023-11-28,0.0016492903415294968,0.0016492903415294968,0.0
2023-11-29,-0.00043523547675661245,-0.00043523547675661245,0.0
2023-11-30,0.0010567208913585535,0.0010567208913585535,0.0
2023-12-01,0.0015577396807278099,0.0017430092211097037,0.37053908076421055
2023-12-04,-0.003322546343772048,-0.003322546343772048,0.0
2023-12-05,-0.00021883629685892636,-0.00021883629685892636,0.0
2023-12-06,-0.0009507480157591175,-0.0009507480157591175,0.0
2023-12-07,7.710089515633456e-05,7.710089515633456e-05,0.0
2023-12-08,0.00022532557524446162,0.00022532557524446162,0.0
2023-12-11,0.0005319101591017006,0.0005319101591017006,0.0
2023-12-12,6.258713673301664e-05,6.258713673301664e-05,0.0
2023-12-13,0.005153520554640467,0.005153520554640467,0.0
2023-12-14,0.0017911930758494066,0.0017911930758494066,0.0
2023-12-15,-0.0017148921956259278,-0.0017148921956259278,0.0
2023-12-18,0.001459630499599518,0.001459630499599518,0.0
2023-12-19,0.0024015179095540073,0.0024015179095540073,0.0
2023-12-20,-0.002087388618860264,-0.002087388618860264,0.0
2023-12-21,0.0024399106755172983,0.0024399106755172983,0.0
2023-12-22,0.0011141771345692941,0.0011141771345692941,0.0
2023-12-26,0.0015924602407677568,0.0015924602407677568,0.0
2023-12-27,0.0009361307571520427,0.0009361307571520427,0.0
2023-12-28,-0.0013224286848030342,-0.0013224286848030342,0.0
2023-12-29,-0.0014327847046150533,-0.0014327847046150533,0.0
2024-01-02,-0.0009161864912817785,-0.000777608934242835,0.27715511407822035
2024-01-03,-0.0036447623493444103,-0.0036447623493444103,0.0
2024-01-04,-0.0007555224578583708,-0.0007555224578583708,0.0
2024-01-05,-0.0006793600542988054,-0.0006793600542988054,0.0
2024-01-08,0.004497001563748215,0.004497001563748215,0.0
2024-01-09,-0.001270666190532177,-0.001270666190532177,0.0
2024-01-10,0.001527942936218718,0.001527942936218718,0.0
2024-01-11,0.0012413677043012772,0.0012413677043012772,0.0
2024-01-12,0.0017674508888907425,0.0017674508888907425,0.0
2024-01-16,-0.0032273322188299813,-0.0032273322188299813,0.0
2024-01-17,-0.0033900604805003898,-0.0033900604805003898,0.0
2024-01-18,0.001624960951736032,0.001624960951736032,0.0
2024-01-19,0.0023583742518364925,0.0023583742518364925,0.0
2024-01-22,0.0008374963438315675,0.0008374963438315675,0.0
2024-01-23,-0.000490756622210986,-0.000490756622210986,0.0
2024-01-24,-0.0011131668093283809,-0.0011131668093283809,0.0
2024-01-25,0.002068508279280623,0.002068508279280623,0.0
2024-01-26,-0.0007188922236546214,-0.0007188922236546214,0.0
2024-01-29,0.003501166264868738,0.003501166264868738,0.0
2024-01-30,-0.0003948829411798416,-0.0003948829411798416,0.0
2024-01-31,-0.0005197109751252649,-0.0005197109751252649,0.0
2024-02-01,0.0026830169933755865,0.002814533587378154,0.2630331880050346
2024-02-02,-0.0007014553657215261,-0.0007014553657215261,0.0
2024-02-05,-0.0019550273376891525,-0.0019550273376891525,0.0
2024-02-06,0.00027211607007493477,0.00027211607007493477,0.0
2024-02-07,0.0012073229355780146,0.0012073229355780146,0.0
2024-02-08,0.0004128562761720467,0.0004128562761720467,0.0
2024-02-09,0.0006951477150667351,0.0006951477150667351,0.0
2024-02-12,-0.00015535849195857931,-0.00015535849195857931,0.0
2024-02-13,-0.003450132769615366,-0.003450132769615366,0.0
2024-02-14,0.0017390218686064163,0.0017390218686064163,0.0
2024-02-15,0.0014460428596152486,0.0014460428596152486,0.0
2024-02-16,-0.0016724253976742043,-0.0016724253976742043,0.0
2024-02-20,0.0015435752681696169,0.0015435752681696169,0.0
2024-02-21,-0.0009119435785841512,-0.0009119435785841512,0.0
2024-02-22,0.002525701085996035,0.002525701085996035,0.0
2024-02-23,0.0003779361347868715,0.0003779361347868715,0.0
2024-02-26,0.000567975815800148,0.000567975815800148,0.0
2024-02-27,0.00085510387870813,0.00085510387870813,0.0
2024-02-28,-0.0003710209525206176,-0.0003710209525206176,0.0
2024-02-29,0.0007177403142204497,0.0007177403142204497,0.0
2024-03-01,0.004584173565840954,0.0046995419278408335,0.23073672399961273
2024-03-04,0.00108712811098588,0.00108712811098588,0.0
2024-03-05,-0.001236439271354639,-0.001236439271354639,0.0
2024-03-06,0.003120362938793697,0.003120362938793697,0.0
2024-03-07,0.0022886924606415615,0.0022886924606415615,0.0
2024-03-08,-0.0009493446841503106,-0.0009493446841503106,0.0
2024-03-11,-0.0017070445805440482,-0.0017070445805440482,0.0
2024-03-12,0.0012127374620958253,0.0012127374620958253,0.0
2024-03-13,-0.0001011095526999295,-0.0001011095526999295,0.0
2024-03-14,-0.002339046666485989,-0.002339046666485989,0.0
2024-03-15,0.00023226902474626776,0.00023226902474626776,0.0
2024-03-18,0.001245459931868531,0.001245459931868531,0.0
2024-03-19,0.001635366039043129,0.001635366039043129,0.0
2024-03-20,0.004991474216373026,0.004991474216373026,0.0
2024-03-21,0.0006134307749610102,0.0006134307749610102,0.0
2024-03-22,-0.00037022378082818275,-0.00037022378082818275,0.0
2024-03-25,-0.0002495244895689419,-0.0002495244895689419,0.0
2024-03-26,-0.0003200054762213522,-0.0003200054762213522,0.0
2024-03-27,0.003935212454577508,0.003935212454577508,0.0
2024-03-28,0.00023376647548389862,0.00023376647548389862,0.0
2024-04-01,-0.002157299242992683,-0.0019796818019547358,0.35523488207598364
2024-04-02,0.0003017193654690775,0.0003017193654690775,0.0
2024-04-03,0.0029273438650732064,0.0029273438650732064,0.0
2024-04-04,-0.0019893270592699075,-0.0019893270592699075,0.0
2024-04-05,0.0028922195112792703,0.0028922195112792703,0.0
2024-04-08,0.0018264234121028178,0.0018264234121028178,0.0
2024-04-09,0.0017242790110680861,0.0017242790110680861,0.0
2024-04-10,-0.005686554427409729,-0.005686554427409729,0.0
2024-04-11,0.002454407228919875,0.002454407228919875,0.0
2024-04-12,-0.003720321562951323,-0.003720321562951323,0.0
2024-04-15,-0.0008855950152597547,-0.0008855950152597547,0.0
2024-04-16,-0.003892580059092321,-0.003892580059092321,0.0
2024-04-17,-0.0018794971086839585,-0.0018794971086839585,0.0
2024-04-18,0.00041012573334797686,0.00041012573334797686,0.0
2024-04-19,0.0012133563309497664,0.0012133563309497664,0.0
2024-04-22,0.0004057285381273701,0.0004057285381273701,0.0
2024-04-23,0.0027825782421104783,0.0027825782421104783,0.0
2024-04-24,0.00034243869667816007,0.00034243869667816007,0.0
2024-04-25,-0.001191124717141001,-0.001191124717141001,0.0
2024-04-26,0.0034372586598994115,0.0034372586598994115,0.0
2024-04-29,-0.0007309322835876708,-0.0007309322835876708,0.0
2024-04-30,-0.006634525743451913,-0.006634525743451913,0.0
2024-05-01,-0.0019940886093134935,-0.0016973700009532688,0.5934372167207047
2024-05-02,-0.0008664917922769355,-0.0008664917922769355,0.0
2024-05-03,0.0011343676145507686,0.0011343676145507686,0.0
2024-05-06,0.002934489071495072,0.002934489071495072,0.0
2024-05-07,0.0004199799746200661,0.0004199799746200661,0.0
2024-05-08,0.0003629465627341677,0.0003629465627341677,0.0
2024-05-09,-6.810618151664727e-07,-6.810618151664727e-07,0.0
2024-05-10,0.00033075884697564284,0.00033075884697564284,0.0
2024-05-13,-0.0013217897399491196,-0.0013217897399491196,0.0
2024-05-14,0.001117141117871423,0.001117141117871423,0.0
2024-05-15,0.0004931166382962093,0.0004931166382962093,0.0
2024-05-16,-0.0010370637666126115,-0.0010370637666126115,0.0
2024-05-17,0.003343065786946431,0.003343065786946431,0.0
2024-05-20,0.0022550197428858887,0.0022550197428858887,0.0
2024-05-21,-0.0007311712351794064,-0.0007311712351794064,0.0
2024-05-22,-0.0027606482800915932,-0.0027606482800915932,0.0
2024-05-23,-0.0005864338459095064,-0.0005864338459095064,0.0
2024-05-24,0.0015469253591322563,0.0015469253591322563,0.0
2024-05-28,0.004502883110629741,0.004502883110629741,0.0
2024-05-29,-0.0012766153367971267,-0.0012766153367971267,0.0
2024-05-30,-0.0030916659012841796,-0.0030916659012841796,0.0
2024-05-31,-0.0012268768239358518,-0.0012268768239358518,0.0
2024-06-03,-0.0022911599960203644,-0.001975067202134806,0.6321855877710951
2024-06-04,-0.002507462060391763,-0.002507462060391763,0.0
2024-06-05,0.00403642401623272,0.00403642401623272,0.0
2024-06-06,0.0022080793011438615,0.0022080793011438615,0.0
2024-06-07,-0.00590121819928946,-0.00590121819928946,0.0
2024-06-10,0.0025400615012463046,0.0025400615012463046,0.0
2024-06-11,-0.0004967752539790649,-0.0004967752539790649,0.0
2024-06-12,0.0031947790375470575,0.0031947790375470575,0.0
2024-06-13,-0.0014946307426169092,-0.0014946307426169092,0.0
2024-06-14,-0.0007638666863144516,-0.0007638666863144516,0.0
2024-06-17,0.0013480123635654095,0.0013480123635654095,0.0
2024-06-18,0.002300361150261887,0.002300361150261887,0.0
2024-06-20,0.0009288930549993246,0.0009288930549993246,0.0
2024-06-21,-0.0019278444560444363,-0.0019278444560444363,0.0
2024-06-24,0.0014113373651627459,0.0014113373651627459,0.0
2024-06-25,-0.0010685485915328252,-0.0010685485915328252,0.0
2024-06-26,-0.0006755271589369283,-0.0006755271589369283,0.0
2024-06-27,0.0017794115455724846,0.0017794115455724846,0.0
2024-06-28,0.00022955657058676415,0.00022955657058676415,0.0
2024-07-01,0.0019513030781155294,0.002015542293009931,0.12847842978850504
2024-07-02,0.0018984031147033509,0.0018984031147033509,0.0
2024-07-03,0.0022250030812940302,0.0022250030812940302,0.0
2024-07-05,0.0027341706127472776,0.0027341706127472776,0.0
2024-07-08,-0.0012608702422438611,-0.0012608702422438611,0.0
2024-07-09,-0.0004936697639574827,-0.0004936697639574827,0.0
2024-07-10,0.0031679892155078715,0.0031679892155078715,0.0
2024-07-11,0.0014515318295480473,0.0014515318295480473,0.0
2024-07-12,0.0010986810922277712,0.0010986810922277712,0.0
2024-07-15,0.00048815667815738095,0.00048815667815738095,0.0
2024-07-16,0.0028965281005839394,0.0028965281005839394,0.0
2024-07-17,-0.003033508806076224,-0.003033508806076224,0.0
2024-07-18,-0.0022354835908311443,-0.0022354835908311443,0.0
2024-07-19,-0.003205442595235586,-0.003205442595235586,0.0
2024-07-22,0.002493748995576972,0.002493748995576972,0.0
2024-07-23,-0.0007953955508805954,-0.0007953955508805954,0.0
2024-07-24,-0.005336948925928842,-0.005336948925928842,0.0
2024-07-25,-0.0012897576441669445,-0.0012897576441669445,0.0
2024-07-26,0.0027727628366696067,0.0027727628366696067,0.0
2024-07-29,-0.0010201860382825778,-0.0010201860382825778,0.0
2024-07-30,3.183270595341625e-06,3.183270595341625e-06,0.0
2024-07-31,0.004980117922518623,0.004980117922518623,0.0
2024-08-01,-0.00460174699942939,-0.004431100176903513,0.34129364505168136
2024-08-02,-0.002569969336575939,-0.002569969336575939,0.0
2024-08-05,-0.007682159080222739,-0.007682159080222739,0.0
2024-08-06,0.0006834783094098462,0.0006834783094098462,0.0
2024-08-07,5.3831496132028533e-05,5.3831496132028533e-05,0.0
2024-08-08,0.004143635822217773,0.004143635822217773,0.0
2024-08-09,0.0008815800229649007,0.0008815800229649007,0.0
2024-08-12,0.0011168701969741512,0.0011168701969741512,0.0
2024-08-13,0.004652752372660718,0.004652752372660718,0.0
2024-08-14,0.000782862657994432,0.000782862657994432,0.0
2024-08-15,0.0022381913176885426,0.0022381913176885426,0.0
2024-08-16,0.0017315102695811824,0.0017315102695811824,0.0
2024-08-19,0.001888138482129209,0.001888138482129209,0.0
2024-08-20,0.0006205844229683066,0.0006205844229683066,0.0
2024-08-21,0.002079343530029476,0.002079343530029476,0.0
2024-08-22,-0.0018158937540079245,-0.0018158937540079245,0.0
2024-08-23,0.005506959785253729,0.005506959785253729,0.0
2024-08-26,-0.0010359071696302014,-0.0010359071696302014,0.0
2024-08-27,0.0002606519385699446,0.0002606519385699446,0.0
2024-08-28,-0.0013473853162786487,-0.0013473853162786487,0.0
2024-08-29,0.000607588777414847,0.000607588777414847,0.0
2024-08-30,0.0007761046682386308,0.0007761046682386308,0.0
2024-09-03,-0.003720562447463105,-0.003573024651982726,0.2950755909607
2024-09-04,0.0010772160065042335,0.0010772160065042335,0.0
2024-09-05,0.002091149160359018,0.002091149160359018,0.0
2024-09-06,-0.003710885350058035,-0.003710885350058035,0.0
2024-09-09,0.0035944215965544313,0.0035944215965544313,0.0
2024-09-10,0.0008677384540736188,0.0008677384540736188,0.0
2024-09-11,0.0016884042169149627,0.0016884042169149627,0.0
2024-09-12,0.0021724546363066644,0.0021724546363066644,0.0
2024-09-13,0.0031123411190292494,0.0031123411190292494,0.0
2024-09-16,0.00248960790009356,0.00248960790009356,0.0
2024-09-17,-0.0005656126053655841,-0.0005656126053655841,0.0
2024-09-18,-0.0020388099738906096,-0.0020388099738906096,0.0
2024-09-19,0.003921320376702564,0.003921320376702564,0.0
2024-09-20,-0.0005104814885067421,-0.0005104814885067421,0.0
2024-09-23,-0.00029979414319136755,-0.00029979414319136755,0.0
2024-09-24,0.0010879545112185696,0.0010879545112185696,0.0
2024-09-25,-0.0016428985869216817,-0.0016428985869216817,0.0
2024-09-26,0.0004889488238959405,0.0004889488238959405,0.0
2024-09-27,-0.00032456026505567337,-0.00032456026505567337,0.0
2024-09-30,-0.0012106995364965512,-0.0012106995364965512,0.0
2024-10-01,-0.0009199674256336055,-0.0008124483484581724,0.21503815435071374
2024-10-02,0.0001989483890045829,0.0001989483890045829,0.0
2024-10-03,-0.005069996534675436,-0.005069996534675436,0.0
2024-10-04,-0.0019854538238797126,-0.0019854538238797126,0.0
2024-10-07,-0.0038250021934439493,-0.0038250021934439493,0.0
2024-10-08,6.079242784240435e-05,6.079242784240435e-05,0.0
2024-10-09,-0.0013811752751482498,-0.0013811752751482498,0.0
2024-10-10,-0.00029026553181465964,-0.00029026553181465964,0.0
2024-10-11,0.002277361610939499,0.002277361610939499,0.0
2024-10-14,0.0009573332189756201,0.0009573332189756201,0.0
2024-10-15,0.0003672016738485162,0.0003672016738485162,0.0
2024-10-16,0.0023022764105469218,0.0023022764105469218,0.0
2024-10-17,-0.0030228790651236626,-0.0030228790651236626,0.0
2024-10-18,0.003617503803178046,0.003617503803178046,0.0
2024-10-21,-0.0058069239282319,-0.0058069239282319,0.0
2024-10-22,-0.0007630218109102582,-0.0007630218109102582,0.0
2024-10-23,-0.0033496318142544057,-0.0033496318142544057,0.0
2024-10-24,0.0019349574611866593,0.0019349574611866593,0.0
2024-10-25,-0.0019330647418407398,-0.0019330647418407398,0.0
2024-10-28,0.0029004713322937636,0.0029004713322937636,0.0
2024-10-29,0.001205026921908825,0.001205026921908825,0.0
2024-10-30,-0.0014634608862171827,-0.0014634608862171827,0.0
2024-10-31,-0.004262154734649859,-0.004262154734649859,0.0
2024-11-01,-0.001668684185203384,-0.0015565111507919172,0.22434606882313562
2024-11-04,0.0014047838422854841,0.0014047838422854841,0.0
2024-11-05,0.00334447898509338,0.00334447898509338,0.0
2024-11-06,-0.0028701209944097528,-0.0028701209944097528,0.0
2024-11-07,0.006733670989429008,0.006733670989429008,0.0
2024-11-08,0.00044892292623188723,0.00044892292623188723,0.0
2024-11-11,-0.0011705861573916287,-0.0011705861573916287,0.0
2024-11-12,-0.0053415438904863555,-0.0053415438904863555,0.0
2024-11-13,-0.0011190738402754308,-0.0011190738402754308,0.0
2024-11-14,-0.0011612103639716542,-0.0011612103639716542,0.0
2024-11-15,-0.001366903133003361,-0.001366903133003361,0.0
2024-11-18,0.0026285077937067136,0.0026285077937067136,0.0
2024-11-19,0.0018051872216744425,0.0018051872216744425,0.0
2024-11-20,-0.00035652416800280307,-0.00035652416800280307,0.0
2024-11-21,0.00015333061277766902,0.00015333061277766902,0.0
2024-11-22,0.00133743215613924,0.00133743215613924,0.0
2024-11-25,0.005001416135250514,0.005001416135250514,0.0
2024-11-26,-0.0009532844576533028,-0.0009532844576533028,0.0
2024-11-27,0.0024274845742777718,0.0024274845742777718,0.0
2024-11-29,0.004005441761442352,0.004005441761442352,0.0
2024-12-02,9.699384726080673e-05,0.00022016617083164824,0.24634464714215615
2024-12-03,-0.0008971080540141063,-0.0008971080540141063,0.0
2024-12-04,0.003086061740048107,0.003086061740048107,0.0
2024-12-05,-0.0011137705997970038,-0.0011137705997970038,0.0
2024-12-06,0.0027021526431376675,0.0027021526431376675,0.0
2024-12-09,2.804048755433719e-05,2.804048755433719e-05,0.0
2024-12-10,-0.0016140929190112674,-0.0016140929190112674,0.0
2024-12-11,-7.24942784613436e-06,-7.24942784613436e-06,0.0
2024-12-12,-0.002812031968047468,-0.002812031968047468,0.0
2024-12-13,-0.002305235754214152,-0.002305235754214152,0.0
2024-12-16,0.001227589780359306,0.001227589780359306,0.0
2024-12-17,-0.0011393316815775378,-0.0011393316815775378,0.0
2024-12-18,-0.00794227165944239,-0.00794227165944239,0.0
2024-12-19,-0.0022158424331798487,-0.0022158424331798487,0.0
2024-12-20,0.002451672819043127,0.002451672819043127,0.0
2024-12-23,0.00035239274315590485,0.00035239274315590485,0.0
2024-12-24,0.002769393050053637,0.002769393050053637,0.0
2024-12-26,0.0010207160352331268,0.0010207160352331268,0.0
2024-12-27,-0.003867860475469942,-0.003867860475469942,0.0
2024-12-30,-0.00013706682417513605,-0.00013706682417513605,0.0
2024-12-31,0.00036700519730326064,0.00036700519730326064,0.0
2025-01-02,0.0013408448431639908,0.0015518750686072114,0.42206045088643157
2025-01-03,0.0015680303047802546,0.0015680303047802546,0.0
2025-01-06,-0.00028358409358375525,-0.00028358409358375525,0.0
2025-01-07,-0.0011635995845348246,-0.0011635995845348246,0.0
2025-01-08,0.0008031673840342979,0.0008031673840342979,0.0
2025-01-10,-0.0027104406581033302,-0.0027104406581033302,0.0
2025-01-13,0.0006383026791429991,0.0006383026791429991,0.0
2025-01-14,0.0005418778447257022,0.0005418778447257022,0.0
2025-01-15,0.005597447075801565,0.005597447075801565,0.0
2025-01-16,-6.796045378487658e-05,-6.796045378487658e-05,0.0
2025-01-17,0.0017413978555180787,0.0017413978555180787,0.0
2025-01-21,0.001954280602590508,0.001954280602590508,0.0
2025-01-22,8.770481306208389e-05,8.770481306208389e-05,0.0
2025-01-23,0.0010266548559823008,0.0010266548559823008,0.0
2025-01-24,0.0006113528629581033,0.0006113528629581033,0.0
2025-01-27,-0.0030460777080477675,-0.0030460777080477675,0.0
2025-01-28,0.002470019321750172,0.002470019321750172,0.0
2025-01-29,-0.0003937176930843833,-0.0003937176930843833,0.0
2025-01-30,0.0026583565954456656,0.0026583565954456656,0.0
2025-01-31,-0.0012220450505036062,-0.0012220450505036062,0.0
2025-02-03,-0.0013803035947456133,-0.001283686416145624,0.19323435719992488
2025-02-04,0.0028905272835941798,0.0028905272835941798,0.0
2025-02-05,0.00170244814040732,0.00170244814040732,0.0
2025-02-06,-0.00077758240398762,-0.00077758240398762,0.0
2025-02-07,-0.002091157013209277,-0.002091157013209277,0.0
2025-02-10,0.004115831803011227,0.004115831803011227,0.0
2025-02-11,-0.0005664430519657371,-0.0005664430519657371,0.0
2025-02-12,-0.0016116094567238948,-0.0016116094567238948,0.0
2025-02-13,0.0036865713066909223,0.0036865713066909223,0.0
2025-02-14,0.00012816069290511045,0.00012816069290511045,0.0
2025-02-18,0.0022440077480614384,0.0022440077480614384,0.0
2025-02-19,0.0002856543662292932,0.0002856543662292932,0.0
2025-02-20,-0.0005873142316539237,-0.0005873142316539237,0.0
2025-02-21,-0.0024165258816176705,-0.0024165258816176705,0.0
2025-02-24,-0.0009023291992761306,-0.0009023291992761306,0.0
2025-02-25,-0.0001375580487603667,-0.0001375580487603667,0.0
2025-02-26,0.0016300573583050149,0.0016300573583050149,0.0
2025-02-27,-0.0026444500420945705,-0.0026444500420945705,0.0
2025-02-28,0.0023467574154385495,0.0023467574154385495,0.0
2025-03-03,-0.002083946639813483,-0.002018342042910626,0.13120919380577598
2025-03-04,-0.002457089267056123,-0.002457089267056123,0.0
2025-03-05,0.0005940297426583196,0.0005940297426583196,0.0
2025-03-06,-0.00441604335319612,-0.00441604335319612,0.0
2025-03-07,0.0010811172426496984,0.0010811172426496984,0.0
2025-03-10,-0.004128933192237616,-0.004128933192237616,0.0
2025-03-11,-0.0015900369739927367,-0.0015900369739927367,0.0
2025-03-12,0.0014640870692372854,0.0014640870692372854,0.0
2025-03-13,-0.0007500968828223487,-0.0007500968828223487,0.0
2025-03-14,0.0032858855473474335,0.0032858855473474335,0.0
2025-03-17,0.003586594569148893,0.003586594569148893,0.0
2025-03-18,-0.00109454562986544,-0.00109454562986544,0.0
2025-03-19,0.004281784962649082,0.004281784962649082,0.0
2025-03-20,-0.0005963560915812627,-0.0005963560915812627,0.0
2025-03-21,-0.0018556176241478761,-0.0018556176241478761,0.0
2025-03-24,0.0015990929412716959,0.0015990929412716959,0.0
2025-03-25,0.0007008267680446156,0.0007008267680446156,0.0
2025-03-26,-0.002616774601829186,-0.002616774601829186,0.0
2025-03-27,0.0006164249462290439,0.0006164249462290439,0.0
2025-03-28,-0.0017828433311782854,-0.0017828433311782854,0.0
2025-03-31,0.002787064861211608,0.002787064861211608,0.0
2025-04-01,0.0010745249186163708,0.0012835520834664216,0.4180543297000422
2025-04-02,0.0005782379326568776,0.0005782379326568776,0.0
2025-04-03,-0.0015265820847246703,-0.0015265820847246703,0.0
2025-04-04,-0.009236684337734391,-0.009236684337734391,0.0
2025-04-07,-0.010138544014733242,-0.010138544014733242,0.0
2025-04-08,-0.0035541217453635143,-0.0035541217453635143,0.0
2025-04-09,0.012534956055954671,0.012534956055954671,0.0
2025-04-10,-0.00459962939632641,-0.00459962939632641,0.0
2025-04-11,0.004403986669571314,0.004403986669571314,0.0
2025-04-14,0.0035566958635733226,0.0035566958635733226,0.0
2025-04-15,0.0007840704922108532,0.0007840704922108532,0.0
2025-04-16,0.002667939370576189,0.002667939370576189,0.0
2025-04-17,-6.476672094823943e-05,-6.476672094823943e-05,0.0
2025-04-21,-0.0021435463173070657,-0.0021435463173070657,0.0
2025-04-22,0.0019418908176453975,0.0019418908176453975,0.0
2025-04-23,0.0010735163964066263,0.0010735163964066263,0.0
2025-04-24,0.005686274583141637,0.005686274583141637,0.0
2025-04-25,0.0004563224373204111,0.0004563224373204111,0.0
2025-04-28,0.0023220497204898827,0.0023220497204898827,0.0
2025-04-29,0.0002435321408889024,0.0002435321408889024,0.0
2025-04-30,-0.0007900178983900608,-0.0007900178983900608,0.0
2025-05-01,-0.003282242262056423,-0.0030267330017760274,0.511018520560877
2025-05-02,0.00027856209646337504,0.00027856209646337504,0.0
2025-05-05,0.0015435537223777995,0.0015435537223777995,0.0
2025-05-06,0.0018956982939088984,0.0018956982939088984,0.0
2025-05-07,-0.0010109737436091448,-0.0010109737436091448,0.0
2025-05-08,-0.004800979927993998,-0.004800979927993998,0.0
2025-05-09,0.001030017530345484,0.001030017530345484,0.0
2025-05-12,-0.0028156573810187435,-0.0028156573810187435,0.0
2025-05-13,0.0002951921602558638,0.0002951921602558638,0.0
2025-05-14,-0.0015798814241009262,-0.0015798814241009262,0.0
2025-05-15,0.003977009585926172,0.003977009585926172,0.0
2025-05-16,-0.0002795628652477733,-0.0002795628652477733,0.0
2025-05-19,0.0017481540267691997,0.0017481540267691997,0.0
2025-05-20,0.00046732814941474743,0.00046732814941474743,0.0
2025-05-21,-0.0015800437405801837,-0.0015800437405801837,0.0
2025-05-22,6.082204965074389e-05,6.082204965074389e-05,0.0
2025-05-23,0.0017257059413904319,0.0017257059413904319,0.0
2025-05-27,0.001337661088499198,0.001337661088499198,0.0
2025-05-28,-0.0022349685921660978,-0.0022349685921660978,0.0
2025-05-29,0.002919182679354426,0.002919182679354426,0.0
2025-05-30,0.0009544451456529046,0.0009544451456529046,0.0
2025-06-02,0.0006969256652049616,0.0008058672715862691,0.2178832127625999
2025-06-03,-0.0006460259291350967,-0.0006460259291350967,0.0
2025-06-04,0.0023827845985859852,0.0023827845985859852,0.0
2025-06-05,-0.0006399100189983242,-0.0006399100189983242,0.0
2025-06-06,-0.001020271317065502,-0.001020271317065502,0.0
2025-06-09,0.0012883368394471795,0.0012883368394471795,0.0
2025-06-10,0.00039885423879670867,0.00039885423879670867,0.0
2025-06-11,-0.0005159041449748214,-0.0005159041449748214,0.0
2025-06-12,0.0014557300897573011,0.0014557300897573011,0.0
2025-06-13,-0.0036982607072351126,-0.0036982607072351126,0.0
2025-06-16,0.0007550051326346008,0.0007550051326346008,0.0
2025-06-17,-0.0016299474224050758,-0.0016299474224050758,0.0
2025-06-18,-4.488969646332386e-05,-4.488969646332386e-05,0.0
2025-06-20,-0.0009132272365628413,-0.0009132272365628413,0.0
2025-06-23,0.004288956586748327,0.004288956586748327,0.0
2025-06-24,0.002858491943268593,0.002858491943268593,0.0
2025-06-25,-0.0004946478748077965,-0.0004946478748077965,0.0
2025-06-26,0.0018880193214461105,0.0018880193214461105,0.0
2025-06-27,-0.00018728379671706374,-0.00018728379671706374,0.0
2025-06-30,0.0009721617819538064,0.0009721617819538064,0.0
2025-07-01,-0.0011496443466449957,-0.0010780150701997782,0.14325855289029027
2025-07-02,0.0007175672599097904,0.0007175672599097904,0.0
2025-07-03,-0.0005090023904517071,-0.0005090023904517071,0.0
2025-07-07,-0.0030667936574161336,-0.0030667936574161336,0.0
2025-07-08,-0.00018438860957969982,-0.00018438860957969982,0.0
2025-07-09,0.0011039232696101742,0.0011039232696101742,0.0
2025-07-10,0.0002159493296034487,0.0002159493296034487,0.0
2025-07-11,-0.0013133149546927791,-0.0013133149546927791,0.0
2025-07-14,0.000504415156318494,0.000504415156318494,0.0
2025-07-15,-0.0023733753739876295,-0.0023733753739876295,0.0
2025-07-16,0.002388841749061843,0.002388841749061843,0.0
2025-07-17,-3.4232285749058455e-05,-3.4232285749058455e-05,0.0
2025-07-18,0.00038264281082844853,0.00038264281082844853,0.0
2025-07-21,0.002541325415836404,0.002541325415836404,0.0
2025-07-22,0.0021959396542614584,0.0021959396542614584,0.0
2025-07-23,0.0017446937515321892,0.0017446937515321892,0.0
2025-07-24,-0.001576662116789307,-0.001576662116789307,0.0
2025-07-25,-0.0004734264059657045,-0.0004734264059657045,0.0
2025-07-28,-0.003157057643306427,-0.003157057643306427,0.0
2025-07-29,-9.102432413343742e-05,-9.102432413343742e-05,0.0
2025-07-30,-0.0035580836166837493,-0.0035580836166837493,0.0
2025-07-31,-0.0012711462419519037,-0.0012711462419519037,0.0
2025-08-01,0.0017039437491137566,0.001976866017006751,0.5458445357860429
2025-08-04,0.004985465366958763,0.004985465366958763,0.0
2025-08-05,-0.0004029897161943463,-0.0004029897161943463,0.0
2025-08-06,0.0018791837339859896,0.0018791837339859896,0.0
2025-08-07,0.0018775740348422332,0.0018775740348422332,0.0
2025-08-08,0.0002857644314802066,0.0002857644314802066,0.0
2025-08-11,-0.0009906521076938901,-0.0009906521076938901,0.0
2025-08-12,0.004843687994136481,0.004843687994136481,0.0
2025-08-13,0.004022225409850089,0.004022225409850089,0.0
2025-08-14,-0.0036580126064719165,-0.0036580126064719165,0.0
2025-08-15,0.001227122097159139,0.001227122097159139,0.0
2025-08-18,-0.00020882760566731662,-0.00020882760566731662,0.0
2025-08-19,-0.0018443155911137543,-0.0018443155911137543,0.0
2025-08-20,0.0014082164208106818,0.0014082164208106818,0.0
2025-08-21,-0.0016457988769159604,-0.0016457988769159604,0.0
2025-08-22,0.010235892566023974,0.010235892566023974,0.0
2025-08-25,-0.0026946434351280413,-0.0026946434351280413,0.0
2025-08-26,0.0007843466855950165,0.0007843466855950165,0.0
2025-08-27,0.0010914223584574945,0.0010914223584574945,0.0
2025-08-28,0.001977978968309868,0.001977978968309868,0.0
2025-08-29,-0.00022350142067528722,-0.00022350142067528722,0.0
2025-09-02,-0.0016920815729419836,-0.00156991508542359,0.24433297503695506
2025-09-03,0.0017209429266715759,0.0017209429266715759,0.0
2025-09-04,0.002336151424600086,0.002336151424600086,0.0
2025-09-05,0.003259743065601617,0.003259743065601617,0.0
2025-09-08,0.002826703095856864,0.002826703095856864,0.0
2025-09-09,-0.0010912892557937148,-0.0010912892557937148,0.0
2025-09-10,0.0012741704507479579,0.0012741704507479579,0.0
2025-09-11,0.004759954560126012,0.004759954560126012,0.0
2025-09-12,-0.00040048458536645626,-0.00040048458536645626,0.0
2025-09-15,0.0037211252594329114,0.0037211252594329114,0.0
2025-09-16,-0.00017574788094931737,-0.00017574788094931737,0.0
2025-09-17,-0.001677244277115797,-0.001677244277115797,0.0
2025-09-18,0.0010762603414997685,0.0010762603414997685,0.0
2025-09-19,0.00044436253182023044,0.00044436253182023044,0.0
2025-09-22,0.0012160747157663465,0.0012160747157663465,0.0
2025-09-23,3.105493895461109e-05,3.105493895461109e-05,0.0
2025-09-24,-0.0018776819121628652,-0.0018776819121628652,0.0
2025-09-25,-0.0015177609800680614,-0.0015177609800680614,0.0
2025-09-26,0.0022932084222002658,0.0022932084222002658,0.0
2025-09-29,0.00272633728535987,0.00272633728535987,0.0
2025-09-30,0.0006412011827587882,0.0006412011827587882,0.0
2025-10-01,0.002432830356026372,0.0025271223269089926,0.18858394176553814
2025-10-02,-0.0002321521039796437,-0.0002321521039796437,0.0
2025-10-03,0.0010139399797235438,0.0010139399797235438,0.0
2025-10-06,0.003912056834894706,0.003912056834894706,0.0
2025-10-07,-0.001377406250681612,-0.001377406250681612,0.0
2025-10-08,0.0030153937305967826,0.0030153937305967826,0.0
2025-10-09,-0.0033442421867354577,-0.0033442421867354577,0.0
2025-10-10,-0.009700544551937806,-0.009700544551937806,0.0
2025-10-13,0.009630919038016383,0.009630919038016383,0.0
2025-10-14,-0.0008604758814532154,-0.0008604758814532154,0.0
2025-10-15,0.003490411120943948,0.003490411120943948,0.0
2025-10-16,0.0009357939891181388,0.0009357939891181388,0.0
2025-10-17,-0.0013564068636028326,-0.0013564068636028326,0.0
2025-10-20,0.00617555574846973,0.00617555574846973,0.0
2025-10-21,-0.0053705160788579676,-0.0053705160788579676,0.0
2025-10-22,0.00011547485359630905,0.00011547485359630905,0.0
2025-10-23,0.003733510468116652,0.003733510468116652,0.0
2025-10-24,0.001810414962492013,0.001810414962492013,0.0
2025-10-27,0.0010038647351171548,0.0010038647351171548,0.0
2025-10-28,-0.00030995162453673064,-0.00030995162453673064,0.0
2025-10-29,-0.00040540132043087596,-0.00040540132043087596,0.0
2025-10-30,-0.002007365036337805,-0.002007365036337805,0.0
2025-10-31,0.0006029186082598947,0.0006029186082598947,0.0
2025-11-03,0.001545863694170091,0.00171009954168988,0.32847169503965623
2025-11-04,-0.00434574309315594,-0.00434574309315594,0.0
2025-11-05,0.0003926001146359326,0.0003926001146359326,0.0
2025-11-06,-0.0002478490852816373,-0.0002478490852816373,0.0
2025-11-07,0.0006449230579126386,0.0006449230579126386,0.0
2025-11-10,0.005963123912674062,0.005963123912674062,0.0
2025-11-11,0.0031451285201609114,0.0031451285201609114,0.0
2025-11-12,-0.0002202284794873277,-0.0002202284794873277,0.0
2025-11-13,-0.005956235782109465,-0.005956235782109465,0.0
2025-11-14,-0.0011771234972153266,-0.0011771234972153266,0.0
2025-11-17,-0.002279968246141073,-0.002279968246141073,0.0
2025-11-18,-0.000576766136272111,-0.000576766136272111,0.0
2025-11-19,-0.0007794120332307308,-0.0007794120332307308,0.0
2025-11-20,-0.0034056978225184276,-0.0034056978225184276,0.0
2025-11-21,0.002770572428448803,0.002770572428448803,0.0
2025-11-24,0.004798297013933306,0.004798297013933306,0.0
2025-11-25,0.002852490903262339,0.002852490903262339,0.0
2025-11-26,0.004896364277624521,0.004896364277624521,0.0
2025-11-28,0.002129955668819683,0.002129955668819683,0.0
2025-12-01,-0.004042738294892101,-0.003892742503460056,0.29999158286426425
2025-12-02,0.0020920822328731603,0.0020920822328731603,0.0
2025-12-03,0.002394436218087881,0.002394436218087881,0.0
2025-12-04,-0.0006342703008722639,-0.0006342703008722639,0.0
2025-12-05,-0.0013127827847487783,-0.0013127827847487783,0.0
2025-12-08,-0.001807267067704288,-0.001807267067704288,0.0
2025-12-09,-0.0001230414075362729,-0.0001230414075362729,0.0
2025-12-10,0.005108148808413482,0.005108148808413482,0.0
2025-12-11,0.001993512317215451,0.001993512317215451,0.0
2025-12-12,-0.004021124346615945,-0.004021124346615945,0.0
2025-12-15,0.0006275940213658071,0.0006275940213658071,0.0
2025-12-16,-0.0006314971216851983,-0.0006314971216851983,0.0
2025-12-17,-0.0019194863274076823,-0.0019194863274076823,0.0
2025-12-18,0.003066446908768228,0.003066446908768228,0.0
2025-12-19,0.001665561394037729,0.001665561394037729,0.0
2025-12-22,0.001395356171430162,0.001395356171430162,0.0
2025-12-23,0.0026620031077659867,0.0026620031077659867,0.0
2025-12-24,0.0017449002058931296,0.0017449002058931296,0.0
2025-12-26,0.002830798278641966,0.002830798278641966,0.0
2025-12-29,-0.002659018681518188,-0.002659018681518188,0.0
2025-12-30,0.00046163552744293845,0.00046163552744293845,0.0
2025-12-31,-0.004098823776892191,-0.004098823776892191,0.0
2026-01-02,0.0029410992188656504,0.003070070214130638,0.2579419905302506
2026-01-05,0.006262873397411273,0.006262873397411273,0.0
2026-01-06,0.0016231013981131692,0.0016231013981131692,0.0
2026-01-07,-0.0015539773953253677,-0.0015539773953253677,0.0
2026-01-08,-0.00137766266464745,-0.00137766266464745,0.0
2026-01-09,0.002264001190402043,0.002264001190402043,0.0
2026-01-12,0.002629407712714915,0.002629407712714915,0.0
2026-01-13,-0.0011994994634509926,-0.0011994994634509926,0.0
2026-01-14,0.0030943889519321477,0.0030943889519321477,0.0
2026-01-15,-0.0007108207621934204,-0.0007108207621934204,0.0
2026-01-16,-0.001664954335746427,-0.001664954335746427,0.0
2026-01-20,-0.0026675841846085513,-0.0026675841846085513,0.0
2026-01-21,0.005557912797041098,0.005557912797041098,0.0
2026-01-22,0.0034151059773703807,0.0034151059773703807,0.0
2026-01-23,0.004914193362768771,0.004914193362768771,0.0
2026-01-26,0.004234493646747106,0.004234493646747106,0.0
2026-01-27,0.006414052754937893,0.006414052754937893,0.0
2026-01-28,-0.0008569305270703653,-0.0008569305270703653,0.0
2026-01-29,0.0014067198718772378,0.0014067198718772378,0.0
2026-01-30,-0.013007931793802774,-0.013007931793802774,0.0
2026-02-02,-0.003548602954699054,-0.0033439520590073935,0.4093017913833029
2026-02-03,0.0026615067273840776,0.0026615067273840776,0.0
2026-02-04,-0.0019163982003327362,-0.0019163982003327362,0.0
2026-02-05,-0.0024081425064358397,-0.0024081425064358397,0.0
2026-02-06,0.008830304088521368,0.008830304088521368,0.0
2026-02-09,0.00604497313088892,0.00604497313088892,0.0
2026-02-10,0.0027600736401256487,0.0027600736401256487,0.0
2026-02-11,0.0004506839153401998,0.0004506839153401998,0.0
2026-02-12,-0.002669825384201352,-0.002669825384201352,0.0
2026-02-13,0.0038740904541627597,0.0038740904541627597,0.0
2026-02-17,-0.002310679549854644,-0.002310679549854644,0.0
2026-02-18,-1.5857441926669935e-05,-1.5857441926669935e-05,0.0
2026-02-19,0.0004972459143286478,0.0004972459143286478,0.0
2026-02-20,0.0030557449201247255,0.0030557449201247255,0.0
2026-02-23,0.0002028201495063442,0.0002028201495063442,0.0
2026-02-24,0.0005196487983776255,0.0005196487983776255,0.0
2026-02-25,0.0017599588686114664,0.0017599588686114664,0.0
2026-02-26,4.4755539192697924e-05,4.4755539192697924e-05,0.0
2026-02-27,0.0019716520887651523,0.0019716520887651523,0.0
2026-03-02,-0.004816752593445273,-0.004680795825492967,0.2719135359045543
2026-03-03,-0.00820597114419297,-0.00820597114419297,0.0
2026-03-04,0.002842786044851886,0.002842786044851886,0.0
2026-03-05,-0.0067943145006224,-0.0067943145006224,0.0
2026-03-06,-0.0013630012404751701,-0.0013630012404751701,0.0
2026-03-09,0.005769600959440124,0.005769600959440124,0.0
2026-03-10,-0.0015490777034046221,-0.0015490777034046221,0.0
2026-03-11,-0.003967876602448572,-0.003967876602448572,0.0
2026-03-12,-0.006819579940258724,-0.006819579940258724,0.0
2026-03-13,-0.003972670933899858,-0.003972670933899858,0.0
2026-03-16,0.007900207504028867,0.007900207504028867,0.0
2026-03-17,0.004265381037539928,0.004265381037539928,0.0
2026-03-18,-0.008809828755106386,-0.008809828755106386,0.0
2026-03-19,-8.14527868149284e-05,-8.14527868149284e-05,0.0
2026-03-20,-0.01422573625850898,-0.01422573625850898,0.0
2026-03-23,0.005820885752744642,0.005820885752744642,0.0
2026-03-24,-0.003321750164173687,-0.003321750164173687,0.0
2026-03-25,0.0059929630420454405,0.0059929630420454405,0.0
2026-03-26,-0.01114964017156339,-0.01114964017156339,0.0
2026-03-27,-0.0011129892713580558,-0.0011129892713580558,0.0
2026-03-30,0.00410544115294309,0.00410544115294309,0.0
2026-03-31,0.011428338182357,0.011428338182357,0.0
2026-04-01,0.0026681730724826824,0.003083022911124944,0.8296996772844542
2026-04-02,0.0029606363023071403,0.0029606363023071403,0.0
2026-04-06,0.0006506413287652446,0.0006506413287652446,0.0
2026-04-07,0.000132818552167846,0.000132818552167846,0.0
2026-04-08,0.005592866345555558,0.005592866345555558,0.0
2026-04-09,0.0013321520175910706,0.0013321520175910706,0.0
2026-04-10,-0.0004989286426003714,-0.0004989286426003714,0.0
2026-04-13,0.0034602460036623484,0.0034602460036623484,0.0
2026-04-14,0.004300686648249563,0.004300686648249563,0.0
2026-04-15,-0.00019816341649170344,-0.00019816341649170344,0.0
2026-04-16,-0.00013132457691200639,-0.00013132457691200639,0.0
2026-04-17,0.0035234879905727823,0.0035234879905727823,0.0
2026-04-20,9.121131080203071e-06,9.121131080203071e-06,0.0
2026-04-21,-0.0036228909650413144,-0.0036228909650413144,0.0
2026-04-22,0.0020619231445166974,0.0020619231445166974,0.0
2026-04-23,-0.0005602639952545507,-0.0005602639952545507,0.0
2026-04-24,0.0023552497926038196,0.0023552497926038196,0.0
2026-04-27,-0.0005660330670290703,-0.0005660330670290703,0.0
2026-04-28,-9.987477729400673e-06,-9.987477729400673e-06,0.0
2026-04-29,-0.0016646949969836289,-0.0016646949969836289,0.0
2026-04-30,0.002960349387811645,0.002960349387811645,0.0
2026-05-01,0.000840878133847367,0.0009328837900901554,0.18401131248537397
2026-05-04,-0.0016022133540508632,-0.0016022133540508632,0.0
2026-05-05,0.0026686137669647003,0.0026686137669647003,0.0
2026-05-06,0.003744082550326322,0.003744082550326322,0.0
2026-05-07,-0.0031021975083015407,-0.0031021975083015407,0.0
2026-05-08,0.0037848345817146356,0.0037848345817146356,0.0
2026-05-11,0.0014587739076838968,0.0014587739076838968,0.0
2026-05-12,-0.001054815752851046,-0.001054815752851046,0.0
2026-05-13,0.0013627482769378307,0.0013627482769378307,0.0
2026-05-14,-0.002008201519076769,-0.002008201519076769,0.0
2026-05-15,-0.006711313002960018,-0.006711313002960018,0.0
2026-05-18,0.0013583150520952714,0.0013583150520952714,0.0
2026-05-19,-0.0023869974678585315,-0.0023869974678585315,0.0
2026-05-20,0.0033930268572031075,0.0033930268572031075,0.0
2026-05-21,-0.00025419094470524595,-0.00025419094470524595,0.0
2026-05-22,-0.0005434703545119657,-0.0005434703545119657,0.0
2026-05-26,0.0037534225535069687,0.0037534225535069687,0.0
2026-05-27,-0.00155193899720929,-0.00155193899720929,0.0
2026-05-28,0.001483058908375634,0.001483058908375634,0.0
2026-05-29,-0.00044952033040079886,-0.00044952033040079886,0.0
2026-06-01,0.0007595513799436571,0.0008406233957554132,0.16214403162356036
2026-06-02,0.0018005587860037142,0.0018005587860037142,0.0
2026-06-03,-0.0032630726863581705,-0.0032630726863581705,0.0
2026-06-04,0.0012031339724491996,0.0012031339724491996,0.0
2026-06-05,-0.010074878508730234,-0.010074878508730234,0.0
2026-06-08,0.0006845087170435082,0.0006845087170435082,0.0
2026-06-09,0.00043792710466217244,0.00043792710466217244,0.0
2026-06-10,-0.0029375101753117416,-0.0029375101753117416,0.0
2026-06-11,0.007210758914208082,0.007210758914208082,0.0
2026-06-12,0.0007957954231834208,0.0007957954231834208,0.0
2026-06-15,0.00317123777587347,0.00317123777587347,0.0
2026-06-16,-0.0006915988589386579,-0.0006915988589386579,0.0
2026-06-17,-0.005283915390188798,-0.005283915390188798,0.0
2026-06-18,0.003386225199066839,0.003386225199066839,0.0
2026-06-22,-0.0010735174895183386,-0.0010735174895183386,0.0
2026-06-23,-0.004230014551658723,-0.004230014551658723,0.0
2026-06-24,0.00019450394606668198,0.00019450394606668198,0.0
2026-06-25,0.00212736230969246,0.00212736230969246,0.0
2026-06-26,0.00022361078248644972,0.00022361078248644972,0.0
2026-06-29,0.0010960155968731122,0.0010960155968731122,0.0
2026-06-30,-0.000973044492613373,-0.000973044492613373,0.0
2026-07-01,-0.002485118870398262,-0.002313864487065942,0.34250876666448105
2026-07-02,0.00016175759483183505,0.00016175759483183505,0.0
2026-07-06,0.0040182898726350835,0.0040182898726350835,0.0
2026-07-07,-0.0035311829190246558,-0.0035311829190246558,0.0
2026-07-08,-0.0022137485962892,-0.0022137485962892,0.0
2026-07-09,0.002526475840167519,0.002526475840167519,0.0
2026-07-10,0.00035344578986906683,0.00035344578986906683,0.0
2026-07-13,-0.0023900118373550994,-0.0023900118373550994,0.0
2026-07-14,0.002286280248782191,0.002286280248782191,0.0
2026-07-15,0.0007595094781329692,0.0007595094781329692,0.0
2026-07-16,-0.002389153137292266,-0.002389153137292266,0.0
2026-07-17,0.0005629015618404676,0.0005629015618404676,0.0
2026-07-20,-0.0012766336085955343,-0.0012766336085955343,0.0
2026-07-21,0.003527189230992711,0.003527189230992711,0.0
2026-07-22,-0.0001871374080157917,-0.0001871374080157917,0.0
2026-07-23,-0.0022849233623335463,-0.0022849233623335463,0.0
2026-07-24,0.00024055715872628447,0.00024055715872628447,0.0
2026-07-27,-0.0017588503875359818,-0.0017588503875359818,0.0
2026-07-28,-0.0001454582107632829,-0.0001454582107632829,0.0
2026-07-29,-0.004168877857925302,-0.004168877857925302,0.0
2026-07-30,0.0008543646930532223,0.0008543646930532223,0.0
2026-07-31,-0.0011152603577767595,-0.0011152603577767595,0.0
2026-08-03,0.00041349251981182,0.0005782100424800429,0.3294350453369187
2026-08-04,0.003832429197867082,0.003832429197867082,0.0
2026-08-05,0.0008825519479214172,0.0008825519479214172,0.0
2026-08-06,-0.0010685633197381472,-0.0010685633197381472,0.0
2026-08-07,0.002735196780196514,0.002735196780196514,0.0
2026-08-10,0.0003682383653837995,0.0003682383653837995,0.0
2026-08-11,-0.0004799895714568958,-0.0004799895714568958,0.0
2026-08-12,0.002726344355316712,0.002726344355316712,0.0
2026-08-13,0.0014656321270274386,0.0014656321270274386,0.0
2026-08-14,5.114893707092172e-05,5.114893707092172e-05,0.0
2026-08-17,0.00043507083528426804,0.00043507083528426804,0.0
2026-08-18,-0.0026495116313253186,-0.0026495116313253186,0.0
2026-08-19,0.0027322333459580683,0.0027322333459580683,0.0
2026-08-20,-0.00016784230277777645,-0.00016784230277777645,0.0
2026-08-21,0.0011497520638661385,0.0011497520638661385,0.0
2026-08-24,-0.000180923775780939,-0.000180923775780939,0.0
2026-08-25,0.002187439856027984,0.002187439856027984,0.0
2026-08-26,-0.0006726856513555868,-0.0006726856513555868,0.0
2026-08-27,0.0012737050906623804,0.0012737050906623804,0.0
2026-08-28,-0.00329805904083158,-0.00329805904083158,0.0
2026-08-31,0.0003615075742555707,0.0003615075742555707,0.0
2026-09-01,-0.0016901687093358042,-0.0016561660117198063,0.06800539523193974
2026-09-02,0.001382157556459651,0.001382157556459651,0.0
2026-09-03,0.0016891750757264123,0.0016891750757264123,0.0
2026-09-04,-0.0009726835558965252,-0.0009726835558965252,0.0
2026-09-08,-0.0001869257817086467,-0.0001869257817086467,0.0
2026-09-09,-0.0015309086078129086,-0.0015309086078129086,0.0
2026-09-10,-0.0031196159123995093,-0.0031196159123995093,0.0
2026-09-11,-0.0007244237188549496,-0.0007244237188549496,0.0
2026-09-14,-0.0023307378051000693,-0.0023307378051000693,0.0
2026-09-15,0.00021834258058861522,0.00021834258058861522,0.0
2026-09-16,-0.0015615854489520187,-0.0015615854489520187,0.0
2026-09-17,0.003375896269483203,0.003375896269483203,0.0
2026-09-18,-0.0025003639942978717,-0.0025003639942978717,0.0
2026-09-21,0.0036538943496460252,0.0036538943496460252,0.0
2026-09-22,0.00021212549516591572,0.00021212549516591572,0.0
2026-09-23,-0.0059282551340964496,-0.0059282551340964496,0.0
2026-09-24,-0.0017408181039163528,-0.0017408181039163528,0.0
2026-09-25,0.0010969934967117734,0.0010969934967117734,0.0
2026-09-28,-0.005160481757880864,-0.005160481757880864,0.0
2026-09-29,-0.000607090439329272,-0.000607090439329272,0.0
2026-09-30,-0.0003702046284910221,-0.0003702046284910221,0.0
2026-10-01,-0.0009599638849472347,-0.000538081555691905,0.8437646585105824
2026-10-02,0.0028002267507665213,0.0028002267507665213,0.0
