Date,net,gross,turnover
2008-06-02,0.0013908831899105412,0.0017461459409942037,0.7105255021672406
2008-06-03,-0.0015902071878276525,-0.0015902071878276525,0.0
2008-06-04,-0.0021037627522955127,-0.0021037627522955127,0.0
2008-06-05,0.0011233277638007522,0.0011233277638007522,0.0
2008-06-06,0.0067080385331852455,0.0067080385331852455,0.0
2008-06-09,-0.002821101903603962,-0.002821101903603962,0.0
2008-06-10,-0.0035874033236371616,-0.0035874033236371616,0.0
2008-06-11,0.0036950849878794045,0.0036950849878794045,0.0
2008-06-12,-0.00382604691443722,-0.00382604691443722,0.0
2008-06-13,-0.0011666012455481267,-0.0011666012455481267,0.0
2008-06-16,0.0006015925273823441,0.0006015925273823441,0.0
2008-06-17,0.0020212841216054045,0.0020212841216054045,0.0
2008-06-18,0.0030701493638221056,0.0030701493638221056,0.0
2008-06-19,-0.0032704519009696398,-0.0032704519009696398,0.0
2008-06-20,0.002112971893618809,0.002112971893618809,0.0
2008-06-23,-0.0008239534112672864,-0.0008239534112672864,0.0
2008-06-24,0.0012969379376932544,0.0012969379376932544,0.0
2008-06-25,0.0009432519065610823,0.0009432519065610823,0.0
2008-06-26,0.00487942568288946,0.00487942568288946,0.0
2008-06-27,0.001486269202292556,0.001486269202292556,0.0
2008-06-30,-0.0010305092604678823,-0.0010305092604678823,0.0
2008-07-01,-0.001346958565575651,-0.0012141955620138534,0.26552600712359725
2008-07-02,0.003665849334140603,0.003665849334140603,0.0
2008-07-03,-0.0015093540808320816,-0.0015093540808320816,0.0
2008-07-07,1.8629247597878873e-05,1.8629247597878873e-05,0.0
2008-07-08,-0.003376477867102823,-0.003376477867102823,0.0
2008-07-09,0.004893025176604171,0.004893025176604171,0.0
2008-07-10,0.0008791669305467931,0.0008791669305467931,0.0
2008-07-11,0.0011414585941733613,0.0011414585941733613,0.0
2008-07-14,0.003029296841229989,0.003029296841229989,0.0
2008-07-15,0.0010036907839390263,0.0010036907839390263,0.0
2008-07-16,-0.006619415868880485,-0.006619415868880485,0.0
2008-07-17,-0.005023490040760303,-0.005023490040760303,0.0
2008-07-18,-0.0028881646977403364,-0.0028881646977403364,0.0
2008-07-21,0.00115913090940567,0.00115913090940567,0.0
2008-07-22,-0.00496080750037986,-0.00496080750037986,0.0
2008-07-23,-0.004567817503666416,-0.004567817503666416,0.0
2008-07-24,0.004581337103996441,0.004581337103996441,0.0
2008-07-25,-0.002635956194617317,-0.002635956194617317,0.0
2008-07-28,0.004352437500517725,0.004352437500517725,0.0
2008-07-29,-0.004119177485595538,-0.004119177485595538,0.0
2008-07-30,0.00130992597816193,0.00130992597816193,0.0
2008-07-31,0.0018702182868626238,0.0018702182868626238,0.0
2008-08-01,0.0008321624916767245,0.0009320673983863603,0.19980981341922047
2008-08-04,-0.0020385290390633193,-0.0020385290390633193,0.0
2008-08-05,-0.00571157261769395,-0.00571157261769395,0.0
2008-08-06,-0.0019712788498861267,-0.0019712788498861267,0.0
2008-08-07,0.0038866857695516455,0.0038866857695516455,0.0
2008-08-08,-0.006492242641865098,-0.006492242641865098,0.0
2008-08-11,-0.005521349359395411,-0.005521349359395411,0.0
2008-08-12,0.0027387841529404877,0.0027387841529404877,0.0
2008-08-13,0.002704221653169858,0.002704221653169858,0.0
2008-08-14,-0.001958867475249537,-0.001958867475249537,0.0
2008-08-15,-0.0022158026306056122,-0.0022158026306056122,0.0
2008-08-18,0.0028063256142301096,0.0028063256142301096,0.0
2008-08-19,0.0031240288493157298,0.0031240288493157298,0.0
2008-08-20,0.0009548240207899461,0.0009548240207899461,0.0
2008-08-21,0.003760531539648282,0.003760531539648282,0.0
2008-08-22,-0.005935142575368424,-0.005935142575368424,0.0
2008-08-25,0.004240227678038666,0.004240227678038666,0.0
2008-08-26,-0.0009877759706420353,-0.0009877759706420353,0.0
2008-08-27,0.0001985712021670416,0.0001985712021670416,0.0
2008-08-28,-0.00266112818514741,-0.00266112818514741,0.0
2008-08-29,0.0003010660439521917,0.0003010660439521917,0.0
2008-09-02,-0.00031983293007087354,-0.00023224188467518836,0.17518209079135488
2008-09-03,9.438420130436498e-05,9.438420130436498e-05,0.0
2008-09-04,0.003462361998342045,0.003462361998342045,0.0
2008-09-05,-0.002089119687428642,-0.002089119687428642,0.0
2008-09-08,-0.0030770282239798163,-0.0030770282239798163,0.0
2008-09-09,0.0025991925671942084,0.0025991925671942084,0.0
2008-09-10,-0.0027975579012367024,-0.0027975579012367024,0.0
2008-09-11,-0.0018725883931159926,-0.0018725883931159926,0.0
2008-09-12,0.0005870933240301746,0.0005870933240301746,0.0
2008-09-15,0.012044407643767352,0.012044407643767352,0.0
2008-09-16,-0.008124928927586317,-0.008124928927586317,0.0
2008-09-17,0.014486556378781046,0.014486556378781046,0.0
2008-09-18,-0.013536272457005838,-0.013536272457005838,0.0
2008-09-19,-0.005318812888671531,-0.005318812888671531,0.0
2008-09-22,0.01252678388650108,0.01252678388650108,0.0
2008-09-23,-0.0009347861241792987,-0.0009347861241792987,0.0
2008-09-24,-0.0026775943959617132,-0.0026775943959617132,0.0
2008-09-25,-0.00064140521617706,-0.00064140521617706,0.0
2008-09-26,-0.0008085049025248203,-0.0008085049025248203,0.0
2008-09-29,0.009916662813782118,0.009916662813782118,0.0
2008-09-30,-0.009483997060464211,-0.009483997060464211,0.0
2008-10-01,-0.00017811702766035165,4.114725042470013e-06,0.3644635054056339
2008-10-02,0.0050904146186891985,0.0050904146186891985,0.0
2008-10-03,0.0017686810559065513,0.0017686810559065513,0.0
2008-10-06,0.005352285299642823,0.005352285299642823,0.0
2008-10-07,0.004600404213982445,0.004600404213982445,0.0
2008-10-08,0.0002798060745321518,0.0002798060745321518,0.0
2008-10-09,0.0027533459602839816,0.0027533459602839816,0.0
2008-10-10,-0.001463261593764642,-0.001463261593764642,0.0
2008-10-13,-0.013256944389028247,-0.013256944389028247,0.0
2008-10-14,0.002549149115906424,0.002549149115906424,0.0
2008-10-15,0.010032071339404647,0.010032071339404647,0.0
2008-10-16,-0.004730264662814121,-0.004730264662814121,0.0
2008-10-17,0.001627308030580199,0.001627308030580199,0.0
2008-10-20,-0.0031441927761350907,-0.0031441927761350907,0.0
2008-10-21,0.0034587729126103195,0.0034587729126103195,0.0
2008-10-22,0.005496736879133657,0.005496736879133657,0.0
2008-10-23,-0.0005892726066699661,-0.0005892726066699661,0.0
2008-10-24,0.002881275971330366,0.002881275971330366,0.0
2008-10-27,0.0030509077959417485,0.0030509077959417485,0.0
2008-10-28,-0.009209891889672361,-0.009209891889672361,0.0
2008-10-29,0.0012040429480928427,0.0012040429480928427,0.0
2008-10-30,-0.006051192402633965,-0.006051192402633965,0.0
2008-10-31,-0.001006723985934932,-0.001006723985934932,0.0
2008-11-03,0.0004982906913033602,0.000629336004585701,0.26209062656481374
2008-11-04,-0.0059557455089421785,-0.0059557455089421785,0.0
2008-11-05,0.005946565370925416,0.005946565370925416,0.0
2008-11-06,0.004981458022738083,0.004981458022738083,0.0
2008-11-07,-0.0030887546317179826,-0.0030887546317179826,0.0
2008-11-10,0.0007321563197699721,0.0007321563197699721,0.0
2008-11-11,0.0038703210315476078,0.0038703210315476078,0.0
2008-11-12,0.005336606143494738,0.005336606143494738,0.0
2008-11-13,-0.007827987786599433,-0.007827987786599433,0.0
2008-11-14,0.004889462430008651,0.004889462430008651,0.0
2008-11-17,0.002066415044765124,0.002066415044765124,0.0
2008-11-18,0.0016004378536587094,0.0016004378536587094,0.0
2008-11-19,0.005982482532579603,0.005982482532579603,0.0
2008-11-20,0.0075967487630221875,0.0075967487630221875,0.0
2008-11-21,-0.005611780452903448,-0.005611780452903448,0.0
2008-11-24,-0.007116304814123731,-0.007116304814123731,0.0
2008-11-25,0.0011837339236826505,0.0011837339236826505,0.0
2008-11-26,-0.0019168850132706972,-0.0019168850132706972,0.0
2008-11-28,0.002253391079810818,0.002253391079810818,0.0
2008-12-01,0.008045905450477786,0.008077243846150495,0.06267679134573516
2008-12-02,-0.002538703611157378,-0.002538703611157378,0.0
2008-12-03,-0.0009803711093056,-0.0009803711093056,0.0
2008-12-04,0.003092819078530429,0.003092819078530429,0.0
2008-12-05,-0.0018443910910561634,-0.0018443910910561634,0.0
2008-12-08,-0.004413445015690187,-0.004413445015690187,0.0
2008-12-09,0.0028118062487691997,0.0028118062487691997,0.0
2008-12-10,-0.002553691404188707,-0.002553691404188707,0.0
2008-12-11,0.000294302221780951,0.000294302221780951,0.0
2008-12-12,-0.0012311558361441932,-0.0012311558361441932,0.0
2008-12-15,0.0008557399553230649,0.0008557399553230649,0.0
2008-12-16,-0.004589835357016292,-0.004589835357016292,0.0
2008-12-17,-0.0001268740227733378,-0.0001268740227733378,0.0
2008-12-18,0.001745063231596955,0.001745063231596955,0.0
2008-12-19,0.0014758185914829358,0.0014758185914829358,0.0
2008-12-22,1.166235586613773e-05,1.166235586613773e-05,0.0
2008-12-23,0.0004473937871147804,0.0004473937871147804,0.0
2008-12-24,-7.322797357356414e-05,-7.322797357356414e-05,0.0
2008-12-26,-0.0009036225591892988,-0.0009036225591892988,0.0
2008-12-29,0.0008434672575403646,0.0008434672575403646,0.0
2008-12-30,-0.0009833884183130248,-0.0009833884183130248,0.0
2008-12-31,-0.002906302172678621,-0.002906302172678621,0.0
2009-01-02,-0.0036633863334259997,-0.003613802492209217,0.09916768243354693
2009-01-05,-0.0004459276484494179,-0.0004459276484494179,0.0
2009-01-06,-0.001707758127882153,-0.001707758127882153,0.0
2009-01-07,0.0029986344701462553,0.0029986344701462553,0.0
2009-01-08,1.2749822598134841e-05,1.2749822598134841e-05,0.0
2009-01-09,0.002441165357697006,0.002441165357697006,0.0
2009-01-12,0.003571530018721125,0.003571530018721125,0.0
2009-01-13,0.00025582140606794646,0.00025582140606794646,0.0
2009-01-14,0.0026824688031390487,0.0026824688031390487,0.0
2009-01-15,-0.0007960318268271926,-0.0007960318268271926,0.0
2009-01-16,-0.0017477642186121134,-0.0017477642186121134,0.0
2009-01-20,0.0049635484601997515,0.0049635484601997515,0.0
2009-01-21,-0.0040817948800934145,-0.0040817948800934145,0.0
2009-01-22,0.0011481184172608128,0.0011481184172608128,0.0
2009-01-23,-0.0011442417789465642,-0.0011442417789465642,0.0
2009-01-26,-0.0014793281463988395,-0.0014793281463988395,0.0
2009-01-27,0.0009371603639438675,0.0009371603639438675,0.0
2009-01-28,-0.0031885349719705802,-0.0031885349719705802,0.0
2009-01-29,0.0016644169940243092,0.0016644169940243092,0.0
2009-01-30,0.0012352799271839743,0.0012352799271839743,0.0
2009-02-02,0.0010581351316460985,0.0011234709647167662,0.13067166614155976
2009-02-03,-0.00204497456142283,-0.00204497456142283,0.0
2009-02-04,-0.00011753306347961345,-0.00011753306347961345,0.0
2009-02-05,-0.0016290468739619257,-0.0016290468739619257,0.0
2009-02-06,-0.0038397440697487406,-0.0038397440697487406,0.0
2009-02-09,-0.00020951473329755554,-0.00020951473329755554,0.0
2009-02-10,0.004974226367276069,0.004974226367276069,0.0
2009-02-11,-0.00018736385505313535,-0.00018736385505313535,0.0
2009-02-12,0.00011590699439123497,0.00011590699439123497,0.0
2009-02-13,-0.0003612399989281201,-0.0003612399989281201,0.0
2009-02-17,0.006121020902989827,0.006121020902989827,0.0
2009-02-18,-0.0003742777527251384,-0.0003742777527251384,0.0
2009-02-19,-0.0004907579950682583,-0.0004907579950682583,0.0
2009-02-20,0.0006147512314838011,0.0006147512314838011,0.0
2009-02-23,0.0031608611835425293,0.0031608611835425293,0.0
2009-02-24,-0.0030452845156725417,-0.0030452845156725417,0.0
2009-02-25,0.0008038234332605754,0.0008038234332605754,0.0
2009-02-26,0.0010975135427961913,0.0010975135427961913,0.0
2009-02-27,0.0017817441951568647,0.0017817441951568647,0.0
2009-03-02,0.00731383871788549,0.007357230494709599,0.08678355364819071
2009-03-03,-0.0005215821406455712,-0.0005215821406455712,0.0
2009-03-04,-0.005405976951977531,-0.005405976951977531,0.0
2009-03-05,0.005330643164237037,0.005330643164237037,0.0
2009-03-06,-0.0015071522824567918,-0.0015071522824567918,0.0
2009-03-09,0.002999985047396736,0.002999985047396736,0.0
2009-03-10,-0.006727827504747097,-0.006727827504747097,0.0
2009-03-11,0.00047483178947094196,0.00047483178947094196,0.0
2009-03-12,-0.005448688284985903,-0.005448688284985903,0.0
2009-03-13,-0.0007255390023943598,-0.0007255390023943598,0.0
2009-03-16,-0.0011343248914328363,-0.0011343248914328363,0.0
2009-03-17,-0.003551309242193934,-0.003551309242193934,0.0
2009-03-18,-0.0035146616625856275,-0.0035146616625856275,0.0
2009-03-19,-0.0012239647136976783,-0.0012239647136976783,0.0
2009-03-20,0.0025297716595700237,0.0025297716595700237,0.0
2009-03-23,-0.009077258458994208,-0.009077258458994208,0.0
2009-03-24,0.004292106161853271,0.004292106161853271,0.0
2009-03-25,-0.0019226613498291023,-0.0019226613498291023,0.0
2009-03-26,-0.003222133876420785,-0.003222133876420785,0.0
2009-03-27,0.00496047493792795,0.00496047493792795,0.0
2009-03-30,0.006905972895744128,0.006905972895744128,0.0
2009-03-31,-0.0024839768390264583,-0.0024839768390264583,0.0
2009-04-01,-0.0013629949155190557,-0.0013174947447609497,0.09100034151618515
2009-04-02,-0.007410378749782676,-0.007410378749782676,0.0
2009-04-03,-0.0029804413921572515,-0.0029804413921572515,0.0
2009-04-06,0.0018829794587784665,0.0018829794587784665,0.0
2009-04-07,0.004001209043440923,0.004001209043440923,0.0
2009-04-08,-0.0014107221219828991,-0.0014107221219828991,0.0
2009-04-09,-0.005966412387555353,-0.005966412387555353,0.0
2009-04-13,-0.0003737211061668466,-0.0003737211061668466,0.0
2009-04-14,0.003042487982013231,0.003042487982013231,0.0
2009-04-15,-0.0014104683478513014,-0.0014104683478513014,0.0
2009-04-16,-0.0017064007596461206,-0.0017064007596461206,0.0
2009-04-17,0.0001530949344090704,0.0001530949344090704,0.0
2009-04-20,0.007771464660024652,0.007771464660024652,0.0
2009-04-21,-0.0033487359150160545,-0.0033487359150160545,0.0
2009-04-22,0.00019178842150280317,0.00019178842150280317,0.0
2009-04-23,-0.0027380630366025116,-0.0027380630366025116,0.0
2009-04-24,-0.0031233042967581115,-0.0031233042967581115,0.0
2009-04-27,0.0037478495005460744,0.0037478495005460744,0.0
2009-04-28,-0.00024707418995983943,-0.00024707418995983943,0.0
2009-04-29,-0.004706827636131727,-0.004706827636131727,0.0
2009-04-30,-0.00037344233771763324,-0.00037344233771763324,0.0
2009-05-01,-0.0024994829535609497,-0.002479300147708474,0.040365611704865176
2009-05-04,-0.004848426333891709,-0.004848426333891709,0.0
2009-05-05,0.0006588365387638628,0.0006588365387638628,0.0
2009-05-06,-0.002861087849230226,-0.002861087849230226,0.0
2009-05-07,0.0009813007157208897,0.0009813007157208897,0.0
2009-05-08,-0.005020783061713829,-0.005020783061713829,0.0
2009-05-11,0.003067225827867448,0.003067225827867448,0.0
2009-05-12,-0.00047868126137462497,-0.00047868126137462497,0.0
2009-05-13,0.005019253268427004,0.005019253268427004,0.0
2009-05-14,-0.0017519118310044268,-0.0017519118310044268,0.0
2009-05-15,0.0025949917265697398,0.0025949917265697398,0.0
2009-05-18,-0.006157059813700183,-0.006157059813700183,0.0
2009-05-19,-0.0011318137435052389,-0.0011318137435052389,0.0
2009-05-20,-0.0007482746982493405,-0.0007482746982493405,0.0
2009-05-21,0.000840444965786169,0.000840444965786169,0.0
2009-05-22,-0.0018464249595365745,-0.0018464249595365745,0.0
2009-05-26,-0.0032778193212880113,-0.0032778193212880113,0.0
2009-05-27,0.00048543085800223373,0.00048543085800223373,0.0
2009-05-28,-0.0022229808160293407,-0.0022229808160293407,0.0
2009-05-29,-0.002807905478688366,-0.002807905478688366,0.0
2009-06-01,-0.007038416232659994,-0.006937406192036644,0.20202008124656085
2009-06-02,0.0004882832322647968,0.0004882832322647968,0.0
2009-06-03,0.005334187341184071,0.005334187341184071,0.0
2009-06-04,-0.004744758553785644,-0.004744758553785644,0.0
2009-06-05,-0.0017286686108011207,-0.0017286686108011207,0.0
2009-06-08,3.103652733016382e-05,3.103652733016382e-05,0.0
2009-06-09,-0.0003136399828719272,-0.0003136399828719272,0.0
2009-06-10,-0.0006789845512309434,-0.0006789845512309434,0.0
2009-06-11,-0.0012748703345152324,-0.0012748703345152324,0.0
2009-06-12,0.002074299249226863,0.002074299249226863,0.0
2009-06-15,0.006143494977350894,0.006143494977350894,0.0
2009-06-16,0.0024604133666799033,0.0024604133666799033,0.0
2009-06-17,-0.000591254164573396,-0.000591254164573396,0.0
2009-06-18,-0.001864192110278995,-0.001864192110278995,0.0
2009-06-19,0.0007518574241363041,0.0007518574241363041,0.0
2009-06-22,0.005813960913650051,0.005813960913650051,0.0
2009-06-23,-0.0008656353942821937,-0.0008656353942821937,0.0
2009-06-24,-0.0011577370402447995,-0.0011577370402447995,0.0
2009-06-25,-0.0009891638905441535,-0.0009891638905441535,0.0
2009-06-26,0.00010341298217930728,0.00010341298217930728,0.0
2009-06-29,-0.000955183112311131,-0.000955183112311131,0.0
2009-06-30,0.001479136587245744,0.001479136587245744,0.0
2009-07-01,-0.0014323440673266186,-0.0013038703124613749,0.2569475097304589
2009-07-02,0.0069477247141531695,0.0069477247141531695,0.0
2009-07-06,0.0022108175727115764,0.0022108175727115764,0.0
2009-07-07,0.0048010643656413166,0.0048010643656413166,0.0
2009-07-08,0.0033414856896401,0.0033414856896401,0.0
2009-07-09,-0.001972071416590948,-0.001972071416590948,0.0
2009-07-10,0.0023169266774427655,0.0023169266774427655,0.0
2009-07-13,-0.0030792770727984253,-0.0030792770727984253,0.0
2009-07-14,-0.0016160636392820171,-0.0016160636392820171,0.0
2009-07-15,-0.008912702213134671,-0.008912702213134671,0.0
2009-07-16,0.0004857462839711335,0.0004857462839711335,0.0
2009-07-17,-0.0019058443193701313,-0.0019058443193701313,0.0
2009-07-20,-0.00433930982358377,-0.00433930982358377,0.0
2009-07-21,0.0020936815530756547,0.0020936815530756547,0.0
2009-07-22,-0.0010533876432802236,-0.0010533876432802236,0.0
2009-07-23,-0.005618063202465273,-0.005618063202465273,0.0
2009-07-24,-5.108141820042711e-05,-5.108141820042711e-05,0.0
2009-07-27,-0.001980542039883737,-0.001980542039883737,0.0
2009-07-28,0.002195893932990911,0.002195893932990911,0.0
2009-07-29,0.003629860658619366,0.003629860658619366,0.0
2009-07-30,-0.0037755386857588613,-0.0037755386857588613,0.0
2009-07-31,-0.0014289948072344627,-0.0014289948072344627,0.0
2009-08-03,-0.007296344633754059,-0.007221945871077384,0.14879752535341564
2009-08-04,-0.0009339060968883706,-0.0009339060968883706,0.0
2009-08-05,-0.0004003712166569251,-0.0004003712166569251,0.0
2009-08-06,0.0017527168501114687,0.0017527168501114687,0.0
2009-08-07,-0.002079941027916643,-0.002079941027916643,0.0
2009-08-10,0.0018252635620756852,0.0018252635620756852,0.0
2009-08-11,0.003044650187552067,0.003044650187552067,0.0
2009-08-12,-0.0029359983841353854,-0.0029359983841353854,0.0
2009-08-13,-0.0009686843802515499,-0.0009686843802515499,0.0
2009-08-14,0.003772911054105599,0.003772911054105599,0.0
2009-08-17,0.006077485084154066,0.006077485084154066,0.0
2009-08-18,-0.0030105053547772043,-0.0030105053547772043,0.0
2009-08-19,-0.0008084844623911236,-0.0008084844623911236,0.0
2009-08-20,-0.0017263839250986068,-0.0017263839250986068,0.0
2009-08-21,-0.0036234418698992688,-0.0036234418698992688,0.0
2009-08-24,0.0004992629233568913,0.0004992629233568913,0.0
2009-08-25,0.0005676784040329341,0.0005676784040329341,0.0
2009-08-26,0.0008888332450287528,0.0008888332450287528,0.0
2009-08-27,-0.0012101142633158535,-0.0012101142633158535,0.0
2009-08-28,0.000972977489106519,0.000972977489106519,0.0
2009-08-31,0.002776437256503339,0.002776437256503339,0.0
2009-09-01,0.00527620228207093,0.005424329370433023,0.2962541767243837
2009-09-02,0.002721240415241688,0.002721240415241688,0.0
2009-09-03,-0.0011625599877992387,-0.0011625599877992387,0.0
2009-09-04,-0.0027899910265020145,-0.0027899910265020145,0.0
2009-09-08,-0.004108621976098292,-0.004108621976098292,0.0
2009-09-09,-0.0014849758533552748,-0.0014849758533552748,0.0
2009-09-10,-0.0012782359844458746,-0.0012782359844458746,0.0
2009-09-11,0.0022453226563241557,0.0022453226563241557,0.0
2009-09-14,-0.0022334552523192164,-0.0022334552523192164,0.0
2009-09-15,-0.0014340776921906162,-0.0014340776921906162,0.0
2009-09-16,-0.0038929473786453173,-0.0038929473786453173,0.0
2009-09-17,0.0015398176208292202,0.0015398176208292202,0.0
2009-09-18,-0.0010456343821242386,-0.0010456343821242386,0.0
2009-09-21,0.0015917129090838866,0.0015917129090838866,0.0
2009-09-22,-0.0015503817396723685,-0.0015503817396723685,0.0
2009-09-23,0.0029214918306395,0.0029214918306395,0.0
2009-09-24,0.0024529307075169537,0.0024529307075169537,0.0
2009-09-25,0.0013218489278798984,0.0013218489278798984,0.0
2009-09-28,-0.0030257410980308874,-0.0030257410980308874,0.0
2009-09-29,0.0008598463107281074,0.0008598463107281074,0.0
2009-09-30,7.98459175432864e-05,7.98459175432864e-05,0.0
2009-10-01,-0.0008263477052573576,-0.0005429691086559219,0.5667571932028594
2009-10-02,0.0010360496472479053,0.0010360496472479053,0.0
2009-10-05,0.0019362918259993034,0.0019362918259993034,0.0
2009-10-06,0.0018110773100468158,0.0018110773100468158,0.0
2009-10-07,0.002057529729861951,0.002057529729861951,0.0
2009-10-08,0.0003309702296370176,0.0003309702296370176,0.0
2009-10-09,-0.004001573895673238,-0.004001573895673238,0.0
2009-10-12,0.0004791446216030337,0.0004791446216030337,0.0
2009-10-13,0.001458802444001206,0.001458802444001206,0.0
2009-10-14,0.00020716010432808574,0.00020716010432808574,0.0
2009-10-15,-0.00249023851519814,-0.00249023851519814,0.0
2009-10-16,0.000834919373394527,0.000834919373394527,0.0
2009-10-19,0.0019796033942116598,0.0019796033942116598,0.0
2009-10-20,8.15957600923678e-05,8.15957600923678e-05,0.0
2009-10-21,-0.000615621097944552,-0.000615621097944552,0.0
2009-10-22,-0.00033387749589275373,-0.00033387749589275373,0.0
2009-10-23,-0.0009650407068959588,-0.0009650407068959588,0.0
2009-10-26,-0.002845243776705697,-0.002845243776705697,0.0
2009-10-27,0.001022759770420656,0.001022759770420656,0.0
2009-10-28,-0.0014857363128445433,-0.0014857363128445433,0.0
2009-10-29,0.0013741871740151623,0.0013741871740151623,0.0
2009-10-30,0.0007937128912538505,0.0007937128912538505,0.0
2009-11-02,0.0005737545520958509,0.0007025409464633814,0.2575727887354119
2009-11-03,0.0006524832939074354,0.0006524832939074354,0.0
2009-11-04,0.0015134418529199056,0.0015134418529199056,0.0
2009-11-05,0.002723948922344288,0.002723948922344288,0.0
2009-11-06,0.0016303954506335927,0.0016303954506335927,0.0
2009-11-09,0.006320647508692767,0.006320647508692767,0.0
2009-11-10,-0.000890890177658421,-0.000890890177658421,0.0
2009-11-11,0.002306925540073834,0.002306925540073834,0.0
2009-11-12,-0.004846194217427824,-0.004846194217427824,0.0
2009-11-13,0.004848923151832718,0.004848923151832718,0.0
2009-11-16,0.006338182478131449,0.006338182478131449,0.0
2009-11-17,-0.00042856449871042646,-0.00042856449871042646,0.0
2009-11-18,-0.0009209580038421761,-0.0009209580038421761,0.0
2009-11-19,-0.002530621582176651,-0.002530621582176651,0.0
2009-11-20,-0.0009057378190800991,-0.0009057378190800991,0.0
2009-11-23,0.0038295508989778515,0.0038295508989778515,0.0
2009-11-24,0.0006659366052366167,0.0006659366052366167,0.0
2009-11-25,0.004557763166719742,0.004557763166719742,0.0
2009-11-27,-0.005048154700766916,-0.005048154700766916,0.0
2009-11-30,0.0029845712217355658,0.0029845712217355658,0.0
2009-12-01,0.004035881356180493,0.0041444624397424246,0.2171621671238357
2009-12-02,2.044545920432128e-05,2.044545920432128e-05,0.0
2009-12-03,-0.0018087334069062377,-0.0018087334069062377,0.0
2009-12-04,-0.0050003089029008185,-0.0050003089029008185,0.0
2009-12-07,2.674647101574834e-05,2.674647101574834e-05,0.0
2009-12-08,-0.0019924751585064238,-0.0019924751585064238,0.0
2009-12-09,-0.0002325343293879678,-0.0002325343293879678,0.0
2009-12-10,-5.971361833889688e-07,-5.971361833889688e-07,0.0
2009-12-11,-0.0015989060364629548,-0.0015989060364629548,0.0
2009-12-14,0.003097316065350464,0.003097316065350464,0.0
2009-12-15,-0.0034467095298779116,-0.0034467095298779116,0.0
2009-12-16,0.0023359495791461793,0.0023359495791461793,0.0
2009-12-17,-0.004734268205467296,-0.004734268205467296,0.0
2009-12-18,0.000269282223255507,0.000269282223255507,0.0
2009-12-21,-0.0019626490506928773,-0.0019626490506928773,0.0
2009-12-22,-0.0005729087577939218,-0.0005729087577939218,0.0
2009-12-23,0.00230602846787753,0.00230602846787753,0.0
2009-12-24,0.0013768611101649952,0.0013768611101649952,0.0
2009-12-28,-9.301859815580293e-05,-9.301859815580293e-05,0.0
2009-12-29,-0.0008796845249275931,-0.0008796845249275931,0.0
2009-12-30,-0.0007250022793691135,-0.0007250022793691135,0.0
2009-12-31,-0.002198948011606916,-0.002198948011606916,0.0
2010-01-04,0.007447812223616568,0.007632785031281175,0.369945615329116
2010-01-05,0.0012819482404320404,0.0012819482404320404,0.0
2010-01-06,0.00273408605735459,0.00273408605735459,0.0
2010-01-07,-0.0009189800408077042,-0.0009189800408077042,0.0
2010-01-08,0.0024895330062393306,0.0024895330062393306,0.0
2010-01-11,0.0007524823919082824,0.0007524823919082824,0.0
2010-01-12,-0.005095116763389029,-0.005095116763389029,0.0
2010-01-13,0.0021819897988688552,0.0021819897988688552,0.0
2010-01-14,7.185262562714456e-06,7.185262562714456e-06,0.0
2010-01-15,-0.0041606104794013055,-0.0041606104794013055,0.0
2010-01-19,0.0036050083617058526,0.0036050083617058526,0.0
2010-01-20,-0.007435286792311313,-0.007435286792311313,0.0
2010-01-21,-0.005872128469753934,-0.005872128469753934,0.0
2010-01-22,-0.004961215742953162,-0.004961215742953162,0.0
2010-01-25,0.0015505849891814805,0.0015505849891814805,0.0
2010-01-26,-0.003205234186696271,-0.003205234186696271,0.0
2010-01-27,-0.001313991731686448,-0.001313991731686448,0.0
2010-01-28,-0.002680153142374464,-0.002680153142374464,0.0
2010-01-29,-0.0033918449173390153,-0.0033918449173390153,0.0
2010-02-01,0.006138616700600341,0.006192439362998625,0.10764532479621616
2010-02-02,0.004511844186981806,0.004511844186981806,0.0
2010-02-03,-0.0019054276289438565,-0.0019054276289438565,0.0
2010-02-04,-0.013661632292434667,-0.013661632292434667,0.0
2010-02-05,-0.0017234558677822198,-0.0017234558677822198,0.0
2010-02-08,-0.0025683332717002516,-0.0025683332717002516,0.0
2010-02-09,0.005876807258587746,0.005876807258587746,0.0
2010-02-10,-0.0015762017532623407,-0.0015762017532623407,0.0
2010-02-11,0.004421966701819047,0.004421966701819047,0.0
2010-02-12,-0.001469320612406677,-0.001469320612406677,0.0
2010-02-16,0.00855728735969774,0.00855728735969774,0.0
2010-02-17,0.00027490377023275947,0.00027490377023275947,0.0
2010-02-18,0.003102949262202559,0.003102949262202559,0.0
2010-02-19,-0.00020508446565892235,-0.00020508446565892235,0.0
2010-02-22,-0.0001760649567991157,-0.0001760649567991157,0.0
2010-02-23,-0.006138108691645994,-0.006138108691645994,0.0
2010-02-24,0.0030051648465556635,0.0030051648465556635,0.0
2010-02-25,-0.0017141015911099622,-0.0017141015911099622,0.0
2010-02-26,0.0036345782720956787,0.0036345782720956787,0.0
2010-03-01,0.0018913175994355047,0.0020484862241270108,0.31433724938317786
2010-03-02,0.0033132890581042407,0.0033132890581042407,0.0
2010-03-03,0.002242420941493739,0.002242420941493739,0.0
2010-03-04,-0.0018757140704920294,-0.0018757140704920294,0.0
2010-03-05,0.003956388808748157,0.003956388808748157,0.0
2010-03-08,3.347981060741745e-05,3.347981060741745e-05,0.0
2010-03-09,0.0005396988044918949,0.0005396988044918949,0.0
2010-03-10,0.0005576620285927536,0.0005576620285927536,0.0
2010-03-11,0.0005165319244444522,0.0005165319244444522,0.0
2010-03-12,0.001041893628008328,0.001041893628008328,0.0
2010-03-15,-0.00198794518781531,-0.00198794518781531,0.0
2010-03-16,0.005308360338895035,0.005308360338895035,0.0
2010-03-17,0.002130563267810359,0.002130563267810359,0.0
2010-03-18,-0.002273826914929611,-0.002273826914929611,0.0
2010-03-19,-0.004672335694280716,-0.004672335694280716,0.0
2010-03-22,0.002518892943392581,0.002518892943392581,0.0
2010-03-23,0.0005216709655189167,0.0005216709655189167,0.0
2010-03-24,-0.007108580547738996,-0.007108580547738996,0.0
2010-03-25,-0.002093689729356085,-0.002093689729356085,0.0
2010-03-26,0.00297651418163003,0.00297651418163003,0.0
2010-03-29,0.004437429763203715,0.004437429763203715,0.0
2010-03-30,0.0001508853084142281,0.0001508853084142281,0.0
2010-03-31,-6.757987040872937e-05,-6.757987040872937e-05,0.0
2010-04-01,0.003933165140076245,0.0041138458751606155,0.3613614701685142
2010-04-05,0.00044949998592258567,0.00044949998592258567,0.0
2010-04-06,0.0016918984938461001,0.0016918984938461001,0.0
2010-04-07,-0.0005506654486531204,-0.0005506654486531204,0.0
2010-04-08,0.00043587966711355897,0.00043587966711355897,0.0
2010-04-09,0.003181306021715402,0.003181306021715402,0.0
2010-04-12,-9.759667042286146e-05,-9.759667042286146e-05,0.0
2010-04-13,0.0007586084029815865,0.0007586084029815865,0.0
2010-04-14,0.004012465562262424,0.004012465562262424,0.0
2010-04-15,-0.0003190410155359258,-0.0003190410155359258,0.0
2010-04-16,-0.005973501144507898,-0.005973501144507898,0.0
2010-04-19,-0.0018350168389215105,-0.0018350168389215105,0.0
2010-04-20,0.0022843856036973698,0.0022843856036973698,0.0
2010-04-21,0.0003213062297968694,0.0003213062297968694,0.0
2010-04-22,-0.0009718914710231674,-0.0009718914710231674,0.0
2010-04-23,0.003293182195950539,0.003293182195950539,0.0
2010-04-26,-0.0002668533664658135,-0.0002668533664658135,0.0
2010-04-27,-0.007404322337081881,-0.007404322337081881,0.0
2010-04-28,0.0010715205976608022,0.0010715205976608022,0.0
2010-04-29,0.005893055806262648,0.005893055806262648,0.0
2010-04-30,-0.0021475113508040433,-0.0021475113508040433,0.0
2010-05-03,0.001446998672065103,0.0015775814438594438,0.26116554358881716
2010-05-04,-0.010845139705283002,-0.010845139705283002,0.0
2010-05-05,-0.005023155267752988,-0.005023155267752988,0.0
2010-05-06,-0.007818565580135384,-0.007818565580135384,0.0
2010-05-07,-0.0017006545329502076,-0.0017006545329502076,0.0
2010-05-10,0.011923843285662539,0.011923843285662539,0.0
2010-05-11,-0.00037668016329250875,-0.00037668016329250875,0.0
2010-05-12,0.003598986892830558,0.003598986892830558,0.0
2010-05-13,-0.0031685554435918473,-0.0031685554435918473,0.0
2010-05-14,-0.005505903103613319,-0.005505903103613319,0.0
2010-05-17,-0.001895025253789151,-0.001895025253789151,0.0
2010-05-18,-0.004257335098440729,-0.004257335098440729,0.0
2010-05-19,-0.0022628630673616756,-0.0022628630673616756,0.0
2010-05-20,-0.00886283908299923,-0.00886283908299923,0.0
2010-05-21,0.00470533164940079,0.00470533164940079,0.0
2010-05-24,-0.0028652112715720213,-0.0028652112715720213,0.0
2010-05-25,-0.0016825906018982373,-0.0016825906018982373,0.0
2010-05-26,-0.0017868023123343013,-0.0017868023123343013,0.0
2010-05-27,0.010538253965486133,0.010538253965486133,0.0
2010-05-28,-0.0015842095801994471,-0.0015842095801994471,0.0
2010-06-01,-0.004226366719235819,-0.0039715272323755935,0.5096789737202556
2010-06-02,0.0019461007224441662,0.0019461007224441662,0.0
2010-06-03,-0.001197813941090864,-0.001197813941090864,0.0
2010-06-04,0.0011227910298206023,0.0011227910298206023,0.0
2010-06-07,9.7574435233172e-05,9.7574435233172e-05,0.0
2010-06-08,0.000198735919021642,0.000198735919021642,0.0
2010-06-09,-0.0007981788116629973,-0.0007981788116629973,0.0
2010-06-10,6.059537010849603e-05,6.059537010849603e-05,0.0
2010-06-11,0.002997823859381965,0.002997823859381965,0.0
2010-06-14,-0.001216507032865466,-0.001216507032865466,0.0
2010-06-15,0.0020847532273351455,0.0020847532273351455,0.0
2010-06-16,0.0006063139918350835,0.0006063139918350835,0.0
2010-06-17,0.0021525501062207297,0.0021525501062207297,0.0
2010-06-18,0.0004882560438856931,0.0004882560438856931,0.0
2010-06-21,0.00025896351231291526,0.00025896351231291526,0.0
2010-06-22,-0.0002944300047382775,-0.0002944300047382775,0.0
2010-06-23,0.001366287310827774,0.001366287310827774,0.0
2010-06-24,-0.0032626701046650775,-0.0032626701046650775,0.0
2010-06-25,0.0018180920287194091,0.0018180920287194091,0.0
2010-06-28,0.0010271382304889443,0.0010271382304889443,0.0
2010-06-29,-0.0024867940365377317,-0.0024867940365377317,0.0
2010-06-30,-0.0012209068102272402,-0.0012209068102272402,0.0
2010-07-01,-0.002419672106726667,-0.002363663525038917,0.11201716337555509
2010-07-02,-0.0008776837652081371,-0.0008776837652081371,0.0
2010-07-06,0.0005650182852308117,0.0005650182852308117,0.0
2010-07-07,0.0007541705416116429,0.0007541705416116429,0.0
2010-07-08,-0.0006135826695822244,-0.0006135826695822244,0.0
2010-07-09,0.0013490451011741733,0.0013490451011741733,0.0
2010-07-12,0.00023844241503323538,0.00023844241503323538,0.0
2010-07-13,-8.143272946448121e-05,-8.143272946448121e-05,0.0
2010-07-14,0.0007415391223823953,0.0007415391223823953,0.0
2010-07-15,-0.000713524951535538,-0.000713524951535538,0.0
2010-07-16,-0.002039128589762851,-0.002039128589762851,0.0
2010-07-19,4.193810892516581e-05,4.193810892516581e-05,0.0
2010-07-20,0.0026219025814695485,0.0026219025814695485,0.0
2010-07-21,0.0016391718234740615,0.0016391718234740615,0.0
2010-07-22,0.0010152880148135424,0.0010152880148135424,0.0
2010-07-23,-0.00037239388581555843,-0.00037239388581555843,0.0
2010-07-26,0.0008581267694147687,0.0008581267694147687,0.0
2010-07-27,-0.0017417659055853907,-0.0017417659055853907,0.0
2010-07-28,1.1665047009445928e-05,1.1665047009445928e-05,0.0
2010-07-29,-0.0007805569038269455,-0.0007805569038269455,0.0
2010-07-30,0.0018493808022634894,0.0018493808022634894,0.0
2010-08-02,-0.00038712436925270044,-0.0002883068316881232,0.19763507512932355
2010-08-03,0.0007447322729896566,0.0007447322729896566,0.0
2010-08-04,0.0003714730178117076,0.0003714730178117076,0.0
2010-08-05,0.00073051473556629,0.00073051473556629,0.0
2010-08-06,0.00024603280567969676,0.00024603280567969676,0.0
2010-08-09,0.0003809530235885372,0.0003809530235885372,0.0
2010-08-10,0.0008716677627458314,0.0008716677627458314,0.0
2010-08-11,-0.0006942285116967595,-0.0006942285116967595,0.0
2010-08-12,-0.00034799367359683586,-0.00034799367359683586,0.0
2010-08-13,0.0012611369464514688,0.0012611369464514688,0.0
2010-08-16,0.0031163718842985855,0.0031163718842985855,0.0
2010-08-17,0.000309438442632759,0.000309438442632759,0.0
2010-08-18,0.00031451836480633766,0.00031451836480633766,0.0
2010-08-19,-0.0003604339567131465,-0.0003604339567131465,0.0
2010-08-20,-0.00020591733124286637,-0.00020591733124286637,0.0
2010-08-23,0.00046381271816509084,0.00046381271816509084,0.0
2010-08-24,0.0007366693523511714,0.0007366693523511714,0.0
2010-08-25,0.00010505693498941149,0.00010505693498941149,0.0
2010-08-26,0.0004947441864679991,0.0004947441864679991,0.0
2010-08-27,-0.0016940850664686202,-0.0016940850664686202,0.0
2010-08-30,0.0020573868185542743,0.0020573868185542743,0.0
2010-08-31,0.0022984654537117066,0.0022984654537117066,0.0
2010-09-01,-0.00021507186477953688,-3.3576939057256006e-05,0.36298985144460116
2010-09-02,0.0004719186444117618,0.0004719186444117618,0.0
2010-09-03,-0.001146314885240196,-0.001146314885240196,0.0
2010-09-07,0.0031493347322506526,0.0031493347322506526,0.0
2010-09-08,-0.0005321432277268778,-0.0005321432277268778,0.0
2010-09-09,-0.0025068733043331903,-0.0025068733043331903,0.0
2010-09-10,-2.732527842053134e-05,-2.732527842053134e-05,0.0
2010-09-13,0.0030613429311736606,0.0030613429311736606,0.0
2010-09-14,0.0013729875147805437,0.0013729875147805437,0.0
2010-09-15,-0.0013858590691573358,-0.0013858590691573358,0.0
2010-09-16,-0.0007286316583119401,-0.0007286316583119401,0.0
2010-09-17,0.0009973155740858886,0.0009973155740858886,0.0
2010-09-20,0.0025946724318244296,0.0025946724318244296,0.0
2010-09-21,0.002864441593450895,0.002864441593450895,0.0
2010-09-22,-0.0005592333204775812,-0.0005592333204775812,0.0
2010-09-23,7.486837997228157e-05,7.486837997228157e-05,0.0
2010-09-24,-0.00034841035380672736,-0.00034841035380672736,0.0
2010-09-27,0.0012052160491622388,0.0012052160491622388,0.0
2010-09-28,0.0020742399083770735,0.0020742399083770735,0.0
2010-09-29,-0.00026358397590164895,-0.00026358397590164895,0.0
2010-09-30,0.0007922070188326469,0.0007922070188326469,0.0
2010-10-01,-0.0003565963530829386,-0.0002395086524737966,0.23417540121815866
2010-10-04,-0.001168840260291848,-0.001168840260291848,0.0
2010-10-05,0.007375804526075891,0.007375804526075891,0.0
2010-10-06,0.0016605112437686476,0.0016605112437686476,0.0
2010-10-07,-0.0008157455723744045,-0.0008157455723744045,0.0
2010-10-08,0.005871954097393939,0.005871954097393939,0.0
2010-10-11,0.000825412549157134,0.000825412549157134,0.0
2010-10-12,-0.0007052501097022379,-0.0007052501097022379,0.0
2010-10-13,0.0041013392026549855,0.0041013392026549855,0.0
2010-10-14,-0.0010950710676892461,-0.0010950710676892461,0.0
2010-10-15,-0.001286540829821159,-0.001286540829821159,0.0
2010-10-18,0.00222707306260439,0.00222707306260439,0.0
2010-10-19,-0.004492320994675114,-0.004492320994675114,0.0
2010-10-20,0.0038546747268861647,0.0038546747268861647,0.0
2010-10-21,-0.0030610581784870083,-0.0030610581784870083,0.0
2010-10-22,0.0009839614446480738,0.0009839614446480738,0.0
2010-10-25,0.003168615264708796,0.003168615264708796,0.0
2010-10-26,-0.0014195607341652705,-0.0014195607341652705,0.0
2010-10-27,-0.003476308728632027,-0.003476308728632027,0.0
2010-10-28,0.00245586617501381,0.00245586617501381,0.0
2010-10-29,0.002653680465214192,0.002653680465214192,0.0
2010-11-01,-0.0003587493187967583,-0.00024332252014303002,0.23085359730744087
2010-11-02,0.003952980379980042,0.003952980379980042,0.0
2010-11-03,0.00039295634289704395,0.00039295634289704395,0.0
2010-11-04,0.01038491655869489,0.01038491655869489,0.0
2010-11-05,-0.001040822913245698,-0.001040822913245698,0.0
2010-11-08,0.0008687021761262237,0.0008687021761262237,0.0
2010-11-09,-0.007587587167407817,-0.007587587167407817,0.0
2010-11-10,0.0017178038426701736,0.0017178038426701736,0.0
2010-11-11,-0.0030790053774177872,-0.0030790053774177872,0.0
2010-11-12,-0.008663439494253078,-0.008663439494253078,0.0
2010-11-15,-0.00479569877520869,-0.00479569877520869,0.0
2010-11-16,-0.005424354637426521,-0.005424354637426521,0.0
2010-11-17,0.0016317804308720874,0.0016317804308720874,0.0
2010-11-18,0.007847694593974053,0.007847694593974053,0.0
2010-11-19,0.00014092075138627536,0.00014092075138627536,0.0
2010-11-22,0.001502621163469442,0.001502621163469442,0.0
2010-11-23,-0.004504548023544386,-0.004504548023544386,0.0
2010-11-24,0.0015388506856903739,0.0015388506856903739,0.0
2010-11-26,-0.00316022500816715,-0.00316022500816715,0.0
2010-11-29,0.001480635103018768,0.001480635103018768,0.0
2010-11-30,0.00037270978467551785,0.00037270978467551785,0.0
2010-12-01,0.0028951232071494637,0.003024536576244019,0.2588267381893846
2010-12-02,0.0022527508960548115,0.0022527508960548115,0.0
2010-12-03,0.0018878471940151353,0.0018878471940151353,0.0
2010-12-06,0.002509536871306839,0.002509536871306839,0.0
2010-12-07,-0.0049703122353050855,-0.0049703122353050855,0.0
2010-12-08,-0.003714206872203474,-0.003714206872203474,0.0
2010-12-09,0.0004352310195787634,0.0004352310195787634,0.0
2010-12-10,-0.0003288111060996135,-0.0003288111060996135,0.0
2010-12-13,0.0022976117514967864,0.0022976117514967864,0.0
2010-12-14,-0.0020066552915852798,-0.0020066552915852798,0.0
2010-12-15,-0.003560737064489339,-0.003560737064489339,0.0
2010-12-16,0.0023223955299516152,0.0023223955299516152,0.0
2010-12-17,0.003603705957995418,0.003603705957995418,0.0
2010-12-20,0.001134835252726507,0.001134835252726507,0.0
2010-12-21,0.0031854412227019235,0.0031854412227019235,0.0
2010-12-22,0.00040901860333120155,0.00040901860333120155,0.0
2010-12-23,-0.0013937350689114947,-0.0013937350689114947,0.0
2010-12-27,0.0011990770168004428,0.0011990770168004428,0.0
2010-12-28,-0.0009553560892152646,-0.0009553560892152646,0.0
2010-12-29,0.005028579775555375,0.005028579775555375,0.0
2010-12-30,-0.0010378710118901235,-0.0010378710118901235,0.0
2010-12-31,0.0026262020250156226,0.0026262020250156226,0.0
2011-01-03,0.002065679665483655,0.0021851191989261665,0.2388790668845408
2011-01-04,-0.0013462634487568792,-0.0013462634487568792,0.0
2011-01-05,-0.0026539436271446615,-0.0026539436271446615,0.0
2011-01-06,-0.0004489419778526127,-0.0004489419778526127,0.0
2011-01-07,0.0005276610083173594,0.0005276610083173594,0.0
2011-01-10,0.0009443762063825467,0.0009443762063825467,0.0
2011-01-11,0.0012198390625279831,0.0012198390625279831,0.0
2011-01-12,0.0034401493464208954,0.0034401493464208954,0.0
2011-01-13,7.381917304183361e-05,7.381917304183361e-05,0.0
2011-01-14,-0.0001288142321731467,-0.0001288142321731467,0.0
2011-01-18,0.0009726473227817944,0.0009726473227817944,0.0
2011-01-19,-0.0017746118299326596,-0.0017746118299326596,0.0
2011-01-20,-0.005177979044929559,-0.005177979044929559,0.0
2011-01-21,0.00036975178936748954,0.00036975178936748954,0.0
2011-01-24,0.0017364303840337048,0.0017364303840337048,0.0
2011-01-25,0.0014222190537518387,0.0014222190537518387,0.0
2011-01-26,0.0012572437204039222,0.0012572437204039222,0.0
2011-01-27,0.00015076301171457196,0.00015076301171457196,0.0
2011-01-28,-0.003995334291219121,-0.003995334291219121,0.0
2011-01-31,0.0017416777626573232,0.0017416777626573232,0.0
2011-02-01,0.004236033258800065,0.004279435910373719,0.08680530314722272
2011-02-02,-0.0007403145448608983,-0.0007403145448608983,0.0
2011-02-03,-0.0006114721550056768,-0.0006114721550056768,0.0
2011-02-04,-0.0020545755820022826,-0.0020545755820022826,0.0
2011-02-07,0.00045165756489606856,0.00045165756489606856,0.0
2011-02-08,0.0006819643059288172,0.0006819643059288172,0.0
2011-02-09,-0.0010392407874934007,-0.0010392407874934007,0.0
2011-02-10,-0.0019707094490977184,-0.0019707094490977184,0.0
2011-02-11,0.002451661306932529,0.002451661306932529,0.0
2011-02-14,0.001666484316903638,0.001666484316903638,0.0
2011-02-15,-0.001119501395933975,-0.001119501395933975,0.0
2011-02-16,0.0023634759426869323,0.0023634759426869323,0.0
2011-02-17,0.0035332240602545806,0.0035332240602545806,0.0
2011-02-18,0.0015182514809251035,0.0015182514809251035,0.0
2011-02-22,-0.0039890105014961375,-0.0039890105014961375,0.0
2011-02-23,0.0009420750558974955,0.0009420750558974955,0.0
2011-02-24,-0.00019584493524849034,-0.00019584493524849034,0.0
2011-02-25,0.006366742013980575,0.006366742013980575,0.0
2011-02-28,0.002618861322101207,0.002618861322101207,0.0
2011-03-01,-0.002608518703746121,-0.0024930204862364524,0.23099643501903366
2011-03-02,0.0008769884588282206,0.0008769884588282206,0.0
2011-03-03,0.0029214928210454794,0.0029214928210454794,0.0
2011-03-04,0.0019780479172781806,0.0019780479172781806,0.0
2011-03-07,-0.003901079052634482,-0.003901079052634482,0.0
2011-03-08,0.0009521490325603565,0.0009521490325603565,0.0
2011-03-09,0.0006078272778604621,0.0006078272778604621,0.0
2011-03-10,-0.007629439416152017,-0.007629439416152017,0.0
2011-03-11,0.0013952292707497538,0.0013952292707497538,0.0
2011-03-14,-0.002443615579167835,-0.002443615579167835,0.0
2011-03-15,-0.006888006271509761,-0.006888006271509761,0.0
2011-03-16,-0.003977274989131141,-0.003977274989131141,0.0
2011-03-17,0.00859541046878376,0.00859541046878376,0.0
2011-03-18,0.0031971776447456968,0.0031971776447456968,0.0
2011-03-21,0.005529885150928893,0.005529885150928893,0.0
2011-03-22,0.00042077887323554997,0.00042077887323554997,0.0
2011-03-23,0.00022974608654902084,0.00022974608654902084,0.0
2011-03-24,0.0017854768491785133,0.0017854768491785133,0.0
2011-03-25,-0.001733102251747276,-0.001733102251747276,0.0
2011-03-28,-0.002345549869707808,-0.002345549869707808,0.0
2011-03-29,0.0008364920675709708,0.0008364920675709708,0.0
2011-03-30,0.004344390689559052,0.004344390689559052,0.0
2011-03-31,0.0016655713439099884,0.0016655713439099884,0.0
2011-04-01,0.002636695201577277,0.002730115836863778,0.18684127057318223
2011-04-04,0.0031099384665855823,0.0031099384665855823,0.0
2011-04-05,-0.0005405267415834469,-0.0005405267415834469,0.0
2011-04-06,-0.00018668940898192155,-0.00018668940898192155,0.0
2011-04-07,0.00031262846642077236,0.00031262846642077236,0.0
2011-04-08,0.001676677907675117,0.001676677907675117,0.0
2011-04-11,-0.0027892551681953925,-0.0027892551681953925,0.0
2011-04-12,-0.0013645796103325392,-0.0013645796103325392,0.0
2011-04-13,0.0023577214225714016,0.0023577214225714016,0.0
2011-04-14,0.0012723247358426004,0.0012723247358426004,0.0
2011-04-15,0.004233282113797587,0.004233282113797587,0.0
2011-04-18,-0.003636577747475056,-0.003636577747475056,0.0
2011-04-19,0.003453360779175574,0.003453360779175574,0.0
2011-04-20,0.005718275796720906,0.005718275796720906,0.0
2011-04-21,0.00298867062629693,0.00298867062629693,0.0
2011-04-25,0.00041000444982475237,0.00041000444982475237,0.0
2011-04-26,0.0027084814226141507,0.0027084814226141507,0.0
2011-04-27,0.0025124729566525783,0.0025124729566525783,0.0
2011-04-28,0.0008979717432417988,0.0008979717432417988,0.0
2011-04-29,0.002326219324972012,0.002326219324972012,0.0
2011-05-02,-0.0028315952224936547,-0.002785122225928416,0.09294599313067399
2011-05-03,-0.0029534921346943133,-0.0029534921346943133,0.0
2011-05-04,-0.003597917912428694,-0.003597917912428694,0.0
2011-05-05,-0.008794764761800633,-0.008794764761800633,0.0
2011-05-06,0.0006030557464031805,0.0006030557464031805,0.0
2011-05-09,0.005126758842848078,0.005126758842848078,0.0
2011-05-10,0.0015578246897018921,0.0015578246897018921,0.0
2011-05-11,-0.007367840604526776,-0.007367840604526776,0.0
2011-05-12,9.254044204465295e-05,9.254044204465295e-05,0.0
2011-05-13,-0.0033279286310246015,-0.0033279286310246015,0.0
2011-05-16,-0.0010255430107602992,-0.0010255430107602992,0.0
2011-05-17,0.0015658956552329073,0.0015658956552329073,0.0
2011-05-18,0.0027962691683278695,0.0027962691683278695,0.0
2011-05-19,-0.00013747474753877942,-0.00013747474753877942,0.0
2011-05-20,-0.001968082370658042,-0.001968082370658042,0.0
2011-05-23,-0.005556378967604636,-0.005556378967604636,0.0
2011-05-24,0.003087339343855522,0.003087339343855522,0.0
2011-05-25,0.0021028029954401894,0.0021028029954401894,0.0
2011-05-26,0.004237183093112273,0.004237183093112273,0.0
2011-05-27,0.0041044833371042255,0.0041044833371042255,0.0
2011-05-31,0.004527946545496597,0.004527946545496597,0.0
2011-06-01,-0.004403040765996402,-0.004314388512585143,0.17730450682273294
2011-06-02,-0.0013020664788547798,-0.0013020664788547798,0.0
2011-06-03,0.0005980077849376819,0.0005980077849376819,0.0
2011-06-06,-0.0046866783453847205,-0.0046866783453847205,0.0
2011-06-07,0.0032108632202576537,0.0032108632202576537,0.0
2011-06-08,-0.0012013659731917592,-0.0012013659731917592,0.0
2011-06-09,-0.0003656264142990473,-0.0003656264142990473,0.0
2011-06-10,-0.006347705452588115,-0.006347705452588115,0.0
2011-06-13,-0.0009744827799410549,-0.0009744827799410549,0.0
2011-06-14,0.002351751571161964,0.002351751571161964,0.0
2011-06-15,-0.004565761610990315,-0.004565761610990315,0.0
2011-06-16,-0.0018318760850353222,-0.0018318760850353222,0.0
2011-06-17,0.0025485693026245926,0.0025485693026245926,0.0
2011-06-20,0.0011062632221021662,0.0011062632221021662,0.0
2011-06-21,0.005353540655746558,0.005353540655746558,0.0
2011-06-22,-0.002926646119997822,-0.002926646119997822,0.0
2011-06-23,-0.0005928154413311626,-0.0005928154413311626,0.0
2011-06-24,-0.0022698428878555887,-0.0022698428878555887,0.0
2011-06-27,0.00011080286103393178,0.00011080286103393178,0.0
2011-06-28,0.0017723476214515088,0.0017723476214515088,0.0
2011-06-29,0.0035211529596750335,0.0035211529596750335,0.0
2011-06-30,0.0018230358525919144,0.0018230358525919144,0.0
2011-07-01,0.0034608379507432563,0.0035574905093553877,0.19330511722415572
2011-07-05,0.002618517384998409,0.002618517384998409,0.0
2011-07-06,0.00012698373426478504,0.00012698373426478504,0.0
2011-07-07,0.003124353003524316,0.003124353003524316,0.0
2011-07-08,-0.00010717524844683357,-0.00010717524844683357,0.0
2011-07-11,-0.00566656627864881,-0.00566656627864881,0.0
2011-07-12,0.0007107672168646939,0.0007107672168646939,0.0
2011-07-13,0.005934371486832957,0.005934371486832957,0.0
2011-07-14,-0.00429946993649577,-0.00429946993649577,0.0
2011-07-15,0.0031837385266739737,0.0031837385266739737,0.0
2011-07-18,-0.002354027422586946,-0.002354027422586946,0.0
2011-07-19,0.004188417275377665,0.004188417275377665,0.0
2011-07-20,0.0013320824601315007,0.0013320824601315007,0.0
2011-07-21,0.002794041172450523,0.002794041172450523,0.0
2011-07-22,0.0024776731109110717,0.0024776731109110717,0.0
2011-07-25,-0.0018114427001807432,-0.0018114427001807432,0.0
2011-07-26,0.0030056312325965617,0.0030056312325965617,0.0
2011-07-27,-0.007481678306540007,-0.007481678306540007,0.0
2011-07-28,0.000459064783325136,0.000459064783325136,0.0
2011-07-29,0.0035655714435323116,0.0035655714435323116,0.0
2011-08-01,-0.0010104996277460199,-0.0009342675279988555,0.1524641994943413
2011-08-02,-0.0018077199254491472,-0.0018077199254491472,0.0
2011-08-03,-0.00042539060962520914,-0.00042539060962520914,0.0
2011-08-04,-0.01477559122330585,-0.01477559122330585,0.0
2011-08-05,-0.00300259526979918,-0.00300259526979918,0.0
2011-08-08,-0.014895645734615326,-0.014895645734615326,0.0
2011-08-09,0.01642550472874471,0.01642550472874471,0.0
2011-08-10,-0.004126153578115077,-0.004126153578115077,0.0
2011-08-11,0.004107518993487602,0.004107518993487602,0.0
2011-08-12,0.0029295964388322826,0.0029295964388322826,0.0
2011-08-15,0.0068792808262050364,0.0068792808262050364,0.0
2011-08-16,-0.00024918055924905147,-0.00024918055924905147,0.0
2011-08-17,0.003980375862662644,0.003980375862662644,0.0
2011-08-18,-0.010317103930075455,-0.010317103930075455,0.0
2011-08-19,-0.0007070243264493126,-0.0007070243264493126,0.0
2011-08-22,0.0007428884089872856,0.0007428884089872856,0.0
2011-08-23,0.003413349485378747,0.003413349485378747,0.0
2011-08-24,-0.006662100413927785,-0.006662100413927785,0.0
2011-08-25,-0.0015414664258022182,-0.0015414664258022182,0.0
2011-08-26,0.00778932947897526,0.00778932947897526,0.0
2011-08-29,0.004472378283737255,0.004472378283737255,0.0
2011-08-30,0.00402253549622178,0.00402253549622178,0.0
2011-08-31,0.0016162753877360103,0.0016162753877360103,0.0
2011-09-01,-0.0003634139944548309,-0.00019968418231530727,0.3274596242788094
2011-09-02,0.0004192870148054251,0.0004192870148054251,0.0
2011-09-06,-0.0033692927817696727,-0.0033692927817696727,0.0
2011-09-07,0.0020269143691347136,0.0020269143691347136,0.0
2011-09-08,-0.0006835981242463429,-0.0006835981242463429,0.0
2011-09-09,-0.003382934260589332,-0.003382934260589332,0.0
2011-09-12,-0.0009351411423772493,-0.0009351411423772493,0.0
2011-09-13,0.0012652600631646305,0.0012652600631646305,0.0
2011-09-14,0.0008953923894592375,0.0008953923894592375,0.0
2011-09-15,0.00046386144990773204,0.00046386144990773204,0.0
2011-09-16,1.3090789512171241e-05,1.3090789512171241e-05,0.0
2011-09-19,-0.00117598059736701,-0.00117598059736701,0.0
2011-09-20,0.0004099880464452088,0.0004099880464452088,0.0
2011-09-21,-0.00324087946256868,-0.00324087946256868,0.0
2011-09-22,-0.004384840477688612,-0.004384840477688612,0.0
2011-09-23,-0.003630642995886668,-0.003630642995886668,0.0
2011-09-26,0.0005617154671244684,0.0005617154671244684,0.0
2011-09-27,0.0016849499396787149,0.0016849499396787149,0.0
2011-09-28,-0.004307927118332722,-0.004307927118332722,0.0
2011-09-29,0.0023226490891234963,0.0023226490891234963,0.0
2011-09-30,-0.004324857114695213,-0.004324857114695213,0.0
2011-10-03,0.0019306633685745034,0.0021169346275726753,0.3725425179960305
2011-10-04,-0.0019294006337418068,-0.0019294006337418068,0.0
2011-10-05,-0.0004555902080726204,-0.0004555902080726204,0.0
2011-10-06,-0.0014869093315740267,-0.0014869093315740267,0.0
2011-10-07,-0.0011310929601516806,-0.0011310929601516806,0.0
2011-10-10,-0.0022248860518876423,-0.0022248860518876423,0.0
2011-10-11,0.0009413710526422481,0.0009413710526422481,0.0
2011-10-12,-0.0023861669105411654,-0.0023861669105411654,0.0
2011-10-13,0.0014494651982708273,0.0014494651982708273,0.0
2011-10-14,-0.00034694465338114266,-0.00034694465338114266,0.0
2011-10-17,0.0018506380535561195,0.0018506380535561195,0.0
2011-10-18,-0.0006349302921799804,-0.0006349302921799804,0.0
2011-10-19,0.000400650053681062,0.000400650053681062,0.0
2011-10-20,0.00011152402721781307,0.00011152402721781307,0.0
2011-10-21,-0.0005816467619829124,-0.0005816467619829124,0.0
2011-10-24,-0.001500033169578474,-0.001500033169578474,0.0
2011-10-25,0.003397196089413468,0.003397196089413468,0.0
2011-10-26,-0.002151703450939957,-0.002151703450939957,0.0
2011-10-27,-0.0032008863728073544,-0.0032008863728073544,0.0
2011-10-28,0.0012975031322310926,0.0012975031322310926,0.0
2011-10-31,0.0023558734526494263,0.0023558734526494263,0.0
2011-11-01,0.0022831808576311285,0.00237841989034826,0.19047806543477383
2011-11-02,0.00036358802130642687,0.00036358802130642687,0.0
2011-11-03,0.00048233301237932125,0.00048233301237932125,0.0
2011-11-04,0.00014896995054680673,0.00014896995054680673,0.0
2011-11-07,0.0004679726368637116,0.0004679726368637116,0.0
2011-11-08,-0.0007528379543624286,-0.0007528379543624286,0.0
2011-11-09,-0.0004997554799822668,-0.0004997554799822668,0.0
2011-11-10,-0.0009548953458643483,-0.0009548953458643483,0.0
2011-11-11,0.00029968574546357374,0.00029968574546357374,0.0
2011-11-14,0.0004476145050560376,0.0004476145050560376,0.0
2011-11-15,-1.5095854459246105e-05,-1.5095854459246105e-05,0.0
2011-11-16,-0.0005949888524717784,-0.0005949888524717784,0.0
2011-11-17,-0.0016036379795970612,-0.0016036379795970612,0.0
2011-11-18,-0.000272543637486522,-0.000272543637486522,0.0
2011-11-21,-0.0006260733400642593,-0.0006260733400642593,0.0
2011-11-22,0.0004345912092948989,0.0004345912092948989,0.0
2011-11-23,-0.0005732031520544467,-0.0005732031520544467,0.0
2011-11-25,-0.0016746682918126199,-0.0016746682918126199,0.0
2011-11-28,0.0006902878203303153,0.0006902878203303153,0.0
2011-11-29,0.00016948503805269688,0.00016948503805269688,0.0
2011-11-30,0.0005029920442474189,0.0005029920442474189,0.0
2011-12-01,-3.91635335883489e-06,0.0001449531486548139,0.29773900402703474
2011-12-02,0.0013314877691892324,0.0013314877691892324,0.0
2011-12-05,0.0003215258865083559,0.0003215258865083559,0.0
2011-12-06,5.881460971735031e-05,5.881460971735031e-05,0.0
2011-12-07,0.0008288893886634341,0.0008288893886634341,0.0
2011-12-08,-0.0007757648212618484,-0.0007757648212618484,0.0
2011-12-09,-0.0002336887012486244,-0.0002336887012486244,0.0
2011-12-12,-0.0007151915300046552,-0.0007151915300046552,0.0
2011-12-13,-0.0005823534764950455,-0.0005823534764950455,0.0
2011-12-14,-0.0013001949008114577,-0.0013001949008114577,0.0
2011-12-15,0.00018228761387839576,0.00018228761387839576,0.0
2011-12-16,0.0025513738264313357,0.0025513738264313357,0.0
2011-12-19,0.0001502649110507459,0.0001502649110507459,0.0
2011-12-20,0.0006221275788169667,0.0006221275788169667,0.0
2011-12-21,-0.0010649517839754763,-0.0010649517839754763,0.0
2011-12-22,0.0001849586720437113,0.0001849586720437113,0.0
2011-12-23,-0.00024291373925355852,-0.00024291373925355852,0.0
2011-12-27,0.0007139113034573263,0.0007139113034573263,0.0
2011-12-28,-0.000626859031017557,-0.000626859031017557,0.0
2011-12-29,0.0005111846865666347,0.0005111846865666347,0.0
2011-12-30,0.0008297442242264363,0.0008297442242264363,0.0
2012-01-03,-0.000608803747773834,-0.00043752121703644065,0.3425650614747936
2012-01-04,0.00017603685007228087,0.00017603685007228087,0.0
2012-01-05,0.001472853461800483,0.001472853461800483,0.0
2012-01-06,0.0017565600680853333,0.0017565600680853333,0.0
2012-01-09,-0.0011175104642658917,-0.0011175104642658917,0.0
2012-01-10,-0.0015697371640537305,-0.0015697371640537305,0.0
2012-01-11,0.001388400873189033,0.001388400873189033,0.0
2012-01-12,0.000734229830827049,0.000734229830827049,0.0
2012-01-13,0.0015786377970870014,0.0015786377970870014,0.0
2012-01-17,-0.0002802659844353128,-0.0002802659844353128,0.0
2012-01-18,-0.0015095627746173346,-0.0015095627746173346,0.0
2012-01-19,-0.0018192280403346306,-0.0018192280403346306,0.0
2012-01-20,-0.0008390494416470329,-0.0008390494416470329,0.0
2012-01-23,-0.0012446094109737071,-0.0012446094109737071,0.0
2012-01-24,-0.0002441749955341965,-0.0002441749955341965,0.0
2012-01-25,0.0009765918999724565,0.0009765918999724565,0.0
2012-01-26,0.0021859930466501254,0.0021859930466501254,0.0
2012-01-27,0.0008000988992611369,0.0008000988992611369,0.0
2012-01-30,0.0021291237822624876,0.0021291237822624876,0.0
2012-01-31,0.0010267929591498692,0.0010267929591498692,0.0
2012-02-01,-0.001575808091556219,-0.0013488656306825941,0.45388492174712086
2012-02-02,0.0007081959414978467,0.0007081959414978467,0.0
2012-02-03,-0.0030849478963708155,-0.0030849478963708155,0.0
2012-02-06,0.0009713371635124979,0.0009713371635124979,0.0
2012-02-07,-0.0017329097521002756,-0.0017329097521002756,0.0
2012-02-08,-0.0007549472576328098,-0.0007549472576328098,0.0
2012-02-09,-0.002190194392996503,-0.002190194392996503,0.0
2012-02-10,0.0023915091542849876,0.0023915091542849876,0.0
2012-02-13,-0.0008625789188667632,-0.0008625789188667632,0.0
2012-02-14,-0.00011631057130456757,-0.00011631057130456757,0.0
2012-02-15,-0.000995851921158697,-0.000995851921158697,0.0
2012-02-16,-0.0019977571734406396,-0.0019977571734406396,0.0
2012-02-17,-0.0018932555301911513,-0.0018932555301911513,0.0
2012-02-21,-0.001388637638756074,-0.001388637638756074,0.0
2012-02-22,0.000812176694617861,0.000812176694617861,0.0
2012-02-23,0.001299555791846263,0.001299555791846263,0.0
2012-02-24,-0.0019178297544206746,-0.0019178297544206746,0.0
2012-02-27,0.002685516570621438,0.002685516570621438,0.0
2012-02-28,0.00024962752070001315,0.00024962752070001315,0.0
2012-02-29,-0.00283665869921923,-0.00283665869921923,0.0
2012-03-01,-0.0016265374763135831,-0.0014703981378568765,0.31227867691320826
2012-03-02,0.0002711119306975096,0.0002711119306975096,0.0
2012-03-05,0.000790527736684643,0.000790527736684643,0.0
2012-03-06,0.002078875468993102,0.002078875468993102,0.0
2012-03-07,-4.0977268973674263e-05,-4.0977268973674263e-05,0.0
2012-03-08,-0.00196312932677678,-0.00196312932677678,0.0
2012-03-09,0.00045189576586679436,0.00045189576586679436,0.0
2012-03-12,0.0009349745904376761,0.0009349745904376761,0.0
2012-03-13,-0.002209497746653799,-0.002209497746653799,0.0
2012-03-14,-0.0041835787310451344,-0.0041835787310451344,0.0
2012-03-15,0.00012463393535022682,0.00012463393535022682,0.0
2012-03-16,0.0007336044551600196,0.0007336044551600196,0.0
2012-03-19,-0.00031679515673865843,-0.00031679515673865843,0.0
2012-03-20,0.0006891219956883798,0.0006891219956883798,0.0
2012-03-21,0.0021321389269541857,0.0021321389269541857,0.0
2012-03-22,0.0012401802024697428,0.0012401802024697428,0.0
2012-03-23,0.0009881224175949388,0.0009881224175949388,0.0
2012-03-26,0.0007194053518466692,0.0007194053518466692,0.0
2012-03-27,0.0017439766758218234,0.0017439766758218234,0.0
2012-03-28,0.00034336122551592574,0.00034336122551592574,0.0
2012-03-29,0.002145657895372466,0.002145657895372466,0.0
2012-03-30,-0.0030163159276606066,-0.0030163159276606066,0.0
2012-04-02,-0.00044626778799328193,-0.00015327726658254104,0.5859810428211845
2012-04-03,-0.0023560418436558983,-0.0023560418436558983,0.0
2012-04-04,0.0031227753466858132,0.0031227753466858132,0.0
2012-04-05,0.001017614193032701,0.001017614193032701,0.0
2012-04-09,0.0032845596462940385,0.0032845596462940385,0.0
2012-04-10,0.002950252459385183,0.002950252459385183,0.0
2012-04-11,-0.0008519418611107055,-0.0008519418611107055,0.0
2012-04-12,-0.0023352049723384116,-0.0023352049723384116,0.0
2012-04-13,0.0033632989803267233,0.0033632989803267233,0.0
2012-04-16,0.0007295466468035805,0.0007295466468035805,0.0
2012-04-17,0.00021582015584953318,0.00021582015584953318,0.0
2012-04-18,0.0010061855322582858,0.0010061855322582858,0.0
2012-04-19,-0.0011449449693766711,-0.0011449449693766711,0.0
2012-04-20,-0.0009813598880219487,-0.0009813598880219487,0.0
2012-04-23,0.0024737245727559642,0.0024737245727559642,0.0
2012-04-24,-0.0011042434210452035,-0.0011042434210452035,0.0
2012-04-25,0.0014652075045247237,0.0014652075045247237,0.0
2012-04-26,0.001264789527068766,0.001264789527068766,0.0
2012-04-27,-2.491112444746868e-05,-2.491112444746868e-05,0.0
2012-04-30,0.0004795596430127169,0.0004795596430127169,0.0
2012-05-01,-0.001612518208485847,-0.0015225781022982776,0.17988021237515528
2012-05-02,0.00328279641468443,0.00328279641468443,0.0
2012-05-03,0.0012420590573190005,0.0012420590573190005,0.0
2012-05-04,0.0038662744191901854,0.0038662744191901854,0.0
2012-05-07,0.0003968143250618894,0.0003968143250618894,0.0
2012-05-08,0.0028296916781824777,0.0028296916781824777,0.0
2012-05-09,0.001778060268476045,0.001778060268476045,0.0
2012-05-10,-0.001048220285598922,-0.001048220285598922,0.0
2012-05-11,0.00320230083606865,0.00320230083606865,0.0
2012-05-14,0.0036535873047025547,0.0036535873047025547,0.0
2012-05-15,0.0009869320010968963,0.0009869320010968963,0.0
2012-05-16,0.0001809714678304708,0.0001809714678304708,0.0
2012-05-17,-0.0006201265107314002,-0.0006201265107314002,0.0
2012-05-18,-0.0003350309582231814,-0.0003350309582231814,0.0
2012-05-21,-0.0010085918942684957,-0.0010085918942684957,0.0
2012-05-22,0.002111977846820823,0.002111977846820823,0.0
2012-05-23,0.003541557901748371,0.003541557901748371,0.0
2012-05-24,0.00012419276527131373,0.00012419276527131373,0.0
2012-05-25,0.0005427884083926138,0.0005427884083926138,0.0
2012-05-29,-0.0005011650102427767,-0.0005011650102427767,0.0
2012-05-30,0.0057436176328447,0.0057436176328447,0.0
2012-05-31,0.0015036703142554675,0.0015036703142554675,0.0
2012-06-01,0.00481661095670205,0.00486803983991102,0.10285776641798136
2012-06-04,-0.003281619267563096,-0.003281619267563096,0.0
2012-06-05,-0.0002394852693629046,-0.0002394852693629046,0.0
2012-06-06,-0.006161845160709389,-0.006161845160709389,0.0
2012-06-07,-7.916138138563955e-05,-7.916138138563955e-05,0.0
2012-06-08,0.003223509786163481,0.003223509786163481,0.0
2012-06-11,0.0020147088397670654,0.0020147088397670654,0.0
2012-06-12,-0.0032783901353075073,-0.0032783901353075073,0.0
2012-06-13,0.0015033729473561408,0.0015033729473561408,0.0
2012-06-14,-0.0010424928630020647,-0.0010424928630020647,0.0
2012-06-15,0.0007197320344571878,0.0007197320344571878,0.0
2012-06-18,0.00041749810363711504,0.00041749810363711504,0.0
2012-06-19,-0.004306344651728855,-0.004306344651728855,0.0
2012-06-20,0.0009993242089221255,0.0009993242089221255,0.0
2012-06-21,0.004459256585610527,0.004459256585610527,0.0
2012-06-22,-0.0016825988287409999,-0.0016825988287409999,0.0
2012-06-25,0.0029428672369922193,0.0029428672369922193,0.0
2012-06-26,-0.0018276340173993821,-0.0018276340173993821,0.0
2012-06-27,-0.0005358351663010685,-0.0005358351663010685,0.0
2012-06-28,0.0013292054850702062,0.0013292054850702062,0.0
2012-06-29,-0.008666785017248269,-0.008666785017248269,0.0
2012-07-02,0.0020554012986522263,0.0022940817279710757,0.47736085863786776
2012-07-03,-0.0037921906950941775,-0.0037921906950941775,0.0
2012-07-05,0.0034706756597135957,0.0034706756597135957,0.0
2012-07-06,0.004811578742134337,0.004811578742134337,0.0
2012-07-09,-0.00042871558495882756,-0.00042871558495882756,0.0
2012-07-10,0.002310183931655052,0.002310183931655052,0.0
2012-07-11,-0.0005749766551554902,-0.0005749766551554902,0.0
2012-07-12,0.0028502245705486207,0.0028502245705486207,0.0
2012-07-13,-0.0012278179439428882,-0.0012278179439428882,0.0
2012-07-16,0.00030966215641514694,0.00030966215641514694,0.0
2012-07-17,-0.0011512631959508246,-0.0011512631959508246,0.0
2012-07-18,0.0005734994961830164,0.0005734994961830164,0.0
2012-07-19,-0.0012796213478795115,-0.0012796213478795115,0.0
2012-07-20,0.003490304864200988,0.003490304864200988,0.0
2012-07-23,0.003308792741419042,0.003308792741419042,0.0
2012-07-24,0.001822311974944757,0.001822311974944757,0.0
2012-07-25,-0.0012517633215166635,-0.0012517633215166635,0.0
2012-07-26,-0.002471538328323253,-0.002471538328323253,0.0
2012-07-27,-0.005169233705841214,-0.005169233705841214,0.0
2012-07-30,0.0017451254728553245,0.0017451254728553245,0.0
2012-07-31,0.002205058196486087,0.002205058196486087,0.0
2012-08-01,-0.0007873982308745919,-0.0006493167626594465,0.27616293643028844
2012-08-02,0.0020379467663693696,0.0020379467663693696,0.0
2012-08-03,-0.00506145949423753,-0.00506145949423753,0.0
2012-08-06,-0.0008860601967567439,-0.0008860601967567439,0.0
2012-08-07,-0.0025409070198448847,-0.0025409070198448847,0.0
2012-08-08,-0.0016795815301248185,-0.0016795815301248185,0.0
2012-08-09,-0.00035366499017419617,-0.00035366499017419617,0.0
2012-08-10,0.0006733271181083023,0.0006733271181083023,0.0
2012-08-13,0.0011669096912858556,0.0011669096912858556,0.0
2012-08-14,-0.0015427384685022805,-0.0015427384685022805,0.0
2012-08-15,-0.002154063729421507,-0.002154063729421507,0.0
2012-08-16,-0.0015901533274039759,-0.0015901533274039759,0.0
2012-08-17,0.0010069742763541,0.0010069742763541,0.0
2012-08-20,-0.0007913380094087819,-0.0007913380094087819,0.0
2012-08-21,-0.0014047584542649094,-0.0014047584542649094,0.0
2012-08-22,0.0013435306908413658,0.0013435306908413658,0.0
2012-08-23,0.00041729383475463955,0.00041729383475463955,0.0
2012-08-24,0.0013514781046215507,0.0013514781046215507,0.0
2012-08-27,0.0018783272540354723,0.0018783272540354723,0.0
2012-08-28,-6.438020740473505e-05,-6.438020740473505e-05,0.0
2012-08-29,0.00031574692416413974,0.00031574692416413974,0.0
2012-08-30,0.0013562548374796979,0.0013562548374796979,0.0
2012-08-31,-0.0001239010985926159,-0.0001239010985926159,0.0
2012-09-04,0.00043618002967571456,0.0005248552163874542,0.17735037342335797
2012-09-05,0.0005256225700780437,0.0005256225700780437,0.0
2012-09-06,-0.001647389921480391,-0.001647389921480391,0.0
2012-09-07,-0.003505485024943189,-0.003505485024943189,0.0
2012-09-10,0.0005892519980963407,0.0005892519980963407,0.0
2012-09-11,-0.0013160088915094015,-0.0013160088915094015,0.0
2012-09-12,-0.0018489220426495256,-0.0018489220426495256,0.0
2012-09-13,-0.0003112828103708498,-0.0003112828103708498,0.0
2012-09-14,-0.002939125559031197,-0.002939125559031197,0.0
2012-09-17,0.003476209195760749,0.003476209195760749,0.0
2012-09-18,0.00039602731136900715,0.00039602731136900715,0.0
2012-09-19,-0.0008350501633093144,-0.0008350501633093144,0.0
2012-09-20,4.899105575661977e-05,4.899105575661977e-05,0.0
2012-09-21,-0.0003367406604304346,-0.0003367406604304346,0.0
2012-09-24,0.0011634368488029345,0.0011634368488029345,0.0
2012-09-25,-0.0005445408823026021,-0.0005445408823026021,0.0
2012-09-26,0.001740006412832562,0.001740006412832562,0.0
2012-09-27,-0.0007527630044936728,-0.0007527630044936728,0.0
2012-09-28,0.0007131332921492817,0.0007131332921492817,0.0
2012-10-01,-0.0010198370716286709,-0.0007719131384658073,0.4958478663257774
2012-10-02,0.0005485759397798606,0.0005485759397798606,0.0
2012-10-03,-0.0003262435562810806,-0.0003262435562810806,0.0
2012-10-04,0.0025008683824936373,0.0025008683824936373,0.0
2012-10-05,-0.002283080952168337,-0.002283080952168337,0.0
2012-10-08,-0.000641747002746551,-0.000641747002746551,0.0
2012-10-09,-0.0019464695373471175,-0.0019464695373471175,0.0
2012-10-10,-0.00016103916312859567,-0.00016103916312859567,0.0
2012-10-11,0.0023312016448684414,0.0023312016448684414,0.0
2012-10-12,-0.0007572971033734666,-0.0007572971033734666,0.0
2012-10-15,0.0014527978481415627,0.0014527978481415627,0.0
2012-10-16,0.0010116850476786787,0.0010116850476786787,0.0
2012-10-17,-0.000701189987434514,-0.000701189987434514,0.0
2012-10-18,-0.0013218469713375258,-0.0013218469713375258,0.0
2012-10-19,-0.003816006231115554,-0.003816006231115554,0.0
2012-10-22,-0.0005931191777958089,-0.0005931191777958089,0.0
2012-10-23,-0.0028249483461367797,-0.0028249483461367797,0.0
2012-10-24,-0.0015608716181862992,-0.0015608716181862992,0.0
2012-10-25,0.0005496871932983982,0.0005496871932983982,0.0
2012-10-26,0.0006823285159047732,0.0006823285159047732,0.0
2012-10-31,0.002840093736817373,0.002840093736817373,0.0
2012-11-01,0.001443803944958022,0.0017228588627324903,0.5581098355488805
2012-11-02,0.0024649703566548276,0.0024649703566548276,0.0
2012-11-05,0.00018608923667073896,0.00018608923667073896,0.0
2012-11-06,-0.00342221708661139,-0.00342221708661139,0.0
2012-11-07,0.001056582258229577,0.001056582258229577,0.0
2012-11-08,-0.002107361176215572,-0.002107361176215572,0.0
2012-11-09,-0.00048539400871938643,-0.00048539400871938643,0.0
2012-11-12,0.001287767637106585,0.001287767637106585,0.0
2012-11-13,-0.0002660019116818013,-0.0002660019116818013,0.0
2012-11-14,-0.0018389318582856529,-0.0018389318582856529,0.0
2012-11-15,-0.00015511303123938447,-0.00015511303123938447,0.0
2012-11-16,0.0010366497837690503,0.0010366497837690503,0.0
2012-11-19,0.0005040329319767611,0.0005040329319767611,0.0
2012-11-20,-0.0002721261434296407,-0.0002721261434296407,0.0
2012-11-21,0.0006984173970943086,0.0006984173970943086,0.0
2012-11-23,-0.0006574248159417762,-0.0006574248159417762,0.0
2012-11-26,0.0007505808354095755,0.0007505808354095755,0.0
2012-11-27,0.0008300383387225274,0.0008300383387225274,0.0
2012-11-28,0.0017038580425079441,0.0017038580425079441,0.0
2012-11-29,0.0001348253125068588,0.0001348253125068588,0.0
2012-11-30,0.0015393108535277644,0.0015393108535277644,0.0
2012-12-03,-0.0014608186698151782,-0.0011726017121848065,0.5764339152606778
2012-12-04,0.00013070782763802136,0.00013070782763802136,0.0
2012-12-05,0.0015700496702171218,0.0015700496702171218,0.0
2012-12-06,0.001504979218055702,0.001504979218055702,0.0
2012-12-07,-0.0008095086563579823,-0.0008095086563579823,0.0
2012-12-10,0.0003734695017940659,0.0003734695017940659,0.0
2012-12-11,-2.0083514855606666e-06,-2.0083514855606666e-06,0.0
2012-12-12,-0.0007701750078225045,-0.0007701750078225045,0.0
2012-12-13,-0.0025371941527725372,-0.0025371941527725372,0.0
2012-12-14,0.0010145722804439927,0.0010145722804439927,0.0
2012-12-17,0.0004904412871740149,0.0004904412871740149,0.0
2012-12-18,0.000876197986050764,0.000876197986050764,0.0
2012-12-19,0.00033241490849955646,0.00033241490849955646,0.0
2012-12-20,0.0012942556223312085,0.0012942556223312085,0.0
2012-12-21,-0.0007154261882080792,-0.0007154261882080792,0.0
2012-12-24,-0.0006899122596367713,-0.0006899122596367713,0.0
2012-12-26,0.00015109314634997872,0.00015109314634997872,0.0
2012-12-27,0.0017335387676309377,0.0017335387676309377,0.0
2012-12-28,-0.0010106639974757359,-0.0010106639974757359,0.0
2012-12-31,0.0018201043105103842,0.0018201043105103842,0.0
2013-01-02,0.0055781022453760265,0.005838218296609465,0.5202321024667251
2013-01-03,-0.0060527481394822,-0.0060527481394822,0.0
2013-01-04,0.0016392861833982586,0.0016392861833982586,0.0
2013-01-07,-0.0008830434047160107,-0.0008830434047160107,0.0
2013-01-08,-0.0011450998222075626,-0.0011450998222075626,0.0
2013-01-09,0.0023866155051919247,0.0023866155051919247,0.0
2013-01-10,0.0045216346493557324,0.0045216346493557324,0.0
2013-01-11,0.0009721856441653465,0.0009721856441653465,0.0
2013-01-14,0.0011143109258617834,0.0011143109258617834,0.0
2013-01-15,-0.00025498484851904646,-0.00025498484851904646,0.0
2013-01-16,-0.0013755827499611906,-0.0013755827499611906,0.0
2013-01-17,0.002774015359543913,0.002774015359543913,0.0
2013-01-18,0.0011403762884603097,0.0011403762884603097,0.0
2013-01-22,0.0006804562659783464,0.0006804562659783464,0.0
2013-01-23,-0.0003316116825390347,-0.0003316116825390347,0.0
2013-01-24,0.0004761748856751957,0.0004761748856751957,0.0
2013-01-25,-0.0008660704256404639,-0.0008660704256404639,0.0
2013-01-28,-0.002832001335949963,-0.002832001335949963,0.0
2013-01-29,0.00208528895292992,0.00208528895292992,0.0
2013-01-30,-9.226263403272483e-06,-9.226263403272483e-06,0.0
2013-01-31,0.00024701153995376757,0.00024701153995376757,0.0
2013-02-01,0.0031188031653459625,0.0033565866769247332,0.47556702315725663
2013-02-04,-0.001842962831507089,-0.001842962831507089,0.0
2013-02-05,0.0010718920399757081,0.0010718920399757081,0.0
2013-02-06,0.001675879254923407,0.001675879254923407,0.0
2013-02-07,-0.001816800535268559,-0.001816800535268559,0.0
2013-02-08,0.002394566861915859,0.002394566861915859,0.0
2013-02-11,0.0008880852586838905,0.0008880852586838905,0.0
2013-02-12,0.0005239992695675877,0.0005239992695675877,0.0
2013-02-13,-0.0006068503345805221,-0.0006068503345805221,0.0
2013-02-14,0.0006361146130615669,0.0006361146130615669,0.0
2013-02-15,0.0009367420261188197,0.0009367420261188197,0.0
2013-02-19,0.0013113934454591636,0.0013113934454591636,0.0
2013-02-20,-0.001331480273306651,-0.001331480273306651,0.0
2013-02-21,-0.0020549760988620713,-0.0020549760988620713,0.0
2013-02-22,0.002766062168565453,0.002766062168565453,0.0
2013-02-25,-0.003535526552554291,-0.003535526552554291,0.0
2013-02-26,0.0007915454189462157,0.0007915454189462157,0.0
2013-02-27,0.0033260258577296753,0.0033260258577296753,0.0
2013-02-28,0.00011388845886650678,0.00011388845886650678,0.0
2013-03-01,0.0015847803772408575,0.0018757775766684581,0.5819943988551541
2013-03-04,8.778313637614055e-05,8.778313637614055e-05,0.0
2013-03-05,0.0011070570603308738,0.0011070570603308738,0.0
2013-03-06,-0.0001884217995202775,-0.0001884217995202775,0.0
2013-03-07,-0.0038148851398221995,-0.0038148851398221995,0.0
2013-03-08,0.0011141891743511323,0.0011141891743511323,0.0
2013-03-11,-0.0005310675743356308,-0.0005310675743356308,0.0
2013-03-12,-0.001370063735877447,-0.001370063735877447,0.0
2013-03-13,0.0011396896329551875,0.0011396896329551875,0.0
2013-03-14,0.0013724255944631558,0.0013724255944631558,0.0
2013-03-15,0.00035729378206772466,0.00035729378206772466,0.0
2013-03-18,0.0010244964860417483,0.0010244964860417483,0.0
2013-03-19,0.0008403218707475624,0.0008403218707475624,0.0
2013-03-20,0.00018092174731743071,0.00018092174731743071,0.0
2013-03-21,-0.000984747923964524,-0.000984747923964524,0.0
2013-03-22,0.00045607184219687014,0.00045607184219687014,0.0
2013-03-25,-0.00019472298344469507,-0.00019472298344469507,0.0
2013-03-26,0.0018874421177799139,0.0018874421177799139,0.0
2013-03-27,0.0014802953361885418,0.0014802953361885418,0.0
2013-03-28,0.0012483861060794688,0.0012483861060794688,0.0
2013-04-01,-0.001757519919819428,-0.0016601581410584654,0.1947235575220388
2013-04-02,0.002860702430814932,0.002860702430814932,0.0
2013-04-03,0.0013807083417789467,0.0013807083417789467,0.0
2013-04-04,0.007113047266046557,0.007113047266046557,0.0
2013-04-05,0.000666802474790007,0.000666802474790007,0.0
2013-04-08,0.00090018060146968,0.00090018060146968,0.0
2013-04-09,-0.002480728729388426,-0.002480728729388426,0.0
2013-04-10,0.0027282643160733144,0.0027282643160733144,0.0
2013-04-11,0.001966832927907225,0.001966832927907225,0.0
2013-04-12,0.006397289030059206,0.006397289030059206,0.0
2013-04-15,0.005701480928911762,0.005701480928911762,0.0
2013-04-16,-0.0009131711019991773,-0.0009131711019991773,0.0
2013-04-17,0.0008259918463362492,0.0008259918463362492,0.0
2013-04-18,-0.0035486801180284466,-0.0035486801180284466,0.0
2013-04-19,0.0032350774683536088,0.0032350774683536088,0.0
2013-04-22,0.0004315244166299692,0.0004315244166299692,0.0
2013-04-23,0.0038687494360836183,0.0038687494360836183,0.0
2013-04-24,-0.0006951655548359525,-0.0006951655548359525,0.0
2013-04-25,-0.0029433167858746723,-0.0029433167858746723,0.0
2013-04-26,0.0022873935829268444,0.0022873935829268444,0.0
2013-04-29,-0.0014833778203053871,-0.0014833778203053871,0.0
2013-04-30,0.00010373577373190557,0.00010373577373190557,0.0
2013-05-01,0.001696785463569217,0.0019164516643761509,0.43933240161407966
2013-05-02,0.0016624092421371195,0.0016624092421371195,0.0
2013-05-03,-0.002301021103753964,-0.002301021103753964,0.0
2013-05-06,0.0009829279819986159,0.0009829279819986159,0.0
2013-05-07,0.00065267974499994,0.00065267974499994,0.0
2013-05-08,0.0008360406394245512,0.0008360406394245512,0.0
2013-05-09,-0.00024578476265502136,-0.00024578476265502136,0.0
2013-05-10,-0.00038292433998721176,-0.00038292433998721176,0.0
2013-05-13,-0.0014818374812970436,-0.0014818374812970436,0.0
2013-05-14,0.0013385142342072776,0.0013385142342072776,0.0
2013-05-15,0.004007285751090439,0.004007285751090439,0.0
2013-05-16,0.0011628547517554821,0.0011628547517554821,0.0
2013-05-17,0.0011156682162805076,0.0011156682162805076,0.0
2013-05-20,-0.0017920690846802145,-0.0017920690846802145,0.0
2013-05-21,0.0028040394442665484,0.0028040394442665484,0.0
2013-05-22,-0.0060646912282130705,-0.0060646912282130705,0.0
2013-05-23,-0.004235797690839815,-0.004235797690839815,0.0
2013-05-24,-0.0016613367423514713,-0.0016613367423514713,0.0
2013-05-28,-0.004358022259023153,-0.004358022259023153,0.0
2013-05-29,-0.0028092460401523134,-0.0028092460401523134,0.0
2013-05-30,-0.0008249459862913477,-0.0008249459862913477,0.0
2013-05-31,-0.004042874800379903,-0.004042874800379903,0.0
2013-06-03,-0.0022966716442472945,-0.001779737865448272,1.0338675575982845
2013-06-04,-0.00018830179038509254,-0.00018830179038509254,0.0
2013-06-05,-0.004875256771221248,-0.004875256771221248,0.0
2013-06-06,0.0023811018089803238,0.0023811018089803238,0.0
2013-06-07,0.004120566399693493,0.004120566399693493,0.0
2013-06-10,0.0005487551145517688,0.0005487551145517688,0.0
2013-06-11,-0.0037348163857203742,-0.0037348163857203742,0.0
2013-06-12,-0.00011382961489314614,-0.00011382961489314614,0.0
2013-06-13,0.004327945047774229,0.004327945047774229,0.0
2013-06-14,-0.0019017814767998686,-0.0019017814767998686,0.0
2013-06-17,0.0034713286103822405,0.0034713286103822405,0.0
2013-06-18,0.0021847996996042784,0.0021847996996042784,0.0
2013-06-19,-0.006081450521422727,-0.006081450521422727,0.0
2013-06-20,-0.0037743246987663737,-0.0037743246987663737,0.0
2013-06-21,0.0011418517815688922,0.0011418517815688922,0.0
2013-06-24,-0.0045836767649316545,-0.0045836767649316545,0.0
2013-06-25,0.00389375214313481,0.00389375214313481,0.0
2013-06-26,0.003288016322295473,0.003288016322295473,0.0
2013-06-27,0.003635295394313065,0.003635295394313065,0.0
2013-06-28,-0.0012194657175415013,-0.0012194657175415013,0.0
2013-07-01,0.0018133813782257313,0.002194671155539618,0.7625795546278599
2013-07-02,0.00043688865948277034,0.00043688865948277034,0.0
2013-07-03,0.0004108127599824485,0.0004108127599824485,0.0
2013-07-05,0.002274226830834447,0.002274226830834447,0.0
2013-07-08,0.0012618762733516142,0.0012618762733516142,0.0
2013-07-09,0.0003007521834637039,0.0003007521834637039,0.0
2013-07-10,0.0020023104201740693,0.0020023104201740693,0.0
2013-07-11,0.00525531344418928,0.00525531344418928,0.0
2013-07-12,-0.0003683060112423808,-0.0003683060112423808,0.0
2013-07-15,0.0009621935013677252,0.0009621935013677252,0.0
2013-07-16,-0.0005909927460199249,-0.0005909927460199249,0.0
2013-07-17,0.001628235433944969,0.001628235433944969,0.0
2013-07-18,0.0014445144343708805,0.0014445144343708805,0.0
2013-07-19,-0.0004591116135438389,-0.0004591116135438389,0.0
2013-07-22,-0.0006199049977754223,-0.0006199049977754223,0.0
2013-07-23,0.0007776558120160537,0.0007776558120160537,0.0
2013-07-24,-0.0007564008971324698,-0.0007564008971324698,0.0
2013-07-25,0.0010174680500061317,0.0010174680500061317,0.0
2013-07-26,-0.0008752839774606169,-0.0008752839774606169,0.0
2013-07-29,-0.0013286049306682202,-0.0013286049306682202,0.0
2013-07-30,0.00042821199048082015,0.00042821199048082015,0.0
2013-07-31,0.00010074158153261514,0.00010074158153261514,0.0
2013-08-01,0.004020078985625064,0.004244804222397036,0.4494504735441908
2013-08-02,0.00047886945840214246,0.00047886945840214246,0.0
2013-08-05,0.0002134944959861773,0.0002134944959861773,0.0
2013-08-06,-0.0008031470045951616,-0.0008031470045951616,0.0
2013-08-07,-0.002278823301862687,-0.002278823301862687,0.0
2013-08-08,-0.000561859222675376,-0.000561859222675376,0.0
2013-08-09,-0.0008453772971851459,-0.0008453772971851459,0.0
2013-08-12,-0.0008505586464693238,-0.0008505586464693238,0.0
2013-08-13,0.0029358637180909586,0.0029358637180909586,0.0
2013-08-14,-0.001384428817449046,-0.001384428817449046,0.0
2013-08-15,-0.0029879042387984667,-0.0029879042387984667,0.0
2013-08-16,0.0002742653984744159,0.0002742653984744159,0.0
2013-08-19,-0.0010080184280396587,-0.0010080184280396587,0.0
2013-08-20,0.000983065842201869,0.000983065842201869,0.0
2013-08-21,-0.0009858414127775772,-0.0009858414127775772,0.0
2013-08-22,0.0022751529160747186,0.0022751529160747186,0.0
2013-08-23,-0.001701470031815977,-0.001701470031815977,0.0
2013-08-26,-0.0022749837833869746,-0.0022749837833869746,0.0
2013-08-27,-0.004334204317967494,-0.004334204317967494,0.0
2013-08-28,0.00046437089716167,0.00046437089716167,0.0
2013-08-29,0.0011213074424503144,0.0011213074424503144,0.0
2013-08-30,-0.0007157711572693959,-0.0007157711572693959,0.0
2013-09-03,0.0017578433701685992,0.0018255728386071812,0.135458936877008
2013-09-04,0.002789575209720896,0.002789575209720896,0.0
2013-09-05,0.00016461454382765695,0.00016461454382765695,0.0
2013-09-06,-0.00021847903749150355,-0.00021847903749150355,0.0
2013-09-09,0.0025973472157982957,0.0025973472157982957,0.0
2013-09-10,0.0025917144965330596,0.0025917144965330596,0.0
2013-09-11,-0.00036339529649065394,-0.00036339529649065394,0.0
2013-09-12,0.00012123737230806952,0.00012123737230806952,0.0
2013-09-13,0.0002480108889924004,0.0002480108889924004,0.0
2013-09-16,0.002277639310694912,0.002277639310694912,0.0
2013-09-17,0.0007628328608897395,0.0007628328608897395,0.0
2013-09-18,-0.0004199184824003055,-0.0004199184824003055,0.0
2013-09-19,0.000548502570356435,0.000548502570356435,0.0
2013-09-20,0.0006042997379196446,0.0006042997379196446,0.0
2013-09-23,-0.0015057911172798866,-0.0015057911172798866,0.0
2013-09-24,-0.0013805084130853462,-0.0013805084130853462,0.0
2013-09-25,-0.0004435821073038859,-0.0004435821073038859,0.0
2013-09-26,0.0009298963431194629,0.0009298963431194629,0.0
2013-09-27,-8.641284595567456e-05,-8.641284595567456e-05,0.0
2013-09-30,-0.0003876767136027359,-0.0003876767136027359,0.0
2013-10-01,0.0030818957597731345,0.003176015226526996,0.18823893350815665
2013-10-02,-0.0012059481406228034,-0.0012059481406228034,0.0
2013-10-03,-0.0021409089156626537,-0.0021409089156626537,0.0
2013-10-04,0.0010406258488615538,0.0010406258488615538,0.0
2013-10-07,-0.003926812562786708,-0.003926812562786708,0.0
2013-10-08,-0.0029858268144011824,-0.0029858268144011824,0.0
2013-10-09,0.0014540857394682583,0.0014540857394682583,0.0
2013-10-10,0.005427403880774229,0.005427403880774229,0.0
2013-10-11,0.0024507055328730765,0.0024507055328730765,0.0
2013-10-14,0.0017797167940909464,0.0017797167940909464,0.0
2013-10-15,-0.0024262265401688854,-0.0024262265401688854,0.0
2013-10-16,0.0020824886279535715,0.0020824886279535715,0.0
2013-10-17,0.0009572146648277879,0.0009572146648277879,0.0
2013-10-18,0.0015554606983791963,0.0015554606983791963,0.0
2013-10-21,-0.0003720885232398885,-0.0003720885232398885,0.0
2013-10-22,7.712576043394925e-05,7.712576043394925e-05,0.0
2013-10-23,-0.0019778375571903872,-0.0019778375571903872,0.0
2013-10-24,0.0011607566927678281,0.0011607566927678281,0.0
2013-10-25,0.0003437512440183088,0.0003437512440183088,0.0
2013-10-28,0.00025226668520406115,0.00025226668520406115,0.0
2013-10-29,0.0008692916593406874,0.0008692916593406874,0.0
2013-10-30,-0.0010389697114757679,-0.0010389697114757679,0.0
2013-10-31,-0.0005010047329345735,-0.0005010047329345735,0.0
2013-11-01,0.0010162878235513428,0.001090204256831706,0.14783286656101285
2013-11-04,0.001413750777013334,0.001413750777013334,0.0
2013-11-05,-0.0009469922485827453,-0.0009469922485827453,0.0
2013-11-06,0.001339736712327122,0.001339736712327122,0.0
2013-11-07,-0.0044776149364613715,-0.0044776149364613715,0.0
2013-11-08,0.004014782881191392,0.004014782881191392,0.0
2013-11-11,0.001151184387597315,0.001151184387597315,0.0
2013-11-12,0.00026773551467429435,0.00026773551467429435,0.0
2013-11-13,0.0010025745695541044,0.0010025745695541044,0.0
2013-11-14,0.00011361998057513034,0.00011361998057513034,0.0
2013-11-15,0.002623891506434717,0.002623891506434717,0.0
2013-11-18,-0.00041662748092197166,-0.00041662748092197166,0.0
2013-11-19,0.0007195537016899678,0.0007195537016899678,0.0
2013-11-20,0.00036448239804931504,0.00036448239804931504,0.0
2013-11-21,0.002433990652743745,0.002433990652743745,0.0
2013-11-22,0.0003789167142593808,0.0003789167142593808,0.0
2013-11-25,-0.0014883241356228316,-0.0014883241356228316,0.0
2013-11-26,0.0008226614138540089,0.0008226614138540089,0.0
2013-11-27,0.0020858323646397725,0.0020858323646397725,0.0
2013-11-29,0.00029311638333395784,0.00029311638333395784,0.0
2013-12-02,0.0010478288868758234,0.0011586659346232153,0.22167409549478861
2013-12-03,-0.0007409984587315455,-0.0007409984587315455,0.0
2013-12-04,0.0003509983254184057,0.0003509983254184057,0.0
2013-12-05,0.001343634079613354,0.001343634079613354,0.0
2013-12-06,0.0026013825170654314,0.0026013825170654314,0.0
2013-12-09,0.00018664379426636124,0.00018664379426636124,0.0
2013-12-10,-0.0020704497742036754,-0.0020704497742036754,0.0
2013-12-11,-0.002972160297121884,-0.002972160297121884,0.0
2013-12-12,0.0008076259970308808,0.0008076259970308808,0.0
2013-12-13,-0.0007485779304632345,-0.0007485779304632345,0.0
2013-12-16,0.001356216324641446,0.001356216324641446,0.0
2013-12-17,-0.0009465886946479207,-0.0009465886946479207,0.0
2013-12-18,0.005041760361480074,0.005041760361480074,0.0
2013-12-19,-0.0006203818982415399,-0.0006203818982415399,0.0
2013-12-20,-0.0008030523797976086,-0.0008030523797976086,0.0
2013-12-23,0.002376386796284047,0.002376386796284047,0.0
2013-12-24,0.0008404474259267047,0.0008404474259267047,0.0
2013-12-26,0.0014862168452076663,0.0014862168452076663,0.0
2013-12-27,0.0013906216922379144,0.0013906216922379144,0.0
2013-12-30,0.0015513270984826022,0.0015513270984826022,0.0
2013-12-31,0.0016191268235321576,0.0016191268235321576,0.0
2014-01-02,-0.003654050064433312,-0.0034839951600423857,0.3401098087819449
2014-01-03,-0.002189494639576295,-0.002189494639576295,0.0
2014-01-06,-0.0006226975063990947,-0.0006226975063990947,0.0
2014-01-07,0.0018852821334003345,0.0018852821334003345,0.0
2014-01-08,0.0007260296735680516,0.0007260296735680516,0.0
2014-01-09,0.0010791532916323288,0.0010791532916323288,0.0
2014-01-10,-0.0018882469818354286,-0.0018882469818354286,0.0
2014-01-13,-0.0031508485106603867,-0.0031508485106603867,0.0
2014-01-14,0.003339406352725005,0.003339406352725005,0.0
2014-01-15,0.0018138514940133632,0.0018138514940133632,0.0
2014-01-16,-0.0006365113084076945,-0.0006365113084076945,0.0
2014-01-17,-0.0017257065434349572,-0.0017257065434349572,0.0
2014-01-21,0.0030499298811090814,0.0030499298811090814,0.0
2014-01-22,-0.0002712999725753562,-0.0002712999725753562,0.0
2014-01-23,-0.0008207287203689795,-0.0008207287203689795,0.0
2014-01-24,-0.004912425345605986,-0.004912425345605986,0.0
2014-01-27,-0.00011081317231476095,-0.00011081317231476095,0.0
2014-01-28,0.0008221915343074038,0.0008221915343074038,0.0
2014-01-29,-0.002819186270054952,-0.002819186270054952,0.0
2014-01-30,0.0023509721327088506,0.0023509721327088506,0.0
2014-01-31,-0.00424206969870955,-0.00424206969870955,0.0
2014-02-03,-0.00612418069139864,-0.005748807764061836,0.750745854673898
2014-02-04,0.0005075347735510327,0.0005075347735510327,0.0
2014-02-05,-0.0010164132982876106,-0.0010164132982876106,0.0
2014-02-06,0.0020205236301633622,0.0020205236301633622,0.0
2014-02-07,0.0006312919766882086,0.0006312919766882086,0.0
2014-02-10,0.0008356742628994329,0.0008356742628994329,0.0
2014-02-11,0.0008357484454035724,0.0008357484454035724,0.0
2014-02-12,-0.0002101401960222793,-0.0002101401960222793,0.0
2014-02-13,-0.0011089797638834664,-0.0011089797638834664,0.0
2014-02-14,-0.0014408294457803894,-0.0014408294457803894,0.0
2014-02-18,-0.001122377998377333,-0.001122377998377333,0.0
2014-02-19,-0.002377131116315767,-0.002377131116315767,0.0
2014-02-20,0.0007059643187468101,0.0007059643187468101,0.0
2014-02-21,7.533270781467927e-05,7.533270781467927e-05,0.0
2014-02-24,0.00036251538142173523,0.00036251538142173523,0.0
2014-02-25,7.509434823527172e-05,7.509434823527172e-05,0.0
2014-02-26,0.0016479898547667737,0.0016479898547667737,0.0
2014-02-27,-0.0013247445016574266,-0.0013247445016574266,0.0
2014-02-28,-0.0006817157832802456,-0.0006817157832802456,0.0
2014-03-03,-0.0036737780479743076,-0.003377681435123403,0.5921932257018488
2014-03-04,0.004603593195409372,0.004603593195409372,0.0
2014-03-05,-0.0001891245442171563,-0.0001891245442171563,0.0
2014-03-06,0.0007542211730697801,0.0007542211730697801,0.0
2014-03-07,0.0007305868904212698,0.0007305868904212698,0.0
2014-03-10,0.00010650444878912424,0.00010650444878912424,0.0
2014-03-11,-0.0009175586185564688,-0.0009175586185564688,0.0
2014-03-12,-0.0007688071448668232,-0.0007688071448668232,0.0
2014-03-13,-0.003032973835319641,-0.003032973835319641,0.0
2014-03-14,-0.0014809783392536469,-0.0014809783392536469,0.0
2014-03-17,0.0027655937598298763,0.0027655937598298763,0.0
2014-03-18,0.0015176169071222656,0.0015176169071222656,0.0
2014-03-19,-0.0017277818081599117,-0.0017277818081599117,0.0
2014-03-20,-0.0006053148398076358,-0.0006053148398076358,0.0
2014-03-21,-0.0021624644766893297,-0.0021624644766893297,0.0
2014-03-24,-0.0005812164595629943,-0.0005812164595629943,0.0
2014-03-25,0.000630241349542926,0.000630241349542926,0.0
2014-03-26,-0.0011114925608701753,-0.0011114925608701753,0.0
2014-03-27,-0.0013717725341992892,-0.0013717725341992892,0.0
2014-03-28,0.0016019412159160584,0.0016019412159160584,0.0
2014-03-31,0.002502432532694554,0.002502432532694554,0.0
2014-04-01,0.0017525832789868634,0.0018862936474934866,0.26742073701308944
2014-04-02,-0.0004916080583569071,-0.0004916080583569071,0.0
2014-04-03,-0.0007786926266537542,-0.0007786926266537542,0.0
2014-04-04,-0.0026199262710042692,-0.0026199262710042692,0.0
2014-04-07,-0.0015554707709467541,-0.0015554707709467541,0.0
2014-04-08,0.0005865061236771663,0.0005865061236771663,0.0
2014-04-09,0.0038892912697274795,0.0038892912697274795,0.0
2014-04-10,-0.005119705386019691,-0.005119705386019691,0.0
2014-04-11,-0.0031610775879856723,-0.0031610775879856723,0.0
2014-04-14,0.001579394487715824,0.001579394487715824,0.0
2014-04-15,0.001372942368779384,0.001372942368779384,0.0
2014-04-16,0.001710274308106774,0.001710274308106774,0.0
2014-04-17,0.0005842199784624746,0.0005842199784624746,0.0
2014-04-21,0.0009470399185209644,0.0009470399185209644,0.0
2014-04-22,0.0008516881124984721,0.0008516881124984721,0.0
2014-04-23,-0.0006826200767393598,-0.0006826200767393598,0.0
2014-04-24,-0.0005129187392113321,-0.0005129187392113321,0.0
2014-04-25,-0.0020081295446964242,-0.0020081295446964242,0.0
2014-04-28,0.001531259991361944,0.001531259991361944,0.0
2014-04-29,0.0010370113734814446,0.0010370113734814446,0.0
2014-04-30,0.001166999110535416,0.001166999110535416,0.0
2014-05-01,-3.8474918755415644e-05,0.00012879253094033594,0.334534899391243
2014-05-02,-0.0018146737999554796,-0.0018146737999554796,0.0
2014-05-05,0.0005914439167409302,0.0005914439167409302,0.0
2014-05-06,-0.001244300201759474,-0.001244300201759474,0.0
2014-05-07,0.0022661213917398726,0.0022661213917398726,0.0
2014-05-08,-0.001037408998916578,-0.001037408998916578,0.0
2014-05-09,-0.0008834360122228491,-0.0008834360122228491,0.0
2014-05-12,0.00075528287840676,0.00075528287840676,0.0
2014-05-13,-0.000752757392643244,-0.000752757392643244,0.0
2014-05-14,-0.0024198928134948616,-0.0024198928134948616,0.0
2014-05-15,-0.0008795017569159791,-0.0008795017569159791,0.0
2014-05-16,0.0009215220106952859,0.0009215220106952859,0.0
2014-05-19,0.0016252534740559543,0.0016252534740559543,0.0
2014-05-20,-0.0008179365050872134,-0.0008179365050872134,0.0
2014-05-21,0.0006574619889838651,0.0006574619889838651,0.0
2014-05-22,-0.0007125720877656505,-0.0007125720877656505,0.0
2014-05-23,0.0004979391941999367,0.0004979391941999367,0.0
2014-05-27,0.00263533160351459,0.00263533160351459,0.0
2014-05-28,-0.002823043587630414,-0.002823043587630414,0.0
2014-05-29,0.0011445755622663256,0.0011445755622663256,0.0
2014-05-30,0.0013672871223879834,0.0013672871223879834,0.0
2014-06-02,-0.0025426182130260377,-0.0021111670194422505,0.8629023871674164
2014-06-03,-0.002021067556135292,-0.002021067556135292,0.0
2014-06-04,7.950261650213619e-05,7.950261650213619e-05,0.0
2014-06-05,0.0037370005262384876,0.0037370005262384876,0.0
2014-06-06,0.0007944644820474522,0.0007944644820474522,0.0
2014-06-09,-0.002096442072929916,-0.002096442072929916,0.0
2014-06-10,-0.002309327014092144,-0.002309327014092144,0.0
2014-06-11,-0.0004812409021288655,-0.0004812409021288655,0.0
2014-06-12,0.00025729424057541195,0.00025729424057541195,0.0
2014-06-13,0.00024715950233122896,0.00024715950233122896,0.0
2014-06-16,0.0003104559880942048,0.0003104559880942048,0.0
2014-06-17,-0.002332844182776239,-0.002332844182776239,0.0
2014-06-18,0.005204930028297028,0.005204930028297028,0.0
2014-06-19,-0.0027785283590922027,-0.0027785283590922027,0.0
2014-06-20,0.0013995320246391607,0.0013995320246391607,0.0
2014-06-23,-0.0012404769442518893,-0.0012404769442518893,0.0
2014-06-24,0.0007032906218304991,0.0007032906218304991,0.0
2014-06-25,0.0018678033463079835,0.0018678033463079835,0.0
2014-06-26,0.0006954396999734325,0.0006954396999734325,0.0
2014-06-27,0.001363611613431015,0.001363611613431015,0.0
2014-06-30,9.240136642674202e-05,9.240136642674202e-05,0.0
2014-07-01,6.058102690564837e-05,0.0003262129125647384,0.5312637713181996
2014-07-02,-0.00198750880401255,-0.00198750880401255,0.0
2014-07-03,-0.0006701563688320533,-0.0006701563688320533,0.0
2014-07-07,-0.0020828917131456848,-0.0020828917131456848,0.0
2014-07-08,-0.00033200017235135437,-0.00033200017235135437,0.0
2014-07-09,0.0013802499866666373,0.0013802499866666373,0.0
2014-07-10,-0.0023439464046375313,-0.0023439464046375313,0.0
2014-07-11,0.0004945283540960244,0.0004945283540960244,0.0
2014-07-14,0.0012693023763399314,0.0012693023763399314,0.0
2014-07-15,-0.004270256638353009,-0.004270256638353009,0.0
2014-07-16,0.0012455898259693399,0.0012455898259693399,0.0
2014-07-17,-0.0009735242499667729,-0.0009735242499667729,0.0
2014-07-18,0.002517713501682284,0.002517713501682284,0.0
2014-07-21,0.000959481470083734,0.000959481470083734,0.0
2014-07-22,0.001512676214074915,0.001512676214074915,0.0
2014-07-23,0.0021006592732166762,0.0021006592732166762,0.0
2014-07-24,-0.002073480498200997,-0.002073480498200997,0.0
2014-07-25,0.0009449650410384702,0.0009449650410384702,0.0
2014-07-28,-5.124245478593803e-05,-5.124245478593803e-05,0.0
2014-07-29,-0.0017940878706901309,-0.0017940878706901309,0.0
2014-07-30,-0.004936442812829456,-0.004936442812829456,0.0
2014-07-31,-0.00901178385921575,-0.00901178385921575,0.0
2014-08-01,0.0019828282814415843,0.0022248072783885853,0.48395799389390876
2014-08-04,0.0024051512661735774,0.0024051512661735774,0.0
2014-08-05,-0.004610800936734161,-0.004610800936734161,0.0
2014-08-06,-0.0005083994864727437,-0.0005083994864727437,0.0
2014-08-07,-0.0012735727286935505,-0.0012735727286935505,0.0
2014-08-08,0.002912959702516371,0.002912959702516371,0.0
2014-08-11,0.0036306502876699565,0.0036306502876699565,0.0
2014-08-12,-0.0016875008084239473,-0.0016875008084239473,0.0
2014-08-13,0.004218192161439038,0.004218192161439038,0.0
2014-08-14,0.003656762150409776,0.003656762150409776,0.0
2014-08-15,0.002260380524768957,0.002260380524768957,0.0
2014-08-18,0.00265560976476098,0.00265560976476098,0.0
2014-08-19,3.794329844541977e-05,3.794329844541977e-05,0.0
2014-08-20,-0.0023956920489223155,-0.0023956920489223155,0.0
2014-08-21,0.0014450216672341476,0.0014450216672341476,0.0
2014-08-22,-0.0015616798154839406,-0.0015616798154839406,0.0
2014-08-25,0.001381348783703773,0.001381348783703773,0.0
2014-08-26,0.0010382405309383724,0.0010382405309383724,0.0
2014-08-27,0.0017936559116693562,0.0017936559116693562,0.0
2014-08-28,-0.0011662620912130661,-0.0011662620912130661,0.0
2014-08-29,0.0006201217188668284,0.0006201217188668284,0.0
2014-09-02,0.0006206789700218263,0.0008581696352840673,0.47498133052469355
2014-09-03,0.00022385983544870314,0.00022385983544870314,0.0
2014-09-04,-0.001979088521673722,-0.001979088521673722,0.0
2014-09-05,0.001523143198680188,0.001523143198680188,0.0
2014-09-08,-0.0016760878156294456,-0.0016760878156294456,0.0
2014-09-09,-0.004636819557805594,-0.004636819557805594,0.0
2014-09-10,0.00010495118372033652,0.00010495118372033652,0.0
2014-09-11,-5.9095170281020515e-05,-5.9095170281020515e-05,0.0
2014-09-12,-0.0051939287424264124,-0.0051939287424264124,0.0
2014-09-15,-0.0016394921211670965,-0.0016394921211670965,0.0
2014-09-16,0.0022017113187455806,0.0022017113187455806,0.0
2014-09-17,-0.0009085677978857287,-0.0009085677978857287,0.0
2014-09-18,0.001985028171101133,0.001985028171101133,0.0
2014-09-19,0.0017044617731269973,0.0017044617731269973,0.0
2014-09-22,-0.002182873617413872,-0.002182873617413872,0.0
2014-09-23,-0.0016948980237246891,-0.0016948980237246891,0.0
2014-09-24,0.0017918815834356838,0.0017918815834356838,0.0
2014-09-25,-0.004320730845147058,-0.004320730845147058,0.0
2014-09-26,0.002056107934534479,0.002056107934534479,0.0
2014-09-29,-0.002553214018137906,-0.002553214018137906,0.0
2014-09-30,0.0019363437202251088,0.0019363437202251088,0.0
2014-10-01,-0.0011466963610176073,-0.0008950019524431863,0.5033888171490227
2014-10-02,-0.0024907169479175817,-0.0024907169479175817,0.0
2014-10-03,0.007757108640183752,0.007757108640183752,0.0
2014-10-06,-0.0033910652186180945,-0.0033910652186180945,0.0
2014-10-07,-0.0021409413901359864,-0.0021409413901359864,0.0
2014-10-08,0.0061883953085148935,0.0061883953085148935,0.0
2014-10-09,-0.00558348276493259,-0.00558348276493259,0.0
2014-10-10,-0.0017496001179119203,-0.0017496001179119203,0.0
2014-10-13,-0.0029820240227550476,-0.0029820240227550476,0.0
2014-10-14,0.005445713377010275,0.005445713377010275,0.0
2014-10-15,-0.0014666158350926661,-0.0014666158350926661,0.0
2014-10-16,-0.001281175654978317,-0.001281175654978317,0.0
2014-10-17,0.0023682664246114093,0.0023682664246114093,0.0
2014-10-20,0.004097336550187292,0.004097336550187292,0.0
2014-10-21,0.004395631050936766,0.004395631050936766,0.0
2014-10-22,0.0004194351431086041,0.0004194351431086041,0.0
2014-10-23,0.0019717152372917823,0.0019717152372917823,0.0
2014-10-24,0.0011517893375705412,0.0011517893375705412,0.0
2014-10-27,-8.440836687562125e-05,-8.440836687562125e-05,0.0
2014-10-28,0.0020604502580174877,0.0020604502580174877,0.0
2014-10-29,0.0003164803592561327,0.0003164803592561327,0.0
2014-10-30,0.004367995859641427,0.004367995859641427,0.0
2014-10-31,0.00999218632011889,0.00999218632011889,0.0
2014-11-03,0.0027308926887847917,0.0028817406061021344,0.30169583463490973
2014-11-04,-0.0007061604503996177,-0.0007061604503996177,0.0
2014-11-05,0.0019373764452672582,0.0019373764452672582,0.0
2014-11-06,-0.00048624980770550774,-0.00048624980770550774,0.0
2014-11-07,-7.540763444990883e-05,-7.540763444990883e-05,0.0
2014-11-10,0.0014920730728196219,0.0014920730728196219,0.0
2014-11-11,-0.0005164594064542838,-0.0005164594064542838,0.0
2014-11-12,0.00040377436808913814,0.00040377436808913814,0.0
2014-11-13,0.0019402668797248168,0.0019402668797248168,0.0
2014-11-14,-0.001948700021548011,-0.001948700021548011,0.0
2014-11-17,-0.0011531272218773259,-0.0011531272218773259,0.0
2014-11-18,0.0006873043233137643,0.0006873043233137643,0.0
2014-11-19,-0.0017500596552620928,-0.0017500596552620928,0.0
2014-11-20,-0.00023048062771147126,-0.00023048062771147126,0.0
2014-11-21,0.0036684598029741444,0.0036684598029741444,0.0
2014-11-24,0.0019622964937116016,0.0019622964937116016,0.0
2014-11-25,0.0011643559947873694,0.0011643559947873694,0.0
2014-11-26,0.002534698848513983,0.002534698848513983,0.0
2014-11-28,0.006648826336814739,0.006648826336814739,0.0
2014-12-01,-0.007124251739433762,-0.007052604711117461,0.1432940566328924
2014-12-02,0.0015233700975545439,0.0015233700975545439,0.0
2014-12-03,0.0008243688339044652,0.0008243688339044652,0.0
2014-12-04,0.001909449429133625,0.001909449429133625,0.0
2014-12-05,-0.0001673132241692965,-0.0001673132241692965,0.0
2014-12-08,0.00041450933230580134,0.00041450933230580134,0.0
2014-12-09,-0.001771154250128637,-0.001771154250128637,0.0
2014-12-10,-0.0018829704870071406,-0.0018829704870071406,0.0
2014-12-11,0.0012193717285342576,0.0012193717285342576,0.0
2014-12-12,-0.0007807876361077826,-0.0007807876361077826,0.0
2014-12-15,0.00027844783281461005,0.00027844783281461005,0.0
2014-12-16,-5.602148016248254e-05,-5.602148016248254e-05,0.0
2014-12-17,0.004862357343133006,0.004862357343133006,0.0
2014-12-18,0.0020300396947325883,0.0020300396947325883,0.0
2014-12-19,0.0016205695398037179,0.0016205695398037179,0.0
2014-12-22,0.004460410375723978,0.004460410375723978,0.0
2014-12-23,-0.004044502171881348,-0.004044502171881348,0.0
2014-12-24,0.0010015946642076834,0.0010015946642076834,0.0
2014-12-26,0.0010161488947690867,0.0010161488947690867,0.0
2014-12-29,0.00318876034409743,0.00318876034409743,0.0
2014-12-30,-0.0022097214543992383,-0.0022097214543992383,0.0
2014-12-31,0.0005366878933465991,0.0005366878933465991,0.0
2015-01-02,0.004754920393332807,0.0048830884602939495,0.25633613392226623
2015-01-05,0.002707409241220038,0.002707409241220038,0.0
2015-01-06,0.0017302382771975378,0.0017302382771975378,0.0
2015-01-07,0.001787256108146007,0.001787256108146007,0.0
2015-01-08,-2.542010316486376e-05,-2.542010316486376e-05,0.0
2015-01-09,0.0006381807635358339,0.0006381807635358339,0.0
2015-01-12,0.00135851623836869,0.00135851623836869,0.0
2015-01-13,-0.0007045260957067034,-0.0007045260957067034,0.0
2015-01-14,0.00042670976939840344,0.00042670976939840344,0.0
2015-01-15,0.0025899317683342193,0.0025899317683342193,0.0
2015-01-16,-0.003460757932243097,-0.003460757932243097,0.0
2015-01-20,0.001147746458929566,0.001147746458929566,0.0
2015-01-21,-0.0027929797870228645,-0.0027929797870228645,0.0
2015-01-22,0.0028593356968740213,0.0028593356968740213,0.0
2015-01-23,0.004035655389080572,0.004035655389080572,0.0
2015-01-26,0.0001372902317400282,0.0001372902317400282,0.0
2015-01-27,-0.0029173332408934938,-0.0029173332408934938,0.0
2015-01-28,0.003485954980781969,0.003485954980781969,0.0
2015-01-29,0.0008617962536972001,0.0008617962536972001,0.0
2015-01-30,0.0006923373247940123,0.0006923373247940123,0.0
2015-02-02,-0.0007302714607739791,-0.0005857844186114569,0.28897408432511235
2015-02-03,-0.004111905180724351,-0.004111905180724351,0.0
2015-02-04,0.0022599640319571623,0.0022599640319571623,0.0
2015-02-05,-0.0018757742622582674,-0.0018757742622582674,0.0
2015-02-06,-0.003810654510107092,-0.003810654510107092,0.0
2015-02-09,-0.001911877929449024,-0.001911877929449024,0.0
2015-02-10,0.0016311924741265749,0.0016311924741265749,0.0
2015-02-11,0.0011951528195950356,0.0011951528195950356,0.0
2015-02-12,-0.0013052289481055857,-0.0013052289481055857,0.0
2015-02-13,-0.0020608867032086975,-0.0020608867032086975,0.0
2015-02-17,-0.0018717498692568668,-0.0018717498692568668,0.0
2015-02-18,0.0023674097787453885,0.0023674097787453885,0.0
2015-02-19,-0.000971061354702818,-0.000971061354702818,0.0
2015-02-20,0.0014754462904369436,0.0014754462904369436,0.0
2015-02-23,0.0025304062516045,0.0025304062516045,0.0
2015-02-24,0.0013967006963477857,0.0013967006963477857,0.0
2015-02-25,-1.4080895177515096e-05,-1.4080895177515096e-05,0.0
2015-02-26,3.381532374180374e-05,3.381532374180374e-05,0.0
2015-02-27,0.0006266096277207645,0.0006266096277207645,0.0
2015-03-02,-5.8469206941969e-05,5.79235872517625e-05,0.23278558838754043
2015-03-03,-0.0013525100113228605,-0.0013525100113228605,0.0
2015-03-04,-7.909857249577268e-05,-7.909857249577268e-05,0.0
2015-03-05,0.0015960379952510984,0.0015960379952510984,0.0
2015-03-06,-0.0023757474304143544,-0.0023757474304143544,0.0
2015-03-09,0.0018896245708166504,0.0018896245708166504,0.0
2015-03-10,0.0007573617135341326,0.0007573617135341326,0.0
2015-03-11,0.0028206435684672293,0.0028206435684672293,0.0
2015-03-12,0.001738421856544381,0.001738421856544381,0.0
2015-03-13,0.00167284448039684,0.00167284448039684,0.0
2015-03-16,0.0011727373772014715,0.0011727373772014715,0.0
2015-03-17,0.00113871513890218,0.00113871513890218,0.0
2015-03-18,0.001594240795683488,0.001594240795683488,0.0
2015-03-19,0.0008089065074454727,0.0008089065074454727,0.0
2015-03-20,-0.0007366761697183977,-0.0007366761697183977,0.0
2015-03-23,-0.0024183379358609924,-0.0024183379358609924,0.0
2015-03-24,0.001227439991693613,0.001227439991693613,0.0
2015-03-25,-0.0040865434232939535,-0.0040865434232939535,0.0
2015-03-26,-0.0023298339900950094,-0.0023298339900950094,0.0
2015-03-27,0.0033670939932588517,0.0033670939932588517,0.0
2015-03-30,0.003583095343854925,0.003583095343854925,0.0
2015-03-31,0.0005163722435697071,0.0005163722435697071,0.0
2015-04-01,-0.0005979951919832249,-0.0005483109923322127,0.09936839930202705
2015-04-02,-0.000996381075986319,-0.000996381075986319,0.0
2015-04-06,0.0002262568177151536,0.0002262568177151536,0.0
2015-04-07,0.0012861217528654656,0.0012861217528654656,0.0
2015-04-08,0.0034713356926479033,0.0034713356926479033,0.0
2015-04-09,0.001155890508409918,0.001155890508409918,0.0
2015-04-10,-0.0004365611371830447,-0.0004365611371830447,0.0
2015-04-13,0.001143049574232613,0.001143049574232613,0.0
2015-04-14,-0.0003855533930565702,-0.0003855533930565702,0.0
2015-04-15,-0.0006660827832458693,-0.0006660827832458693,0.0
2015-04-16,-0.000537578862607857,-0.000537578862607857,0.0
2015-04-17,-0.0019546742877075696,-0.0019546742877075696,0.0
2015-04-20,0.002244550016344826,0.002244550016344826,0.0
2015-04-21,0.0009456266448506501,0.0009456266448506501,0.0
2015-04-22,-7.773212374329042e-05,-7.773212374329042e-05,0.0
2015-04-23,-0.0013763941409103975,-0.0013763941409103975,0.0
2015-04-24,0.0010925935235945872,0.0010925935235945872,0.0
2015-04-27,-0.0012395930190604032,-0.0012395930190604032,0.0
2015-04-28,-0.002534591677828546,-0.002534591677828546,0.0
2015-04-29,-0.003924665484985712,-0.003924665484985712,0.0
2015-04-30,-0.002536592733167309,-0.002536592733167309,0.0
2015-05-01,0.001766449485475441,0.001859578589595401,0.18625820824008232
2015-05-04,-0.0003040628207140461,-0.0003040628207140461,0.0
2015-05-05,-0.0059029897523490416,-0.0059029897523490416,0.0
2015-05-06,-0.00406557881179026,-0.00406557881179026,0.0
2015-05-07,0.0035337032792199796,0.0035337032792199796,0.0
2015-05-08,0.0049433746279941015,0.0049433746279941015,0.0
2015-05-11,-0.004163805801805642,-0.004163805801805642,0.0
2015-05-12,-0.0019844242124603673,-0.0019844242124603673,0.0
2015-05-13,-0.0022963739656675086,-0.0022963739656675086,0.0
2015-05-14,0.0024266550278724264,0.0024266550278724264,0.0
2015-05-15,0.0027426929936811284,0.0027426929936811284,0.0
2015-05-18,-0.0005495741777963303,-0.0005495741777963303,0.0
2015-05-19,0.0022305195385614596,0.0022305195385614596,0.0
2015-05-20,0.0009252458290427423,0.0009252458290427423,0.0
2015-05-21,0.0012865225335563224,0.0012865225335563224,0.0
2015-05-22,0.0018639776375015682,0.0018639776375015682,0.0
2015-05-26,0.0024661266449836905,0.0024661266449836905,0.0
2015-05-27,0.003197956365883714,0.003197956365883714,0.0
2015-05-28,-0.00171564879185504,-0.00171564879185504,0.0
2015-05-29,-0.0017522158353842077,-0.0017522158353842077,0.0
2015-06-01,0.0006995179413769037,0.0008574006877579698,0.3157654927618977
2015-06-02,-0.004964611196827562,-0.004964611196827562,0.0
2015-06-03,-0.00045430250439004727,-0.00045430250439004727,0.0
2015-06-04,0.0013454923896745186,0.0013454923896745186,0.0
2015-06-05,-1.8571486591456576e-05,-1.8571486591456576e-05,0.0
2015-06-08,-0.0025170106264240655,-0.0025170106264240655,0.0
2015-06-09,-0.002276518608988143,-0.002276518608988143,0.0
2015-06-10,-0.0014806862527614317,-0.0014806862527614317,0.0
2015-06-11,0.003978177517805603,0.003978177517805603,0.0
2015-06-12,-0.0003268426488608478,-0.0003268426488608478,0.0
2015-06-15,-0.0003561907010176668,-0.0003561907010176668,0.0
2015-06-16,0.0010242928316492872,0.0010242928316492872,0.0
2015-06-17,-0.00106025454338865,-0.00106025454338865,0.0
2015-06-18,0.00026904442678188367,0.00026904442678188367,0.0
2015-06-19,0.0017540471420198767,0.0017540471420198767,0.0
2015-06-22,-0.0013106280906476364,-0.0013106280906476364,0.0
2015-06-23,0.00090256284746415,0.00090256284746415,0.0
2015-06-24,-0.00011432988203430305,-0.00011432988203430305,0.0
2015-06-25,-0.0012134836667974103,-0.0012134836667974103,0.0
2015-06-26,-0.0017957193934488025,-0.0017957193934488025,0.0
2015-06-29,-0.0015046321886226233,-0.0015046321886226233,0.0
2015-06-30,-0.0005722344663475765,-0.0005722344663475765,0.0
2015-07-01,0.0032180012906268818,0.0033765548660875666,0.31710715092175035
2015-07-02,-0.00013156318060947303,-0.00013156318060947303,0.0
2015-07-06,0.004165956994204301,0.004165956994204301,0.0
2015-07-07,0.0030102498166053593,0.0030102498166053593,0.0
2015-07-08,-0.0012434367305145244,-0.0012434367305145244,0.0
2015-07-09,-0.00211812104324538,-0.00211812104324538,0.0
2015-07-10,-0.0018338326289425444,-0.0018338326289425444,0.0
2015-07-13,0.0021980100998688634,0.0021980100998688634,0.0
2015-07-14,0.0009991686054420246,0.0009991686054420246,0.0
2015-07-15,0.002731114929867884,0.002731114929867884,0.0
2015-07-16,0.002217568222933286,0.002217568222933286,0.0
2015-07-17,0.0024664628163917346,0.0024664628163917346,0.0
2015-07-20,0.0026552877162584476,0.0026552877162584476,0.0
2015-07-21,-0.0008562140626856563,-0.0008562140626856563,0.0
2015-07-22,0.0027835510877356473,0.0027835510877356473,0.0
2015-07-23,0.0009889153764650604,0.0009889153764650604,0.0
2015-07-24,0.000624910895669295,0.000624910895669295,0.0
2015-07-27,0.0012331239636045321,0.0012331239636045321,0.0
2015-07-28,-0.0009612480281081526,-0.0009612480281081526,0.0
2015-07-29,-0.0004426385981046721,-0.0004426385981046721,0.0
2015-07-30,0.0011131713995440329,0.0011131713995440329,0.0
2015-07-31,0.0016160219611409676,0.0016160219611409676,0.0
2015-08-03,0.002519678042923079,0.0026629826430255576,0.2866092002051914
2015-08-04,-0.001515199827815672,-0.001515199827815672,0.0
2015-08-05,0.0005012124564700571,0.0005012124564700571,0.0
2015-08-06,-0.0007022560557743418,-0.0007022560557743418,0.0
2015-08-07,-0.00014166912224122807,-0.00014166912224122807,0.0
2015-08-10,-0.002646495228574075,-0.002646495228574075,0.0
2015-08-11,0.0015435189248795833,0.0015435189248795833,0.0
2015-08-12,-0.0009996655425847933,-0.0009996655425847933,0.0
2015-08-13,0.0005740578529260798,0.0005740578529260798,0.0
2015-08-14,0.0012929669924182097,0.0012929669924182097,0.0
2015-08-17,0.002410586393034597,0.002410586393034597,0.0
2015-08-18,-0.00016905305807946025,-0.00016905305807946025,0.0
2015-08-19,-0.0006625987117320209,-0.0006625987117320209,0.0
2015-08-20,-0.005394088986911183,-0.005394088986911183,0.0
2015-08-21,-0.0027895762727907503,-0.0027895762727907503,0.0
2015-08-24,-0.0056895584716857295,-0.0056895584716857295,0.0
2015-08-25,-0.0013523703996488612,-0.0013523703996488612,0.0
2015-08-26,0.007018174306754554,0.007018174306754554,0.0
2015-08-27,0.0005965818811275447,0.0005965818811275447,0.0
2015-08-28,-0.0009593049674678777,-0.0009593049674678777,0.0
2015-08-31,-0.004329756197953394,-0.004329756197953394,0.0
2015-09-01,-0.0010185875586609106,-0.0007720186461049883,0.49313782511189724
2015-09-02,0.0009451459064508949,0.0009451459064508949,0.0
2015-09-03,-0.0002270579579560783,-0.0002270579579560783,0.0
2015-09-04,0.0015951599538299721,0.0015951599538299721,0.0
2015-09-08,-0.001741688682709186,-0.001741688682709186,0.0
2015-09-09,0.0008955632655716084,0.0008955632655716084,0.0
2015-09-10,-0.0009724044283142552,-0.0009724044283142552,0.0
2015-09-11,-9.416533487238699e-05,-9.416533487238699e-05,0.0
2015-09-14,0.00010964670278568178,0.00010964670278568178,0.0
2015-09-15,0.0004986489774434499,0.0004986489774434499,0.0
2015-09-16,-0.003155287443712629,-0.003155287443712629,0.0
2015-09-17,-0.00104307497230971,-0.00104307497230971,0.0
2015-09-18,0.002623636815384245,0.002623636815384245,0.0
2015-09-21,0.00023279874837744963,0.00023279874837744963,0.0
2015-09-22,0.002956876703581024,0.002956876703581024,0.0
2015-09-23,0.001137199762481833,0.001137199762481833,0.0
2015-09-24,-0.0013547466660406293,-0.0013547466660406293,0.0
2015-09-25,0.00015452628762036014,0.00015452628762036014,0.0
2015-09-28,0.003321968792916019,0.003321968792916019,0.0
2015-09-29,-0.0011398825416895075,-0.0011398825416895075,0.0
2015-09-30,-3.274467905034495e-05,-3.274467905034495e-05,0.0
2015-10-01,0.00027051896141405685,0.00043914798065958216,0.3372580384910755
2015-10-02,-0.0026513380439655565,-0.0026513380439655565,0.0
2015-10-05,-0.0034579168145667527,-0.0034579168145667527,0.0
2015-10-06,-0.0029412770591970006,-0.0029412770591970006,0.0
2015-10-07,-0.0017752486405112622,-0.0017752486405112622,0.0
2015-10-08,-0.0016359004985108117,-0.0016359004985108117,0.0
2015-10-09,-0.0010139701593459005,-0.0010139701593459005,0.0
2015-10-12,0.0016024943571464334,0.0016024943571464334,0.0
2015-10-13,0.0010475949755954783,0.0010475949755954783,0.0
2015-10-14,-0.0011887426240433374,-0.0011887426240433374,0.0
2015-10-15,-0.0003880509786519104,-0.0003880509786519104,0.0
2015-10-16,0.0006903814820049536,0.0006903814820049536,0.0
2015-10-19,0.0023624200914429405,0.0023624200914429405,0.0
2015-10-20,-0.0011923996503684364,-0.0011923996503684364,0.0
2015-10-21,0.002230434186703878,0.002230434186703878,0.0
2015-10-22,0.0007579000130528701,0.0007579000130528701,0.0
2015-10-23,-0.00024111838871665459,-0.00024111838871665459,0.0
2015-10-26,0.000863581025016158,0.000863581025016158,0.0
2015-10-27,0.0010883881922794103,0.0010883881922794103,0.0
2015-10-28,-0.0002713782603642745,-0.0002713782603642745,0.0
2015-10-29,-0.0002565958188459616,-0.0002565958188459616,0.0
2015-10-30,-0.0007670692860615169,-0.0007670692860615169,0.0
2015-11-02,5.457510662054688e-06,6.639782950235151e-05,0.121880637680961
2015-11-03,-0.0009618218708014048,-0.0009618218708014048,0.0
2015-11-04,0.0022745401965300616,0.0022745401965300616,0.0
2015-11-05,0.0012862486534499507,0.0012862486534499507,0.0
2015-11-06,0.0015657346294888352,0.0015657346294888352,0.0
2015-11-09,0.0007685158945878179,0.0007685158945878179,0.0
2015-11-10,0.001917488128091227,0.001917488128091227,0.0
2015-11-11,-0.0006314147203897447,-0.0006314147203897447,0.0
2015-11-12,0.0001065485128026733,0.0001065485128026733,0.0
2015-11-13,0.002091837418030984,0.002091837418030984,0.0
2015-11-16,0.00031961942527769516,0.00031961942527769516,0.0
2015-11-17,0.001068402556559711,0.001068402556559711,0.0
2015-11-18,0.00013001846702898057,0.00013001846702898057,0.0
2015-11-19,-0.0014594088359872748,-0.0014594088359872748,0.0
2015-11-20,0.0007865180566528629,0.0007865180566528629,0.0
2015-11-23,0.0008846180685526672,0.0008846180685526672,0.0
2015-11-24,-0.0011073059267175944,-0.0011073059267175944,0.0
2015-11-25,0.0012338613699105494,0.0012338613699105494,0.0
2015-11-27,0.0025749887223667223,0.0025749887223667223,0.0
2015-11-30,0.0002737563960506506,0.0002737563960506506,0.0
2015-12-01,-0.001263991418510857,-0.0010897718329740957,0.3484391710737799
2015-12-02,0.001629041842799328,0.001629041842799328,0.0
2015-12-03,-0.00647841157707596,-0.00647841157707596,0.0
2015-12-04,0.0017327314898307744,0.0017327314898307744,0.0
2015-12-07,0.004214614599846067,0.004214614599846067,0.0
2015-12-08,0.0010826277057962574,0.0010826277057962574,0.0
2015-12-09,-0.0030726307608025527,-0.0030726307608025527,0.0
2015-12-10,0.0023267422741548582,0.0023267422741548582,0.0
2015-12-11,0.0021005242762621723,0.0021005242762621723,0.0
2015-12-14,0.0015409680234359513,0.0015409680234359513,0.0
2015-12-15,-0.00016296576202534663,-0.00016296576202534663,0.0
2015-12-16,0.00014803315118183669,0.00014803315118183669,0.0
2015-12-17,0.0038563593746892,0.0038563593746892,0.0
2015-12-18,-0.003151391057685915,-0.003151391057685915,0.0
2015-12-21,-2.1249283541080466e-05,-2.1249283541080466e-05,0.0
2015-12-22,-0.0007198761002545906,-0.0007198761002545906,0.0
2015-12-23,-0.0021334012617291176,-0.0021334012617291176,0.0
2015-12-24,-0.0011623061301133664,-0.0011623061301133664,0.0
2015-12-28,0.002278010305639233,0.002278010305639233,0.0
2015-12-29,0.00012765555816840468,0.00012765555816840468,0.0
2015-12-30,0.0009277120629613833,0.0009277120629613833,0.0
2015-12-31,-0.0010617742235997651,-0.0010617742235997651,0.0
2016-01-04,0.0013010823035013441,0.001440610915393048,0.27905722378377085
2016-01-05,0.001440552963476005,0.001440552963476005,0.0
2016-01-06,0.0005124839110000057,0.0005124839110000057,0.0
2016-01-07,-0.0006194875821513568,-0.0006194875821513568,0.0
2016-01-08,0.0010074741520587072,0.0010074741520587072,0.0
2016-01-11,0.0047530111567000155,0.0047530111567000155,0.0
2016-01-12,-0.00038365181863719844,-0.00038365181863719844,0.0
2016-01-13,-0.000669342426327435,-0.000669342426327435,0.0
2016-01-14,0.0016095016951296337,0.0016095016951296337,0.0
2016-01-15,0.0019156228873438153,0.0019156228873438153,0.0
2016-01-19,0.000980361384646633,0.000980361384646633,0.0
2016-01-20,0.0003001230716821457,0.0003001230716821457,0.0
2016-01-21,-0.0002930302817867325,-0.0002930302817867325,0.0
2016-01-22,-0.0013036230508084445,-0.0013036230508084445,0.0
2016-01-25,0.000929749091129084,0.000929749091129084,0.0
2016-01-26,-0.00249333795552531,-0.00249333795552531,0.0
2016-01-27,-0.0011740220257687728,-0.0011740220257687728,0.0
2016-01-28,-0.0012365049682405704,-0.0012365049682405704,0.0
2016-01-29,0.0005580949784065314,0.0005580949784065314,0.0
2016-02-01,0.000516639883438863,0.00062046257348225,0.2076453800868832
2016-02-02,0.003916448788569893,0.003916448788569893,0.0
2016-02-03,-0.006435391170617977,-0.006435391170617977,0.0
2016-02-04,-0.0017035356328464202,-0.0017035356328464202,0.0
2016-02-05,0.0029851725082357117,0.0029851725082357117,0.0
2016-02-08,0.0015943349794702577,0.0015943349794702577,0.0
2016-02-09,0.0024876516165452944,0.0024876516165452944,0.0
2016-02-10,-0.0017071472651561947,-0.0017071472651561947,0.0
2016-02-11,3.9529535785121084e-05,3.9529535785121084e-05,0.0
2016-02-12,-0.0022191955255765894,-0.0022191955255765894,0.0
2016-02-16,0.0004520556327076708,0.0004520556327076708,0.0
2016-02-17,-0.00329482142364379,-0.00329482142364379,0.0
2016-02-18,-0.0011725625286548302,-0.0011725625286548302,0.0
2016-02-19,-0.0003044557637467138,-0.0003044557637467138,0.0
2016-02-22,-0.0027321347240237825,-0.0027321347240237825,0.0
2016-02-23,0.0013598758584909554,0.0013598758584909554,0.0
2016-02-24,-0.0007648975874058328,-0.0007648975874058328,0.0
2016-02-25,-0.001845292321043801,-0.001845292321043801,0.0
2016-02-26,0.0018934536557013715,0.0018934536557013715,0.0
2016-02-29,-0.0017822368074364991,-0.0017822368074364991,0.0
2016-03-01,-0.006556252995399303,-0.006356557181860345,0.39939162707791986
2016-03-02,-0.001989114612123699,-0.001989114612123699,0.0
2016-03-03,-0.0031345033184896343,-0.0031345033184896343,0.0
2016-03-04,-0.004475026557918538,-0.004475026557918538,0.0
2016-03-07,-0.0005961120797706165,-0.0005961120797706165,0.0
2016-03-08,0.0037845558885503117,0.0037845558885503117,0.0
2016-03-09,-0.002521734429342448,-0.002521734429342448,0.0
2016-03-10,-0.0019176028412215551,-0.0019176028412215551,0.0
2016-03-11,-0.0063363726889538174,-0.0063363726889538174,0.0
2016-03-14,0.0010573605855039858,0.0010573605855039858,0.0
2016-03-15,0.003350502579595238,0.003350502579595238,0.0
2016-03-16,-0.003776534076451954,-0.003776534076451954,0.0
2016-03-17,-0.004781712972008023,-0.004781712972008023,0.0
2016-03-18,-0.0003079138334151077,-0.0003079138334151077,0.0
2016-03-21,-0.0004473838917985473,-0.0004473838917985473,0.0
2016-03-22,-0.00018101271419712628,-0.00018101271419712628,0.0
2016-03-23,0.004924479072859089,0.004924479072859089,0.0
2016-03-24,0.001059502206218088,0.001059502206218088,0.0
2016-03-28,-0.0016695510378287315,-0.0016695510378287315,0.0
2016-03-29,-0.002497524531226092,-0.002497524531226092,0.0
2016-03-30,-0.0009221202837540465,-0.0009221202837540465,0.0
2016-03-31,0.0008042365755884795,0.0008042365755884795,0.0
2016-04-01,0.0027082627881303,0.0030826001706374395,0.7486747650144173
2016-04-04,0.002648459517381241,0.002648459517381241,0.0
2016-04-05,0.0029611555230462105,0.0029611555230462105,0.0
2016-04-06,-0.002047206006101643,-0.002047206006101643,0.0
2016-04-07,0.0032970943399841524,0.0032970943399841524,0.0
2016-04-08,-0.003907609311859295,-0.003907609311859295,0.0
2016-04-11,-0.001115074903563662,-0.001115074903563662,0.0
2016-04-12,-0.004330439502236438,-0.004330439502236438,0.0
2016-04-13,-0.0035374516766635278,-0.0035374516766635278,0.0
2016-04-14,-0.000862311823308759,-0.000862311823308759,0.0
2016-04-15,0.0023752497677731466,0.0023752497677731466,0.0
2016-04-18,-0.0005512107679727096,-0.0005512107679727096,0.0
2016-04-19,-0.0032203845139400222,-0.0032203845139400222,0.0
2016-04-20,-0.004172884784412911,-0.004172884784412911,0.0
2016-04-21,0.0003982761907546095,0.0003982761907546095,0.0
2016-04-22,-0.0009580779386928473,-0.0009580779386928473,0.0
2016-04-25,0.00047654444417855046,0.00047654444417855046,0.0
2016-04-26,-0.0022994539539329395,-0.0022994539539329395,0.0
2016-04-27,0.0012235096520738509,0.0012235096520738509,0.0
2016-04-28,0.004276240790011876,0.004276240790011876,0.0
2016-04-29,0.0012256205786653762,0.0012256205786653762,0.0
2016-05-02,-0.0005738691758492287,-0.00048434283934384315,0.17905267301078978
2016-05-03,0.004896146908504706,0.004896146908504706,0.0
2016-05-04,0.0009132649025087591,0.0009132649025087591,0.0
2016-05-05,0.0010373736442321757,0.0010373736442321757,0.0
2016-05-06,-0.0010913568675360308,-0.0010913568675360308,0.0
2016-05-09,0.0005158215195371074,0.0005158215195371074,0.0
2016-05-10,-0.003640762703106315,-0.003640762703106315,0.0
2016-05-11,0.0010878783599970188,0.0010878783599970188,0.0
2016-05-12,-0.002073575437649078,-0.002073575437649078,0.0
2016-05-13,0.0025517235010936723,0.0025517235010936723,0.0
2016-05-16,-0.0035050815512437383,-0.0035050815512437383,0.0
2016-05-17,0.00012055643702080232,0.00012055643702080232,0.0
2016-05-18,-0.005006843629728697,-0.005006843629728697,0.0
2016-05-19,0.0012571640983758403,0.0012571640983758403,0.0
2016-05-20,-0.0011941146438124717,-0.0011941146438124717,0.0
2016-05-23,0.0014348427419721421,0.0014348427419721421,0.0
2016-05-24,-0.003798650428511574,-0.003798650428511574,0.0
2016-05-25,-0.0014190428197924376,-0.0014190428197924376,0.0
2016-05-26,0.001131336529321736,0.001131336529321736,0.0
2016-05-27,-0.0022103263061317158,-0.0022103263061317158,0.0
2016-05-31,3.781248837020357e-05,3.781248837020357e-05,0.0
2016-06-01,7.442822325698373e-05,0.000177258421616866,0.20566039672001227
2016-06-02,0.0005898846062133423,0.0005898846062133423,0.0
2016-06-03,0.004928538879422462,0.004928538879422462,0.0
2016-06-06,-0.0034769711556579264,-0.0034769711556579264,0.0
2016-06-07,-0.0008057501403988532,-0.0008057501403988532,0.0
2016-06-08,-0.0013296944270538846,-0.0013296944270538846,0.0
2016-06-09,0.0019100568587722133,0.0019100568587722133,0.0
2016-06-10,0.0036250542910414296,0.0036250542910414296,0.0
2016-06-13,0.0028710718162343607,0.0028710718162343607,0.0
2016-06-14,-0.0001818502008709144,-0.0001818502008709144,0.0
2016-06-15,0.0020113707533786496,0.0020113707533786496,0.0
2016-06-16,0.0020908863629136576,0.0020908863629136576,0.0
2016-06-17,-0.002794670692711554,-0.002794670692711554,0.0
2016-06-20,-0.003418064111355257,-0.003418064111355257,0.0
2016-06-21,-0.0021805965991680276,-0.0021805965991680276,0.0
2016-06-22,0.0019068667043551368,0.0019068667043551368,0.0
2016-06-23,-0.004271203130354784,-0.004271203130354784,0.0
2016-06-24,0.010683290990953997,0.010683290990953997,0.0
2016-06-27,0.003691152315203672,0.003691152315203672,0.0
2016-06-28,-0.00149212014519029,-0.00149212014519029,0.0
2016-06-29,-0.003939779777863972,-0.003939779777863972,0.0
2016-06-30,0.0002978171745167124,0.0002978171745167124,0.0
2016-07-01,0.002718801190216391,0.002914497806580485,0.3913932327278018
2016-07-05,0.005199016292393166,0.005199016292393166,0.0
2016-07-06,0.0012004756639085734,0.0012004756639085734,0.0
2016-07-07,0.0010928942801573527,0.0010928942801573527,0.0
2016-07-08,0.0012883240906198523,0.0012883240906198523,0.0
2016-07-11,-0.003576121536784438,-0.003576121536784438,0.0
2016-07-12,-0.005118243093437114,-0.005118243093437114,0.0
2016-07-13,0.0025763628970492114,0.0025763628970492114,0.0
2016-07-14,-0.0032095270555592137,-0.0032095270555592137,0.0
2016-07-15,-0.0010860309593769824,-0.0010860309593769824,0.0
2016-07-18,-8.346073620102423e-05,-8.346073620102423e-05,0.0
2016-07-19,0.0020947895761322943,0.0020947895761322943,0.0
2016-07-20,-0.0015863237559795573,-0.0015863237559795573,0.0
2016-07-21,0.002743182487032536,0.002743182487032536,0.0
2016-07-22,-0.0005825946292996598,-0.0005825946292996598,0.0
2016-07-25,-0.0001348448557360049,-0.0001348448557360049,0.0
2016-07-26,0.00015698141098985374,0.00015698141098985374,0.0
2016-07-27,0.0031040022436417125,0.0031040022436417125,0.0
2016-07-28,0.0006993919628768275,0.0006993919628768275,0.0
2016-07-29,0.0023079520482451876,0.0023079520482451876,0.0
2016-08-01,-0.0014415457183776237,-0.0013193832946745143,0.244324847406258
2016-08-02,-0.0012843891780655037,-0.0012843891780655037,0.0
2016-08-03,-0.0005516652774756325,-0.0005516652774756325,0.0
2016-08-04,0.0011857083735140606,0.0011857083735140606,0.0
2016-08-05,-0.003119338628527535,-0.003119338628527535,0.0
2016-08-08,-0.000589003384454001,-0.000589003384454001,0.0
2016-08-09,0.002608364902316751,0.002608364902316751,0.0
2016-08-10,0.002102663272098182,0.002102663272098182,0.0
2016-08-11,-0.003217642809990373,-0.003217642809990373,0.0
2016-08-12,0.001001730984997229,0.001001730984997229,0.0
2016-08-15,-0.0014953547539054979,-0.0014953547539054979,0.0
2016-08-16,-0.0007447326424853129,-0.0007447326424853129,0.0
2016-08-17,0.0006844507516885479,0.0006844507516885479,0.0
2016-08-18,0.001251775902919361,0.001251775902919361,0.0
2016-08-19,-0.002250114605384046,-0.002250114605384046,0.0
2016-08-22,0.0006793791777335301,0.0006793791777335301,0.0
2016-08-23,0.0002328909061555251,0.0002328909061555251,0.0
2016-08-24,-0.0009349142904457874,-0.0009349142904457874,0.0
2016-08-25,-0.00027366920815652396,-0.00027366920815652396,0.0
2016-08-26,-0.0026884604566236314,-0.0026884604566236314,0.0
2016-08-29,0.003584281623597585,0.003584281623597585,0.0
2016-08-30,-0.0013881922873187902,-0.0013881922873187902,0.0
2016-08-31,0.00038098190337088056,0.00038098190337088056,0.0
2016-09-01,0.0011112056391329173,0.0012490573641670277,0.2757034500684047
2016-09-02,0.0017993405187315403,0.0017993405187315403,0.0
2016-09-06,0.005069215890215917,0.005069215890215917,0.0
2016-09-07,-0.0007003468814781311,-0.0007003468814781311,0.0
2016-09-08,-0.004420346895047,-0.004420346895047,0.0
2016-09-09,-0.009194997735743393,-0.009194997735743393,0.0
2016-09-12,0.0033163672166760527,0.0033163672166760527,0.0
2016-09-13,-0.006375213020362147,-0.006375213020362147,0.0
2016-09-14,0.0014970718924331994,0.0014970718924331994,0.0
2016-09-15,0.0029009635597678773,0.0029009635597678773,0.0
2016-09-16,-0.00102919190543449,-0.00102919190543449,0.0
2016-09-19,0.0007231423533713421,0.0007231423533713421,0.0
2016-09-20,0.00036833850644857336,0.00036833850644857336,0.0
2016-09-21,0.0065643614804142825,0.0065643614804142825,0.0
2016-09-22,0.0035759342348213874,0.0035759342348213874,0.0
2016-09-23,-0.0009564477656085479,-0.0009564477656085479,0.0
2016-09-26,-0.001770018094869208,-0.001770018094869208,0.0
2016-09-27,0.002508312239265509,0.002508312239265509,0.0
2016-09-28,0.0005238102082680829,0.0005238102082680829,0.0
2016-09-29,-0.003141932489300836,-0.003141932489300836,0.0
2016-09-30,-1.4412802381569279e-06,-1.4412802381569279e-06,0.0
2016-10-03,-0.002143700592222242,-0.002023545210160016,0.24031076412444344
2016-10-04,-0.007040917107687394,-0.007040917107687394,0.0
2016-10-05,-6.456100759921757e-05,-6.456100759921757e-05,0.0
2016-10-06,-0.00131518284065546,-0.00131518284065546,0.0
2016-10-07,0.0003483872835725599,0.0003483872835725599,0.0
2016-10-10,0.0009770413964902414,0.0009770413964902414,0.0
2016-10-11,-0.005152817945287991,-0.005152817945287991,0.0
2016-10-12,0.0006637374495694903,0.0006637374495694903,0.0
2016-10-13,-0.000513959361231997,-0.000513959361231997,0.0
2016-10-14,-0.0014241356654793869,-0.0014241356654793869,0.0
2016-10-17,0.0011029529248089975,0.0011029529248089975,0.0
2016-10-18,0.004143903747709343,0.004143903747709343,0.0
2016-10-19,0.0012163549868227097,0.0012163549868227097,0.0
2016-10-20,-3.0787729735415326e-05,-3.0787729735415326e-05,0.0
2016-10-21,0.0002209927245171439,0.0002209927245171439,0.0
2016-10-24,0.00011955764551596637,0.00011955764551596637,0.0
2016-10-25,-2.2089648580192467e-05,-2.2089648580192467e-05,0.0
2016-10-26,-0.00348242146136557,-0.00348242146136557,0.0
2016-10-27,-0.004185269247447887,-0.004185269247447887,0.0
2016-10-28,-0.00042890667754791334,-0.00042890667754791334,0.0
2016-10-31,0.0028941799559250025,0.0028941799559250025,0.0
2016-11-01,-0.0011151700357504568,-0.0008964740815732286,0.43739190835441016
2016-11-02,-0.00024784553168211154,-0.00024784553168211154,0.0
2016-11-03,-0.0014309261964572384,-0.0014309261964572384,0.0
2016-11-04,0.0015198832213263458,0.0015198832213263458,0.0
2016-11-07,0.0032431087635120814,0.0032431087635120814,0.0
2016-11-08,-0.0010464612752955071,-0.0010464612752955071,0.0
2016-11-09,-0.00611699373008312,-0.00611699373008312,0.0
2016-11-10,-0.004518878403713789,-0.004518878403713789,0.0
2016-11-11,-0.0020670063908800884,-0.0020670063908800884,0.0
2016-11-14,-0.0014660816356736328,-0.0014660816356736328,0.0
2016-11-15,0.0023147047747453797,0.0023147047747453797,0.0
2016-11-16,0.0014181377850936983,0.0014181377850936983,0.0
2016-11-17,-0.0018387270812415535,-0.0018387270812415535,0.0
2016-11-18,-0.0025758973439691246,-0.0025758973439691246,0.0
2016-11-21,0.00017906241319121108,0.00017906241319121108,0.0
2016-11-22,0.002483236812245604,0.002483236812245604,0.0
2016-11-23,-0.0028688361993943756,-0.0028688361993943756,0.0
2016-11-25,-0.0006271527806064325,-0.0006271527806064325,0.0
2016-11-28,0.0024877560870328885,0.0024877560870328885,0.0
2016-11-29,0.0012703845031392103,0.0012703845031392103,0.0
2016-11-30,-0.005259974127394318,-0.005259974127394318,0.0
2016-12-01,-0.005935168782250422,-0.005770698784829276,0.3289399948424049
2016-12-02,0.002247992689955236,0.002247992689955236,0.0
2016-12-05,0.00010042550091093894,0.00010042550091093894,0.0
2016-12-06,0.0012411443113831133,0.0012411443113831133,0.0
2016-12-07,0.0033012796693825397,0.0033012796693825397,0.0
2016-12-08,0.002255697898129183,0.002255697898129183,0.0
2016-12-09,-0.000992724249742838,-0.000992724249742838,0.0
2016-12-12,-0.002926438702279155,-0.002926438702279155,0.0
2016-12-13,0.0011489381467058024,0.0011489381467058024,0.0
2016-12-14,-0.005617115980076748,-0.005617115980076748,0.0
2016-12-15,-0.0008326784886412142,-0.0008326784886412142,0.0
2016-12-16,-0.000785159849362671,-0.000785159849362671,0.0
2016-12-19,0.0024319542509925185,0.0024319542509925185,0.0
2016-12-20,0.0010984775307736339,0.0010984775307736339,0.0
2016-12-21,-0.0006324663806708264,-0.0006324663806708264,0.0
2016-12-22,0.00011430314598914748,0.00011430314598914748,0.0
2016-12-23,0.0010914175463849762,0.0010914175463849762,0.0
2016-12-27,1.6323412268981485e-05,1.6323412268981485e-05,0.0
2016-12-28,0.0012237991717034546,0.0012237991717034546,0.0
2016-12-29,0.0017564053678991165,0.0017564053678991165,0.0
2016-12-30,-0.0009190501935634199,-0.0009190501935634199,0.0
2017-01-03,0.003011922686303903,0.0031660701297056004,0.30829488680349787
2017-01-04,0.003341214232557954,0.003341214232557954,0.0
2017-01-05,0.0035996688913415564,0.0035996688913415564,0.0
2017-01-06,-0.0021952430490067565,-0.0021952430490067565,0.0
2017-01-09,0.0002869392124584813,0.0002869392124584813,0.0
2017-01-10,0.00016281785596850007,0.00016281785596850007,0.0
2017-01-11,0.003135324691948993,0.003135324691948993,0.0
2017-01-12,0.0003764610103722532,0.0003764610103722532,0.0
2017-01-13,-0.0006164840953327699,-0.0006164840953327699,0.0
2017-01-17,0.0009221470689544375,0.0009221470689544375,0.0
2017-01-18,-0.0030655809684073665,-0.0030655809684073665,0.0
2017-01-19,-0.002451752356944392,-0.002451752356944392,0.0
2017-01-20,0.0020696776160056274,0.0020696776160056274,0.0
2017-01-23,0.003093889484248269,0.003093889484248269,0.0
2017-01-24,0.0001316223061134103,0.0001316223061134103,0.0
2017-01-25,0.0001078461240020534,0.0001078461240020534,0.0
2017-01-26,0.0006872227123988495,0.0006872227123988495,0.0
2017-01-27,-0.00010120368143051728,-0.00010120368143051728,0.0
2017-01-30,-0.0015982012738509077,-0.0015982012738509077,0.0
2017-01-31,0.0015121227403629423,0.0015121227403629423,0.0
2017-02-01,-3.3717014255030264e-06,0.00020185346368073454,0.4104503302121974
2017-02-02,0.0009471547164743299,0.0009471547164743299,0.0
2017-02-03,0.0015251254837835848,0.0015251254837835848,0.0
2017-02-06,0.00034240878268598784,0.00034240878268598784,0.0
2017-02-07,-0.0008063872495751578,-0.0008063872495751578,0.0
2017-02-08,0.001861710327253574,0.001861710327253574,0.0
2017-02-09,0.0014682042912135262,0.0014682042912135262,0.0
2017-02-10,0.0028653424974958153,0.0028653424974958153,0.0
2017-02-13,0.00035071713503076474,0.00035071713503076474,0.0
2017-02-14,0.00035664276401803363,0.00035664276401803363,0.0
2017-02-15,0.002192982632351903,0.002192982632351903,0.0
2017-02-16,-0.000571810161773878,-0.000571810161773878,0.0
2017-02-17,0.0005483556819247948,0.0005483556819247948,0.0
2017-02-21,0.003241815630226741,0.003241815630226741,0.0
2017-02-22,-9.562192204970454e-05,-9.562192204970454e-05,0.0
2017-02-23,0.0004634891251840134,0.0004634891251840134,0.0
2017-02-24,-0.0006361587590656415,-0.0006361587590656415,0.0
2017-02-27,-0.0010880938843041976,-0.0010880938843041976,0.0
2017-02-28,-0.0014440146147048916,-0.0014440146147048916,0.0
2017-03-01,0.004411509090942012,0.004567940280242988,0.3128623786019759
2017-03-02,-0.007020457293418492,-0.007020457293418492,0.0
2017-03-03,0.0009195413724505386,0.0009195413724505386,0.0
2017-03-06,-0.0018030361957124263,-0.0018030361957124263,0.0
2017-03-07,-0.0033614270166184568,-0.0033614270166184568,0.0
2017-03-08,-0.0055852512002649846,-0.0055852512002649846,0.0
2017-03-09,-0.0032734170820333253,-0.0032734170820333253,0.0
2017-03-10,0.0010819300996205428,0.0010819300996205428,0.0
2017-03-13,0.0019451973631237074,0.0019451973631237074,0.0
2017-03-14,-0.0028917680442833715,-0.0028917680442833715,0.0
2017-03-15,0.008984831999521603,0.008984831999521603,0.0
2017-03-16,-0.0001170198756338392,-0.0001170198756338392,0.0
2017-03-17,0.0003498904597551977,0.0003498904597551977,0.0
2017-03-20,0.000978270853474017,0.000978270853474017,0.0
2017-03-21,-0.006584223603363193,-0.006584223603363193,0.0
2017-03-22,0.0014318516163662753,0.0014318516163662753,0.0
2017-03-23,3.4274343925444484e-05,3.4274343925444484e-05,0.0
2017-03-24,0.0016336753759842448,0.0016336753759842448,0.0
2017-03-27,-0.0008044276127840977,-0.0008044276127840977,0.0
2017-03-28,0.0034871193115175725,0.0034871193115175725,0.0
2017-03-29,0.002512792407377562,0.002512792407377562,0.0
2017-03-30,0.0010092994990191784,0.0010092994990191784,0.0
2017-03-31,-0.00033199374275594273,-0.00033199374275594273,0.0
2017-04-03,0.000956115196059093,0.001053618131744427,0.19500587137046968
2017-04-04,0.0013460432927341337,0.0013460432927341337,0.0
2017-04-05,-0.0020374956870750083,-0.0020374956870750083,0.0
2017-04-06,0.0009063082371651987,0.0009063082371651987,0.0
2017-04-07,-0.00011838480664161377,-0.00011838480664161377,0.0
2017-04-10,0.000436168557466754,0.000436168557466754,0.0
2017-04-11,0.00059595288509251,0.00059595288509251,0.0
2017-04-12,-0.0007165384355549698,-0.0007165384355549698,0.0
2017-04-13,-0.0016085242355656781,-0.0016085242355656781,0.0
2017-04-17,0.003142612702767389,0.003142612702767389,0.0
2017-04-18,-0.0030758475560679344,-0.0030758475560679344,0.0
2017-04-19,-0.002288496924246153,-0.002288496924246153,0.0
2017-04-20,0.003989563193661727,0.003989563193661727,0.0
2017-04-21,-0.0013400188546939251,-0.0013400188546939251,0.0
2017-04-24,0.0030338963102327643,0.0030338963102327643,0.0
2017-04-25,0.0017805570284070704,0.0017805570284070704,0.0
2017-04-26,-0.0004476772885450009,-0.0004476772885450009,0.0
2017-04-27,-0.0003196487139245363,-0.0003196487139245363,0.0
2017-04-28,-0.0013956627237824426,-0.0013956627237824426,0.0
2017-05-01,0.0012530938191128715,0.0013896217387767695,0.27305583932771993
2017-05-02,0.0007323691935530174,0.0007323691935530174,0.0
2017-05-03,-0.0006936803571586658,-0.0006936803571586658,0.0
2017-05-04,-0.001321546201407231,-0.001321546201407231,0.0
2017-05-05,0.0027911599180170388,0.0027911599180170388,0.0
2017-05-08,-0.00036088557784785813,-0.00036088557784785813,0.0
2017-05-09,0.0024162081622598475,0.0024162081622598475,0.0
2017-05-10,0.0019992442234118,0.0019992442234118,0.0
2017-05-11,-0.000525222321588581,-0.000525222321588581,0.0
2017-05-12,-0.0003917315512781405,-0.0003917315512781405,0.0
2017-05-15,0.0018381696147946602,0.0018381696147946602,0.0
2017-05-16,-0.0011844721377813894,-0.0011844721377813894,0.0
2017-05-17,-0.008642312333656865,-0.008642312333656865,0.0
2017-05-18,-1.7164213959919294e-05,-1.7164213959919294e-05,0.0
2017-05-19,0.0026349600632133985,0.0026349600632133985,0.0
2017-05-22,0.0002340186848115433,0.0002340186848115433,0.0
2017-05-23,0.0022666135813882438,0.0022666135813882438,0.0
2017-05-24,0.0008345986248134984,0.0008345986248134984,0.0
2017-05-25,0.0017470742748868506,0.0017470742748868506,0.0
2017-05-26,-0.00034561163542712325,-0.00034561163542712325,0.0
2017-05-30,-0.000992693488676033,-0.000992693488676033,0.0
2017-05-31,-0.0011723107562304769,-0.0011723107562304769,0.0
2017-06-01,0.004840137688060908,0.00505572418603184,0.4311729959419389
2017-06-02,0.00422513943296976,0.00422513943296976,0.0
2017-06-05,-0.0015707672816008822,-0.0015707672816008822,0.0
2017-06-06,-0.0006429244273284951,-0.0006429244273284951,0.0
2017-06-07,0.000829036305926456,0.000829036305926456,0.0
2017-06-08,-2.2094090033397684e-05,-2.2094090033397684e-05,0.0
2017-06-09,-0.003382683065259795,-0.003382683065259795,0.0
2017-06-12,-0.0005603127206276204,-0.0005603127206276204,0.0
2017-06-13,0.0022097480849680995,0.0022097480849680995,0.0
2017-06-14,0.00013814311405058177,0.00013814311405058177,0.0
2017-06-15,-0.002954341716362996,-0.002954341716362996,0.0
2017-06-16,0.00011141330045250086,0.00011141330045250086,0.0
2017-06-19,0.00336019188675607,0.00336019188675607,0.0
2017-06-20,-0.0027462987878810186,-0.0027462987878810186,0.0
2017-06-21,0.0011934639848130146,0.0011934639848130146,0.0
2017-06-22,0.0019959770039092994,0.0019959770039092994,0.0
2017-06-23,0.001578357108408257,0.001578357108408257,0.0
2017-06-26,0.0006766287365631563,0.0006766287365631563,0.0
2017-06-27,-0.0035297723473787235,-0.0035297723473787235,0.0
2017-06-28,0.0038516560250634324,0.0038516560250634324,0.0
2017-06-29,-0.005685149506918008,-0.005685149506918008,0.0
2017-06-30,-0.0011373578318418787,-0.0011373578318418787,0.0
2017-07-03,-0.0012794116503743735,-0.00044583660333363806,1.6671500940813822
2017-07-05,0.0013079850489150502,0.0013079850489150502,0.0
2017-07-06,-0.0009563931991110053,-0.0009563931991110053,0.0
2017-07-07,0.0034888920912383714,0.0034888920912383714,0.0
2017-07-10,0.0005490399318117678,0.0005490399318117678,0.0
2017-07-11,0.0005369091248155211,0.0005369091248155211,0.0
2017-07-12,0.0022989012591860813,0.0022989012591860813,0.0
2017-07-13,0.0015299608844960844,0.0015299608844960844,0.0
2017-07-14,0.0007997801581578479,0.0007997801581578479,0.0
2017-07-17,-0.00117397706644351,-0.00117397706644351,0.0
2017-07-18,-0.00025452268885395313,-0.00025452268885395313,0.0
2017-07-19,0.00023065198420568755,0.00023065198420568755,0.0
2017-07-20,0.0020216475015544244,0.0020216475015544244,0.0
2017-07-21,-0.0007024117451480683,-0.0007024117451480683,0.0
2017-07-24,0.0007439148493135761,0.0007439148493135761,0.0
2017-07-25,0.0014976248379525714,0.0014976248379525714,0.0
2017-07-26,-0.0008782521616891303,-0.0008782521616891303,0.0
2017-07-27,-0.0016313694827096992,-0.0016313694827096992,0.0
2017-07-28,-0.000880520424709097,-0.000880520424709097,0.0
2017-07-31,0.00012430761159842874,0.00012430761159842874,0.0
2017-08-01,0.0013911005310809355,0.0020356277561646152,1.2890544501676502
2017-08-02,0.0004032505170168399,0.0004032505170168399,0.0
2017-08-03,-0.0018766835874834964,-0.0018766835874834964,0.0
2017-08-04,0.0011631993452665412,0.0011631993452665412,0.0
2017-08-07,0.0011027281141908762,0.0011027281141908762,0.0
2017-08-08,-0.002133063667647428,-0.002133063667647428,0.0
2017-08-09,-0.0032568259771120767,-0.0032568259771120767,0.0
2017-08-10,-0.00806766313483076,-0.00806766313483076,0.0
2017-08-11,0.0021766958928237656,0.0021766958928237656,0.0
2017-08-14,0.0031094744498609828,0.0031094744498609828,0.0
2017-08-15,0.001469769566687651,0.001469769566687651,0.0
2017-08-16,0.0006858596845733533,0.0006858596845733533,0.0
2017-08-17,-0.006373069505055784,-0.006373069505055784,0.0
2017-08-18,0.0027138268848609925,0.0027138268848609925,0.0
2017-08-21,-0.0003935645249939501,-0.0003935645249939501,0.0
2017-08-22,0.004091644715644938,0.004091644715644938,0.0
2017-08-23,0.0003454397692164157,0.0003454397692164157,0.0
2017-08-24,-0.00023559034886988517,-0.00023559034886988517,0.0
2017-08-25,0.0020988922905900154,0.0020988922905900154,0.0
2017-08-28,-0.001429659744531575,-0.001429659744531575,0.0
2017-08-29,0.000299233174117175,0.000299233174117175,0.0
2017-08-30,0.00032770790786784687,0.00032770790786784687,0.0
2017-08-31,0.0017867994695217604,0.0017867994695217604,0.0
2017-09-01,-0.00028939552128048884,-5.335572269782318e-05,0.47207959716551223
2017-09-05,-0.0026343322476068964,-0.0026343322476068964,0.0
2017-09-06,0.001860785491560657,0.001860785491560657,0.0
2017-09-07,0.0021914494093258075,0.0021914494093258075,0.0
2017-09-08,-0.0014190410276716525,-0.0014190410276716525,0.0
2017-09-11,0.003075396719332435,0.003075396719332435,0.0
2017-09-12,0.0016676412590981293,0.0016676412590981293,0.0
2017-09-13,-0.001691608279769219,-0.001691608279769219,0.0
2017-09-14,0.0005647020436259087,0.0005647020436259087,0.0
2017-09-15,0.0014057765427455404,0.0014057765427455404,0.0
2017-09-18,0.001601723823655199,0.001601723823655199,0.0
2017-09-19,0.0020101648570642894,0.0020101648570642894,0.0
2017-09-20,-0.0019137183830596483,-0.0019137183830596483,0.0
2017-09-21,-0.000890259850641284,-0.000890259850641284,0.0
2017-09-22,0.0007033047245696977,0.0007033047245696977,0.0
2017-09-25,-0.0027377036852160863,-0.0027377036852160863,0.0
2017-09-26,-0.00016588945909024044,-0.00016588945909024044,0.0
2017-09-27,0.0008269693837141823,0.0008269693837141823,0.0
2017-09-28,0.0006884316273472191,0.0006884316273472191,0.0
2017-09-29,0.001727493891321874,0.001727493891321874,0.0
2017-10-02,0.0014206779921834833,0.0016488196549591105,0.4562833255510614
2017-10-03,0.0033023509867859957,0.0033023509867859957,0.0
2017-10-04,0.0008698002382028225,0.0008698002382028225,0.0
2017-10-05,-0.0001101785172340497,-0.0001101785172340497,0.0
2017-10-06,-0.0013685825902978177,-0.0013685825902978177,0.0
2017-10-09,-0.001276163807621522,-0.001276163807621522,0.0
2017-10-10,0.002383749485815434,0.002383749485815434,0.0
2017-10-11,0.00014402922288780928,0.00014402922288780928,0.0
2017-10-12,-0.0016365493997424485,-0.0016365493997424485,0.0
2017-10-13,0.0013602756830033425,0.0013602756830033425,0.0
2017-10-16,0.0008010199457442191,0.0008010199457442191,0.0
2017-10-17,-2.4295807285912296e-05,-2.4295807285912296e-05,0.0
2017-10-18,0.0019281704904841046,0.0019281704904841046,0.0
2017-10-19,-0.001788439569513356,-0.001788439569513356,0.0
2017-10-20,0.0025849425078028343,0.0025849425078028343,0.0
2017-10-23,-0.0026296110377974635,-0.0026296110377974635,0.0
2017-10-24,0.002260684572742866,0.002260684572742866,0.0
2017-10-25,-0.0009525873938414087,-0.0009525873938414087,0.0
2017-10-26,-0.0009825379168064696,-0.0009825379168064696,0.0
2017-10-27,0.0029591661481387366,0.0029591661481387366,0.0
2017-10-30,-0.0022940232857969756,-0.0022940232857969756,0.0
2017-10-31,0.0013912069528145832,0.0013912069528145832,0.0
2017-11-01,-0.0012337006869699296,-0.00106310007484256,0.34120122425478727
2017-11-02,0.0009592710656782799,0.0009592710656782799,0.0
2017-11-03,8.354681443001333e-05,8.354681443001333e-05,0.0
2017-11-06,0.0017426098834631976,0.0017426098834631976,0.0
2017-11-07,-0.0014793712474074905,-0.0014793712474074905,0.0
2017-11-08,0.0012151833173523752,0.0012151833173523752,0.0
2017-11-09,-0.002427689198436389,-0.002427689198436389,0.0
2017-11-10,0.0008700930364118342,0.0008700930364118342,0.0
2017-11-13,-0.0007722876654016053,-0.0007722876654016053,0.0
2017-11-14,-0.0026963579402221605,-0.0026963579402221605,0.0
2017-11-15,-0.0033691786624421294,-0.0033691786624421294,0.0
2017-11-16,0.0071773845648501755,0.0071773845648501755,0.0
2017-11-17,-0.0014594782026584596,-0.0014594782026584596,0.0
2017-11-20,0.0020238235463434506,0.0020238235463434506,0.0
2017-11-21,0.004655413121793073,0.004655413121793073,0.0
2017-11-22,0.000403914142527384,0.000403914142527384,0.0
2017-11-24,0.0031718432458116563,0.0031718432458116563,0.0
2017-11-27,-0.0035848621304903627,-0.0035848621304903627,0.0
2017-11-28,0.00274895161373645,0.00274895161373645,0.0
2017-11-29,-0.0019469867856818368,-0.0019469867856818368,0.0
2017-11-30,0.0020805729045303423,0.0020805729045303423,0.0
2017-12-01,-5.195203317098773e-05,0.0004205784659709888,0.9450609982841646
2017-12-04,-0.0028974923361748672,-0.0028974923361748672,0.0
2017-12-05,-0.00039707067753858016,-0.00039707067753858016,0.0
2017-12-06,-0.0010158039140911734,-0.0010158039140911734,0.0
2017-12-07,3.021746869724673e-05,3.021746869724673e-05,0.0
2017-12-08,0.0023089155380284776,0.0023089155380284776,0.0
2017-12-11,0.0016224434545408783,0.0016224434545408783,0.0
2017-12-12,-0.00036566169433327467,-0.00036566169433327467,0.0
2017-12-13,0.00422391111932896,0.00422391111932896,0.0
2017-12-14,-0.0019460349087664364,-0.0019460349087664364,0.0
2017-12-15,0.0014654786478212056,0.0014654786478212056,0.0
2017-12-18,0.00326622798204812,0.00326622798204812,0.0
2017-12-19,-0.00522586303241479,-0.00522586303241479,0.0
2017-12-20,-0.0019821852549918306,-0.0019821852549918306,0.0
2017-12-21,0.0028813923720640844,0.0028813923720640844,0.0
2017-12-22,0.0015002179747150013,0.0015002179747150013,0.0
2017-12-26,0.0015545914270058692,0.0015545914270058692,0.0
2017-12-27,0.002874622990103548,0.002874622990103548,0.0
2017-12-28,0.0016902964144538402,0.0016902964144538402,0.0
2017-12-29,0.001461499766294061,0.001461499766294061,0.0
2018-01-02,0.0031049769310627084,0.003221172807277517,0.23239175242932195
2018-01-03,0.003767180125853198,0.003767180125853198,0.0
2018-01-04,0.0022759654208726054,0.0022759654208726054,0.0
2018-01-05,0.001419797759801833,0.001419797759801833,0.0
2018-01-08,0.00015195204171858379,0.00015195204171858379,0.0
2018-01-09,-0.003406775911756088,-0.003406775911756088,0.0
2018-01-10,0.0007746221561852895,0.0007746221561852895,0.0
2018-01-11,0.004865299505079301,0.004865299505079301,0.0
2018-01-12,0.005774635855787524,0.005774635855787524,0.0
2018-01-16,0.0003041426530334679,0.0003041426530334679,0.0
2018-01-17,0.001011176878753739,0.001011176878753739,0.0
2018-01-18,-0.002891982644342539,-0.002891982644342539,0.0
2018-01-19,0.0025020957293047097,0.0025020957293047097,0.0
2018-01-22,0.0028840111938690516,0.0028840111938690516,0.0
2018-01-23,0.005997628961705859,0.005997628961705859,0.0
2018-01-24,0.003639141054809558,0.003639141054809558,0.0
2018-01-25,-0.0007714887058413167,-0.0007714887058413167,0.0
2018-01-26,0.003965468685747764,0.003965468685747764,0.0
2018-01-29,-0.007716224618149803,-0.007716224618149803,0.0
2018-01-30,-0.006643798355251418,-0.006643798355251418,0.0
2018-01-31,0.0035630382029807617,0.0035630382029807617,0.0
2018-02-01,-0.004030940373016323,-0.003292975753353189,1.4759292393262167
2018-02-02,-0.010962006337646435,-0.010962006337646435,0.0
2018-02-05,-0.014079360166879162,-0.014079360166879162,0.0
2018-02-06,0.004768432355661156,0.004768432355661156,0.0
2018-02-07,-0.008021388656656692,-0.008021388656656692,0.0
2018-02-08,-0.013433164942210474,-0.013433164942210474,0.0
2018-02-09,0.0009496390029519741,0.0009496390029519741,0.0
2018-02-12,0.006554179817248151,0.006554179817248151,0.0
2018-02-13,0.0019604750693895667,0.0019604750693895667,0.0
2018-02-14,0.00801435902536407,0.00801435902536407,0.0
2018-02-15,0.007310366064898766,0.007310366064898766,0.0
2018-02-16,0.0018976352945510033,0.0018976352945510033,0.0
2018-02-20,-0.005593014591427581,-0.005593014591427581,0.0
2018-02-21,-0.0051306995997365545,-0.0051306995997365545,0.0
2018-02-22,0.003178435083003528,0.003178435083003528,0.0
2018-02-23,0.00761688208342437,0.00761688208342437,0.0
2018-02-26,0.00437846626164573,0.00437846626164573,0.0
2018-02-27,-0.00936163302994264,-0.00936163302994264,0.0
2018-02-28,-0.004129286412252742,-0.004129286412252742,0.0
2018-03-01,-0.005043834649464118,-0.0045458173544057345,0.9960345901166023
2018-03-02,0.003276121755060757,0.003276121755060757,0.0
2018-03-05,0.0007022282023425586,0.0007022282023425586,0.0
2018-03-06,0.00217427728806463,0.00217427728806463,0.0
2018-03-07,-0.0005817818816460374,-0.0005817818816460374,0.0
2018-03-08,-0.0016362422554370148,-0.0016362422554370148,0.0
2018-03-09,0.003973062649422987,0.003973062649422987,0.0
2018-03-12,5.876074840305279e-05,5.876074840305279e-05,0.0
2018-03-13,-0.0019054183020498217,-0.0019054183020498217,0.0
2018-03-14,0.00015482716179304745,0.00015482716179304745,0.0
2018-03-15,-0.0005726040427485035,-0.0005726040427485035,0.0
2018-03-16,0.0011523839272065128,0.0011523839272065128,0.0
2018-03-19,-0.0013927884026017079,-0.0013927884026017079,0.0
2018-03-20,0.000681742623136472,0.000681742623136472,0.0
2018-03-21,0.0026057178991032437,0.0026057178991032437,0.0
2018-03-22,-0.005554710079657577,-0.005554710079657577,0.0
2018-03-23,-0.0017784447936295411,-0.0017784447936295411,0.0
2018-03-26,0.006019200802511726,0.006019200802511726,0.0
2018-03-27,-0.004424989901690601,-0.004424989901690601,0.0
2018-03-28,-0.0027891465271771,-0.0027891465271771,0.0
2018-03-29,0.0032605563794532166,0.0032605563794532166,0.0
2018-04-02,-0.004100766160522018,-0.0039061464390858225,0.38923944287247236
2018-04-03,0.0013266097569617497,0.0013266097569617497,0.0
2018-04-04,0.0012291757123972236,0.0012291757123972236,0.0
2018-04-05,-0.0011652691043895214,-0.0011652691043895214,0.0
2018-04-06,-0.00188944775709321,-0.00188944775709321,0.0
2018-04-09,0.0013686651545388173,0.0013686651545388173,0.0
2018-04-10,0.004941473835199384,0.004941473835199384,0.0
2018-04-11,0.001466323743080311,0.001466323743080311,0.0
2018-04-12,9.93548639804942e-05,9.93548639804942e-05,0.0
2018-04-13,-0.0004395155113823268,-0.0004395155113823268,0.0
2018-04-16,0.0005315805179577637,0.0005315805179577637,0.0
2018-04-17,0.0014487763338475457,0.0014487763338475457,0.0
2018-04-18,0.000662891528147469,0.000662891528147469,0.0
2018-04-19,-0.002087629610185937,-0.002087629610185937,0.0
2018-04-20,-0.002564162530293679,-0.002564162530293679,0.0
2018-04-23,-0.0010236808466737024,-0.0010236808466737024,0.0
2018-04-24,-0.0027722003519579097,-0.0027722003519579097,0.0
2018-04-25,-0.0018143760123896513,-0.0018143760123896513,0.0
2018-04-26,0.001887360085922385,0.001887360085922385,0.0
2018-04-27,0.00016173036988043066,0.00016173036988043066,0.0
2018-04-30,-0.0011702128544627266,-0.0011702128544627266,0.0
2018-05-01,-0.0022980316269971546,-0.002123346724645203,0.34936980470368684
2018-05-02,-0.0010629547551558316,-0.0010629547551558316,0.0
2018-05-03,-7.054591714872327e-05,-7.054591714872327e-05,0.0
2018-05-04,0.0018102565768203238,0.0018102565768203238,0.0
2018-05-07,0.00027741668674274855,0.00027741668674274855,0.0
2018-05-08,-0.00018937987830724978,-0.00018937987830724978,0.0
2018-05-09,0.0018660267047447832,0.0018660267047447832,0.0
2018-05-10,0.0020748600989024535,0.0020748600989024535,0.0
2018-05-11,-0.0001860967886408993,-0.0001860967886408993,0.0
2018-05-14,0.0011011610076425704,0.0011011610076425704,0.0
2018-05-15,-0.0010701541921801505,-0.0010701541921801505,0.0
2018-05-16,0.0013801185887434286,0.0013801185887434286,0.0
2018-05-17,-0.0008448932966635958,-0.0008448932966635958,0.0
2018-05-18,-0.00260751216199262,-0.00260751216199262,0.0
2018-05-21,0.0008022478779063924,0.0008022478779063924,0.0
2018-05-22,-0.00018163501778856173,-0.00018163501778856173,0.0
2018-05-23,-0.0024629724540206066,-0.0024629724540206066,0.0
2018-05-24,-0.0013309262621480356,-0.0013309262621480356,0.0
2018-05-25,-0.004254408530545373,-0.004254408530545373,0.0
2018-05-29,-0.007102838728674121,-0.007102838728674121,0.0
2018-05-30,0.004836164435848556,0.004836164435848556,0.0
2018-05-31,-7.438692640204803e-05,-7.438692640204803e-05,0.0
2018-06-01,0.0017031206450315306,0.0018194056759968102,0.23257006193067506
2018-06-04,0.0035456396484261354,0.0035456396484261354,0.0
2018-06-05,-0.00041228880502419685,-0.00041228880502419685,0.0
2018-06-06,0.0026461450759107663,0.0026461450759107663,0.0
2018-06-07,-0.0017661369457641074,-0.0017661369457641074,0.0
2018-06-08,0.0005323911469681253,0.0005323911469681253,0.0
2018-06-11,0.0008859729813615047,0.0008859729813615047,0.0
2018-06-12,-0.0006402694158196276,-0.0006402694158196276,0.0
2018-06-13,-0.00039304625968661355,-0.00039304625968661355,0.0
2018-06-14,-0.0028687865377101662,-0.0028687865377101662,0.0
2018-06-15,-0.0019466781751135143,-0.0019466781751135143,0.0
2018-06-18,1.3686873936435973e-06,1.3686873936435973e-06,0.0
2018-06-19,-0.0020369393334136454,-0.0020369393334136454,0.0
2018-06-20,0.0015552712028445992,0.0015552712028445992,0.0
2018-06-21,-0.0022949147756464727,-0.0022949147756464727,0.0
2018-06-22,0.0031804883558024244,0.0031804883558024244,0.0
2018-06-25,-0.0031923925863339697,-0.0031923925863339697,0.0
2018-06-26,0.00031995394096306917,0.00031995394096306917,0.0
2018-06-27,-0.00429080204501775,-0.00429080204501775,0.0
2018-06-28,0.0014593779509617377,0.0014593779509617377,0.0
2018-06-29,0.002264588620186636,0.002264588620186636,0.0
2018-07-02,-0.00223650082263116,-0.0020694808183818747,0.3340400084985467
2018-07-03,-0.0005722473061074984,-0.0005722473061074984,0.0
2018-07-05,0.0021491982582146907,0.0021491982582146907,0.0
2018-07-06,0.0020920119684697536,0.0020920119684697536,0.0
2018-07-09,0.00347421701656625,0.00347421701656625,0.0
2018-07-10,-0.00042922203405804105,-0.00042922203405804105,0.0
2018-07-11,-0.005569284911008943,-0.005569284911008943,0.0
2018-07-12,0.0020559219031495157,0.0020559219031495157,0.0
2018-07-13,0.00019976275166766477,0.00019976275166766477,0.0
2018-07-16,-0.0017488474593274628,-0.0017488474593274628,0.0
2018-07-17,0.00021597856058885867,0.00021597856058885867,0.0
2018-07-18,0.0007234230761221649,0.0007234230761221649,0.0
2018-07-19,-0.0008455525305071099,-0.0008455525305071099,0.0
2018-07-20,0.0017179460295571047,0.0017179460295571047,0.0
2018-07-23,0.001272207334161779,0.001272207334161779,0.0
2018-07-24,0.0011142809867359382,0.0011142809867359382,0.0
2018-07-25,0.0029717284870203198,0.0029717284870203198,0.0
2018-07-26,-0.000543940636717144,-0.000543940636717144,0.0
2018-07-27,-0.002077133145752197,-0.002077133145752197,0.0
2018-07-30,-0.0009222121378205106,-0.0009222121378205106,0.0
2018-07-31,0.0008014934803508567,0.0008014934803508567,0.0
2018-08-01,-0.0002754394271180516,-4.0087289330470455e-05,0.47070427557510097
2018-08-02,0.0009911111833269537,0.0009911111833269537,0.0
2018-08-03,-0.0008440679678456409,-0.0008440679678456409,0.0
2018-08-06,0.0006456835716672771,0.0006456835716672771,0.0
2018-08-07,0.0027088594825408485,0.0027088594825408485,0.0
2018-08-08,-0.0019465321727188956,-0.0019465321727188956,0.0
2018-08-09,0.00022691310876687965,0.00022691310876687965,0.0
2018-08-10,-0.001900627118140763,-0.001900627118140763,0.0
2018-08-13,-0.00015157680872168733,-0.00015157680872168733,0.0
2018-08-14,0.0017740580694731722,0.0017740580694731722,0.0
2018-08-15,-0.003234137189477959,-0.003234137189477959,0.0
2018-08-16,0.001749913144909021,0.001749913144909021,0.0
2018-08-17,-0.00020193470241836042,-0.00020193470241836042,0.0
2018-08-20,-0.00037710902558829584,-0.00037710902558829584,0.0
2018-08-21,0.0018661525990386618,0.0018661525990386618,0.0
2018-08-22,0.0009591692318275946,0.0009591692318275946,0.0
2018-08-23,0.0014430995389351775,0.0014430995389351775,0.0
2018-08-24,2.231896225746155e-05,2.231896225746155e-05,0.0
2018-08-27,0.001890950696063376,0.001890950696063376,0.0
2018-08-28,0.002302121188549222,0.002302121188549222,0.0
2018-08-29,0.0016207232246372438,0.0016207232246372438,0.0
2018-08-30,-0.002156911221247948,-0.002156911221247948,0.0
2018-08-31,0.0006573935959925947,0.0006573935959925947,0.0
2018-09-04,-0.00011109573117418226,0.00016969033509584008,0.5615721325400431
2018-09-05,-0.0016443266607210072,-0.0016443266607210072,0.0
2018-09-06,-0.0026487787683621145,-0.0026487787683621145,0.0
2018-09-07,0.0013169760489422089,0.0013169760489422089,0.0
2018-09-10,0.0005661268188057456,0.0005661268188057456,0.0
2018-09-11,0.003951083185860904,0.003951083185860904,0.0
2018-09-12,-0.0013136776817493923,-0.0013136776817493923,0.0
2018-09-13,0.00045992697096886026,0.00045992697096886026,0.0
2018-09-14,0.002232250408688241,0.002232250408688241,0.0
2018-09-17,-0.001907972469609831,-0.001907972469609831,0.0
2018-09-18,0.0038147770515524204,0.0038147770515524204,0.0
2018-09-19,-0.0006673854373031585,-0.0006673854373031585,0.0
2018-09-20,-0.0002611629023997475,-0.0002611629023997475,0.0
2018-09-21,0.0002880785347254555,0.0002880785347254555,0.0
2018-09-24,0.0009477463288065646,0.0009477463288065646,0.0
2018-09-25,-5.507611341770691e-06,-5.507611341770691e-06,0.0
2018-09-26,-0.0018921823813317085,-0.0018921823813317085,0.0
2018-09-27,0.002609101166895611,0.002609101166895611,0.0
2018-09-28,0.0007987640845616983,0.0007987640845616983,0.0
2018-10-01,0.0022527190167536126,0.0023217545155562735,0.1380709976052512
2018-10-02,-0.004383991943211929,-0.004383991943211929,0.0
2018-10-03,0.003088850482804828,0.003088850482804828,0.0
2018-10-04,-0.0035038637097771774,-0.0035038637097771774,0.0
2018-10-05,-0.0024311336812687934,-0.0024311336812687934,0.0
2018-10-08,-0.0005907236313562603,-0.0005907236313562603,0.0
2018-10-09,-0.0009047327016216133,-0.0009047327016216133,0.0
2018-10-10,-0.009190569879294341,-0.009190569879294341,0.0
2018-10-11,-0.009936441134843599,-0.009936441134843599,0.0
2018-10-12,0.003196356026585301,0.003196356026585301,0.0
2018-10-15,-0.0020062097647630672,-0.0020062097647630672,0.0
2018-10-16,0.0062165045415267794,0.0062165045415267794,0.0
2018-10-17,0.00024406945421229231,0.00024406945421229231,0.0
2018-10-18,-0.0048786369610491764,-0.0048786369610491764,0.0
2018-10-19,0.001161748667280138,0.001161748667280138,0.0
2018-10-22,7.667293833413247e-05,7.667293833413247e-05,0.0
2018-10-23,-0.005451304353701891,-0.005451304353701891,0.0
2018-10-24,-0.008710301030570466,-0.008710301030570466,0.0
2018-10-25,0.006228776657892565,0.006228776657892565,0.0
2018-10-26,-0.0075046496164771215,-0.0075046496164771215,0.0
2018-10-29,0.00032592509284401494,0.00032592509284401494,0.0
2018-10-30,0.005316442909999219,0.005316442909999219,0.0
2018-10-31,0.0027274180933543057,0.0027274180933543057,0.0
2018-11-01,-0.004386390288954378,-0.0031950808881437975,2.3826188016214487
2018-11-02,0.0002902992590716469,0.0002902992590716469,0.0
2018-11-05,-0.0004552404774458285,-0.0004552404774458285,0.0
2018-11-06,-0.00027128902467299376,-0.00027128902467299376,0.0
2018-11-07,-0.0006927574575221751,-0.0006927574575221751,0.0
2018-11-08,0.0018314344377339253,0.0018314344377339253,0.0
2018-11-09,-0.00020461839354213307,-0.00020461839354213307,0.0
2018-11-12,-0.00031580955145926737,-0.00031580955145926737,0.0
2018-11-13,-0.003002961770903867,-0.003002961770903867,0.0
2018-11-14,-0.0007942441428104852,-0.0007942441428104852,0.0
2018-11-15,0.0006045235258889115,0.0006045235258889115,0.0
2018-11-16,-0.002782572000278649,-0.002782572000278649,0.0
2018-11-19,-0.0008482233076718693,-0.0008482233076718693,0.0
2018-11-20,-0.0005194953092804155,-0.0005194953092804155,0.0
2018-11-21,-0.00036561638291243703,-0.00036561638291243703,0.0
2018-11-23,-0.0010835941534002025,-0.0010835941534002025,0.0
2018-11-26,0.0005994276270588905,0.0005994276270588905,0.0
2018-11-27,0.0012344744268582009,0.0012344744268582009,0.0
2018-11-28,-0.0007202678936315543,-0.0007202678936315543,0.0
2018-11-29,-0.0001503553074141406,-0.0001503553074141406,0.0
2018-11-30,0.00026735816742062823,0.00026735816742062823,0.0
2018-12-03,-0.0011954311053279376,-0.0009621129087755698,0.46663639310466365
2018-12-04,-0.003490220449296144,-0.003490220449296144,0.0
2018-12-06,0.0011308000334866453,0.0011308000334866453,0.0
2018-12-07,-0.003091790471654088,-0.003091790471654088,0.0
2018-12-10,0.002753520015024158,0.002753520015024158,0.0
2018-12-11,0.0003956563953670944,0.0003956563953670944,0.0
2018-12-12,-0.0013014722605025897,-0.0013014722605025897,0.0
2018-12-13,-0.0002440025715647609,-0.0002440025715647609,0.0
2018-12-14,0.001534552156639446,0.001534552156639446,0.0
2018-12-17,-0.0030059628088829893,-0.0030059628088829893,0.0
2018-12-18,0.00011265049490316592,0.00011265049490316592,0.0
2018-12-19,-0.0022077501780480846,-0.0022077501780480846,0.0
2018-12-20,-0.003156760236896372,-0.003156760236896372,0.0
2018-12-21,0.001977596404088011,0.001977596404088011,0.0
2018-12-24,-0.0039045990809507547,-0.0039045990809507547,0.0
2018-12-26,0.00423027571358503,0.00423027571358503,0.0
2018-12-27,-0.0006556583141633654,-0.0006556583141633654,0.0
2018-12-28,-0.002315891475397569,-0.002315891475397569,0.0
2018-12-31,-0.0012834981979968907,-0.0012834981979968907,0.0
2019-01-02,-0.0033471469361729955,-0.0029161585325416794,0.8619768072628547
2019-01-03,0.001328435428654684,0.001328435428654684,0.0
2019-01-04,-0.007821757395371498,-0.007821757395371498,0.0
2019-01-07,-0.003829962421093569,-0.003829962421093569,0.0
2019-01-08,-0.003168512749710306,-0.003168512749710306,0.0
2019-01-09,-0.004620869539298855,-0.004620869539298855,0.0
2019-01-10,0.0012259392712639094,0.0012259392712639094,0.0
2019-01-11,0.0009262357373320818,0.0009262357373320818,0.0
2019-01-14,0.0026112531190130017,0.0026112531190130017,0.0
2019-01-15,-0.001309003470802983,-0.001309003470802983,0.0
2019-01-16,-0.0019491087832237408,-0.0019491087832237408,0.0
2019-01-17,-0.001644314017298476,-0.001644314017298476,0.0
2019-01-18,-0.0022917994005270392,-0.0022917994005270392,0.0
2019-01-22,0.004329638648721268,0.004329638648721268,0.0
2019-01-23,-0.0017133263679857125,-0.0017133263679857125,0.0
2019-01-24,-0.0002763031134075389,-0.0002763031134075389,0.0
2019-01-25,-0.005047168778448685,-0.005047168778448685,0.0
2019-01-28,0.002105328945572138,0.002105328945572138,0.0
2019-01-29,-0.00127189295114849,-0.00127189295114849,0.0
2019-01-30,-0.005048344128754878,-0.005048344128754878,0.0
2019-01-31,-0.0020494636087030615,-0.0020494636087030615,0.0
2019-02-01,-0.0015290426105735166,-0.0009694230657562031,1.1192390896346094
2019-02-04,-0.0005207212032850572,-0.0005207212032850572,0.0
2019-02-05,0.0010812606598900043,0.0010812606598900043,0.0
2019-02-06,0.0011044761410761161,0.0011044761410761161,0.0
2019-02-07,0.0031371744077013375,0.0031371744077013375,0.0
2019-02-08,0.001383745520596058,0.001383745520596058,0.0
2019-02-11,0.00030282849653207045,0.00030282849653207045,0.0
2019-02-12,-0.0018938858164749828,-0.0018938858164749828,0.0
2019-02-13,-9.741890646230988e-05,-9.741890646230988e-05,0.0
2019-02-14,0.0016010924579468178,0.0016010924579468178,0.0
2019-02-15,-0.0026204931955409183,-0.0026204931955409183,0.0
2019-02-19,-0.0012810251910417847,-0.0012810251910417847,0.0
2019-02-20,-0.0006530278070637774,-0.0006530278070637774,0.0
2019-02-21,-0.00034497369625996477,-0.00034497369625996477,0.0
2019-02-22,0.0005916571507194046,0.0005916571507194046,0.0
2019-02-25,-1.3429232254336121e-05,-1.3429232254336121e-05,0.0
2019-02-26,0.0004061688719507739,0.0004061688719507739,0.0
2019-02-27,-0.0004049363132350159,-0.0004049363132350159,0.0
2019-02-28,0.0008913490241440059,0.0008913490241440059,0.0
2019-03-01,0.0008273511222136598,0.0009139478612365526,0.17319347804558358
2019-03-04,0.0014377150632116642,0.0014377150632116642,0.0
2019-03-05,-0.0007795625916968696,-0.0007795625916968696,0.0
2019-03-06,0.0018239075107149283,0.0018239075107149283,0.0
2019-03-07,0.0046647642284722846,0.0046647642284722846,0.0
2019-03-08,-0.0011346144792140356,-0.0011346144792140356,0.0
2019-03-11,-0.0004958359175291083,-0.0004958359175291083,0.0
2019-03-12,-0.00024935667214376345,-0.00024935667214376345,0.0
2019-03-13,-0.0016248491113106667,-0.0016248491113106667,0.0
2019-03-14,0.0015797454472536998,0.0015797454472536998,0.0
2019-03-15,-0.0009049361973081371,-0.0009049361973081371,0.0
2019-03-18,-0.0018729300788110637,-0.0018729300788110637,0.0
2019-03-19,-0.0007488612808099759,-0.0007488612808099759,0.0
2019-03-20,0.00121823761689277,0.00121823761689277,0.0
2019-03-21,0.002660973685867374,0.002660973685867374,0.0
2019-03-22,0.005159815663982936,0.005159815663982936,0.0
2019-03-25,-0.0002575894241305665,-0.0002575894241305665,0.0
2019-03-26,0.0006756446491951174,0.0006756446491951174,0.0
2019-03-27,0.003451181026190575,0.003451181026190575,0.0
2019-03-28,0.0021424264729574816,0.0021424264729574816,0.0
2019-03-29,-0.00023713074416986668,-0.00023713074416986668,0.0
2019-04-01,-0.004270234280858709,-0.004190841882130036,0.1587847974572459
2019-04-02,0.000985449932919824,0.000985449932919824,0.0
2019-04-03,-0.002515840028645022,-0.002515840028645022,0.0
2019-04-04,-0.00017448514988771535,-0.00017448514988771535,0.0
2019-04-05,0.0009710260253916747,0.0009710260253916747,0.0
2019-04-08,-0.002415708022861729,-0.002415708022861729,0.0
2019-04-09,0.0005327541042925432,0.0005327541042925432,0.0
2019-04-10,0.0017686064592035144,0.0017686064592035144,0.0
2019-04-11,0.0023673009485070118,0.0023673009485070118,0.0
2019-04-12,-0.0017283503524415655,-0.0017283503524415655,0.0
2019-04-15,0.0003031948124943007,0.0003031948124943007,0.0
2019-04-16,-0.0017273665269326166,-0.0017273665269326166,0.0
2019-04-17,-0.0001485203101051491,-0.0001485203101051491,0.0
2019-04-18,0.001427950260308286,0.001427950260308286,0.0
2019-04-22,-0.0011666047988747597,-0.0011666047988747597,0.0
2019-04-23,0.0033401585208032714,0.0033401585208032714,0.0
2019-04-24,0.0052276761131981875,0.0052276761131981875,0.0
2019-04-25,-0.0002770526600882617,-0.0002770526600882617,0.0
2019-04-26,0.002130747458377602,0.002130747458377602,0.0
2019-04-29,-0.0019577951564829776,-0.0019577951564829776,0.0
2019-04-30,0.0003960553157584812,0.0003960553157584812,0.0
2019-05-01,0.00028995145310184434,0.0004577354026280567,0.33556789905284623
2019-05-02,0.0001364165269355233,0.0001364165269355233,0.0
2019-05-03,7.101896144012798e-05,7.101896144012798e-05,0.0
2019-05-06,0.002901606599748252,0.002901606599748252,0.0
2019-05-07,0.0009831349231765873,0.0009831349231765873,0.0
2019-05-08,-0.0012620566383408915,-0.0012620566383408915,0.0
2019-05-09,0.001974282684611195,0.001974282684611195,0.0
2019-05-10,0.000503811256830522,0.000503811256830522,0.0
2019-05-13,0.0008467927377346918,0.0008467927377346918,0.0
2019-05-14,-0.001175653418339806,-0.001175653418339806,0.0
2019-05-15,0.002114775508300859,0.002114775508300859,0.0
2019-05-16,0.0005883805112718576,0.0005883805112718576,0.0
2019-05-17,0.002519920115495955,0.002519920115495955,0.0
2019-05-20,-0.0032296291024909163,-0.0032296291024909163,0.0
2019-05-21,0.00058853979174045,0.00058853979174045,0.0
2019-05-22,0.002801212061460001,0.002801212061460001,0.0
2019-05-23,0.0022251221155940026,0.0022251221155940026,0.0
2019-05-24,-0.002547466173258961,-0.002547466173258961,0.0
2019-05-28,0.0005419936889734522,0.0005419936889734522,0.0
2019-05-29,-0.0006891554944764566,-0.0006891554944764566,0.0
2019-05-30,0.002376371242458708,0.002376371242458708,0.0
2019-05-31,0.0019620835665752345,0.0019620835665752345,0.0
2019-06-03,-0.000937638390778095,-0.000714656505393263,0.44596377076943333
2019-06-04,-0.0011619257455599552,-0.0011619257455599552,0.0
2019-06-05,0.0035233594553243375,0.0035233594553243375,0.0
2019-06-06,-0.0017417917147741768,-0.0017417917147741768,0.0
2019-06-07,0.0009855629992683301,0.0009855629992683301,0.0
2019-06-10,-0.0017351013326171172,-0.0017351013326171172,0.0
2019-06-11,-0.0008004112486715842,-0.0008004112486715842,0.0
2019-06-12,0.002856613675761066,0.002856613675761066,0.0
2019-06-13,0.0005582479297185916,0.0005582479297185916,0.0
2019-06-14,0.0013248893075747947,0.0013248893075747947,0.0
2019-06-17,-0.0004681445748901947,-0.0004681445748901947,0.0
2019-06-18,0.0002994354691221446,0.0002994354691221446,0.0
2019-06-19,0.001697963893847687,0.001697963893847687,0.0
2019-06-20,-0.002126656263580773,-0.002126656263580773,0.0
2019-06-21,-0.003153518334864658,-0.003153518334864658,0.0
2019-06-24,-5.3819083223327624e-05,-5.3819083223327624e-05,0.0
2019-06-25,-0.000868530206371676,-0.000868530206371676,0.0
2019-06-26,-0.0029618905138121265,-0.0029618905138121265,0.0
2019-06-27,0.0018065720200988178,0.0018065720200988178,0.0
2019-06-28,0.0008822380056345835,0.0008822380056345835,0.0
2019-07-01,-0.0013437780366585272,-0.0011272033936544634,0.4331492860081718
2019-07-02,0.004478393517982404,0.004478393517982404,0.0
2019-07-03,0.0016541639995826252,0.0016541639995826252,0.0
2019-07-05,-0.0034473976959347175,-0.0034473976959347175,0.0
2019-07-08,-0.0008343119459558457,-0.0008343119459558457,0.0
2019-07-09,-0.0004144469113699367,-0.0004144469113699367,0.0
2019-07-10,0.0008975220665967676,0.0008975220665967676,0.0
2019-07-11,-0.0035113404315229024,-0.0035113404315229024,0.0
2019-07-12,0.0007166905909259391,0.0007166905909259391,0.0
2019-07-15,0.002089429544760435,0.002089429544760435,0.0
2019-07-16,-0.0006807380732608559,-0.0006807380732608559,0.0
2019-07-17,0.0020434654143302033,0.0020434654143302033,0.0
2019-07-18,0.002125860691388093,0.002125860691388093,0.0
2019-07-19,-0.002890587183520754,-0.002890587183520754,0.0
2019-07-22,0.0009721587645228347,0.0009721587645228347,0.0
2019-07-23,0.00019441438736289562,0.00019441438736289562,0.0
2019-07-24,0.0012798133190685679,0.0012798133190685679,0.0
2019-07-25,-0.0020952128735607367,-0.0020952128735607367,0.0
2019-07-26,0.001567526390367835,0.001567526390367835,0.0
2019-07-29,-0.00046918170048215746,-0.00046918170048215746,0.0
2019-07-30,-0.0007020776474934154,-0.0007020776474934154,0.0
2019-07-31,0.0010094268396898531,0.0010094268396898531,0.0
2019-08-01,0.009913802232855762,0.010091688532326337,0.35577259894119445
2019-08-02,0.001070786853631267,0.001070786853631267,0.0
2019-08-05,0.00345245009640216,0.00345245009640216,0.0
2019-08-06,0.0031087799897322466,0.0031087799897322466,0.0
2019-08-07,0.0025054737131808835,0.0025054737131808835,0.0
2019-08-08,0.0012357017151880534,0.0012357017151880534,0.0
2019-08-09,-0.000796027209632677,-0.000796027209632677,0.0
2019-08-12,0.004752591156458319,0.004752591156458319,0.0
2019-08-13,-0.002881394649778324,-0.002881394649778324,0.0
2019-08-14,0.005335985239276475,0.005335985239276475,0.0
2019-08-15,0.0035316738331401254,0.0035316738331401254,0.0
2019-08-16,-0.001391789721928438,-0.001391789721928438,0.0
2019-08-19,-0.0032799075401114264,-0.0032799075401114264,0.0
2019-08-20,0.0022903452221776366,0.0022903452221776366,0.0
2019-08-21,-0.0007930344005694367,-0.0007930344005694367,0.0
2019-08-22,-0.0006296533865405296,-0.0006296533865405296,0.0
2019-08-23,0.004521808629465607,0.004521808629465607,0.0
2019-08-26,-0.0007908916720298365,-0.0007908916720298365,0.0
2019-08-27,0.0038827344814158504,0.0038827344814158504,0.0
2019-08-28,0.00048476740494818316,0.00048476740494818316,0.0
2019-08-29,-0.0010191220742975515,-0.0010191220742975515,0.0
2019-08-30,0.0012706523683916338,0.0012706523683916338,0.0
2019-09-03,0.002540365266808564,0.002609574646008639,0.13841875840002907
2019-09-04,-0.0012415861307067955,-0.0012415861307067955,0.0
2019-09-05,-0.005418525381002404,-0.005418525381002404,0.0
2019-09-06,3.406753603107937e-05,3.406753603107937e-05,0.0
2019-09-09,-0.00471698388975661,-0.00471698388975661,0.0
2019-09-10,-0.004572463426717577,-0.004572463426717577,0.0
2019-09-11,-8.933367757779642e-05,-8.933367757779642e-05,0.0
2019-09-12,-0.001991120242640698,-0.001991120242640698,0.0
2019-09-13,-0.006563339391876144,-0.006563339391876144,0.0
2019-09-16,0.001803619951923574,0.001803619951923574,0.0
2019-09-17,0.002427016701923801,0.002427016701923801,0.0
2019-09-18,0.000458063133152109,0.000458063133152109,0.0
2019-09-19,0.00015475455129698723,0.00015475455129698723,0.0
2019-09-20,0.0038680789353979783,0.0038680789353979783,0.0
2019-09-23,0.0015363675949477962,0.0015363675949477962,0.0
2019-09-24,0.0022884377669072364,0.0022884377669072364,0.0
2019-09-25,-0.0030255191066279608,-0.0030255191066279608,0.0
2019-09-26,0.001418475119267626,0.001418475119267626,0.0
2019-09-27,0.0003663073397168759,0.0003663073397168759,0.0
2019-09-30,0.00025456834465975575,0.00025456834465975575,0.0
2019-10-01,0.0007899331353105055,0.0008343337357297198,0.0888012008386239
2019-10-02,0.0012809102198689803,0.0012809102198689803,0.0
2019-10-03,0.0018116182922192081,0.0018116182922192081,0.0
2019-10-04,0.0013411294203093949,0.0013411294203093949,0.0
2019-10-07,-0.0015847924856470241,-0.0015847924856470241,0.0
2019-10-08,0.000943611555411783,0.000943611555411783,0.0
2019-10-09,-0.0014582061000832924,-0.0014582061000832924,0.0
2019-10-10,-0.0038235194127589356,-0.0038235194127589356,0.0
2019-10-11,-0.0043248927295646,-0.0043248927295646,0.0
2019-10-14,0.0023828041955735735,0.0023828041955735735,0.0
2019-10-15,-0.003247502436517169,-0.003247502436517169,0.0
2019-10-16,0.00012944837663297903,0.00012944837663297903,0.0
2019-10-17,-0.0005257564590053221,-0.0005257564590053221,0.0
2019-10-18,0.0006028179560868541,0.0006028179560868541,0.0
2019-10-21,-0.0013986428316076216,-0.0013986428316076216,0.0
2019-10-22,0.0015045206656527643,0.0015045206656527643,0.0
2019-10-23,-0.0003686780429168479,-0.0003686780429168479,0.0
2019-10-24,0.0011424751824458124,0.0011424751824458124,0.0
2019-10-25,-0.0005721513064685935,-0.0005721513064685935,0.0
2019-10-28,-0.002609437495455391,-0.002609437495455391,0.0
2019-10-29,-0.00036901299517899666,-0.00036901299517899666,0.0
2019-10-30,0.0017111190502936413,0.0017111190502936413,0.0
2019-10-31,0.0030077996346251634,0.0030077996346251634,0.0
2019-11-01,-0.0015334179260126923,-0.0013459034508039869,0.37502895041732814
2019-11-04,1.4266587080591364e-05,1.4266587080591364e-05,0.0
2019-11-05,-0.0027754547842034905,-0.0027754547842034905,0.0
2019-11-06,0.0014432584723815811,0.0014432584723815811,0.0
2019-11-07,-0.002566233628800263,-0.002566233628800263,0.0
2019-11-08,-0.0014663565893600072,-0.0014663565893600072,0.0
2019-11-11,-0.0002376391102817399,-0.0002376391102817399,0.0
2019-11-12,-0.000520184025865511,-0.000520184025865511,0.0
2019-11-13,0.0002808078213665244,0.0002808078213665244,0.0
2019-11-14,0.0018771899647369583,0.0018771899647369583,0.0
2019-11-15,0.0006491362068929973,0.0006491362068929973,0.0
2019-11-18,0.0009937185321038378,0.0009937185321038378,0.0
2019-11-19,0.0015294268221539564,0.0015294268221539564,0.0
2019-11-20,-0.0007392695151881012,-0.0007392695151881012,0.0
2019-11-21,-0.002119048071385854,-0.002119048071385854,0.0
2019-11-22,0.001456121081618189,0.001456121081618189,0.0
2019-11-25,0.0024144084519190923,0.0024144084519190923,0.0
2019-11-26,0.0012069587662799641,0.0012069587662799641,0.0
2019-11-27,0.00043420640836666635,0.00043420640836666635,0.0
2019-11-29,-0.0018651743069009186,-0.0018651743069009186,0.0
2019-12-02,-0.004200545689162061,-0.004005371482247666,0.3903484138290635
2019-12-03,0.0030878369722409094,0.0030878369722409094,0.0
2019-12-04,0.0019835688014537833,0.0019835688014537833,0.0
2019-12-05,-0.0005591219735784358,-0.0005591219735784358,0.0
2019-12-06,0.002397621093711111,0.002397621093711111,0.0
2019-12-09,-0.0011145795325242513,-0.0011145795325242513,0.0
2019-12-10,-0.0008450467256490013,-0.0008450467256490013,0.0
2019-12-11,0.0019915229169864546,0.0019915229169864546,0.0
2019-12-12,-0.0011635621958588915,-0.0011635621958588915,0.0
2019-12-13,0.0034684840039602705,0.0034684840039602705,0.0
2019-12-16,0.00015135309094427285,0.00015135309094427285,0.0
2019-12-17,0.0006799900669893777,0.0006799900669893777,0.0
2019-12-18,0.0010552594313473218,0.0010552594313473218,0.0
2019-12-19,0.0023631964938972683,0.0023631964938972683,0.0
2019-12-20,0.0006143324173948361,0.0006143324173948361,0.0
2019-12-23,0.0008093564760556227,0.0008093564760556227,0.0
2019-12-24,0.0010765010181363888,0.0010765010181363888,0.0
2019-12-26,0.0025506994895707624,0.0025506994895707624,0.0
2019-12-27,-0.001241794184788536,-0.001241794184788536,0.0
2019-12-30,-0.0012135308016788526,-0.0012135308016788526,0.0
2019-12-31,-0.0004991723238045864,-0.0004991723238045864,0.0
2020-01-02,0.006234588868441415,0.0063928229696370575,0.31646820239100487
2020-01-03,0.001504261516820149,0.001504261516820149,0.0
2020-01-06,-0.0007466193647724939,-0.0007466193647724939,0.0
2020-01-07,-0.0008017184772165509,-0.0008017184772165509,0.0
2020-01-08,-0.0012295440137950475,-0.0012295440137950475,0.0
2020-01-09,0.001412113433947093,0.001412113433947093,0.0
2020-01-10,0.00037982628792576634,0.00037982628792576634,0.0
2020-01-13,0.0016312151282533716,0.0016312151282533716,0.0
2020-01-14,-0.00013025885886086552,-0.00013025885886086552,0.0
2020-01-15,0.00019401264311280642,0.00019401264311280642,0.0
2020-01-16,0.002901069858364691,0.002901069858364691,0.0
2020-01-17,0.001519444456702157,0.001519444456702157,0.0
2020-01-21,-0.002750008096604528,-0.002750008096604528,0.0
2020-01-22,0.0005875544590427939,0.0005875544590427939,0.0
2020-01-23,0.000867153858605807,0.000867153858605807,0.0
2020-01-24,-0.0013973907929484275,-0.0013973907929484275,0.0
2020-01-27,-0.006334994805810679,-0.006334994805810679,0.0
2020-01-28,0.0027596226575097305,0.0027596226575097305,0.0
2020-01-29,0.0020827979787707562,0.0020827979787707562,0.0
2020-01-30,-0.00040145516559442207,-0.00040145516559442207,0.0
2020-01-31,-0.00570548160925366,-0.00570548160925366,0.0
2020-02-03,0.0026044049704201377,0.0028799643127086494,0.55111868457698
2020-02-04,0.0030778712643513284,0.0030778712643513284,0.0
2020-02-05,0.0015140409401832589,0.0015140409401832589,0.0
2020-02-06,0.0024814266839536803,0.0024814266839536803,0.0
2020-02-07,0.0006053190010200105,0.0006053190010200105,0.0
2020-02-10,0.004196652022643077,0.004196652022643077,0.0
2020-02-11,-0.0009893108606635614,-0.0009893108606635614,0.0
2020-02-12,0.0004558700258581183,0.0004558700258581183,0.0
2020-02-13,0.0004711516758815204,0.0004711516758815204,0.0
2020-02-14,0.0009235781626524275,0.0009235781626524275,0.0
2020-02-18,0.0011650378174876685,0.0011650378174876685,0.0
2020-02-19,0.0014103227309205657,0.0014103227309205657,0.0
2020-02-20,0.0025851768862761304,0.0025851768862761304,0.0
2020-02-21,-0.0013957870022413,-0.0013957870022413,0.0
2020-02-24,-0.004426548363659855,-0.004426548363659855,0.0
2020-02-25,-0.007413210676862403,-0.007413210676862403,0.0
2020-02-26,0.0008842956521861733,0.0008842956521861733,0.0
2020-02-27,-0.011299371024965255,-0.011299371024965255,0.0
2020-02-28,-0.0017093968223985678,-0.0017093968223985678,0.0
2020-03-02,-0.0008561213044776528,-0.0005175544793522002,0.6771336502507204
2020-03-03,0.005790644317069882,0.005790644317069882,0.0
2020-03-04,0.0033378242052177765,0.0033378242052177765,0.0
2020-03-05,0.003058266310007385,0.003058266310007385,0.0
2020-03-06,0.005993746415556611,0.005993746415556611,0.0
2020-03-09,0.0024856490181026647,0.0024856490181026647,0.0
2020-03-10,-0.012031665126895907,-0.012031665126895907,0.0
2020-03-11,-0.00692615725059309,-0.00692615725059309,0.0
2020-03-12,-0.0038132118747313815,-0.0038132118747313815,0.0
2020-03-13,0.005717458471582226,0.005717458471582226,0.0
2020-03-16,-0.0015970600658522516,-0.0015970600658522516,0.0
2020-03-17,-0.008226105741400702,-0.008226105741400702,0.0
2020-03-18,-0.007442569713392189,-0.007442569713392189,0.0
2020-03-19,-0.002326288759394113,-0.002326288759394113,0.0
2020-03-20,0.00789073300559373,0.00789073300559373,0.0
2020-03-23,0.009958632181154892,0.009958632181154892,0.0
2020-03-24,0.001674829303250469,0.001674829303250469,0.0
2020-03-25,0.004202204228638484,0.004202204228638484,0.0
2020-03-26,0.004835640745693759,0.004835640745693759,0.0
2020-03-27,0.004353856849752313,0.004353856849752313,0.0
2020-03-30,0.0021639655208167685,0.0021639655208167685,0.0
2020-03-31,-0.0025453469240197535,-0.0025453469240197535,0.0
2020-04-01,0.003978722068537666,0.004409227391686699,0.8610106462983514
2020-04-02,-0.001528360312678223,-0.001528360312678223,0.0
2020-04-03,0.001085992301685046,0.001085992301685046,0.0
2020-04-06,-0.0035307036678507986,-0.0035307036678507986,0.0
2020-04-07,-0.0015495483896970086,-0.0015495483896970086,0.0
2020-04-08,-0.001837964189487562,-0.001837964189487562,0.0
2020-04-09,-0.0007131958876660516,-0.0007131958876660516,0.0
2020-04-13,0.0014629645971451222,0.0014629645971451222,0.0
2020-04-14,-0.0010134959078600403,-0.0010134959078600403,0.0
2020-04-15,0.0038367310519342723,0.0038367310519342723,0.0
2020-04-16,0.0008106434700485554,0.0008106434700485554,0.0
2020-04-17,-0.002424866425518424,-0.002424866425518424,0.0
2020-04-20,0.002389408820006045,0.002389408820006045,0.0
2020-04-21,0.004113315424719266,0.004113315424719266,0.0
2020-04-22,-0.0008070844702093849,-0.0008070844702093849,0.0
2020-04-23,0.0003131353639345136,0.0003131353639345136,0.0
2020-04-24,0.000704057378906553,0.000704057378906553,0.0
2020-04-27,-0.001487895969849995,-0.001487895969849995,0.0
2020-04-28,-0.0005084120804519365,-0.0005084120804519365,0.0
2020-04-29,-0.0025941435136134228,-0.0025941435136134228,0.0
2020-04-30,-0.00027114486062362886,-0.00027114486062362886,0.0
2020-05-01,0.0020983173279756073,0.002132084939376222,0.06753522280117163
2020-05-04,0.0001817564917232506,0.0001817564917232506,0.0
2020-05-05,-0.0005924312954304067,-0.0005924312954304067,0.0
2020-05-06,0.0005458876042092609,0.0005458876042092609,0.0
2020-05-07,0.00038031822369388735,0.00038031822369388735,0.0
2020-05-08,-0.0021239103746559795,-0.0021239103746559795,0.0
2020-05-11,0.00020052264293757283,0.00020052264293757283,0.0
2020-05-12,0.0011712111076973564,0.0011712111076973564,0.0
2020-05-13,0.001389506087270842,0.001389506087270842,0.0
2020-05-14,0.0005299671435639031,0.0005299671435639031,0.0
2020-05-15,0.0006448267886769443,0.0006448267886769443,0.0
2020-05-18,-0.004016304751958355,-0.004016304751958355,0.0
2020-05-19,0.0010462619629907355,0.0010462619629907355,0.0
2020-05-20,-0.0010657777679519143,-0.0010657777679519143,0.0
2020-05-21,-0.00013505964583593322,-0.00013505964583593322,0.0
2020-05-22,0.0012623754760112682,0.0012623754760112682,0.0
2020-05-26,-0.003328743932428102,-0.003328743932428102,0.0
2020-05-27,-0.0001167945959051897,-0.0001167945959051897,0.0
2020-05-28,-0.0002679465613275589,-0.0002679465613275589,0.0
2020-05-29,8.942429252556394e-05,8.942429252556394e-05,0.0
2020-06-01,-0.0006226972016093457,-0.0005798565086623242,0.08568138589391644
2020-06-02,-0.0014048989490541564,-0.0014048989490541564,0.0
2020-06-03,-0.002560500661781817,-0.002560500661781817,0.0
2020-06-04,-0.000893960339957367,-0.000893960339957367,0.0
2020-06-05,-0.0017811906906991526,-0.0017811906906991526,0.0
2020-06-08,0.000583953309150731,0.000583953309150731,0.0
2020-06-09,0.0006249535094260406,0.0006249535094260406,0.0
2020-06-10,0.001568071091763601,0.001568071091763601,0.0
2020-06-11,0.0022153746099731197,0.0022153746099731197,0.0
2020-06-12,-0.0006053724575474373,-0.0006053724575474373,0.0
2020-06-15,-0.0001914036037129474,-0.0001914036037129474,0.0
2020-06-16,-0.0001591521297754639,-0.0001591521297754639,0.0
2020-06-17,0.00048230694092188386,0.00048230694092188386,0.0
2020-06-18,0.0004926964398943579,0.0004926964398943579,0.0
2020-06-19,0.00043919273633008515,0.00043919273633008515,0.0
2020-06-22,-0.0006805187664715717,-0.0006805187664715717,0.0
2020-06-23,-1.6085295120982224e-05,-1.6085295120982224e-05,0.0
2020-06-24,0.0009671145062308817,0.0009671145062308817,0.0
2020-06-25,-4.008258789578445e-05,-4.008258789578445e-05,0.0
2020-06-26,0.0012988641519429134,0.0012988641519429134,0.0
2020-06-29,-0.0009585679776381584,-0.0009585679776381584,0.0
2020-06-30,-2.697160118192432e-05,-2.697160118192432e-05,0.0
2020-07-01,-0.001791230631131624,-0.0013807435343281549,0.8209741936070203
2020-07-02,-8.78257357823653e-05,-8.78257357823653e-05,0.0
2020-07-06,-0.0027871163134456367,-0.0027871163134456367,0.0
2020-07-07,0.002695186489696244,0.002695186489696244,0.0
2020-07-08,-0.002371033584670834,-0.002371033584670834,0.0
2020-07-09,0.0024230446882047563,0.0024230446882047563,0.0
2020-07-10,-0.0005578245970828677,-0.0005578245970828677,0.0
2020-07-13,0.0014206065542745616,0.0014206065542745616,0.0
2020-07-14,-1.2697918335025093e-05,-1.2697918335025093e-05,0.0
2020-07-15,-0.0015057761636472211,-0.0015057761636472211,0.0
2020-07-16,0.0010952598050226747,0.0010952598050226747,0.0
2020-07-17,-0.0007075250795269827,-0.0007075250795269827,0.0
2020-07-20,0.0010575679898845447,0.0010575679898845447,0.0
2020-07-21,-0.00041435765315089856,-0.00041435765315089856,0.0
2020-07-22,0.0012875677838397603,0.0012875677838397603,0.0
2020-07-23,0.00028314633461734573,0.00028314633461734573,0.0
2020-07-24,-0.0006987539083048722,-0.0006987539083048722,0.0
2020-07-27,-0.0006053783868928964,-0.0006053783868928964,0.0
2020-07-28,0.0012333125154699864,0.0012333125154699864,0.0
2020-07-29,-0.0014325485756997436,-0.0014325485756997436,0.0
2020-07-30,-0.000547192226589166,-0.000547192226589166,0.0
2020-07-31,0.0032041332683996337,0.0032041332683996337,0.0
2020-08-03,0.001796341049603356,0.0022644697394875735,0.9362573797685797
2020-08-04,0.0039049618190714064,0.0039049618190714064,0.0
2020-08-05,6.395224988131609e-05,6.395224988131609e-05,0.0
2020-08-06,0.0026375711800934454,0.0026375711800934454,0.0
2020-08-07,-0.0034130399454859184,-0.0034130399454859184,0.0
2020-08-10,-0.0010061203752849135,-0.0010061203752849135,0.0
2020-08-11,-0.005742572225314713,-0.005742572225314713,0.0
2020-08-12,-0.0003534323787455218,-0.0003534323787455218,0.0
2020-08-13,-0.00020584841366655393,-0.00020584841366655393,0.0
2020-08-14,-0.0003257563715317602,-0.0003257563715317602,0.0
2020-08-17,0.0030920105088880767,0.0030920105088880767,0.0
2020-08-18,0.003253043808524758,0.003253043808524758,0.0
2020-08-19,-0.004326458367918229,-0.004326458367918229,0.0
2020-08-20,0.002381723505237021,0.002381723505237021,0.0
2020-08-21,0.00034352704252738064,0.00034352704252738064,0.0
2020-08-24,-0.0003573300643839872,-0.0003573300643839872,0.0
2020-08-25,-0.0009177673422765542,-0.0009177673422765542,0.0
2020-08-26,0.002425920416380789,0.002425920416380789,0.0
2020-08-27,-0.003921667931015005,-0.003921667931015005,0.0
2020-08-28,0.0033807990030199075,0.0033807990030199075,0.0
2020-08-31,0.0016546906057488542,0.0016546906057488542,0.0
2020-09-01,0.0019014332474407425,0.002202410998218607,0.6019555015557253
2020-09-02,0.0016619417456920083,0.0016619417456920083,0.0
2020-09-03,-0.004287008546257409,-0.004287008546257409,0.0
2020-09-04,-0.0026782233309243786,-0.0026782233309243786,0.0
2020-09-08,-0.0010898613272750657,-0.0010898613272750657,0.0
2020-09-09,0.0022602081778599903,0.0022602081778599903,0.0
2020-09-10,-0.0010576163634611335,-0.0010576163634611335,0.0
2020-09-11,0.001048166227486158,0.001048166227486158,0.0
2020-09-14,0.0014647518750170452,0.0014647518750170452,0.0
2020-09-15,0.00021757836955638155,0.00021757836955638155,0.0
2020-09-16,-0.0018950087924591852,-0.0018950087924591852,0.0
2020-09-17,-0.0014010938416735286,-0.0014010938416735286,0.0
2020-09-18,-0.0009379852858379945,-0.0009379852858379945,0.0
2020-09-21,-0.001937132031799016,-0.001937132031799016,0.0
2020-09-22,0.0005547893841044704,0.0005547893841044704,0.0
2020-09-23,-0.0030387389671033826,-0.0030387389671033826,0.0
2020-09-24,-0.0005744476947684429,-0.0005744476947684429,0.0
2020-09-25,0.0005629448668378334,0.0005629448668378334,0.0
2020-09-28,0.0038629854659713025,0.0038629854659713025,0.0
2020-09-29,0.001989843307037553,0.001989843307037553,0.0
2020-09-30,-0.002005047204968524,-0.002005047204968524,0.0
2020-10-01,0.0025930582025119886,0.0028956068594225837,0.6050973138207856
2020-10-02,-0.0008992025679693816,-0.0008992025679693816,0.0
2020-10-05,-0.0016776104767189937,-0.0016776104767189937,0.0
2020-10-06,-0.0013849177190382589,-0.0013849177190382589,0.0
2020-10-07,0.000734978846557155,0.000734978846557155,0.0
2020-10-08,0.0012037850000925499,0.0012037850000925499,0.0
2020-10-09,0.0032666234561093965,0.0032666234561093965,0.0
2020-10-12,0.004572608326917305,0.004572608326917305,0.0
2020-10-13,-0.002145086976979016,-0.002145086976979016,0.0
2020-10-14,-0.0008499098465230004,-0.0008499098465230004,0.0
2020-10-15,-0.0017263343144260368,-0.0017263343144260368,0.0
2020-10-16,0.000547304641592472,0.000547304641592472,0.0
2020-10-19,-0.0014601909558106252,-0.0014601909558106252,0.0
2020-10-20,-0.00038964091440785165,-0.00038964091440785165,0.0
2020-10-21,0.0019438593572660423,0.0019438593572660423,0.0
2020-10-22,-0.002809288083631234,-0.002809288083631234,0.0
2020-10-23,0.002793040785022738,0.002793040785022738,0.0
2020-10-26,-0.001561730768254277,-0.001561730768254277,0.0
2020-10-27,0.002101100010365231,0.002101100010365231,0.0
2020-10-28,-0.003779100473966679,-0.003779100473966679,0.0
2020-10-29,5.901189503543236e-05,5.901189503543236e-05,0.0
2020-10-30,-0.0030500388731196093,-0.0030500388731196093,0.0
2020-11-02,0.0016965500398213873,0.001832639178231732,0.27217827682076534
2020-11-03,-1.2156971410770545e-05,-1.2156971410770545e-05,0.0
2020-11-04,0.005831658227917869,0.005831658227917869,0.0
2020-11-05,0.0038545037211341615,0.0038545037211341615,0.0
2020-11-06,-0.0006943934381258288,-0.0006943934381258288,0.0
2020-11-09,-0.009097614959160505,-0.009097614959160505,0.0
2020-11-10,-0.004834916183275695,-0.004834916183275695,0.0
2020-11-11,0.0008603003660723196,0.0008603003660723196,0.0
2020-11-12,0.0030492358982565637,0.0030492358982565637,0.0
2020-11-13,0.001304897225375301,0.001304897225375301,0.0
2020-11-16,-6.576909462652214e-05,-6.576909462652214e-05,0.0
2020-11-17,-0.00037202312826423167,-0.00037202312826423167,0.0
2020-11-18,7.15624392717551e-05,7.15624392717551e-05,0.0
2020-11-19,0.0017467031771940533,0.0017467031771940533,0.0
2020-11-20,0.0013670019327332028,0.0013670019327332028,0.0
2020-11-23,-0.002722487379063332,-0.002722487379063332,0.0
2020-11-24,-0.0010679837358474886,-0.0010679837358474886,0.0
2020-11-25,-0.00022773772114881297,-0.00022773772114881297,0.0
2020-11-27,0.0029186177435478466,0.0029186177435478466,0.0
2020-11-30,-0.000852320494400649,-0.000852320494400649,0.0
2020-12-01,0.0009884271609776896,0.001103046729070023,0.22923913618488165
2020-12-02,0.00012218882395420572,0.00012218882395420572,0.0
2020-12-03,0.0031812578070198327,0.0031812578070198327,0.0
2020-12-04,-0.001324117614346254,-0.001324117614346254,0.0
2020-12-07,0.0013332275579709396,0.0013332275579709396,0.0
2020-12-08,0.0004897057731614307,0.0004897057731614307,0.0
2020-12-09,-0.002689853568661582,-0.002689853568661582,0.0
2020-12-10,0.0019074524793973868,0.0019074524793973868,0.0
2020-12-11,0.0003954926729126118,0.0003954926729126118,0.0
2020-12-14,1.4941066623030963e-05,1.4941066623030963e-05,0.0
2020-12-15,0.002251874778958607,0.002251874778958607,0.0
2020-12-16,0.0004275741369101915,0.0004275741369101915,0.0
2020-12-17,0.0019446385019747936,0.0019446385019747936,0.0
2020-12-18,-0.0011931365650379444,-0.0011931365650379444,0.0
2020-12-21,-0.0007490157244902651,-0.0007490157244902651,0.0
2020-12-22,-0.0006293425757984972,-0.0006293425757984972,0.0
2020-12-23,0.0013956410658415574,0.0013956410658415574,0.0
2020-12-24,-0.0006316630136224965,-0.0006316630136224965,0.0
2020-12-28,0.0018628274610976714,0.0018628274610976714,0.0
2020-12-29,0.0010592324237679307,0.0010592324237679307,0.0
2020-12-30,0.002116706346795283,0.002116706346795283,0.0
2020-12-31,-0.000974189949463744,-0.000974189949463744,0.0
2021-01-04,0.001308136083798761,0.0014288101929686992,0.24134821833976225
2021-01-05,0.0009236251478903501,0.0009236251478903501,0.0
2021-01-06,-0.0030442146122526825,-0.0030442146122526825,0.0
2021-01-07,-0.0004785133985577561,-0.0004785133985577561,0.0
2021-01-08,-0.002181315159881958,-0.002181315159881958,0.0
2021-01-11,-0.0032136184287858693,-0.0032136184287858693,0.0
2021-01-12,0.0008229853165135914,0.0008229853165135914,0.0
2021-01-13,0.0010510799531695536,0.0010510799531695536,0.0
2021-01-14,-0.0007276109026497224,-0.0007276109026497224,0.0
2021-01-15,-0.0019776962245446894,-0.0019776962245446894,0.0
2021-01-19,0.004943121739911627,0.004943121739911627,0.0
2021-01-20,0.003391780268129807,0.003391780268129807,0.0
2021-01-21,0.0007636347408459532,0.0007636347408459532,0.0
2021-01-22,0.00032271503319392103,0.00032271503319392103,0.0
2021-01-25,0.0018164780237344136,0.0018164780237344136,0.0
2021-01-26,-0.0016300159610088683,-0.0016300159610088683,0.0
2021-01-27,-0.005458813626429415,-0.005458813626429415,0.0
2021-01-28,0.0018516733971258859,0.0018516733971258859,0.0
2021-01-29,-0.0038563785788164884,-0.0038563785788164884,0.0
2021-02-01,0.0020939992811976893,0.0022624496370255986,0.33690071165589164
2021-02-02,-0.0004601532895605054,-0.0004601532895605054,0.0
2021-02-03,-0.00016199168890140836,-0.00016199168890140836,0.0
2021-02-04,-0.0004980179911052707,-0.0004980179911052707,0.0
2021-02-05,0.0022751876676228022,0.0022751876676228022,0.0
2021-02-08,0.00314762661203849,0.00314762661203849,0.0
2021-02-09,0.00169170730484125,0.00169170730484125,0.0
2021-02-10,0.00038546697434305166,0.00038546697434305166,0.0
2021-02-11,0.0003084611057431186,0.0003084611057431186,0.0
2021-02-12,-0.0005343177573470248,-0.0005343177573470248,0.0
2021-02-16,-0.0029411951037462414,-0.0029411951037462414,0.0
2021-02-17,-0.0004184552740695846,-0.0004184552740695846,0.0
2021-02-18,-0.0016872484093426454,-0.0016872484093426454,0.0
2021-02-19,-0.00011203964554895585,-0.00011203964554895585,0.0
2021-02-22,-0.0012967112011715853,-0.0012967112011715853,0.0
2021-02-23,-0.00036943958842605706,-0.00036943958842605706,0.0
2021-02-24,0.00013391189591915875,0.00013391189591915875,0.0
2021-02-25,-0.012400855046742376,-0.012400855046742376,0.0
2021-02-26,0.0024810950514730923,0.0024810950514730923,0.0
2021-03-01,0.0027382436434917334,0.0031354698095429345,0.7944523321023564
2021-03-02,-0.0004695537903988134,-0.0004695537903988134,0.0
2021-03-03,-0.005117908147688088,-0.005117908147688088,0.0
2021-03-04,-0.007695784385264082,-0.007695784385264082,0.0
2021-03-05,0.001591297842311823,0.001591297842311823,0.0
2021-03-08,-0.005417825739362003,-0.005417825739362003,0.0
2021-03-09,0.007011341390357417,0.007011341390357417,0.0
2021-03-10,0.0022172693591606674,0.0022172693591606674,0.0
2021-03-11,0.0041953144251458685,0.0041953144251458685,0.0
2021-03-12,-0.002738640519425739,-0.002738640519425739,0.0
2021-03-15,0.0014397478642109718,0.0014397478642109718,0.0
2021-03-16,0.0002577887507606569,0.0002577887507606569,0.0
2021-03-17,0.0019517697299320513,0.0019517697299320513,0.0
2021-03-18,-0.0069678964917124775,-0.0069678964917124775,0.0
2021-03-19,0.0006349396691938125,0.0006349396691938125,0.0
2021-03-22,0.0018303209937733378,0.0018303209937733378,0.0
2021-03-23,-0.003105143097575591,-0.003105143097575591,0.0
2021-03-24,-0.0023496442749210145,-0.0023496442749210145,0.0
2021-03-25,0.0008055508972737435,0.0008055508972737435,0.0
2021-03-26,0.003970549602958728,0.003970549602958728,0.0
2021-03-29,-0.0031429635060833405,-0.0031429635060833405,0.0
2021-03-30,-0.0029909682454453135,-0.0029909682454453135,0.0
2021-03-31,0.0021051463970047646,0.0021051463970047646,0.0
2021-04-01,0.00415271562604258,0.0044070158127873515,0.5086003734894509
2021-04-05,0.0012374639319963077,0.0012374639319963077,0.0
2021-04-06,0.0006746638294226059,0.0006746638294226059,0.0
2021-04-07,-0.0003428098544483449,-0.0003428098544483449,0.0
2021-04-08,0.002331172944434412,0.002331172944434412,0.0
2021-04-09,-0.0006508760012680082,-0.0006508760012680082,0.0
2021-04-12,-0.001208910079566916,-0.001208910079566916,0.0
2021-04-13,0.0025132752334486863,0.0025132752334486863,0.0
2021-04-14,0.0015069219242518361,0.0015069219242518361,0.0
2021-04-15,0.002886542555386118,0.002886542555386118,0.0
2021-04-16,0.0007427739491447927,0.0007427739491447927,0.0
2021-04-19,-0.0007862998454286618,-0.0007862998454286618,0.0
2021-04-20,-0.001961278275292355,-0.001961278275292355,0.0
2021-04-21,0.002869138600956278,0.002869138600956278,0.0
2021-04-22,-0.0010515232880969894,-0.0010515232880969894,0.0
2021-04-23,0.003635842718212823,0.003635842718212823,0.0
2021-04-26,0.00131247347878638,0.00131247347878638,0.0
2021-04-27,0.00033951309352797665,0.00033951309352797665,0.0
2021-04-28,0.0012259535985343906,0.0012259535985343906,0.0
2021-04-29,0.000983956652872875,0.000983956652872875,0.0
2021-04-30,-0.0032989278422309587,-0.0032989278422309587,0.0
2021-05-03,0.0015470056856119463,0.0024065709217355735,1.7191304722475964
2021-05-04,-0.0027115631444027954,-0.0027115631444027954,0.0
2021-05-05,0.001799458207063287,0.001799458207063287,0.0
2021-05-06,0.003838186562683754,0.003838186562683754,0.0
2021-05-07,0.003869705300111992,0.003869705300111992,0.0
2021-05-10,-0.002899188650071549,-0.002899188650071549,0.0
2021-05-11,-0.0007058840447223824,-0.0007058840447223824,0.0
2021-05-12,-0.006808733757766583,-0.006808733757766583,0.0
2021-05-13,-0.0001519808108879639,-0.0001519808108879639,0.0
2021-05-14,0.005041233477119267,0.005041233477119267,0.0
2021-05-17,0.0013954936813254104,0.0013954936813254104,0.0
2021-05-18,0.00058064033390548,0.00058064033390548,0.0
2021-05-19,-0.0030824445430045477,-0.0030824445430045477,0.0
2021-05-20,0.002197326696803392,0.002197326696803392,0.0
2021-05-21,-0.0002487833471040979,-0.0002487833471040979,0.0
2021-05-24,0.0028939158452534475,0.0028939158452534475,0.0
2021-05-25,0.0004252398164505955,0.0004252398164505955,0.0
2021-05-26,0.00043445615341330956,0.00043445615341330956,0.0
2021-05-27,0.0022012508075719417,0.0022012508075719417,0.0
2021-05-28,0.0009327321336594085,0.0009327321336594085,0.0
2021-06-01,0.0026519562535936014,0.0038044948628996877,2.3050772186121664
2021-06-02,0.0018904518968565487,0.0018904518968565487,0.0
2021-06-03,-0.004486824202339257,-0.004486824202339257,0.0
2021-06-04,0.003923255277018534,0.003923255277018534,0.0
2021-06-07,0.0007257735186418923,0.0007257735186418923,0.0
2021-06-08,0.0003692917644584348,0.0003692917644584348,0.0
2021-06-09,-0.0012862455915170212,-0.0012862455915170212,0.0
2021-06-10,0.0023072203495249077,0.0023072203495249077,0.0
2021-06-11,-0.001401353889434298,-0.001401353889434298,0.0
2021-06-14,6.130464729570129e-05,6.130464729570129e-05,0.0
2021-06-15,-0.0011594661952425422,-0.0011594661952425422,0.0
2021-06-16,-0.005386197194754749,-0.005386197194754749,0.0
2021-06-17,-0.005385429820071286,-0.005385429820071286,0.0
2021-06-18,-0.005179454339217626,-0.005179454339217626,0.0
2021-06-21,0.005624354130457254,0.005624354130457254,0.0
2021-06-22,0.0014293665587736815,0.0014293665587736815,0.0
2021-06-23,-0.0006092567908719815,-0.0006092567908719815,0.0
2021-06-24,0.002306251413170868,0.002306251413170868,0.0
2021-06-25,0.0013370077369818656,0.0013370077369818656,0.0
2021-06-28,0.00023528761956459476,0.00023528761956459476,0.0
2021-06-29,-0.0011811085312980474,-0.0011811085312980474,0.0
2021-06-30,0.00032356387407950216,0.00032356387407950216,0.0
2021-07-01,-0.0006864448599421813,0.0005516551411501869,2.4762000021848936
2021-07-02,0.0009258370250342374,0.0009258370250342374,0.0
2021-07-06,-0.006375834475744746,-0.006375834475744746,0.0
2021-07-07,-0.0013172296456548382,-0.0013172296456548382,0.0
2021-07-08,-0.004423377642080895,-0.004423377642080895,0.0
2021-07-09,0.007165983742616122,0.007165983742616122,0.0
2021-07-12,0.0020444806602955,0.0020444806602955,0.0
2021-07-13,-0.0007310524642630822,-0.0007310524642630822,0.0
2021-07-14,-0.0005828436083811228,-0.0005828436083811228,0.0
2021-07-15,-0.002352799458427257,-0.002352799458427257,0.0
2021-07-16,-0.0022135323473414514,-0.0022135323473414514,0.0
2021-07-19,-0.010608172371595392,-0.010608172371595392,0.0
2021-07-20,0.004901855824017698,0.004901855824017698,0.0
2021-07-21,0.006065241064391991,0.006065241064391991,0.0
2021-07-22,0.00022046941105080542,0.00022046941105080542,0.0
2021-07-23,0.0018568169366848242,0.0018568169366848242,0.0
2021-07-26,0.000302621981807194,0.000302621981807194,0.0
2021-07-27,-0.004409454532161905,-0.004409454532161905,0.0
2021-07-28,0.004298320866094274,0.004298320866094274,0.0
2021-07-29,0.002121676338227685,0.002121676338227685,0.0
2021-07-30,-0.003862845791021585,-0.003862845791021585,0.0
2021-08-02,-0.0016051963341513487,-0.0005887831451528713,2.032826377997082
2021-08-03,0.0014690622774637951,0.0014690622774637951,0.0
2021-08-04,-0.0026723923514804238,-0.0026723923514804238,0.0
2021-08-05,0.0021301301642515647,0.0021301301642515647,0.0
2021-08-06,1.997402104780832e-05,1.997402104780832e-05,0.0
2021-08-09,-0.0021022763298425007,-0.0021022763298425007,0.0
2021-08-10,0.000479873506962436,0.000479873506962436,0.0
2021-08-11,0.0017351479374294598,0.0017351479374294598,0.0
2021-08-12,-5.399522934146361e-05,-5.399522934146361e-05,0.0
2021-08-13,-0.0003844651573922109,-0.0003844651573922109,0.0
2021-08-16,-0.0009712890532384,-0.0009712890532384,0.0
2021-08-17,-0.0028308830544698793,-0.0028308830544698793,0.0
2021-08-18,-0.002998841996433188,-0.002998841996433188,0.0
2021-08-19,-0.002044537386540757,-0.002044537386540757,0.0
2021-08-20,0.0002648208660547269,0.0002648208660547269,0.0
2021-08-23,0.004460330099289367,0.004460330099289367,0.0
2021-08-24,0.002907673201525185,0.002907673201525185,0.0
2021-08-25,0.0017860134964049479,0.0017860134964049479,0.0
2021-08-26,-0.0021294093797833424,-0.0021294093797833424,0.0
2021-08-27,0.004720289343062678,0.004720289343062678,0.0
2021-08-30,0.0012225775716261378,0.0012225775716261378,0.0
2021-08-31,-0.0006084303630976562,-0.0006084303630976562,0.0
2021-09-01,0.0015355725278753951,0.0016155193355815722,0.1598936154124703
2021-09-02,0.0014480072350560036,0.0014480072350560036,0.0
2021-09-03,0.0001070263094917756,0.0001070263094917756,0.0
2021-09-07,-0.00028153741714231906,-0.00028153741714231906,0.0
2021-09-08,-0.0007051975789043041,-0.0007051975789043041,0.0
2021-09-09,-0.0005912102565008848,-0.0005912102565008848,0.0
2021-09-10,-0.0011603098415504665,-0.0011603098415504665,0.0
2021-09-13,0.0024179217044388857,0.0024179217044388857,0.0
2021-09-14,-0.002087731357849232,-0.002087731357849232,0.0
2021-09-15,0.002982284108523414,0.002982284108523414,0.0
2021-09-16,0.0009206470791187638,0.0009206470791187638,0.0
2021-09-17,-0.002794144603592952,-0.002794144603592952,0.0
2021-09-20,-0.0061144984364198685,-0.0061144984364198685,0.0
2021-09-21,0.0009720783665563282,0.0009720783665563282,0.0
2021-09-22,0.0025045981812656937,0.0025045981812656937,0.0
2021-09-23,0.004270603806576734,0.004270603806576734,0.0
2021-09-24,-0.0005811397857311551,-0.0005811397857311551,0.0
2021-09-27,0.0002045014196967454,0.0002045014196967454,0.0
2021-09-28,-0.005798332104104742,-0.005798332104104742,0.0
2021-09-29,0.001798331251281482,0.001798331251281482,0.0
2021-09-30,-0.0032806562158439467,-0.0032806562158439467,0.0
2021-10-01,0.002334663205841192,0.0032003232219759425,1.7313200322697149
2021-10-04,-0.002694711126780769,-0.002694711126780769,0.0
2021-10-05,0.0023941881092677253,0.0023941881092677253,0.0
2021-10-06,-0.0010610655241296563,-0.0010610655241296563,0.0
2021-10-07,0.0031949197713825317,0.0031949197713825317,0.0
2021-10-08,-7.998379520790522e-05,-7.998379520790522e-05,0.0
2021-10-11,0.0005778930485522693,0.0005778930485522693,0.0
2021-10-12,-0.00026276203922170893,-0.00026276203922170893,0.0
2021-10-13,0.0009414820262010348,0.0009414820262010348,0.0
2021-10-14,0.00402129782007532,0.00402129782007532,0.0
2021-10-15,0.0034744227497267577,0.0034744227497267577,0.0
2021-10-18,0.00010525354088142258,0.00010525354088142258,0.0
2021-10-19,-0.00016831894174640372,-0.00016831894174640372,0.0
2021-10-20,0.0006074186580993235,0.0006074186580993235,0.0
2021-10-21,-0.0007132253053115933,-0.0007132253053115933,0.0
2021-10-22,-0.0005672285560136547,-0.0005672285560136547,0.0
2021-10-25,0.0017338399794923909,0.0017338399794923909,0.0
2021-10-26,0.0017901977775480749,0.0017901977775480749,0.0
2021-10-27,-0.002150877590902933,-0.002150877590902933,0.0
2021-10-28,0.0015649100420587203,0.0015649100420587203,0.0
2021-10-29,-0.0008897811273119727,-0.0008897811273119727,0.0
2021-11-01,0.0020447169121662334,0.002141734036883447,0.1940342494342115
2021-11-02,-0.00023289416049643297,-0.00023289416049643297,0.0
2021-11-03,0.0018279499656599363,0.0018279499656599363,0.0
2021-11-04,-0.0009656444350868432,-0.0009656444350868432,0.0
2021-11-05,0.0016128283402536692,0.0016128283402536692,0.0
2021-11-08,0.0016845742957591892,0.0016845742957591892,0.0
2021-11-09,-0.00059107165172545,-0.00059107165172545,0.0
2021-11-10,-0.0013135089807589928,-0.0013135089807589928,0.0
2021-11-11,0.002055257247114861,0.002055257247114861,0.0
2021-11-12,0.0005639365806919816,0.0005639365806919816,0.0
2021-11-15,0.0007351660199834686,0.0007351660199834686,0.0
2021-11-16,7.64778823669765e-06,7.64778823669765e-06,0.0
2021-11-17,-0.001681798639088461,-0.001681798639088461,0.0
2021-11-18,0.0002481028137897301,0.0002481028137897301,0.0
2021-11-19,-0.001905845326757527,-0.001905845326757527,0.0
2021-11-22,0.0002907823490627681,0.0002907823490627681,0.0
2021-11-23,0.001414866774107626,0.001414866774107626,0.0
2021-11-24,-8.774293069901962e-05,-8.774293069901962e-05,0.0
2021-11-26,-0.01493946047669581,-0.01493946047669581,0.0
2021-11-29,0.0027269102224665165,0.0027269102224665165,0.0
2021-11-30,-0.0063380820446943265,-0.0063380820446943265,0.0
2021-12-01,-0.002364331778288875,-0.001958148829921069,0.8123658967354883
2021-12-02,0.006120223703042882,0.006120223703042882,0.0
2021-12-03,-0.0029783751513315915,-0.0029783751513315915,0.0
2021-12-06,0.004954531483521096,0.004954531483521096,0.0
2021-12-07,0.00630092797836368,0.00630092797836368,0.0
2021-12-08,0.0008047760779157365,0.0008047760779157365,0.0
2021-12-09,-0.0035272691947990653,-0.0035272691947990653,0.0
2021-12-10,0.0010757290175071876,0.0010757290175071876,0.0
2021-12-13,-0.0021137629474015096,-0.0021137629474015096,0.0
2021-12-14,-0.0008877225856654958,-0.0008877225856654958,0.0
2021-12-15,0.0037543053830877415,0.0037543053830877415,0.0
2021-12-16,-0.002696186886609442,-0.002696186886609442,0.0
2021-12-17,-0.0010802348057864508,-0.0010802348057864508,0.0
2021-12-20,-0.0021517153339214445,-0.0021517153339214445,0.0
2021-12-21,0.005799319669368197,0.005799319669368197,0.0
2021-12-22,0.0021836349254036325,0.0021836349254036325,0.0
2021-12-23,0.002144611065835189,0.002144611065835189,0.0
2021-12-27,0.0032908389855454967,0.0032908389855454967,0.0
2021-12-28,1.9656639644427543e-05,1.9656639644427543e-05,0.0
2021-12-29,0.0014449173238109125,0.0014449173238109125,0.0
2021-12-30,-0.0014043288274390164,-0.0014043288274390164,0.0
2021-12-31,-0.001379736811444654,-0.001379736811444654,0.0
2022-01-03,0.00415462044400039,0.004254828524378196,0.20041616075563778
2022-01-04,0.0007095642636483213,0.0007095642636483213,0.0
2022-01-05,-0.0023274233107765108,-0.0023274233107765108,0.0
2022-01-06,0.0008180357343616773,0.0008180357343616773,0.0
2022-01-07,-0.0023498415369405112,-0.0023498415369405112,0.0
2022-01-10,-0.0006290233498635889,-0.0006290233498635889,0.0
2022-01-11,-0.00015765903476505638,-0.00015765903476505638,0.0
2022-01-12,-0.0021646384375285654,-0.0021646384375285654,0.0
2022-01-13,-0.0026725987591300626,-0.0026725987591300626,0.0
2022-01-14,0.002870741494071405,0.002870741494071405,0.0
2022-01-18,0.00035689662375792963,0.00035689662375792963,0.0
2022-01-19,-0.0043821154997604195,-0.0043821154997604195,0.0
2022-01-20,-0.0026539653679098496,-0.0026539653679098496,0.0
2022-01-21,-0.0027742176681264663,-0.0027742176681264663,0.0
2022-01-24,0.0018743270609482554,0.0018743270609482554,0.0
2022-01-25,-0.001272801790941247,-0.001272801790941247,0.0
2022-01-26,0.0026957455934832897,0.0026957455934832897,0.0
2022-01-27,0.0006392253402540682,0.0006392253402540682,0.0
2022-01-28,0.003662922019015191,0.003662922019015191,0.0
2022-01-31,0.00031216564235325706,0.00031216564235325706,0.0
2022-02-01,-0.0006309845014766946,-0.0005222465317001879,0.21747593955307837
2022-02-02,0.0001113020725895808,0.0001113020725895808,0.0
2022-02-03,-0.0009089401292082799,-0.0009089401292082799,0.0
2022-02-04,0.0015566189491935667,0.0015566189491935667,0.0
2022-02-07,-0.0011602274951695302,-0.0011602274951695302,0.0
2022-02-08,0.0003799249357034906,0.0003799249357034906,0.0
2022-02-09,0.001323893246276242,0.001323893246276242,0.0
2022-02-10,0.0011945077754389466,0.0011945077754389466,0.0
2022-02-11,-0.0028426598418559434,-0.0028426598418559434,0.0
2022-02-14,0.0017852470633195061,0.0017852470633195061,0.0
2022-02-15,-0.0005013894791456863,-0.0005013894791456863,0.0
2022-02-16,-0.0014100253966182752,-0.0014100253966182752,0.0
2022-02-17,-0.0015174941718179014,-0.0015174941718179014,0.0
2022-02-18,0.0005509540580719285,0.0005509540580719285,0.0
2022-02-22,0.0012759309363299387,0.0012759309363299387,0.0
2022-02-23,0.0008189356886034727,0.0008189356886034727,0.0
2022-02-24,0.0037618060932171904,0.0037618060932171904,0.0
2022-02-25,-0.001580085672664433,-0.001580085672664433,0.0
2022-02-28,-0.0007632105567018099,-0.0007632105567018099,0.0
2022-03-01,0.0019128036169606677,0.002168505094386486,0.5114029548516714
2022-03-02,0.004824851662823981,0.004824851662823981,0.0
2022-03-03,0.002403721626510258,0.002403721626510258,0.0
2022-03-04,0.004190417121644252,0.004190417121644252,0.0
2022-03-07,0.005383665859442388,0.005383665859442388,0.0
2022-03-08,0.003302212862689835,0.003302212862689835,0.0
2022-03-09,-0.007843930120858267,-0.007843930120858267,0.0
2022-03-10,0.002064615824711513,0.002064615824711513,0.0
2022-03-11,0.004000896037682056,0.004000896037682056,0.0
2022-03-14,0.0012233116572570868,0.0012233116572570868,0.0
2022-03-15,-0.003717481137141876,-0.003717481137141876,0.0
2022-03-16,-0.005333971580970487,-0.005333971580970487,0.0
2022-03-17,0.004260255724257478,0.004260255724257478,0.0
2022-03-18,0.00033340939051806906,0.00033340939051806906,0.0
2022-03-21,0.007099925724486367,0.007099925724486367,0.0
2022-03-22,6.79100938509869e-05,6.79100938509869e-05,0.0
2022-03-23,0.0030035097334550898,0.0030035097334550898,0.0
2022-03-24,0.00038998779616195023,0.00038998779616195023,0.0
2022-03-25,0.0031708567378019303,0.0031708567378019303,0.0
2022-03-28,-0.0022786873486861925,-0.0022786873486861925,0.0
2022-03-29,-0.0026401166475696902,-0.0026401166475696902,0.0
2022-03-30,0.0005299773772766692,0.0005299773772766692,0.0
2022-03-31,-0.0006023282011177189,-0.0006023282011177189,0.0
2022-04-01,-1.0362353467852081e-05,0.0001367855630114434,0.29429583295880546
2022-04-04,0.0009676116893413411,0.0009676116893413411,0.0
2022-04-05,0.003980330653887254,0.003980330653887254,0.0
2022-04-06,0.0009180171493357037,0.0009180171493357037,0.0
2022-04-07,0.0010636679094875312,0.0010636679094875312,0.0
2022-04-08,0.0024089135887228608,0.0024089135887228608,0.0
2022-04-11,0.0015655931658373756,0.0015655931658373756,0.0
2022-04-12,0.0006153384349050217,0.0006153384349050217,0.0
2022-04-13,-0.0011833476976125246,-0.0011833476976125246,0.0
2022-04-14,0.0026058609938004462,0.0026058609938004462,0.0
2022-04-18,0.002650476018192238,0.002650476018192238,0.0
2022-04-19,0.0017360352426054604,0.0017360352426054604,0.0
2022-04-20,-0.0020998582036788616,-0.0020998582036788616,0.0
2022-04-21,0.0026218513603011306,0.0026218513603011306,0.0
2022-04-22,-0.0005284982354651913,-0.0005284982354651913,0.0
2022-04-25,-0.0018872909577292152,-0.0018872909577292152,0.0
2022-04-26,0.0004496929259769633,0.0004496929259769633,0.0
2022-04-27,0.002000346138432807,0.002000346138432807,0.0
2022-04-28,0.00275007872910793,0.00275007872910793,0.0
2022-04-29,-0.0015199370554017655,-0.0015199370554017655,0.0
2022-05-02,-0.0004534326281765422,-0.00041279221810930355,0.08128082013476684
2022-05-03,-0.0011795046149869481,-0.0011795046149869481,0.0
2022-05-04,-0.002359517754424778,-0.002359517754424778,0.0
2022-05-05,0.005498100266729811,0.005498100266729811,0.0
2022-05-06,0.001810864525930933,0.001810864525930933,0.0
2022-05-09,-0.0015657403589118823,-0.0015657403589118823,0.0
2022-05-10,-0.0011259609162505013,-0.0011259609162505013,0.0
2022-05-11,0.0020458814801567193,0.0020458814801567193,0.0
2022-05-12,0.00078933066468867,0.00078933066468867,0.0
2022-05-13,-0.00010000565341905521,-0.00010000565341905521,0.0
2022-05-16,0.0006926464164811463,0.0006926464164811463,0.0
2022-05-17,-0.001199863976302451,-0.001199863976302451,0.0
2022-05-18,-0.00040375310183027313,-0.00040375310183027313,0.0
2022-05-19,-0.002919595763771987,-0.002919595763771987,0.0
2022-05-20,-0.00014800003211357105,-0.00014800003211357105,0.0
2022-05-23,-0.00010556229268632311,-0.00010556229268632311,0.0
2022-05-24,-0.0017653700299742336,-0.0017653700299742336,0.0
2022-05-25,-0.0011031533274995509,-0.0011031533274995509,0.0
2022-05-26,-0.0010786623646913407,-0.0010786623646913407,0.0
2022-05-27,-0.0008017390483848752,-0.0008017390483848752,0.0
2022-05-31,0.0015904492601814813,0.0015904492601814813,0.0
2022-06-01,0.0032170116289211848,0.0033549548786810934,0.27588649951956457
2022-06-02,-0.0035689682410621204,-0.0035689682410621204,0.0
2022-06-03,0.0033382922083891042,0.0033382922083891042,0.0
2022-06-06,0.0021554248969848366,0.0021554248969848366,0.0
2022-06-07,-0.001120121608018998,-0.001120121608018998,0.0
2022-06-08,0.0029212110455112406,0.0029212110455112406,0.0
2022-06-09,0.0037864690149198577,0.0037864690149198577,0.0
2022-06-10,0.004550797210541857,0.004550797210541857,0.0
2022-06-13,0.010385086552059164,0.010385086552059164,0.0
2022-06-14,0.0017656655871276516,0.0017656655871276516,0.0
2022-06-15,-0.006846415823347218,-0.006846415823347218,0.0
2022-06-16,0.001150095308761534,0.001150095308761534,0.0
2022-06-17,0.0010502460392214363,0.0010502460392214363,0.0
2022-06-21,-0.000265931597246194,-0.000265931597246194,0.0
2022-06-22,-0.0023918091823599275,-0.0023918091823599275,0.0
2022-06-23,-0.002217200483853876,-0.002217200483853876,0.0
2022-06-24,-0.0019091293247314178,-0.0019091293247314178,0.0
2022-06-27,0.0011743711328560114,0.0011743711328560114,0.0
2022-06-28,0.0029039881964001424,0.0029039881964001424,0.0
2022-06-29,-0.00012477600389115828,-0.00012477600389115828,0.0
2022-06-30,-0.0012901757478084308,-0.0012901757478084308,0.0
2022-07-01,-0.0030844550105566526,-0.0029944733260796053,0.1799633689543497
2022-07-05,-0.0005547456850835131,-0.0005547456850835131,0.0
2022-07-06,0.0020632630500991844,0.0020632630500991844,0.0
2022-07-07,-0.000724559854232032,-0.000724559854232032,0.0
2022-07-08,0.0016960512913828385,0.0016960512913828385,0.0
2022-07-11,0.0035271715367866108,0.0035271715367866108,0.0
2022-07-12,-0.002149342526202913,-0.002149342526202913,0.0
2022-07-13,-0.00023992788734306103,-0.00023992788734306103,0.0
2022-07-14,0.0029402837147844973,0.0029402837147844973,0.0
2022-07-15,-0.003510767017163574,-0.003510767017163574,0.0
2022-07-18,0.0015306821692937511,0.0015306821692937511,0.0
2022-07-19,-0.0035988081905224956,-0.0035988081905224956,0.0
2022-07-20,-8.753279440254502e-05,-8.753279440254502e-05,0.0
2022-07-21,-0.005074693022046994,-0.005074693022046994,0.0
2022-07-22,-0.0018746660457258368,-0.0018746660457258368,0.0
2022-07-25,0.0010376197005812493,0.0010376197005812493,0.0
2022-07-26,0.002477479869760435,0.002477479869760435,0.0
2022-07-27,-0.004473241878185097,-0.004473241878185097,0.0
2022-07-28,-0.004542081699520417,-0.004542081699520417,0.0
2022-07-29,-0.0017179545636812898,-0.0017179545636812898,0.0
2022-08-01,-0.0023937125463384668,-0.002335081996584276,0.11726109950849713
2022-08-02,0.0053830583544500765,0.0053830583544500765,0.0
2022-08-03,-0.002703916607907697,-0.002703916607907697,0.0
2022-08-04,-0.002932143032117862,-0.002932143032117862,0.0
2022-08-05,0.004767486193711923,0.004767486193711923,0.0
2022-08-08,-0.00214887550720666,-0.00214887550720666,0.0
2022-08-09,0.001712354322989329,0.001712354322989329,0.0
2022-08-10,-0.004451797720289141,-0.004451797720289141,0.0
2022-08-11,0.002611013404357765,0.002611013404357765,0.0
2022-08-12,-0.0039583833177341265,-0.0039583833177341265,0.0
2022-08-15,0.0007173208535700137,0.0007173208535700137,0.0
2022-08-16,0.00038535770326286745,0.00038535770326286745,0.0
2022-08-17,0.0032499625000188548,0.0032499625000188548,0.0
2022-08-18,0.0009775555277233838,0.0009775555277233838,0.0
2022-08-19,0.0053977238648335035,0.0053977238648335035,0.0
2022-08-22,0.0046821627465611915,0.0046821627465611915,0.0
2022-08-23,-0.0004081150612229578,-0.0004081150612229578,0.0
2022-08-24,0.000619154851219994,0.000619154851219994,0.0
2022-08-25,-0.004742220457983004,-0.004742220457983004,0.0
2022-08-26,0.005477523506590698,0.005477523506590698,0.0
2022-08-29,0.0027471273631942683,0.0027471273631942683,0.0
2022-08-30,0.0015929735299076153,0.0015929735299076153,0.0
2022-08-31,0.0015568995751373826,0.0015568995751373826,0.0
2022-09-01,0.002609595333926462,0.0026421803428666735,0.06517001788018938
2022-09-02,0.0003157080824345293,0.0003157080824345293,0.0
2022-09-06,0.005084256486779681,0.005084256486779681,0.0
2022-09-07,-0.006285688440016424,-0.006285688440016424,0.0
2022-09-08,0.0008910923853737707,0.0008910923853737707,0.0
2022-09-09,-0.0034035899531696945,-0.0034035899531696945,0.0
2022-09-12,-0.0024735306971401805,-0.0024735306971401805,0.0
2022-09-13,0.010629723133006141,0.010629723133006141,0.0
2022-09-14,-0.00131795344498975,-0.00131795344498975,0.0
2022-09-15,0.002813322516592276,0.002813322516592276,0.0
2022-09-16,0.0005890960483230234,0.0005890960483230234,0.0
2022-09-19,-0.0008415565481845189,-0.0008415565481845189,0.0
2022-09-20,0.004108049037168993,0.004108049037168993,0.0
2022-09-21,0.0022702509786765024,0.0022702509786765024,0.0
2022-09-22,0.002926019995959317,0.002926019995959317,0.0
2022-09-23,0.005703213050825662,0.005703213050825662,0.0
2022-09-26,0.006334735302487626,0.006334735302487626,0.0
2022-09-27,0.002676466624499829,0.002676466624499829,0.0
2022-09-28,-0.008224803052465757,-0.008224803052465757,0.0
2022-09-29,0.004161769801323212,0.004161769801323212,0.0
2022-09-30,0.0008707939796488429,0.0008707939796488429,0.0
2022-10-03,-0.007690771632737903,-0.007633688088196755,0.11416708908238844
2022-10-04,-0.007728555456271713,-0.007728555456271713,0.0
2022-10-05,0.004802669242539359,0.004802669242539359,0.0
2022-10-06,0.003998836124762706,0.003998836124762706,0.0
2022-10-07,0.006820052345267946,0.006820052345267946,0.0
2022-10-10,0.004350635350727439,0.004350635350727439,0.0
2022-10-11,0.00035267304414010603,0.00035267304414010603,0.0
2022-10-12,-0.00014224077951330294,-0.00014224077951330294,0.0
2022-10-13,-0.0009219840684591141,-0.0009219840684591141,0.0
2022-10-14,0.004358446666897553,0.004358446666897553,0.0
2022-10-17,-0.005837165895784424,-0.005837165895784424,0.0
2022-10-18,-0.0016536395116798497,-0.0016536395116798497,0.0
2022-10-19,0.00628775270430193,0.00628775270430193,0.0
2022-10-20,0.0020375923396347417,0.0020375923396347417,0.0
2022-10-21,-0.005094438023931058,-0.005094438023931058,0.0
2022-10-24,0.001889114400053682,0.001889114400053682,0.0
2022-10-25,-0.007015879166924144,-0.007015879166924144,0.0
2022-10-26,-0.002968447513319039,-0.002968447513319039,0.0
2022-10-27,0.001004694795438743,0.001004694795438743,0.0
2022-10-28,-0.0010041943698041456,-0.0010041943698041456,0.0
2022-10-31,0.004323123325326916,0.004323123325326916,0.0
2022-11-01,-0.0016907722887646859,-0.0016515028168055945,0.07853894391800804
2022-11-02,0.0037121397131092415,0.0037121397131092415,0.0
2022-11-03,0.0027609907039802817,0.0027609907039802817,0.0
2022-11-04,-0.005870593418703329,-0.005870593418703329,0.0
2022-11-07,-0.0009106802944418568,-0.0009106802944418568,0.0
2022-11-08,-0.004160412881688447,-0.004160412881688447,0.0
2022-11-09,0.002647821218499713,0.002647821218499713,0.0
2022-11-10,-0.018237638340629747,-0.018237638340629747,0.0
2022-11-11,-0.003728301915024601,-0.003728301915024601,0.0
2022-11-14,0.002291845023305372,0.002291845023305372,0.0
2022-11-15,-0.003932788542122867,-0.003932788542122867,0.0
2022-11-16,-0.0005072307270106435,-0.0005072307270106435,0.0
2022-11-17,0.0014990270373798076,0.0014990270373798076,0.0
2022-11-18,0.0011678959432035452,0.0011678959432035452,0.0
2022-11-21,0.0025334822437641513,0.0025334822437641513,0.0
2022-11-22,-0.0036117957627012087,-0.0036117957627012087,0.0
2022-11-23,-0.005453946881135985,-0.005453946881135985,0.0
2022-11-25,-0.00015543945683915705,-0.00015543945683915705,0.0
2022-11-28,0.0031586186696146434,0.0031586186696146434,0.0
2022-11-29,5.6498702982077376e-05,5.6498702982077376e-05,0.0
2022-11-30,-0.00736400532227921,-0.00736400532227921,0.0
2022-12-01,-0.005783922202620917,-0.0057109151440216666,0.14601411719838192
2022-12-02,-0.001732288798917625,-0.001732288798917625,0.0
2022-12-05,0.004763448700008999,0.004763448700008999,0.0
2022-12-06,-0.0006103245513653377,-0.0006103245513653377,0.0
2022-12-07,-0.0027305927481632297,-0.0027305927481632297,0.0
2022-12-08,-0.0013029162559059504,-0.0013029162559059504,0.0
2022-12-09,0.001743448734108588,0.001743448734108588,0.0
2022-12-12,0.0005619951163213788,0.0005619951163213788,0.0
2022-12-13,-0.004281174103308416,-0.004281174103308416,0.0
2022-12-14,0.0002458094332178362,0.0002458094332178362,0.0
2022-12-15,0.004153937747403136,0.004153937747403136,0.0
2022-12-16,0.0005390678569190399,0.0005390678569190399,0.0
2022-12-19,0.0028776755293857814,0.0028776755293857814,0.0
2022-12-20,-0.0009958382088725015,-0.0009958382088725015,0.0
2022-12-21,-0.0007888576216606991,-0.0007888576216606991,0.0
2022-12-22,0.0021610865573931104,0.0021610865573931104,0.0
2022-12-23,0.0012806003572960467,0.0012806003572960467,0.0
2022-12-27,0.0009134219031445845,0.0009134219031445845,0.0
2022-12-28,0.0033712813424087162,0.0033712813424087162,0.0
2022-12-29,-0.004937117018807502,-0.004937117018807502,0.0
2022-12-30,0.001336919899459943,0.001336919899459943,0.0
2023-01-03,-0.0036062789980914056,-0.0035471690573247727,0.11821988153332894
2023-01-04,-0.0050966006211077275,-0.0050966006211077275,0.0
2023-01-05,0.0029574291531881958,0.0029574291531881958,0.0
2023-01-06,-0.0071275121936827945,-0.0071275121936827945,0.0
2023-01-09,-0.0014355132511786328,-0.0014355132511786328,0.0
2023-01-10,0.00014894586922120645,0.00014894586922120645,0.0
2023-01-11,-0.002385428053433225,-0.002385428053433225,0.0
2023-01-12,-0.004482463773058054,-0.004482463773058054,0.0
2023-01-13,0.0008374393355823351,0.0008374393355823351,0.0
2023-01-17,0.0014622295167725508,0.0014622295167725508,0.0
2023-01-18,-0.0019670350256084657,-0.0019670350256084657,0.0
2023-01-19,0.0001031111660039219,0.0001031111660039219,0.0
2023-01-20,-0.00045903839164562754,-0.00045903839164562754,0.0
2023-01-23,-0.0006382778486819785,-0.0006382778486819785,0.0
2023-01-24,-0.0012383454603467348,-0.0012383454603467348,0.0
2023-01-25,-0.000728951007480716,-0.000728951007480716,0.0
2023-01-26,0.0007302443054015839,0.0007302443054015839,0.0
2023-01-27,-0.0007532029044197142,-0.0007532029044197142,0.0
2023-01-30,0.003101620715362241,0.003101620715362241,0.0
2023-01-31,-0.0013663427615657753,-0.0013663427615657753,0.0
2023-02-01,-0.005640283656127454,-0.005595871336593339,0.0888246390682543
2023-02-02,-0.002071581722364102,-0.002071581722364102,0.0
2023-02-03,0.0033948630874525154,0.0033948630874525154,0.0
2023-02-06,0.004134293637769737,0.004134293637769737,0.0
2023-02-07,-0.0009635845035795843,-0.0009635845035795843,0.0
2023-02-08,0.0017703060821310235,0.0017703060821310235,0.0
2023-02-09,0.00030410535031077934,0.00030410535031077934,0.0
2023-02-10,0.003217475390421942,0.003217475390421942,0.0
2023-02-13,-0.001941311690100589,-0.001941311690100589,0.0
2023-02-14,0.0014302156185210801,0.0014302156185210801,0.0
2023-02-15,0.0002336034533887421,0.0002336034533887421,0.0
2023-02-16,0.0022319249513389483,0.0022319249513389483,0.0
2023-02-17,-0.00027975620579068217,-0.00027975620579068217,0.0
2023-02-21,0.005520557062830944,0.005520557062830944,0.0
2023-02-22,-0.0009241675497390078,-0.0009241675497390078,0.0
2023-02-23,-0.001657979135153309,-0.001657979135153309,0.0
2023-02-24,0.003307630270124484,0.003307630270124484,0.0
2023-02-27,-0.002272473371694228,-0.002272473371694228,0.0
2023-02-28,0.0008431712018412973,0.0008431712018412973,0.0
2023-03-01,0.0008729648664971279,0.0010308246196186754,0.31571950624324474
2023-03-02,0.0002763258666698132,0.0002763258666698132,0.0
2023-03-03,-0.005943605319725487,-0.005943605319725487,0.0
2023-03-06,0.0014858862489410818,0.0014858862489410818,0.0
2023-03-07,0.005796875437647397,0.005796875437647397,0.0
2023-03-08,-0.0005460994963734089,-0.0005460994963734089,0.0
2023-03-09,0.0015185604580509882,0.0015185604580509882,0.0
2023-03-10,-0.0025751420618459475,-0.0025751420618459475,0.0
2023-03-13,-0.00549524112812938,-0.00549524112812938,0.0
2023-03-14,-0.0005130920481923873,-0.0005130920481923873,0.0
2023-03-15,-0.0003833211535835268,-0.0003833211535835268,0.0
2023-03-16,-0.0015399390717873995,-0.0015399390717873995,0.0
2023-03-17,-0.0022716197578573905,-0.0022716197578573905,0.0
2023-03-20,-0.0012668591108088156,-0.0012668591108088156,0.0
2023-03-21,-9.488619381803343e-05,-9.488619381803343e-05,0.0
2023-03-22,-0.002632653113612715,-0.002632653113612715,0.0
2023-03-23,-0.0019150297217359613,-0.0019150297217359613,0.0
2023-03-24,-0.00045435312113839554,-0.00045435312113839554,0.0
2023-03-27,0.003564140010454464,0.003564140010454464,0.0
2023-03-28,-0.0019870011700925394,-0.0019870011700925394,0.0
2023-03-29,-0.0019826129056566,-0.0019826129056566,0.0
2023-03-30,-0.00381887913506207,-0.00381887913506207,0.0
2023-03-31,-0.0029152430198272627,-0.0029152430198272627,0.0
2023-04-03,-0.00015328285109117434,0.00010139299050559991,0.5093516831932424
2023-04-04,-0.0001628074048479755,-0.0001628074048479755,0.0
2023-04-05,0.0013704193719092927,0.0013704193719092927,0.0
2023-04-06,-0.0014011651076115683,-0.0014011651076115683,0.0
2023-04-10,0.0014673114091943162,0.0014673114091943162,0.0
2023-04-11,-0.002523248401764322,-0.002523248401764322,0.0
2023-04-12,-0.0006309466280908227,-0.0006309466280908227,0.0
2023-04-13,-0.0028083661797805304,-0.0028083661797805304,0.0
2023-04-14,0.00223795801636939,0.00223795801636939,0.0
2023-04-17,0.0003442858547577643,0.0003442858547577643,0.0
2023-04-18,-0.0010708698608229428,-0.0010708698608229428,0.0
2023-04-19,0.003059239162413796,0.003059239162413796,0.0
2023-04-20,0.0006942261176337006,0.0006942261176337006,0.0
2023-04-21,0.00013201865306422533,0.00013201865306422533,0.0
2023-04-24,-0.0017327130089130893,-0.0017327130089130893,0.0
2023-04-25,0.0038600997146267524,0.0038600997146267524,0.0
2023-04-26,0.0013118896142572112,0.0013118896142572112,0.0
2023-04-27,-0.0028864854942109996,-0.0028864854942109996,0.0
2023-04-28,-0.001857476735722452,-0.001857476735722452,0.0
2023-05-01,0.001184101459815512,0.0014625586657146528,0.5569144117982314
2023-05-02,0.002340524136852151,0.002340524136852151,0.0
2023-05-03,6.877661480841901e-05,6.877661480841901e-05,0.0
2023-05-04,-0.0009613167930850874,-0.0009613167930850874,0.0
2023-05-05,-0.002336246030028133,-0.002336246030028133,0.0
2023-05-08,0.00018569789484068622,0.00018569789484068622,0.0
2023-05-09,0.0002653305785642601,0.0002653305785642601,0.0
2023-05-10,-0.00037429300953917277,-0.00037429300953917277,0.0
2023-05-11,0.0002485036646151517,0.0002485036646151517,0.0
2023-05-12,0.001227846491717477,0.001227846491717477,0.0
2023-05-15,-0.0017562520651347446,-0.0017562520651347446,0.0
2023-05-16,0.000991741536146673,0.000991741536146673,0.0
2023-05-17,0.00017948569901893308,0.00017948569901893308,0.0
2023-05-18,0.0017011180589681096,0.0017011180589681096,0.0
2023-05-19,0.0008568022754942284,0.0008568022754942284,0.0
2023-05-22,-0.00014409146678340257,-0.00014409146678340257,0.0
2023-05-23,-0.001052307558892851,-0.001052307558892851,0.0
2023-05-24,-0.00010522079438535226,-0.00010522079438535226,0.0
2023-05-25,0.002766244788546368,0.002766244788546368,0.0
2023-05-26,-0.0003435617142986125,-0.0003435617142986125,0.0
2023-05-30,0.0020854125818001723,0.0020854125818001723,0.0
2023-05-31,3.4385890062882396e-05,3.4385890062882396e-05,0.0
2023-06-01,-0.0024954183272907215,-0.002225150710772117,0.5405352330372932
2023-06-02,-0.00032356785267551036,-0.00032356785267551036,0.0
2023-06-05,0.00018344388301061443,0.00018344388301061443,0.0
2023-06-06,-0.000989156076558917,-0.000989156076558917,0.0
2023-06-07,-0.0008071271537324343,-0.0008071271537324343,0.0
2023-06-08,-0.001795934683453293,-0.001795934683453293,0.0
2023-06-09,0.001767847332343253,0.001767847332343253,0.0
2023-06-12,0.0010900560014657223,0.0010900560014657223,0.0
2023-06-13,9.331007287549653e-05,9.331007287549653e-05,0.0
2023-06-14,-0.0012888964818871251,-0.0012888964818871251,0.0
2023-06-15,-0.004277232950937626,-0.004277232950937626,0.0
2023-06-16,0.00036931351395419476,0.00036931351395419476,0.0
2023-06-20,-0.00029627340664672985,-0.00029627340664672985,0.0
2023-06-21,-0.0018234079077426024,-0.0018234079077426024,0.0
2023-06-22,0.0036416461176576043,0.0036416461176576043,0.0
2023-06-23,0.0010913084021162422,0.0010913084021162422,0.0
2023-06-26,-0.001413253384837776,-0.001413253384837776,0.0
2023-06-27,0.0012957038235315022,0.0012957038235315022,0.0
2023-06-28,0.0007094407178498408,0.0007094407178498408,0.0
2023-06-29,0.0021410988198780068,0.0021410988198780068,0.0
2023-06-30,-0.0016482797095117574,-0.0016482797095117574,0.0
2023-07-03,-0.000661246773661972,-0.00019319612114498952,0.9361013050338776
2023-07-05,-0.0015273540214810755,-0.0015273540214810755,0.0
2023-07-06,-0.0028809745406027654,-0.0028809745406027654,0.0
2023-07-07,0.0008770379915041815,0.0008770379915041815,0.0
2023-07-10,0.0005774502829685169,0.0005774502829685169,0.0
2023-07-11,0.0007770193710285866,0.0007770193710285866,0.0
2023-07-12,0.0019423558148197184,0.0019423558148197184,0.0
2023-07-13,0.002478546816176097,0.002478546816176097,0.0
2023-07-14,-0.0001253101135761936,-0.0001253101135761936,0.0
2023-07-17,0.0009698745191952796,0.0009698745191952796,0.0
2023-07-18,0.00234698979756498,0.00234698979756498,0.0
2023-07-19,0.0002776324171755995,0.0002776324171755995,0.0
2023-07-20,-0.0023732621360417205,-0.0023732621360417205,0.0
2023-07-21,0.00048600434923007363,0.00048600434923007363,0.0
2023-07-24,-0.0006654746017941138,-0.0006654746017941138,0.0
2023-07-25,0.0007805078102924856,0.0007805078102924856,0.0
2023-07-26,0.001155252774907689,0.001155252774907689,0.0
2023-07-27,-0.00267261139978503,-0.00267261139978503,0.0
2023-07-28,0.002942586606920816,0.002942586606920816,0.0
2023-07-31,0.0007824873947694932,0.0007824873947694932,0.0
2023-08-01,-0.0008412292660368026,-0.0005730401512566985,0.5363782295601467
2023-08-02,-0.0023753074935378704,-0.0023753074935378704,0.0
2023-08-03,-0.0001618076637439625,-0.0001618076637439625,0.0
2023-08-04,-0.00238754697016319,-0.00238754697016319,0.0
2023-08-07,0.0010604654039370054,0.0010604654039370054,0.0
2023-08-08,-0.0021790444751610405,-0.0021790444751610405,0.0
2023-08-09,-0.0016626894657982838,-0.0016626894657982838,0.0
2023-08-10,0.0029651533112085016,0.0029651533112085016,0.0
2023-08-11,0.0001679970553840615,0.0001679970553840615,0.0
2023-08-14,0.00041403346038304534,0.00041403346038304534,0.0
2023-08-15,-0.000964496654914826,-0.000964496654914826,0.0
2023-08-16,0.0002439893500782997,0.0002439893500782997,0.0
2023-08-17,-0.001576677045147079,-0.001576677045147079,0.0
2023-08-18,-0.00039945769151095156,-0.00039945769151095156,0.0
2023-08-21,0.003241063667355659,0.003241063667355659,0.0
2023-08-22,-0.00047266671952272965,-0.00047266671952272965,0.0
2023-08-23,0.00044720571084111427,0.00044720571084111427,0.0
2023-08-24,-0.0011511355399618228,-0.0011511355399618228,0.0
2023-08-25,0.0009666672687125288,0.0009666672687125288,0.0
2023-08-28,0.0014459083153037788,0.0014459083153037788,0.0
2023-08-29,0.0007249504851398747,0.0007249504851398747,0.0
2023-08-30,0.0004510054807873587,0.0004510054807873587,0.0
2023-08-31,-0.0022255149813776853,-0.0022255149813776853,0.0
2023-09-01,0.0009398347717206601,0.0011857704038555905,0.49187126427024147
2023-09-05,-0.0008255772559815355,-0.0008255772559815355,0.0
2023-09-06,-0.0018078519959553452,-0.0018078519959553452,0.0
2023-09-07,-0.0012834939732060402,-0.0012834939732060402,0.0
2023-09-08,-0.00028202440537639095,-0.00028202440537639095,0.0
2023-09-11,0.0023041012449531717,0.0023041012449531717,0.0
2023-09-12,-0.0016324311860124174,-0.0016324311860124174,0.0
2023-09-13,0.000534191703650766,0.000534191703650766,0.0
2023-09-14,0.0016269236954595812,0.0016269236954595812,0.0
2023-09-15,-0.00026247345119390086,-0.00026247345119390086,0.0
2023-09-18,-0.00013714168742440247,-0.00013714168742440247,0.0
2023-09-19,0.00021298272254655082,0.00021298272254655082,0.0
2023-09-20,-0.0007706761518210259,-0.0007706761518210259,0.0
2023-09-21,-0.001595284290484722,-0.001595284290484722,0.0
2023-09-22,-0.00021947836783797747,-0.00021947836783797747,0.0
2023-09-25,0.0017648363285673874,0.0017648363285673874,0.0
2023-09-26,-0.0025986671724411714,-0.0025986671724411714,0.0
2023-09-27,-0.0005875073569052702,-0.0005875073569052702,0.0
2023-09-28,0.001483977349740595,0.001483977349740595,0.0
2023-09-29,-0.0013362696112467765,-0.0013362696112467765,0.0
2023-10-02,-0.002708843461125543,-0.0024774945441918828,0.4626978338674597
2023-10-03,-0.004160053273088105,-0.004160053273088105,0.0
2023-10-04,-0.001775893193379563,-0.001775893193379563,0.0
2023-10-05,0.0008078147263734792,0.0008078147263734792,0.0
2023-10-06,0.004957490062670988,0.004957490062670988,0.0
2023-10-09,0.0027124697280489496,0.0027124697280489496,0.0
2023-10-10,0.002739582840638688,0.002739582840638688,0.0
2023-10-11,-0.0007181036745650404,-0.0007181036745650404,0.0
2023-10-12,-0.0021732019178419826,-0.0021732019178419826,0.0
2023-10-13,0.001860006431450012,0.001860006431450012,0.0
2023-10-16,0.002279214726652823,0.002279214726652823,0.0
2023-10-17,0.0010191506156032037,0.0010191506156032037,0.0
2023-10-18,-0.0020806188165868322,-0.0020806188165868322,0.0
2023-10-19,0.0015595077020349457,0.0015595077020349457,0.0
2023-10-20,-0.0025048434766403727,-0.0025048434766403727,0.0
2023-10-23,-0.0002435482123102073,-0.0002435482123102073,0.0
2023-10-24,0.0001712837472447326,0.0001712837472447326,0.0
2023-10-25,-0.0016532573281311524,-0.0016532573281311524,0.0
2023-10-26,-0.0027662032324550223,-0.0027662032324550223,0.0
2023-10-27,0.0019357003218987145,0.0019357003218987145,0.0
2023-10-30,0.0004358679674649757,0.0004358679674649757,0.0
2023-10-31,0.0001454136119478644,0.0001454136119478644,0.0
2023-11-01,0.0018846272324448687,0.002066807219729405,0.36435997456909563
2023-11-02,0.0026829303169464414,0.0026829303169464414,0.0
2023-11-03,0.0024931132371390774,0.0024931132371390774,0.0
2023-11-06,0.00027126445831338053,0.00027126445831338053,0.0
2023-11-07,-0.0008714379214005419,-0.0008714379214005419,0.0
2023-11-08,-0.001239453062468976,-0.001239453062468976,0.0
2023-11-09,0.0003320780070075191,0.0003320780070075191,0.0
2023-11-10,0.0015132674814641867,0.0015132674814641867,0.0
2023-11-13,0.001229196301452129,0.001229196301452129,0.0
2023-11-14,0.002617513769121116,0.002617513769121116,0.0
2023-11-15,0.0013876499560929734,0.0013876499560929734,0.0
2023-11-16,-0.00019646703583375835,-0.00019646703583375835,0.0
2023-11-17,9.331706209980695e-05,9.331706209980695e-05,0.0
2023-11-20,0.0006820095916577618,0.0006820095916577618,0.0
2023-11-21,8.294615006532169e-05,8.294615006532169e-05,0.0
2023-11-22,0.0006833604028844142,0.0006833604028844142,0.0
2023-11-24,0.0005461652605625034,0.0005461652605625034,0.0
2023-11-27,-0.0009823317726035397,-0.0009823317726035397,0.0
2023-11-28,0.0016492903415294968,0.0016492903415294968,0.0
2023-11-29,-0.00043523547675672347,-0.00043523547675672347,0.0
2023-11-30,0.0010567208913585535,0.0010567208913585535,0.0
2023-12-01,0.0016297471561086407,0.0018164584957101049,0.3734226792031125
2023-12-04,-0.0033008018610458656,-0.0033008018610458656,0.0
2023-12-05,-0.0002386242158344265,-0.0002386242158344265,0.0
2023-12-06,-0.0009595225577001543,-0.0009595225577001543,0.0
2023-12-07,8.559568411214968e-05,8.559568411214968e-05,0.0
2023-12-08,0.00022035128827146977,0.00022035128827146977,0.0
2023-12-11,0.0005400162452842139,0.0005400162452842139,0.0
2023-12-12,6.081328919349538e-05,6.081328919349538e-05,0.0
2023-12-13,0.005266709864278907,0.005266709864278907,0.0
2023-12-14,0.0018792006195578193,0.0018792006195578193,0.0
2023-12-15,-0.0017586846171949722,-0.0017586846171949722,0.0
2023-12-18,0.0014522537863308482,0.0014522537863308482,0.0
2023-12-19,0.0024245239696558674,0.0024245239696558674,0.0
2023-12-20,-0.002124732982689115,-0.002124732982689115,0.0
2023-12-21,0.0024667122157717714,0.0024667122157717714,0.0
2023-12-22,0.0011259757780777147,0.0011259757780777147,0.0
2023-12-26,0.0016150986980316695,0.0016150986980316695,0.0
2023-12-27,0.0009510907159682169,0.0009510907159682169,0.0
2023-12-28,-0.0012997829960749163,-0.0012997829960749163,0.0
2023-12-29,-0.0014698583823803402,-0.0014698583823803402,0.0
2024-01-02,-0.0009287403664218763,-0.0007902297070364606,0.2770213187707095
2024-01-03,-0.0035598861426463513,-0.0035598861426463513,0.0
2024-01-04,-0.0007493745916236083,-0.0007493745916236083,0.0
2024-01-05,-0.0006701651821052756,-0.0006701651821052756,0.0
2024-01-08,0.004440754764554855,0.004440754764554855,0.0
2024-01-09,-0.0012425146132329923,-0.0012425146132329923,0.0
2024-01-10,0.0015260764848767927,0.0015260764848767927,0.0
2024-01-11,0.0012657004530907123,0.0012657004530907123,0.0
2024-01-12,0.001772386903655443,0.001772386903655443,0.0
2024-01-16,-0.003188986621849743,-0.003188986621849743,0.0
2024-01-17,-0.0033678884336321158,-0.0033678884336321158,0.0
2024-01-18,0.001606764543191419,0.001606764543191419,0.0
2024-01-19,0.0023287791866011265,0.0023287791866011265,0.0
2024-01-22,0.0007718342071871831,0.0007718342071871831,0.0
2024-01-23,-0.00048164787977988954,-0.00048164787977988954,0.0
2024-01-24,-0.0010874277817153333,-0.0010874277817153333,0.0
2024-01-25,0.0020426356783802557,0.0020426356783802557,0.0
2024-01-26,-0.0007190121695420659,-0.0007190121695420659,0.0
2024-01-29,0.0034462833966180106,0.0034462833966180106,0.0
2024-01-30,-0.0003678689376429567,-0.0003678689376429567,0.0
2024-01-31,-0.0004429187780542465,-0.0004429187780542465,0.0
2024-02-01,0.002660871265542042,0.0027915597538272774,0.26137697657062936
2024-02-02,-0.0007014547884917066,-0.0007014547884917066,0.0
2024-02-05,-0.00195502572776185,-0.00195502572776185,0.0
2024-02-06,0.00027211584555386636,0.00027211584555386636,0.0
2024-02-07,0.0012073219396944168,0.0012073219396944168,0.0
2024-02-08,0.00041285593603013204,0.00041285593603013204,0.0
2024-02-09,0.0006951471425886702,0.0006951471425886702,0.0
2024-02-12,-0.00015535836410440762,-0.00015535836410440762,0.0
2024-02-13,-0.003450129929843948,-0.003450129929843948,0.0
2024-02-14,0.0017390204322786929,0.0017390204322786929,0.0
2024-02-15,0.001446041667344078,0.001446041667344078,0.0
2024-02-16,-0.001672424020740193,-0.001672424020740193,0.0
2024-02-20,0.0015435739951910055,0.0015435739951910055,0.0
2024-02-21,-0.0009119428276679331,-0.0009119428276679331,0.0
2024-02-22,0.0025256990043749372,0.0025256990043749372,0.0
2024-02-23,0.00037793582408607307,0.00037793582408607307,0.0
2024-02-26,0.0005679753490441808,0.0005679753490441808,0.0
2024-02-27,0.0008551031763923689,0.0008551031763923689,0.0
2024-02-28,-0.0003710206480532774,-0.0003710206480532774,0.0
2024-02-29,0.0007177397250093254,0.0007177397250093254,0.0
2024-03-01,0.004584172471706172,0.004699541072772817,0.23073720213345142
2024-03-04,0.0010871281112445619,0.0010871281112445619,0.0
2024-03-05,-0.001236439271648626,-0.001236439271648626,0.0
2024-03-06,0.0031203629395368804,0.0031203629395368804,0.0
2024-03-07,0.0022886924611846826,0.0022886924611846826,0.0
2024-03-08,-0.0009493446843751308,-0.0009493446843751308,0.0
2024-03-11,-0.0017070445809487245,-0.0017070445809487245,0.0
2024-03-12,0.0012127374623835951,0.0012127374623835951,0.0
2024-03-13,-0.00010110955272391031,-0.00010110955272391031,0.0
2024-03-14,-0.0023390466670406562,-0.0023390466670406562,0.0
2024-03-15,0.00023226902480155687,0.00023226902480155687,0.0
2024-03-18,0.0012454599321647386,0.0012454599321647386,0.0
2024-03-19,0.001635366039431263,0.001635366039431263,0.0
2024-03-20,0.00499147421755608,0.00499147421755608,0.0
2024-03-21,0.0006134307751057833,0.0006134307751057833,0.0
2024-03-22,-0.0003702237809155573,-0.0003702237809155573,0.0
2024-03-25,-0.00024952448962789475,-0.00024952448962789475,0.0
2024-03-26,-0.00032000547629673637,-0.00032000547629673637,0.0
2024-03-27,0.0039352124555058765,0.0039352124555058765,0.0
2024-03-28,0.0002337664755385216,0.0002337664755385216,0.0
2024-04-01,-0.0021571475437623944,-0.001979536763779821,0.35522155996509897
2024-04-02,0.0003015524352139032,0.0003015524352139032,0.0
2024-04-03,0.0029273116188355264,0.0029273116188355264,0.0
2024-04-04,-0.0019892734947644097,-0.0019892734947644097,0.0
2024-04-05,0.0028923700425318444,0.0028923700425318444,0.0
2024-04-08,0.0018263159004581198,0.0018263159004581198,0.0
2024-04-09,0.0017243645492519555,0.0017243645492519555,0.0
2024-04-10,-0.005686436130792338,-0.005686436130792338,0.0
2024-04-11,0.002454374369957879,0.002454374369957879,0.0
2024-04-12,-0.003720197469078368,-0.003720197469078368,0.0
2024-04-15,-0.0008854709762357027,-0.0008854709762357027,0.0
2024-04-16,-0.003892895913331418,-0.003892895913331418,0.0
2024-04-17,-0.0018793130347919407,-0.0018793130347919407,0.0
2024-04-18,0.00041040720960494603,0.00041040720960494603,0.0
2024-04-19,0.0012136695592916968,0.0012136695592916968,0.0
2024-04-22,0.0004055551404764657,0.0004055551404764657,0.0
2024-04-23,0.002782446420798168,0.002782446420798168,0.0
2024-04-24,0.000342756473427519,0.000342756473427519,0.0
2024-04-25,-0.0011913229422323424,-0.0011913229422323424,0.0
2024-04-26,0.0034371859714783515,0.0034371859714783515,0.0
2024-04-29,-0.00073143711641388,-0.00073143711641388,0.0
2024-04-30,-0.006634772095711838,-0.006634772095711838,0.0
2024-05-01,-0.0019942574897203746,-0.0016975323151784405,0.5934503490839076
2024-05-02,-0.0008664917980196751,-0.0008664917980196751,0.0
2024-05-03,0.0011343676220756382,0.0011343676220756382,0.0
2024-05-06,0.00293448909093863,0.00293448909093863,0.0
2024-05-07,0.0004199799773945134,0.0004199799773945134,0.0
2024-05-08,0.00036294656513091716,0.00036294656513091716,0.0
2024-05-09,-6.810618196073648e-07,-6.810618196073648e-07,0.0
2024-05-10,0.00033075884915900744,0.00033075884915900744,0.0
2024-05-13,-0.00132178974867192,-0.00132178974867192,0.0
2024-05-14,0.001117141125253296,0.001117141125253296,0.0
2024-05-15,0.0004931166415511612,0.0004931166415511612,0.0
2024-05-16,-0.0010370637734542498,-0.0010370637734542498,0.0
2024-05-17,0.003343065809024326,0.003343065809024326,0.0
2024-05-20,0.0022550197577289044,0.0022550197577289044,0.0
2024-05-21,-0.000731171239981232,-0.000731171239981232,0.0
2024-05-22,-0.002760648298234747,-0.002760648298234747,0.0
2024-05-23,-0.0005864338497741928,-0.0005864338497741928,0.0
2024-05-24,0.0015469253693327634,0.0015469253693327634,0.0
2024-05-28,0.004502883140276692,0.004502883140276692,0.0
2024-05-29,-0.0012766153451645446,-0.0012766153451645446,0.0
2024-05-30,-0.0030916659215741715,-0.0030916659215741715,0.0
2024-05-31,-0.0012268768320126133,-0.0012268768320126133,0.0
2024-06-03,-0.002291159995028602,-0.0019750672005013348,0.6321855890544946
2024-06-04,-0.0025074620603934283,-0.0025074620603934283,0.0
2024-06-05,0.004036424016235385,0.004036424016235385,0.0
2024-06-06,0.002208079301145194,0.002208079301145194,0.0
2024-06-07,-0.0059012181992933455,-0.0059012181992933455,0.0
2024-06-10,0.002540061501247859,0.002540061501247859,0.0
2024-06-11,-0.000496775253979509,-0.000496775253979509,0.0
2024-06-12,0.003194779037549278,0.003194779037549278,0.0
2024-06-13,-0.0014946307426177974,-0.0014946307426177974,0.0
2024-06-14,-0.0007638666863150068,-0.0007638666863150068,0.0
2024-06-17,0.0013480123635665198,0.0013480123635665198,0.0
2024-06-18,0.0023003611502632193,0.0023003611502632193,0.0
2024-06-20,0.0009288930549999908,0.0009288930549999908,0.0
2024-06-21,-0.0019278444560456576,-0.0019278444560456576,0.0
2024-06-24,0.001411337365163634,0.001411337365163634,0.0
2024-06-25,-0.0010685485915334914,-0.0010685485915334914,0.0
2024-06-26,-0.0006755271589373724,-0.0006755271589373724,0.0
2024-06-27,0.0017794115455735948,0.0017794115455735948,0.0
2024-06-28,0.00022955657058676415,0.00022955657058676415,0.0
2024-07-01,0.0019513030781166396,0.002015542293011041,0.12847842978882168
2024-07-02,0.0018984031147031288,0.0018984031147031288,0.0
2024-07-03,0.0022250030812940302,0.0022250030812940302,0.0
2024-07-05,0.0027341706127472776,0.0027341706127472776,0.0
2024-07-08,-0.0012608702422438611,-0.0012608702422438611,0.0
2024-07-09,-0.0004936697639574827,-0.0004936697639574827,0.0
2024-07-10,0.0031679892155078715,0.0031679892155078715,0.0
2024-07-11,0.0014515318295480473,0.0014515318295480473,0.0
2024-07-12,0.0010986810922277712,0.0010986810922277712,0.0
2024-07-15,0.00048815667815738095,0.00048815667815738095,0.0
2024-07-16,0.0028965281005839394,0.0028965281005839394,0.0
2024-07-17,-0.003033508806076224,-0.003033508806076224,0.0
2024-07-18,-0.0022354835908311443,-0.0022354835908311443,0.0
2024-07-19,-0.003205442595235586,-0.003205442595235586,0.0
2024-07-22,0.002493748995576972,0.002493748995576972,0.0
2024-07-23,-0.0007953955508804844,-0.0007953955508804844,0.0
2024-07-24,-0.005336948925928953,-0.005336948925928953,0.0
2024-07-25,-0.0012897576441668335,-0.0012897576441668335,0.0
2024-07-26,0.0027727628366696067,0.0027727628366696067,0.0
2024-07-29,-0.0010201860382825778,-0.0010201860382825778,0.0
2024-07-30,3.183270595341625e-06,3.183270595341625e-06,0.0
2024-07-31,0.004980117922518845,0.004980117922518845,0.0
2024-08-01,-0.004597915268214736,-0.004426814456316985,0.34220162379538466
2024-08-02,-0.0025496196676079164,-0.0025496196676079164,0.0
2024-08-05,-0.007663664778589152,-0.007663664778589152,0.0
2024-08-06,0.0006769992224247012,0.0006769992224247012,0.0
2024-08-07,3.9589673940687575e-05,3.9589673940687575e-05,0.0
2024-08-08,0.004141145753852493,0.004141145753852493,0.0
2024-08-09,0.0008851450883309298,0.0008851450883309298,0.0
2024-08-12,0.001113712359588126,0.001113712359588126,0.0
2024-08-13,0.004654744437719627,0.004654744437719627,0.0
2024-08-14,0.0007794349146876822,0.0007794349146876822,0.0
2024-08-15,0.002227926159952487,0.002227926159952487,0.0
2024-08-16,0.0017394788601901023,0.0017394788601901023,0.0
2024-08-19,0.0018948962104130551,0.0018948962104130551,0.0
2024-08-20,0.000629408071693982,0.000629408071693982,0.0
2024-08-21,0.002081485266132832,0.002081485266132832,0.0
2024-08-22,-0.001824499096364507,-0.001824499096364507,0.0
2024-08-23,0.005520506425213734,0.005520506425213734,0.0
2024-08-26,-0.0010383549835963901,-0.0010383549835963901,0.0
2024-08-27,0.0002645983862001877,0.0002645983862001877,0.0
2024-08-28,-0.0013526040506843806,-0.0013526040506843806,0.0
2024-08-29,0.0006058073217007909,0.0006058073217007909,0.0
2024-08-30,0.000769189209498089,0.000769189209498089,0.0
2024-09-03,-0.0037175740300174898,-0.003570516937425827,0.29411418518338545
2024-09-04,0.0010772154863496475,0.0010772154863496475,0.0
2024-09-05,0.0020911481516936448,0.0020911481516936448,0.0
2024-09-06,-0.0037108835638488546,-0.0037108835638488546,0.0
2024-09-09,0.0035944198599600075,0.0035944198599600075,0.0
2024-09-10,0.0008677380363393272,0.0008677380363393272,0.0
2024-09-11,0.0016884034048121332,0.0016884034048121332,0.0
2024-09-12,0.0021724535931426647,0.0021724535931426647,0.0
2024-09-13,0.0031123396277925597,0.0031123396277925597,0.0
2024-09-16,0.002489606710932346,0.002489606710932346,0.0
2024-09-17,-0.0005656123358716014,-0.0005656123358716014,0.0
2024-09-18,-0.00203880900192166,-0.00203880900192166,0.0
2024-09-19,0.003921318503458782,0.003921318503458782,0.0
2024-09-20,-0.000510481245598382,-0.000510481245598382,0.0
2024-09-23,-0.0002997940004639821,-0.0002997940004639821,0.0
2024-09-24,0.0010879539931050175,0.0010879539931050175,0.0
2024-09-25,-0.0016428978053788512,-0.0016428978053788512,0.0
2024-09-26,0.0004889485909154168,0.0004889485909154168,0.0
2024-09-27,-0.0003245601104806539,-0.0003245601104806539,0.0
2024-09-30,-0.001210698959701939,-0.001210698959701939,0.0
2024-10-01,-0.0009977156015757993,-0.0008913439666417,0.2127432698681633
2024-10-02,2.8092826267700488e-05,2.8092826267700488e-05,0.0
2024-10-03,-0.005000900369175665,-0.005000900369175665,0.0
2024-10-04,-0.0020731150472259596,-0.0020731150472259596,0.0
2024-10-07,-0.0038968807570093356,-0.0038968807570093356,0.0
2024-10-08,0.00030470145790206793,0.00030470145790206793,0.0
2024-10-09,-0.0013421225732379582,-0.0013421225732379582,0.0
2024-10-10,-0.0003215260178999202,-0.0003215260178999202,0.0
2024-10-11,0.002266658172187075,0.002266658172187075,0.0
2024-10-14,0.001003114952831563,0.001003114952831563,0.0
2024-10-15,0.00048603505170174977,0.00048603505170174977,0.0
2024-10-16,0.002262296979234968,0.002262296979234968,0.0
2024-10-17,-0.0029649999541087046,-0.0029649999541087046,0.0
2024-10-18,0.003521545957490435,0.003521545957490435,0.0
2024-10-21,-0.005775938452582174,-0.005775938452582174,0.0
2024-10-22,-0.0007811637389684156,-0.0007811637389684156,0.0
2024-10-23,-0.0033445374987935983,-0.0033445374987935983,0.0
2024-10-24,0.0019488006292744942,0.0019488006292744942,0.0
2024-10-25,-0.0019322966872652447,-0.0019322966872652447,0.0
2024-10-28,0.0028602976953309156,0.0028602976953309156,0.0
2024-10-29,0.0012217750592922183,0.0012217750592922183,0.0
2024-10-30,-0.0014336842123638949,-0.0014336842123638949,0.0
2024-10-31,-0.004256943402215274,-0.004256943402215274,0.0
2024-11-01,-0.0016908781921437521,-0.0015798689010437794,0.2220185822000771
2024-11-04,0.001404782208401345,0.001404782208401345,0.0
2024-11-05,0.003344475100634181,0.003344475100634181,0.0
2024-11-06,-0.0028701176720075106,-0.0028701176720075106,0.0
2024-11-07,0.006733663172211912,0.006733663172211912,0.0
2024-11-08,0.0004489224085564292,0.0004489224085564292,0.0
2024-11-11,-0.0011705848081362547,-0.0011705848081362547,0.0
2024-11-12,-0.005341537726434975,-0.005341537726434975,0.0
2024-11-13,-0.0011190725419479852,-0.0011190725419479852,0.0
2024-11-14,-0.0011612090152489651,-0.0011612090152489651,0.0
2024-11-15,-0.0013669015435270326,-0.0013669015435270326,0.0
2024-11-18,0.0026285047330143474,0.0026285047330143474,0.0
2024-11-19,0.00180518512518546,0.00180518512518546,0.0
2024-11-20,-0.0003565237546926392,-0.0003565237546926392,0.0
2024-11-21,0.00015333043496168486,0.00015333043496168486,0.0
2024-11-22,0.0013374306053701712,0.0013374306053701712,0.0
2024-11-25,0.005001410343792978,0.005001410343792978,0.0
2024-11-26,-0.0009532833592780232,-0.0009532833592780232,0.0
2024-11-27,0.0024274817746590127,0.0024274817746590127,0.0
2024-11-29,0.00400543715315127,0.00400543715315127,0.0
2024-12-02,9.699412353914028e-05,0.00022016645035805027,0.24634465363743646
2024-12-03,-0.0008971080540169929,-0.0008971080540169929,0.0
2024-12-04,0.003086061740058099,0.003086061740058099,0.0
2024-12-05,-0.0011137705998006675,-0.0011137705998006675,0.0
2024-12-06,0.002702152643146327,0.002702152643146327,0.0
2024-12-09,2.8040487554559235e-05,2.8040487554559235e-05,0.0
2024-12-10,-0.0016140929190165965,-0.0016140929190165965,0.0
2024-12-11,-7.2494278460233375e-06,-7.2494278460233375e-06,0.0
2024-12-12,-0.002812031968056461,-0.002812031968056461,0.0
2024-12-13,-0.0023052357542214796,-0.0023052357542214796,0.0
2024-12-16,0.001227589780363303,0.001227589780363303,0.0
2024-12-17,-0.0011393316815814236,-0.0011393316815814236,0.0
2024-12-18,-0.007942271659467925,-0.007942271659467925,0.0
2024-12-19,-0.002215842433187065,-0.002215842433187065,0.0
2024-12-20,0.0024516728190511206,0.0024516728190511206,0.0
2024-12-23,0.0003523927431570151,0.0003523927431570151,0.0
2024-12-24,0.0027693930500627406,0.0027693930500627406,0.0
2024-12-26,0.0010207160352366795,0.0010207160352366795,0.0
2024-12-27,-0.0038678604754823764,-0.0038678604754823764,0.0
2024-12-30,-0.00013706682417558014,-0.00013706682417558014,0.0
2024-12-31,0.0003670051973045929,0.0003670051973045929,0.0
2025-01-02,0.0013506191458407812,0.0015622257112803961,0.42321313087879203
2025-01-03,0.0015530266247298918,0.0015530266247298918,0.0
2025-01-06,-0.00026874963536971386,-0.00026874963536971386,0.0
2025-01-07,-0.001152748686792826,-0.001152748686792826,0.0
2025-01-08,0.0008001795434864345,0.0008001795434864345,0.0
2025-01-10,-0.0026827682349507276,-0.0026827682349507276,0.0
2025-01-13,0.0006246830221727784,0.0006246830221727784,0.0
2025-01-14,0.000531641650777015,0.000531641650777015,0.0
2025-01-15,0.005590862893085635,0.005590862893085635,0.0
2025-01-16,-9.135869089260673e-05,-9.135869089260673e-05,0.0
2025-01-17,0.001742184067827779,0.001742184067827779,0.0
2025-01-21,0.0019327318320312425,0.0019327318320312425,0.0
2025-01-22,0.00010807685559566238,0.00010807685559566238,0.0
2025-01-23,0.0010182096693487352,0.0010182096693487352,0.0
2025-01-24,0.0006073966883557436,0.0006073966883557436,0.0
2025-01-27,-0.0030616169391167736,-0.0030616169391167736,0.0
2025-01-28,0.00248434934286923,0.00248434934286923,0.0
2025-01-29,-0.00037837118076156084,-0.00037837118076156084,0.0
2025-01-30,0.002643782716020393,0.002643782716020393,0.0
2025-01-31,-0.0012195182630025947,-0.0012195182630025947,0.0
2025-02-03,-0.00136953824707986,-0.001273490679429945,0.19209513529991987
2025-02-04,0.002890525632005092,0.002890525632005092,0.0
2025-02-05,0.0017024471704665256,0.0017024471704665256,0.0
2025-02-06,-0.0007775819617261703,-0.0007775819617261703,0.0
2025-02-07,-0.00209115582290742,-0.00209115582290742,0.0
2025-02-10,0.004115829455340503,0.004115829455340503,0.0
2025-02-11,-0.0005664427301910191,-0.0005664427301910191,0.0
2025-02-12,-0.0016116085407107406,-0.0016116085407107406,0.0
2025-02-13,0.0036865692079202095,0.0036865692079202095,0.0
2025-02-14,0.0001281606202112595,0.0001281606202112595,0.0
2025-02-18,0.0022440064753999067,0.0022440064753999067,0.0
2025-02-19,0.00028565420458659396,0.00028565420458659396,0.0
2025-02-20,-0.000587313899406583,-0.000587313899406583,0.0
2025-02-21,-0.0024165245137702795,-0.0024165245137702795,0.0
2025-02-24,-0.0009023286872854586,-0.0009023286872854586,0.0
2025-02-25,-0.00013755797063808028,-0.00013755797063808028,0.0
2025-02-26,0.001630056432431637,0.001630056432431637,0.0
2025-02-27,-0.002644448542490019,-0.002644448542490019,0.0
2025-02-28,0.002346756081119672,0.002346756081119672,0.0
2025-03-03,-0.0020839472628492173,-0.002018342504639725,0.1312095164188731
2025-03-04,-0.0024570892674534717,-0.0024570892674534717,0.0
2025-03-05,0.000594029742754687,0.000594029742754687,0.0
2025-03-06,-0.004416043353911436,-0.004416043353911436,0.0
2025-03-07,0.0010811172428255578,0.0010811172428255578,0.0
2025-03-10,-0.004128933192908635,-0.004128933192908635,0.0
2025-03-11,-0.0015900369742523068,-0.0015900369742523068,0.0
2025-03-12,0.0014640870694764274,0.0014640870694764274,0.0
2025-03-13,-0.0007500968829449173,-0.0007500968829449173,0.0
2025-03-14,0.0032858855478841154,0.0032858855478841154,0.0
2025-03-17,0.0035865945697328705,0.0035865945697328705,0.0
2025-03-18,-0.0010945456300429646,-0.0010945456300429646,0.0
2025-03-19,0.004281784963344526,0.004281784963344526,0.0
2025-03-20,-0.000596356091677519,-0.000596356091677519,0.0
2025-03-21,-0.0018556176244479694,-0.0018556176244479694,0.0
2025-03-24,0.001599092941531044,0.001599092941531044,0.0
2025-03-25,0.0007008267681578584,0.0007008267681578584,0.0
2025-03-26,-0.002616774602252403,-0.002616774602252403,0.0
2025-03-27,0.0006164249463289639,0.0006164249463289639,0.0
2025-03-28,-0.0017828433314672765,-0.0017828433314672765,0.0
2025-03-31,0.0027870648616641347,0.0027870648616641347,0.0
2025-04-01,0.0011031200911109096,0.0013053535343281464,0.4044668864346211
2025-04-02,0.0005006395473206027,0.0005006395473206027,0.0
2025-04-03,-0.00171166862510852,-0.00171166862510852,0.0
2025-04-04,-0.009167989577463787,-0.009167989577463787,0.0
2025-04-07,-0.010101706656969633,-0.010101706656969633,0.0
2025-04-08,-0.003612933447107225,-0.003612933447107225,0.0
2025-04-09,0.012558218982186009,0.012558218982186009,0.0
2025-04-10,-0.004946036037029922,-0.004946036037029922,0.0
2025-04-11,0.004231864504737892,0.004231864504737892,0.0
2025-04-14,0.0035439692200716078,0.0035439692200716078,0.0
2025-04-15,0.0008752509602012459,0.0008752509602012459,0.0
2025-04-16,0.002537838654800062,0.002537838654800062,0.0
2025-04-17,-4.839188034200248e-05,-4.839188034200248e-05,0.0
2025-04-21,-0.0023284865816330935,-0.0023284865816330935,0.0
2025-04-22,0.0020629956631821322,0.0020629956631821322,0.0
2025-04-23,0.0011934616702786727,0.0011934616702786727,0.0
2025-04-24,0.005620309461941586,0.005620309461941586,0.0
2025-04-25,0.00048656857830775557,0.00048656857830775557,0.0
2025-04-28,0.0022421264454388634,0.0022421264454388634,0.0
2025-04-29,0.0002966074397232621,0.0002966074397232621,0.0
2025-04-30,-0.0007241626065104256,-0.0007241626065104256,0.0
2025-05-01,-0.0032637576268867985,-0.0030149426711394423,0.49762991149487457
2025-05-02,0.0002785602247332708,0.0002785602247332708,0.0
2025-05-05,0.00154354335373319,0.00154354335373319,0.0
2025-05-06,0.001895685579398787,0.001895685579398787,0.0
2025-05-07,-0.00101096697580505,-0.00101096697580505,0.0
2025-05-08,-0.00480094775606732,-0.00480094775606732,0.0
2025-05-09,0.0010300105947804727,0.0010300105947804727,0.0
2025-05-12,-0.0028156384414566027,-0.0028156384414566027,0.0
2025-05-13,0.0002951901690348979,0.0002951901690348979,0.0
2025-05-14,-0.0015798707701429882,-0.0015798707701429882,0.0
2025-05-15,0.003976982724454681,0.003976982724454681,0.0
2025-05-16,-0.00027956098450721,-0.00027956098450721,0.0
2025-05-19,0.0017481422628908838,0.0017481422628908838,0.0
2025-05-20,0.00046732501010460226,0.00046732501010460226,0.0
2025-05-21,-0.001580033131481473,-0.001580033131481473,0.0
2025-05-22,6.0821640618824446e-05,6.0821640618824446e-05,0.0
2025-05-23,0.0017256943366212862,0.0017256943366212862,0.0
2025-05-27,0.001337652108692744,0.001337652108692744,0.0
2025-05-28,-0.002234953608717949,-0.002234953608717949,0.0
2025-05-29,0.0029191630650307054,0.0029191630650307054,0.0
2025-05-30,0.0009544387512925301,0.0009544387512925301,0.0
2025-06-02,0.0006969315589955283,0.0008058717323087272,0.21788034662653719
2025-06-03,-0.0006460259282097258,-0.0006460259282097258,0.0
2025-06-04,0.002382784595170273,0.002382784595170273,0.0
2025-06-05,-0.0006399100180831674,-0.0006399100180831674,0.0
2025-06-06,-0.0010202713156055587,-0.0010202713156055587,0.0
2025-06-09,0.0012883368376017668,0.0012883368376017668,0.0
2025-06-10,0.0003988542382262761,0.0003988542382262761,0.0
2025-06-11,-0.0005159041442371892,-0.0005159041442371892,0.0
2025-06-12,0.0014557300876743007,0.0014557300876743007,0.0
2025-06-13,-0.00369826070195145,-0.00369826070195145,0.0
2025-06-16,0.0007550051315516892,0.0007550051315516892,0.0
2025-06-17,-0.0016299474200694997,-0.0016299474200694997,0.0
2025-06-18,-4.488969639893092e-05,-4.488969639893092e-05,0.0
2025-06-20,-0.000913227235252223,-0.000913227235252223,0.0
2025-06-23,0.004288956580586589,0.004288956580586589,0.0
2025-06-24,0.0028584919391794195,0.0028584919391794195,0.0
2025-06-25,-0.0004946478741022498,-0.0004946478741022498,0.0
2025-06-26,0.0018880193187513772,0.0018880193187513772,0.0
2025-06-27,-0.00018728379645038817,-0.00018728379645038817,0.0
2025-06-30,0.0009721617805689142,0.0009721617805689142,0.0
2025-07-01,-0.0011496443454624972,-0.0010780150694166268,0.14325855209175692
2025-07-02,0.0007175672599093463,0.0007175672599093463,0.0
2025-07-03,-0.0005090023904515961,-0.0005090023904515961,0.0
2025-07-07,-0.0030667936574149124,-0.0030667936574149124,0.0
2025-07-08,-0.0001843886095795888,-0.0001843886095795888,0.0
2025-07-09,0.00110392326960973,0.00110392326960973,0.0
2025-07-10,0.00021594932960322666,0.00021594932960322666,0.0
2025-07-11,-0.001313314954692224,-0.001313314954692224,0.0
2025-07-14,0.0005044151563182719,0.0005044151563182719,0.0
2025-07-15,-0.0023733753739866303,-0.0023733753739866303,0.0
2025-07-16,0.002388841749060955,0.002388841749060955,0.0
2025-07-17,-3.423228574916948e-05,-3.423228574916948e-05,0.0
2025-07-18,0.0003826428108282265,0.0003826428108282265,0.0
2025-07-21,0.002541325415835516,0.002541325415835516,0.0
2025-07-22,0.002195939654260348,0.002195939654260348,0.0
2025-07-23,0.001744693751531301,0.001744693751531301,0.0
2025-07-24,-0.0015766621167887518,-0.0015766621167887518,0.0
2025-07-25,-0.00047342640596548247,-0.00047342640596548247,0.0
2025-07-28,-0.0031570576433052056,-0.0031570576433052056,0.0
2025-07-29,-9.102432413354844e-05,-9.102432413354844e-05,0.0
2025-07-30,-0.003558083616682417,-0.003558083616682417,0.0
2025-07-31,-0.0012711462419513486,-0.0012711462419513486,0.0
2025-08-01,0.0017039437491119802,0.0019768660170051966,0.5458445357863194
2025-08-04,0.004985465366958763,0.004985465366958763,0.0
2025-08-05,-0.00040298971619445734,-0.00040298971619445734,0.0
2025-08-06,0.0018791837339859896,0.0018791837339859896,0.0
2025-08-07,0.0018775740348424552,0.0018775740348424552,0.0
2025-08-08,0.0002857644314802066,0.0002857644314802066,0.0
2025-08-11,-0.0009906521076941122,-0.0009906521076941122,0.0
2025-08-12,0.004843687994136481,0.004843687994136481,0.0
2025-08-13,0.004022225409850311,0.004022225409850311,0.0
2025-08-14,-0.0036580126064719165,-0.0036580126064719165,0.0
2025-08-15,0.001227122097159139,0.001227122097159139,0.0
2025-08-18,-0.00020882760566731662,-0.00020882760566731662,0.0
2025-08-19,-0.0018443155911137543,-0.0018443155911137543,0.0
2025-08-20,0.0014082164208106818,0.0014082164208106818,0.0
2025-08-21,-0.0016457988769159604,-0.0016457988769159604,0.0
2025-08-22,0.010235892566024196,0.010235892566024196,0.0
2025-08-25,-0.0026946434351280413,-0.0026946434351280413,0.0
2025-08-26,0.0007843466855950165,0.0007843466855950165,0.0
2025-08-27,0.0010914223584574945,0.0010914223584574945,0.0
2025-08-28,0.001977978968309868,0.001977978968309868,0.0
2025-08-29,-0.0002235014206751762,-0.0002235014206751762,0.0
2025-09-02,-0.0016953292278921728,-0.0015705478337653123,0.24956278825400408
2025-09-03,0.0017171466415837333,0.0017171466415837333,0.0
2025-09-04,0.0023323715080796337,0.0023323715080796337,0.0
2025-09-05,0.003252205747809933,0.003252205747809933,0.0
2025-09-08,0.0028236098506007057,0.0028236098506007057,0.0
2025-09-09,-0.0010869220485459907,-0.0010869220485459907,0.0
2025-09-10,0.0012735640413596983,0.0012735640413596983,0.0
2025-09-11,0.004758156087813159,0.004758156087813159,0.0
2025-09-12,-0.00039986752269538517,-0.00039986752269538517,0.0
2025-09-15,0.0037193234621151205,0.0037193234621151205,0.0
2025-09-16,-0.00017824212946526696,-0.00017824212946526696,0.0
2025-09-17,-0.0016747919647593923,-0.0016747919647593923,0.0
2025-09-18,0.0010781509143407142,0.0010781509143407142,0.0
2025-09-19,0.0004425045348606105,0.0004425045348606105,0.0
2025-09-22,0.0012185882882971288,0.0012185882882971288,0.0
2025-09-23,2.9190290725233936e-05,2.9190290725233936e-05,0.0
2025-09-24,-0.0018752330351956559,-0.0018752330351956559,0.0
2025-09-25,-0.0015134283524709247,-0.0015134283524709247,0.0
2025-09-26,0.002290121473853768,0.002290121473853768,0.0
2025-09-29,0.002724513908670012,0.002724513908670012,0.0
2025-09-30,0.0006387313946540907,0.0006387313946540907,0.0
2025-10-01,0.00242367562241963,0.002520531385339808,0.19371152584036125
2025-10-02,-0.00023215269787368875,-0.00023215269787368875,0.0
2025-10-03,0.001013942574199067,0.001013942574199067,0.0
2025-10-06,0.003912066834948602,0.003912066834948602,0.0
2025-10-07,-0.0013774097579061229,-0.0013774097579061229,0.0
2025-10-08,0.0030154014191414724,0.0030154014191414724,0.0
2025-10-09,-0.0033442506881312672,-0.0033442506881312672,0.0
2025-10-10,-0.009700569294430972,-0.009700569294430972,0.0
2025-10-13,0.009630943843548456,0.009630943843548456,0.0
2025-10-14,-0.0008604780765661957,-0.0008604780765661957,0.0
2025-10-15,0.003490420032809194,0.003490420032809194,0.0
2025-10-16,0.0009357963701162042,0.0009357963701162042,0.0
2025-10-17,-0.0013564103115655257,-0.0013564103115655257,0.0
2025-10-20,0.006175571467947005,0.006175571467947005,0.0
2025-10-21,-0.005370529665255086,-0.005370529665255086,0.0
2025-10-22,0.00011547514730314568,0.00011547514730314568,0.0
2025-10-23,0.003733519963099674,0.003733519963099674,0.0
2025-10-24,0.0018104195495740605,0.0018104195495740605,0.0
2025-10-27,0.0010038672740313448,0.0010038672740313448,0.0
2025-10-28,-0.0003099524076616289,-0.0003099524076616289,0.0
2025-10-29,-0.0004054023450368316,-0.0004054023450368316,0.0
2025-10-30,-0.002007370111783313,-0.002007370111783313,0.0
2025-10-31,0.0006029201357524716,0.0006029201357524716,0.0
2025-11-03,0.0015458693299972293,0.0017101047242511491,0.32847078850772055
2025-11-04,-0.004345743091185628,-0.004345743091185628,0.0
2025-11-05,0.0003926001144571867,0.0003926001144571867,0.0
2025-11-06,-0.00024784908516894966,-0.00024784908516894966,0.0
2025-11-07,0.0006449230576188736,0.0006449230576188736,0.0
2025-11-10,0.005963123909960677,0.005963123909960677,0.0
2025-11-11,0.0031451285187382716,0.0031451285187382716,0.0
2025-11-12,-0.00022022847938785173,-0.00022022847938785173,0.0
2025-11-13,-0.005956235779423058,-0.005956235779423058,0.0
2025-11-14,-0.0011771234966810873,-0.0011771234966810873,0.0
2025-11-17,-0.002279968245105457,-0.002279968245105457,0.0
2025-11-18,-0.0005767661360094323,-0.0005767661360094323,0.0
2025-11-19,-0.0007794120328755705,-0.0007794120328755705,0.0
2025-11-20,-0.0034056978209657807,-0.0034056978209657807,0.0
2025-11-21,0.0027705724271813725,0.0027705724271813725,0.0
2025-11-24,0.00479829701174439,0.00479829701174439,0.0
2025-11-25,0.002852490901967153,0.002852490901967153,0.0
2025-11-26,0.0048963642754076275,0.0048963642754076275,0.0
2025-11-28,0.0021299556678602283,0.0021299556678602283,0.0
2025-12-01,-0.004042738293431936,-0.0038927425018507877,0.2999915831621455
2025-12-02,0.0020920822328733824,0.0020920822328733824,0.0
2025-12-03,0.002394436218088325,0.002394436218088325,0.0
2025-12-04,-0.0006342703008723749,-0.0006342703008723749,0.0
2025-12-05,-0.0013127827847490003,-0.0013127827847490003,0.0
2025-12-08,-0.001807267067704399,-0.001807267067704399,0.0
2025-12-09,-0.0001230414075362729,-0.0001230414075362729,0.0
2025-12-10,0.005108148808414148,0.005108148808414148,0.0
2025-12-11,0.0019935123172156732,0.0019935123172156732,0.0
2025-12-12,-0.004021124346616611,-0.004021124346616611,0.0
2025-12-15,0.0006275940213660292,0.0006275940213660292,0.0
2025-12-16,-0.0006314971216854204,-0.0006314971216854204,0.0
2025-12-17,-0.0019194863274081264,-0.0019194863274081264,0.0
2025-12-18,0.003066446908768672,0.003066446908768672,0.0
2025-12-19,0.001665561394037951,0.001665561394037951,0.0
2025-12-22,0.0013953561714303842,0.0013953561714303842,0.0
2025-12-23,0.002662003107766431,0.002662003107766431,0.0
2025-12-24,0.0017449002058933516,0.0017449002058933516,0.0
2025-12-26,0.00283079827864241,0.00283079827864241,0.0
2025-12-29,-0.0026590186815185213,-0.0026590186815185213,0.0
2025-12-30,0.0004616355274431605,0.0004616355274431605,0.0
2025-12-31,-0.004098823776892746,-0.004098823776892746,0.0
2026-01-02,0.0029410992188663165,0.003070070214131526,0.2579419905301257
2026-01-05,0.006262873397411273,0.006262873397411273,0.0
2026-01-06,0.0016231013981131692,0.0016231013981131692,0.0
2026-01-07,-0.0015539773953254787,-0.0015539773953254787,0.0
2026-01-08,-0.00137766266464745,-0.00137766266464745,0.0
2026-01-09,0.002264001190402043,0.002264001190402043,0.0
2026-01-12,0.002629407712714915,0.002629407712714915,0.0
2026-01-13,-0.0011994994634509926,-0.0011994994634509926,0.0
2026-01-14,0.0030943889519319256,0.0030943889519319256,0.0
2026-01-15,-0.0007108207621933094,-0.0007108207621933094,0.0
2026-01-16,-0.001664954335746316,-0.001664954335746316,0.0
2026-01-20,-0.0026675841846084403,-0.0026675841846084403,0.0
2026-01-21,0.00555791279704132,0.00555791279704132,0.0
2026-01-22,0.0034151059773703807,0.0034151059773703807,0.0
2026-01-23,0.004914193362768771,0.004914193362768771,0.0
2026-01-26,0.004234493646747106,0.004234493646747106,0.0
2026-01-27,0.006414052754937893,0.006414052754937893,0.0
2026-01-28,-0.0008569305270703653,-0.0008569305270703653,0.0
2026-01-29,0.0014067198718772378,0.0014067198718772378,0.0
2026-01-30,-0.013007931793802774,-0.013007931793802774,0.0
2026-02-02,-0.003567320015612996,-0.0033619300269372987,0.41077997735139987
2026-02-03,0.002637901174560975,0.002637901174560975,0.0
2026-02-04,-0.0018740913761555733,-0.0018740913761555733,0.0
2026-02-05,-0.002405337915328376,-0.002405337915328376,0.0
2026-02-06,0.008804174567344614,0.008804174567344614,0.0
2026-02-09,0.006010876132316989,0.006010876132316989,0.0
2026-02-10,0.002764187757082981,0.002764187757082981,0.0
2026-02-11,0.00041755906605089876,0.00041755906605089876,0.0
2026-02-12,-0.002643625827795426,-0.002643625827795426,0.0
2026-02-13,0.0038913284670409887,0.0038913284670409887,0.0
2026-02-17,-0.002298170521725762,-0.002298170521725762,0.0
2026-02-18,-2.730938999473409e-05,-2.730938999473409e-05,0.0
2026-02-19,0.00047436247463905623,0.00047436247463905623,0.0
2026-02-20,0.0030259437492812236,0.0030259437492812236,0.0
2026-02-23,0.0002264501299880095,0.0002264501299880095,0.0
2026-02-24,0.000492145403260702,0.000492145403260702,0.0
2026-02-25,0.0017554123903278374,0.0017554123903278374,0.0
2026-02-26,6.399489144115478e-05,6.399489144115478e-05,0.0
2026-02-27,0.0019863391469547853,0.0019863391469547853,0.0
2026-03-02,-0.004785089024440303,-0.004649862335373234,0.27045337813415593
2026-03-03,-0.0082059650895413,-0.0082059650895413,0.0
2026-03-04,0.002842783929990711,0.002842783929990711,0.0
2026-03-05,-0.006794309460390946,-0.006794309460390946,0.0
2026-03-06,-0.0013630002224421789,-0.0013630002224421789,0.0
2026-03-09,0.0057695966442119495,0.0057695966442119495,0.0
2026-03-10,-0.0015490765514571958,-0.0015490765514571958,0.0
2026-03-11,-0.003967873647221065,-0.003967873647221065,0.0
2026-03-12,-0.006819574840882803,-0.006819574840882803,0.0
2026-03-13,-0.003972667942917507,-0.003972667942917507,0.0
2026-03-16,0.007900201532321738,0.007900201532321738,0.0
2026-03-17,0.004265377838642781,0.004265377838642781,0.0
2026-03-18,-0.008809822176082616,-0.008809822176082616,0.0
2026-03-19,-8.145272544690663e-05,-8.145272544690663e-05,0.0
2026-03-20,-0.014225725539685263,-0.014225725539685263,0.0
2026-03-23,0.005820881303523651,0.005820881303523651,0.0
2026-03-24,-0.0033217476398723633,-0.0033217476398723633,0.0
2026-03-25,0.0059929584726279295,0.0059929584726279295,0.0
2026-03-26,-0.011149631721009468,-0.011149631721009468,0.0
2026-03-27,-0.0011129884182879968,-0.0011129884182879968,0.0
2026-03-30,0.004105438002749873,0.004105438002749873,0.0
2026-03-31,0.011428329449001406,0.011428329449001406,0.0
2026-04-01,0.0026681716903917962,0.0030830208708116924,0.8296983608397287
2026-04-02,0.0029606363003660263,0.0029606363003660263,0.0
2026-04-06,0.0006506413283395851,0.0006506413283395851,0.0
2026-04-07,0.00013281855208102655,0.00013281855208102655,0.0
2026-04-08,0.0055928663419024804,0.0055928663419024804,0.0
2026-04-09,0.0013321520167257628,0.0013321520167257628,0.0
2026-04-10,-0.0004989286422767414,-0.0004989286422767414,0.0
2026-04-13,0.0034602460014165892,0.0034602460014165892,0.0
2026-04-14,0.00430068664546801,0.00430068664546801,0.0
2026-04-15,-0.0001981634163640278,-0.0001981634163640278,0.0
2026-04-16,-0.0001313245768274074,-0.0001313245768274074,0.0
2026-04-17,0.0035234879883028203,0.0035234879883028203,0.0
2026-04-20,9.121131074429911e-06,9.121131074429911e-06,0.0
2026-04-21,-0.003622890962715508,-0.003622890962715508,0.0
2026-04-22,0.0020619231431884266,0.0020619231431884266,0.0
2026-04-23,-0.0005602639948943944,-0.0005602639948943944,0.0
2026-04-24,0.0023552497910888093,0.0023552497910888093,0.0
2026-04-27,-0.0005660330666658053,-0.0005660330666658053,0.0
2026-04-28,-9.98747772296138e-06,-9.98747772296138e-06,0.0
2026-04-29,-0.0016646949959144841,-0.0016646949959144841,0.0
2026-04-30,0.0029603493859073904,0.0029603493859073904,0.0
2026-05-01,0.0008036451520772037,0.0008947178034863779,0.182145302818178
2026-05-04,-0.00159832771266466,-0.00159832771266466,0.0
2026-05-05,0.0024974747629029626,0.0024974747629029626,0.0
2026-05-06,0.003470253043989402,0.003470253043989402,0.0
2026-05-07,-0.0029858395141595384,-0.0029858395141595384,0.0
2026-05-08,0.0036089115865249877,0.0036089115865249877,0.0
2026-05-11,0.0014660979756675463,0.0014660979756675463,0.0
2026-05-12,-0.0007849092492474563,-0.0007849092492474563,0.0
2026-05-13,0.0011813413953687402,0.0011813413953687402,0.0
2026-05-14,-0.002031286760414308,-0.002031286760414308,0.0
2026-05-15,-0.006412099091333445,-0.006412099091333445,0.0
2026-05-18,0.0013717051791348744,0.0013717051791348744,0.0
2026-05-19,-0.0022939590606012583,-0.0022939590606012583,0.0
2026-05-20,0.00323500463572568,0.00323500463572568,0.0
2026-05-21,-0.0003291513615013564,-0.0003291513615013564,0.0
2026-05-22,-0.0005239067757327742,-0.0005239067757327742,0.0
2026-05-26,0.0034229784540245056,0.0034229784540245056,0.0
2026-05-27,-0.0015515543350677063,-0.0015515543350677063,0.0
2026-05-28,0.001455061169132632,0.001455061169132632,0.0
2026-05-29,-0.00044849003218816463,-0.00044849003218816463,0.0
2026-06-01,0.0006615398348734924,0.0007380295712786644,0.15297947281059832
2026-06-02,0.001800550555748348,0.001800550555748348,0.0
2026-06-03,-0.0032630577978397524,-0.0032630577978397524,0.0
2026-06-04,0.0012031284649027807,0.0012031284649027807,0.0
2026-06-05,-0.010074832444714188,-0.010074832444714188,0.0
2026-06-08,0.0006845055555042556,0.0006845055555042556,0.0
2026-06-09,0.00043792508339235425,0.00043792508339235425,0.0
2026-06-10,-0.002937496623053426,-0.002937496623053426,0.0
2026-06-11,0.00721072554922686,0.00721072554922686,0.0
2026-06-12,0.0007957917673111492,0.0007957917673111492,0.0
2026-06-15,0.0031712232188392253,0.0031712232188392253,0.0
2026-06-16,-0.0006915956943061019,-0.0006915956943061019,0.0
2026-06-17,-0.005283891195204338,-0.005283891195204338,0.0
2026-06-18,0.0033862096112182716,0.0033862096112182716,0.0
2026-06-22,-0.0010735125644603105,-0.0010735125644603105,0.0
2026-06-23,-0.004229995124443886,-0.004229995124443886,0.0
2026-06-24,0.0001945030489722832,0.0001945030489722832,0.0
2026-06-25,0.002127352499746049,0.002127352499746049,0.0
2026-06-26,0.00022360975353485912,0.00022360975353485912,0.0
2026-06-29,0.001096010554651805,0.001096010554651805,0.0
2026-06-30,-0.0009730400210218315,-0.0009730400210218315,0.0
2026-07-01,-0.00248511189689693,-0.002313855833176448,0.34251212744111403
2026-07-02,0.00016175759510406174,0.00016175759510406174,0.0
2026-07-06,0.00401828987939723,0.00401828987939723,0.0
2026-07-07,-0.0035311829249431437,-0.0035311829249431437,0.0
2026-07-08,-0.002213748600012777,-0.002213748600012777,0.0
2026-07-09,0.0025264758444265567,0.0025264758444265567,0.0
2026-07-10,0.0003534457904632582,0.0003534457904632582,0.0
2026-07-13,-0.0023900118413725524,-0.0023900118413725524,0.0
2026-07-14,0.002286280252634443,0.002286280252634443,0.0
2026-07-15,0.0007595094794097257,0.0007595094794097257,0.0
2026-07-16,-0.002389153141305722,-0.002389153141305722,0.0
2026-07-17,0.000562901562788154,0.000562901562788154,0.0
2026-07-20,-0.001276633610744038,-0.001276633610744038,0.0
2026-07-21,0.003527189236936179,0.003527189236936179,0.0
2026-07-22,-0.00018713740833009584,-0.00018713740833009584,0.0
2026-07-23,-0.00228492336617081,-0.00228492336617081,0.0
2026-07-24,0.00024055715913129383,0.00024055715913129383,0.0
2026-07-27,-0.0017588503904959474,-0.0017588503904959474,0.0
2026-07-28,-0.00014545821100853118,-0.00014545821100853118,0.0
2026-07-29,-0.004168877864954346,-0.004168877864954346,0.0
2026-07-30,0.0008543646944998429,0.0008543646944998429,0.0
2026-07-31,-0.0011152603596633615,-0.0011152603596633615,0.0
2026-08-03,0.00041349251796862774,0.0005782100404654322,0.32943504499391146
2026-08-04,0.003832429197866638,0.003832429197866638,0.0
2026-08-05,0.0008825519479214172,0.0008825519479214172,0.0
2026-08-06,-0.0010685633197380362,-0.0010685633197380362,0.0
2026-08-07,0.0027351967801960697,0.0027351967801960697,0.0
2026-08-10,0.0003682383653837995,0.0003682383653837995,0.0
2026-08-11,-0.0004799895714570068,-0.0004799895714570068,0.0
2026-08-12,0.002726344355316268,0.002726344355316268,0.0
2026-08-13,0.0014656321270272166,0.0014656321270272166,0.0
2026-08-14,5.114893707092172e-05,5.114893707092172e-05,0.0
2026-08-17,0.00043507083528426804,0.00043507083528426804,0.0
2026-08-18,-0.0026495116313247635,-0.0026495116313247635,0.0
2026-08-19,0.0027322333459578463,0.0027322333459578463,0.0
2026-08-20,-0.00016784230277777645,-0.00016784230277777645,0.0
2026-08-21,0.0011497520638661385,0.0011497520638661385,0.0
2026-08-24,-0.00018092377578082797,-0.00018092377578082797,0.0
2026-08-25,0.002187439856027762,0.002187439856027762,0.0
2026-08-26,-0.0006726856513555868,-0.0006726856513555868,0.0
2026-08-27,0.0012737050906621583,0.0012737050906621583,0.0
2026-08-28,-0.003298059040831025,-0.003298059040831025,0.0
2026-08-31,0.0003615075742555707,0.0003615075742555707,0.0
2026-09-01,-0.0016901687093354711,-0.0016561660117195842,0.06800539523184876
2026-09-02,0.001382157556459651,0.001382157556459651,0.0
2026-09-03,0.0016891750757264123,0.0016891750757264123,0.0
2026-09-04,-0.0009726835558965252,-0.0009726835558965252,0.0
2026-09-08,-0.00018692578170875773,-0.00018692578170875773,0.0
2026-09-09,-0.0015309086078129086,-0.0015309086078129086,0.0
2026-09-10,-0.0031196159123995093,-0.0031196159123995093,0.0
2026-09-11,-0.0007244237188549496,-0.0007244237188549496,0.0
2026-09-14,-0.0023307378051000693,-0.0023307378051000693,0.0
2026-09-15,0.00021834258058861522,0.00021834258058861522,0.0
2026-09-16,-0.0015615854489521297,-0.0015615854489521297,0.0
2026-09-17,0.003375896269483425,0.003375896269483425,0.0
2026-09-18,-0.0025003639942979827,-0.0025003639942979827,0.0
2026-09-21,0.0036538943496462473,0.0036538943496462473,0.0
2026-09-22,0.00021212549516613777,0.00021212549516613777,0.0
2026-09-23,-0.0059282551340964496,-0.0059282551340964496,0.0
2026-09-24,-0.0017408181039164639,-0.0017408181039164639,0.0
2026-09-25,0.0010969934967117734,0.0010969934967117734,0.0
2026-09-28,-0.005160481757880753,-0.005160481757880753,0.0
2026-09-29,-0.000607090439329383,-0.000607090439329383,0.0
2026-09-30,-0.0003702046284911331,-0.0003702046284911331,0.0
2026-10-01,-0.0008114651892839886,-0.0004012517389289094,0.8204269007102026
2026-10-02,0.0027462611107831325,0.0027462611107831325,0.0
