Date,net,gross,turnover,excess
2008-06-02,0.0013908831899105412,0.0017461459409942037,0.7105255021672406,0.001357617818705534
2008-06-03,-0.0015902071878276525,-0.0015902071878276525,0.0,-0.001623552290430167
2008-06-04,-0.0021037627522955127,-0.0021037627522955127,0.0,-0.0021368630591321134
2008-06-05,0.0011233277638007522,0.0011233277638007522,0.0,0.0010901266735447277
2008-06-06,0.0067080385331852455,0.0067080385331852455,0.0,0.006674976322738584
2008-06-09,-0.002821101903603962,-0.002821101903603962,0.0,-0.002855342862241074
2008-06-10,-0.0035874033236371616,-0.0035874033236371616,0.0,-0.0036237342115101197
2008-06-11,0.0036950849878794045,0.0036950849878794045,0.0,0.0036600025069614653
2008-06-12,-0.00382604691443722,-0.00382604691443722,0.0,-0.0038620147715843498
2008-06-13,-0.0011666012455481267,-0.0011666012455481267,0.0,-0.0012022258314027096
2008-06-16,0.0006015925273823441,0.0006015925273823441,0.0,0.0005643747507167688
2008-06-17,0.0020212841216054045,0.0020212841216054045,0.0,0.0019855006021613744
2008-06-18,0.0030701493638221056,0.0030701493638221056,0.0,0.0030355621415095128
2008-06-19,-0.0032704519009696398,-0.0032704519009696398,0.0,-0.003304795505509895
2008-06-20,0.002112971893618809,0.002112971893618809,0.0,0.0020794909107939713
2008-06-23,-0.0008239534112672864,-0.0008239534112672864,0.0,-0.000857883731627841
2008-06-24,0.0012969379376932544,0.0012969379376932544,0.0,0.0012639563315263002
2008-06-25,0.0009432519065610823,0.0009432519065610823,0.0,0.0009105875172622679
2008-06-26,0.00487942568288946,0.00487942568288946,0.0,0.00484819518218731
2008-06-27,0.001486269202292556,0.001486269202292556,0.0,0.0014559712412800737
2008-06-30,-0.0010305092604678823,-0.0010305092604678823,0.0,-0.0010651151826637638
2008-07-01,-0.001346958565575651,-0.0012141955620138534,0.26552600712359725,-0.001373895940818244
2008-07-02,0.003665849334140603,0.003665849334140603,0.0,0.0036398782752056187
2008-07-03,-0.0015093540808320816,-0.0015093540808320816,0.0,-0.0015357817404611793
2008-07-07,1.8629247597878873e-05,1.8629247597878873e-05,0.0,-8.166677271532869e-06
2008-07-08,-0.003376477867102823,-0.003376477867102823,0.0,-0.0034031290182930944
2008-07-09,0.004893025176604171,0.004893025176604171,0.0,0.004867108895606883
2008-07-10,0.0008791669305467931,0.0008791669305467931,0.0,0.0008552211373375752
2008-07-11,0.0011414585941733613,0.0011414585941733613,0.0,0.0011183540569433947
2008-07-14,0.003029296841229989,0.003029296841229989,0.0,0.0030073192964797453
2008-07-15,0.0010036907839390263,0.0010036907839390263,0.0,0.0009835143920508239
2008-07-16,-0.006619415868880485,-0.006619415868880485,0.0,-0.006639331494920533
2008-07-17,-0.005023490040760303,-0.005023490040760303,0.0,-0.005043910710156619
2008-07-18,-0.0028881646977403364,-0.0028881646977403364,0.0,-0.002909130950497681
2008-07-21,0.00115913090940567,0.00115913090940567,0.0,0.0011381267284446995
2008-07-22,-0.00496080750037986,-0.00496080750037986,0.0,-0.0049827193839508755
2008-07-23,-0.004567817503666416,-0.004567817503666416,0.0,-0.004590109504470076
2008-07-24,0.004581337103996441,0.004581337103996441,0.0,0.004558376484035684
2008-07-25,-0.002635956194617317,-0.002635956194617317,0.0,-0.002660391335405104
2008-07-28,0.004352437500517725,0.004352437500517725,0.0,0.004328259345173447
2008-07-29,-0.004119177485595538,-0.004119177485595538,0.0,-0.004143399879697944
2008-07-30,0.00130992597816193,0.00130992597816193,0.0,0.0012861653425740073
2008-07-31,0.0018702182868626238,0.0018702182868626238,0.0,0.001846687264719079
2008-08-01,0.0008321624916767245,0.0009320673983863603,0.19980981341922047,0.0008041608052360533
2008-08-04,-0.0020385290390633193,-0.0020385290390633193,0.0,-0.0020681591280851796
2008-08-05,-0.00571157261769395,-0.00571157261769395,0.0,-0.0057411238099831135
2008-08-06,-0.0019712788498861267,-0.0019712788498861267,0.0,-0.0019987320351758605
2008-08-07,0.0038866857695516455,0.0038866857695516455,0.0,0.0038589644117002857
2008-08-08,-0.006492242641865098,-0.006492242641865098,0.0,-0.006520790890414368
2008-08-11,-0.005521349359395411,-0.005521349359395411,0.0,-0.005552532126403776
2008-08-12,0.0027387841529404877,0.0027387841529404877,0.0,0.00270800185279079
2008-08-13,0.002704221653169858,0.002704221653169858,0.0,0.002673493917867386
2008-08-14,-0.001958867475249537,-0.001958867475249537,0.0,-0.00199021546398212
2008-08-15,-0.0022158026306056122,-0.0022158026306056122,0.0,-0.002246392049170596
2008-08-18,0.0028063256142301096,0.0028063256142301096,0.0,0.0027761647621244298
2008-08-19,0.0031240288493157298,0.0031240288493157298,0.0,0.003094091891855778
2008-08-20,0.0009548240207899461,0.0009548240207899461,0.0,0.0009262901535404397
2008-08-21,0.003760531539648282,0.003760531539648282,0.0,0.003731791236049962
2008-08-22,-0.005935142575368424,-0.005935142575368424,0.0,-0.005963684633548898
2008-08-25,0.004240227678038666,0.004240227678038666,0.0,0.004211232629818533
2008-08-26,-0.0009877759706420353,-0.0009877759706420353,0.0,-0.001016423543419876
2008-08-27,0.0001985712021670416,0.0001985712021670416,0.0,0.00017064241089944688
2008-08-28,-0.00266112818514741,-0.00266112818514741,0.0,-0.002690256749349531
2008-08-29,0.0003010660439521917,0.0003010660439521917,0.0,0.00027238029279951897
2008-09-02,-0.00031983293007087354,-0.00023224188467518836,0.17518209079135488,-0.0003406132270794791
2008-09-03,9.438420130436498e-05,9.438420130436498e-05,0.0,7.347573448042429e-05
2008-09-04,0.003462361998342045,0.003462361998342045,0.0,0.0034415744765598976
2008-09-05,-0.002089119687428642,-0.002089119687428642,0.0,-0.0021099366097289633
2008-09-08,-0.0030770282239798163,-0.0030770282239798163,0.0,-0.003098254038547481
2008-09-09,0.0025991925671942084,0.0025991925671942084,0.0,0.002578856788075862
2008-09-10,-0.0027975579012367024,-0.0027975579012367024,0.0,-0.0028178831826044456
2008-09-11,-0.0018725883931159926,-0.0018725883931159926,0.0,-0.0018922915339219337
2008-09-12,0.0005870933240301746,0.0005870933240301746,0.0,0.0005689611614532182
2008-09-15,0.012044407643767352,0.012044407643767352,0.0,0.012031599299066905
2008-09-16,-0.008124928927586317,-0.008124928927586317,0.0,-0.00813564695587746
2008-09-17,0.014486556378781046,0.014486556378781046,0.0,0.014486180208231822
2008-09-18,-0.013536272457005838,-0.013536272457005838,0.0,-0.013539245579480325
2008-09-19,-0.005318812888671531,-0.005318812888671531,0.0,-0.005330995578694748
2008-09-22,0.01252678388650108,0.01252678388650108,0.0,0.0125107692584722
2008-09-23,-0.0009347861241792987,-0.0009347861241792987,0.0,-0.0009451150788900841
2008-09-24,-0.0026775943959617132,-0.0026775943959617132,0.0,-0.002683957694911162
2008-09-25,-0.00064140521617706,-0.00064140521617706,0.0,-0.0006508958864573862
2008-09-26,-0.0008085049025248203,-0.0008085049025248203,0.0,-0.0008193726191641033
2008-09-29,0.009916662813782118,0.009916662813782118,0.0,0.009904552418033952
2008-09-30,-0.009483997060464211,-0.009483997060464211,0.0,-0.009495589762094017
2008-10-01,-0.00017811702766035165,4.114725042470013e-06,0.3644635054056339,-0.00018728031808666815
2008-10-02,0.0050904146186891985,0.0050904146186891985,0.0,0.0050836815844781495
2008-10-03,0.0017686810559065513,0.0017686810559065513,0.0,0.0017631782011296657
2008-10-06,0.005352285299642823,0.005352285299642823,0.0,0.005346314875950726
2008-10-07,0.004600404213982445,0.004600404213982445,0.0,0.004591325134526034
2008-10-08,0.0002798060745321518,0.0002798060745321518,0.0,0.00027220885662450654
2008-10-09,0.0027533459602839816,0.0027533459602839816,0.0,0.002746764665689951
2008-10-10,-0.001463261593764642,-0.001463261593764642,0.0,-0.0014660035608379278
2008-10-13,-0.013256944389028247,-0.013256944389028247,0.0,-0.013259676417949824
2008-10-14,0.002549149115906424,0.002549149115906424,0.0,0.002545408009496636
2008-10-15,0.010032071339404647,0.010032071339404647,0.0,0.010029634580677377
2008-10-16,-0.004730264662814121,-0.004730264662814121,0.0,-0.004735376800826811
2008-10-17,0.001627308030580199,0.001627308030580199,0.0,0.0016183274719372585
2008-10-20,-0.0031441927761350907,-0.0031441927761350907,0.0,-0.003158169970717878
2008-10-21,0.0034587729126103195,0.0034587729126103195,0.0,0.0034465841827930866
2008-10-22,0.005496736879133657,0.005496736879133657,0.0,0.005485117905483593
2008-10-23,-0.0005892726066699661,-0.0005892726066699661,0.0,-0.0006002509955193983
2008-10-24,0.002881275971330366,0.002881275971330366,0.0,0.0028714554878077198
2008-10-27,0.0030509077959417485,0.0030509077959417485,0.0,0.0030412474872397992
2008-10-28,-0.009209891889672361,-0.009209891889672361,0.0,-0.00921869731593545
2008-10-29,0.0012040429480928427,0.0012040429480928427,0.0,0.0011971347490004364
2008-10-30,-0.006051192402633965,-0.006051192402633965,0.0,-0.0060557360103459384
2008-10-31,-0.001006723985934932,-0.001006723985934932,0.0,-0.00101164608323553
2008-11-03,0.0004982906913033602,0.000629336004585701,0.26209062656481374,0.0004969244638703185
2008-11-04,-0.0059557455089421785,-0.0059557455089421785,0.0,-0.005957094447165075
2008-11-05,0.005946565370925416,0.005946565370925416,0.0,0.0059455555164348904
2008-11-06,0.004981458022738083,0.004981458022738083,0.0,0.004980587343246101
2008-11-07,-0.0030887546317179826,-0.0030887546317179826,0.0,-0.0030896520573582835
2008-11-10,0.0007321563197699721,0.0007321563197699721,0.0,0.0007313217758083448
2008-11-11,0.0038703210315476078,0.0038703210315476078,0.0,0.003869478678711491
2008-11-12,0.005336606143494738,0.005336606143494738,0.0,0.005336057780992057
2008-11-13,-0.007827987786599433,-0.007827987786599433,0.0,-0.007828668382498169
2008-11-14,0.004889462430008651,0.004889462430008651,0.0,0.004889048951526019
2008-11-17,0.002066415044765124,0.002066415044765124,0.0,0.0020660391892143195
2008-11-18,0.0016004378536587094,0.0016004378536587094,0.0,0.0016000529533999484
2008-11-19,0.005982482532579603,0.005982482532579603,0.0,0.005982253927635959
2008-11-20,0.0075967487630221875,0.0075967487630221875,0.0,0.007596644292465179
2008-11-21,-0.005611780452903448,-0.005611780452903448,0.0,-0.005611855558548423
2008-11-24,-0.007116304814123731,-0.007116304814123731,0.0,-0.007116766642836342
2008-11-25,0.0011837339236826505,0.0011837339236826505,0.0,0.0011834045663242582
2008-11-26,-0.0019168850132706972,-0.0019168850132706972,0.0,-0.0019170518431461303
2008-11-28,0.002253391079810818,0.002253391079810818,0.0,0.0022533584118837277
2008-12-01,0.008045905450477786,0.008077243846150495,0.06267679134573516,0.008045676886609388
2008-12-02,-0.002538703611157378,-0.002538703611157378,0.0,-0.0025389076571770627
2008-12-03,-0.0009803711093056,-0.0009803711093056,0.0,-0.000980437277783513
2008-12-04,0.003092819078530429,0.003092819078530429,0.0,0.00309275362395505
2008-12-05,-0.0018443910910561634,-0.0018443910910561634,0.0,-0.0018444587908665931
2008-12-08,-0.004413445015690187,-0.004413445015690187,0.0,-0.004413544553288411
2008-12-09,0.0028118062487691997,0.0028118062487691997,0.0,0.0028117115473125127
2008-12-10,-0.002553691404188707,-0.002553691404188707,0.0,-0.002553691404188707
2008-12-11,0.000294302221780951,0.000294302221780951,0.0,0.0002942705629958723
2008-12-12,-0.0012311558361441932,-0.0012311558361441932,0.0,-0.0012312193685898025
2008-12-15,0.0008557399553230649,0.0008557399553230649,0.0,0.0008556146904268512
2008-12-16,-0.004589835357016292,-0.004589835357016292,0.0,-0.004589961871965998
2008-12-17,-0.0001268740227733378,-0.0001268740227733378,0.0,-0.00012702374685316078
2008-12-18,0.001745063231596955,0.001745063231596955,0.0,0.001745063231596955
2008-12-19,0.0014758185914829358,0.0014758185914829358,0.0,0.0014757575165668215
2008-12-22,1.166235586613773e-05,1.166235586613773e-05,0.0,1.1631278630145063e-05
2008-12-23,0.0004473937871147804,0.0004473937871147804,0.0,0.0004473316241119241
2008-12-24,-7.322797357356414e-05,-7.322797357356414e-05,0.0,-7.322797357356414e-05
2008-12-26,-0.0009036225591892988,-0.0009036225591892988,0.0,-0.0009037162140506943
2008-12-29,0.0008434672575403646,0.0008434672575403646,0.0,0.0008432819318353695
2008-12-30,-0.0009833884183130248,-0.0009833884183130248,0.0,-0.0009837003784521454
2008-12-31,-0.002906302172678621,-0.002906302172678621,0.0,-0.002906641369825707
2009-01-02,-0.0036633863334259997,-0.003613802492209217,0.09916768243354693,-0.003663919082002315
2009-01-05,-0.0004459276484494179,-0.0004459276484494179,0.0,-0.00044684402844741647
2009-01-06,-0.001707758127882153,-0.001707758127882153,0.0,-0.001708672438220586
2009-01-07,0.0029986344701462553,0.0029986344701462553,0.0,0.0029979223217743664
2009-01-08,1.2749822598134841e-05,1.2749822598134841e-05,0.0,1.2158220338513962e-05
2009-01-09,0.002441165357697006,0.002441165357697006,0.0,0.0024407051930570335
2009-01-12,0.003571530018721125,0.003571530018721125,0.0,0.0035707314897968066
2009-01-13,0.00025582140606794646,0.00025582140606794646,0.0,0.0002550764916927203
2009-01-14,0.0026824688031390487,0.0026824688031390487,0.0,0.002681655159225524
2009-01-15,-0.0007960318268271926,-0.0007960318268271926,0.0,-0.0007967873496041977
2009-01-16,-0.0017477642186121134,-0.0017477642186121134,0.0,-0.0017485852882477523
2009-01-20,0.0049635484601997515,0.0049635484601997515,0.0,0.004962666442779974
2009-01-21,-0.0040817948800934145,-0.0040817948800934145,0.0,-0.004082559075686634
2009-01-22,0.0011481184172608128,0.0011481184172608128,0.0,0.001147437110639099
2009-01-23,-0.0011442417789465642,-0.0011442417789465642,0.0,-0.0011449953626551262
2009-01-26,-0.0014793281463988395,-0.0014793281463988395,0.0,-0.0014803501189676188
2009-01-27,0.0009371603639438675,0.0009371603639438675,0.0,0.0009362809849488835
2009-01-28,-0.0031885349719705802,-0.0031885349719705802,0.0,-0.003189826074115895
2009-01-29,0.0016644169940243092,0.0016644169940243092,0.0,0.0016628782763540074
2009-01-30,0.0012352799271839743,0.0012352799271839743,0.0,0.0012336611514727825
2009-02-02,0.0010581351316460985,0.0011234709647167662,0.13067166614155976,0.0010572616238965918
2009-02-03,-0.00204497456142283,-0.00204497456142283,0.0,-0.002046006906114853
2009-02-04,-0.00011753306347961345,-0.00011753306347961345,0.0,-0.00011847847503571244
2009-02-05,-0.0016290468739619257,-0.0016290468739619257,0.0,-0.001629959526503305
2009-02-06,-0.0038397440697487406,-0.0038397440697487406,0.0,-0.0038406085592859874
2009-02-09,-0.00020951473329755554,-0.00020951473329755554,0.0,-0.00021045758298677221
2009-02-10,0.004974226367276069,0.004974226367276069,0.0,0.004973315368135681
2009-02-11,-0.00018736385505313535,-0.00018736385505313535,0.0,-0.0001883000273720085
2009-02-12,0.00011590699439123497,0.00011590699439123497,0.0,0.00011500401480193523
2009-02-13,-0.0003612399989281201,-0.0003612399989281201,0.0,-0.0003621442075636469
2009-02-17,0.006121020902989827,0.006121020902989827,0.0,0.006120027383805656
2009-02-18,-0.0003742777527251384,-0.0003742777527251384,0.0,-0.00037530920914153183
2009-02-19,-0.0004907579950682583,-0.0004907579950682583,0.0,-0.0004917520950790118
2009-02-20,0.0006147512314838011,0.0006147512314838011,0.0,0.0006138613628853695
2009-02-23,0.0031608611835425293,0.0031608611835425293,0.0,0.0031598657341420865
2009-02-24,-0.0030452845156725417,-0.0030452845156725417,0.0,-0.003046382994148164
2009-02-25,0.0008038234332605754,0.0008038234332605754,0.0,0.0008028268281306003
2009-02-26,0.0010975135427961913,0.0010975135427961913,0.0,0.001096608713108592
2009-02-27,0.0017817441951568647,0.0017817441951568647,0.0,0.0017808625217759673
2009-03-02,0.00731383871788549,0.007357230494709599,0.08678355364819071,0.007313071986521364
2009-03-03,-0.0005215821406455712,-0.0005215821406455712,0.0,-0.0005223708455302154
2009-03-04,-0.005405976951977531,-0.005405976951977531,0.0,-0.005406731457703825
2009-03-05,0.005330643164237037,0.005330643164237037,0.0,0.005330102758374155
2009-03-06,-0.0015071522824567918,-0.0015071522824567918,0.0,-0.0015077319052491768
2009-03-09,0.002999985047396736,0.002999985047396736,0.0,0.0029993312515705804
2009-03-10,-0.006727827504747097,-0.006727827504747097,0.0,-0.006728536171774418
2009-03-11,0.00047483178947094196,0.00047483178947094196,0.0,0.00047420987085006796
2009-03-12,-0.005448688284985903,-0.005448688284985903,0.0,-0.005449259809280377
2009-03-13,-0.0007255390023943598,-0.0007255390023943598,0.0,-0.0007260176222742512
2009-03-16,-0.0011343248914328363,-0.0011343248914328363,0.0,-0.001134922987959796
2009-03-17,-0.003551309242193934,-0.003551309242193934,0.0,-0.0035518972025647736
2009-03-18,-0.0035146616625856275,-0.0035146616625856275,0.0,-0.0035151482617304672
2009-03-19,-0.0012239647136976783,-0.0012239647136976783,0.0,-0.0012244017834668508
2009-03-20,0.0025297716595700237,0.0025297716595700237,0.0,0.002529322386123495
2009-03-23,-0.009077258458994208,-0.009077258458994208,0.0,-0.009077749968316168
2009-03-24,0.004292106161853271,0.004292106161853271,0.0,0.004291709032841942
2009-03-25,-0.0019226613498291023,-0.0019226613498291023,0.0,-0.0019230513442502573
2009-03-26,-0.003222133876420785,-0.003222133876420785,0.0,-0.003222430893403552
2009-03-27,0.00496047493792795,0.00496047493792795,0.0,0.00496023336695474
2009-03-30,0.006905972895744128,0.006905972895744128,0.0,0.006905604806790332
2009-03-31,-0.0024839768390264583,-0.0024839768390264583,0.0,-0.0024844604858614183
2009-04-01,-0.0013629949155190557,-0.0013174947447609497,0.09100034151618515,-0.0013640578267932267
2009-04-02,-0.007410378749782676,-0.007410378749782676,0.0,-0.00741142495232323
2009-04-03,-0.0029804413921572515,-0.0029804413921572515,0.0,-0.0029813852814578384
2009-04-06,0.0018829794587784665,0.0018829794587784665,0.0,0.0018821015543414722
2009-04-07,0.004001209043440923,0.004001209043440923,0.0,0.004000317872778561
2009-04-08,-0.0014107221219828991,-0.0014107221219828991,0.0,-0.0014115494453498828
2009-04-09,-0.005966412387555353,-0.005966412387555353,0.0,-0.0059672307888725944
2009-04-13,-0.0003737211061668466,-0.0003737211061668466,0.0,-0.0003745015466827096
2009-04-14,0.003042487982013231,0.003042487982013231,0.0,0.003041753145814454
2009-04-15,-0.0014104683478513014,-0.0014104683478513014,0.0,-0.001411132821128128
2009-04-16,-0.0017064007596461206,-0.0017064007596461206,0.0,-0.0017069701633863857
2009-04-17,0.0001530949344090704,0.0001530949344090704,0.0,0.00015249017842924946
2009-04-20,0.007771464660024652,0.007771464660024652,0.0,0.007770859146218514
2009-04-21,-0.0033487359150160545,-0.0033487359150160545,0.0,-0.003349425578828613
2009-04-22,0.00019178842150280317,0.00019178842150280317,0.0,0.0001911612390979209
2009-04-23,-0.0027380630366025116,-0.0027380630366025116,0.0,-0.002738511699051472
2009-04-24,-0.0031233042967581115,-0.0031233042967581115,0.0,-0.003123743295884844
2009-04-27,0.0037478495005460744,0.0037478495005460744,0.0,0.003747293176395784
2009-04-28,-0.00024707418995983943,-0.00024707418995983943,0.0,-0.0002476476988294481
2009-04-29,-0.004706827636131727,-0.004706827636131727,0.0,-0.004707311954031555
2009-04-30,-0.00037344233771763324,-0.00037344233771763324,0.0,-0.0003740353846446561
2009-05-01,-0.0024994829535609497,-0.002479300147708474,0.040365611704865176,-0.0025001310292508717
2009-05-04,-0.004848426333891709,-0.004848426333891709,0.0,-0.004849239818712611
2009-05-05,0.0006588365387638628,0.0006588365387638628,0.0,0.0006580558243017783
2009-05-06,-0.002861087849230226,-0.002861087849230226,0.0,-0.0028618730138155407
2009-05-07,0.0009813007157208897,0.0009813007157208897,0.0,0.0009805752362687687
2009-05-08,-0.005020783061713829,-0.005020783061713829,0.0,-0.005021514832369709
2009-05-11,0.003067225827867448,0.003067225827867448,0.0,0.003066487551672011
2009-05-12,-0.00047868126137462497,-0.00047868126137462497,0.0,-0.0004794403352281527
2009-05-13,0.005019253268427004,0.005019253268427004,0.0,0.005018577002567565
2009-05-14,-0.0017519118310044268,-0.0017519118310044268,0.0,-0.0017525768469106525
2009-05-15,0.0025949917265697398,0.0025949917265697398,0.0,0.0025942957463261805
2009-05-18,-0.006157059813700183,-0.006157059813700183,0.0,-0.006157855175429102
2009-05-19,-0.0011318137435052389,-0.0011318137435052389,0.0,-0.001132527660722872
2009-05-20,-0.0007482746982493405,-0.0007482746982493405,0.0,-0.0007489813308595913
2009-05-21,0.000840444965786169,0.000840444965786169,0.0,0.0008397041632385565
2009-05-22,-0.0018464249595365745,-0.0018464249595365745,0.0,-0.0018471321812737961
2009-05-26,-0.0032778193212880113,-0.0032778193212880113,0.0,-0.0032785146381258865
2009-05-27,0.00048543085800223373,0.00048543085800223373,0.0,0.0004847941952854189
2009-05-28,-0.0022229808160293407,-0.0022229808160293407,0.0,-0.002223545192753575
2009-05-29,-0.002807905478688366,-0.002807905478688366,0.0,-0.0028084210264570286
2009-06-01,-0.007038416232659994,-0.006937406192036644,0.20202008124656085,-0.0070398936580694065
2009-06-02,0.0004882832322647968,0.0004882832322647968,0.0,0.0004866951517238919
2009-06-03,0.005334187341184071,0.005334187341184071,0.0,0.005332597324337108
2009-06-04,-0.004744758553785644,-0.004744758553785644,0.0,-0.004746369611323998
2009-06-05,-0.0017286686108011207,-0.0017286686108011207,0.0,-0.0017308295250750057
2009-06-08,3.103652733016382e-05,3.103652733016382e-05,0.0,2.8884927265325406e-05
2009-06-09,-0.0003136399828719272,-0.0003136399828719272,0.0,-0.00031579175015894456
2009-06-10,-0.0006789845512309434,-0.0006789845512309434,0.0,-0.0006810214661804957
2009-06-11,-0.0012748703345152324,-0.0012748703345152324,0.0,-0.0012770167494610496
2009-06-12,0.002074299249226863,0.002074299249226863,0.0,0.002072272325640645
2009-06-15,0.006143494977350894,0.006143494977350894,0.0,0.006141570658954197
2009-06-16,0.0024604133666799033,0.0024604133666799033,0.0,0.0024584596069839363
2009-06-17,-0.000591254164573396,-0.000591254164573396,0.0,-0.0005932196863001142
2009-06-18,-0.001864192110278995,-0.001864192110278995,0.0,-0.0018662702563993297
2009-06-19,0.0007518574241363041,0.0007518574241363041,0.0,0.0007497887372441167
2009-06-22,0.005813960913650051,0.005813960913650051,0.0,0.005811658136896117
2009-06-23,-0.0008656353942821937,-0.0008656353942821937,0.0,-0.0008679707359976085
2009-06-24,-0.0011577370402447995,-0.0011577370402447995,0.0,-0.001159951004744408
2009-06-25,-0.0009891638905441535,-0.0009891638905441535,0.0,-0.0009912554825596764
2009-06-26,0.00010341298217930728,0.00010341298217930728,0.0,0.00010121046994350891
2009-06-29,-0.000955183112311131,-0.000955183112311131,0.0,-0.0009575021271652623
2009-06-30,0.001479136587245744,0.001479136587245744,0.0,0.00147693862545577
2009-07-01,-0.0014323440673266186,-0.0013038703124613749,0.2569475097304589,-0.0014328814647279083
2009-07-02,0.0069477247141531695,0.0069477247141531695,0.0,0.006947177691851733
2009-07-06,0.0022108175727115764,0.0022108175727115764,0.0,0.0022101583910194805
2009-07-07,0.0048010643656413166,0.0048010643656413166,0.0,0.004800390005972775
2009-07-08,0.0033414856896401,0.0033414856896401,0.0,0.0033408157457127116
2009-07-09,-0.001972071416590948,-0.001972071416590948,0.0,-0.001972801334356955
2009-07-10,0.0023169266774427655,0.0023169266774427655,0.0,0.002316247924075575
2009-07-13,-0.0030792770727984253,-0.0030792770727984253,0.0,-0.0030799707684000376
2009-07-14,-0.0016160636392820171,-0.0016160636392820171,0.0,-0.0016167374147888656
2009-07-15,-0.008912702213134671,-0.008912702213134671,0.0,-0.008913365517271508
2009-07-16,0.0004857462839711335,0.0004857462839711335,0.0,0.00048510763647477607
2009-07-17,-0.0019058443193701313,-0.0019058443193701313,0.0,-0.0019064187386520612
2009-07-20,-0.00433930982358377,-0.00433930982358377,0.0,-0.0043399386505899905
2009-07-21,0.0020936815530756547,0.0020936815530756547,0.0,0.002093082845108583
2009-07-22,-0.0010533876432802236,-0.0010533876432802236,0.0,-0.0010540008530755083
2009-07-23,-0.005618063202465273,-0.005618063202465273,0.0,-0.005618669108305861
2009-07-24,-5.108141820042711e-05,-5.108141820042711e-05,0.0,-5.161832159425745e-05
2009-07-27,-0.001980542039883737,-0.001980542039883737,0.0,-0.00198110841503746
2009-07-28,0.002195893932990911,0.002195893932990911,0.0,0.0021953413961730284
2009-07-29,0.003629860658619366,0.003629860658619366,0.0,0.0036292928123884314
2009-07-30,-0.0037755386857588613,-0.0037755386857588613,0.0,-0.0037761005334932085
2009-07-31,-0.0014289948072344627,-0.0014289948072344627,0.0,-0.0014295317139474057
2009-08-03,-0.007296344633754059,-0.007221945871077384,0.14879752535341564,-0.00729739406886755
2009-08-04,-0.0009339060968883706,-0.0009339060968883706,0.0,-0.0009348925018135361
2009-08-05,-0.0004003712166569251,-0.0004003712166569251,0.0,-0.0004013518666592719
2009-08-06,0.0017527168501114687,0.0017527168501114687,0.0,0.001751793011703438
2009-08-07,-0.002079941027916643,-0.002079941027916643,0.0,-0.0020809299957858635
2009-08-10,0.0018252635620756852,0.0018252635620756852,0.0,0.0018242331905300635
2009-08-11,0.003044650187552067,0.003044650187552067,0.0,0.0030436628107138866
2009-08-12,-0.0029359983841353854,-0.0029359983841353854,0.0,-0.002936948553079545
2009-08-13,-0.0009686843802515499,-0.0009686843802515499,0.0,-0.0009696174824439327
2009-08-14,0.003772911054105599,0.003772911054105599,0.0,0.003771929031453098
2009-08-17,0.006077485084154066,0.006077485084154066,0.0,0.006076479904589982
2009-08-18,-0.0030105053547772043,-0.0030105053547772043,0.0,-0.0030115476106544843
2009-08-19,-0.0008084844623911236,-0.0008084844623911236,0.0,-0.0008094514172221118
2009-08-20,-0.0017263839250986068,-0.0017263839250986068,0.0,-0.0017273462038551687
2009-08-21,-0.0036234418698992688,-0.0036234418698992688,0.0,-0.0036243941464099262
2009-08-24,0.0004992629233568913,0.0004992629233568913,0.0,0.0004983317165262984
2009-08-25,0.0005676784040329341,0.0005676784040329341,0.0,0.0005667442955245553
2009-08-26,0.0008888332450287528,0.0008888332450287528,0.0,0.0008880061221406886
2009-08-27,-0.0012101142633158535,-0.0012101142633158535,0.0,-0.0012109459376581906
2009-08-28,0.000972977489106519,0.000972977489106519,0.0,0.0009721520189120167
2009-08-31,0.002776437256503339,0.002776437256503339,0.0,0.0027756068027889333
2009-09-01,0.00527620228207093,0.005424329370433023,0.2962541767243837,0.005275868551421203
2009-09-02,0.002721240415241688,0.002721240415241688,0.0,0.00272088234667636
2009-09-03,-0.0011625599877992387,-0.0011625599877992387,0.0,-0.0011629587454348822
2009-09-04,-0.0027899910265020145,-0.0027899910265020145,0.0,-0.002790357167289312
2009-09-08,-0.004108621976098292,-0.004108621976098292,0.0,-0.004108973597957274
2009-09-09,-0.0014849758533552748,-0.0014849758533552748,0.0,-0.0014853060060090603
2009-09-10,-0.0012782359844458746,-0.0012782359844458746,0.0,-0.001278558365962576
2009-09-11,0.0022453226563241557,0.0022453226563241557,0.0,0.0022450069726001835
2009-09-14,-0.0022334552523192164,-0.0022334552523192164,0.0,-0.0022337826748886325
2009-09-15,-0.0014340776921906162,-0.0014340776921906162,0.0,-0.0014343708604187962
2009-09-16,-0.0038929473786453173,-0.0038929473786453173,0.0,-0.003893167517578835
2009-09-17,0.0015398176208292202,0.0015398176208292202,0.0,0.001539612130135127
2009-09-18,-0.0010456343821242386,-0.0010456343821242386,0.0,-0.001045803402728516
2009-09-21,0.0015917129090838866,0.0015917129090838866,0.0,0.0015914848315443531
2009-09-22,-0.0015503817396723685,-0.0015503817396723685,0.0,-0.0015506163916664685
2009-09-23,0.0029214918306395,0.0029214918306395,0.0,0.0029212635923282298
2009-09-24,0.0024529307075169537,0.0024529307075169537,0.0,0.0024527122631050865
2009-09-25,0.0013218489278798984,0.0013218489278798984,0.0,0.0013216213079519279
2009-09-28,-0.0030257410980308874,-0.0030257410980308874,0.0,-0.003025996911780004
2009-09-29,0.0008598463107281074,0.0008598463107281074,0.0,0.0008595587242077435
2009-09-30,7.98459175432864e-05,7.98459175432864e-05,0.0,7.953170223581902e-05
2009-10-01,-0.0008263477052573576,-0.0005429691086559219,0.5667571932028594,-0.00082859258663635
2009-10-02,0.0010360496472479053,0.0010360496472479053,0.0,0.0010338111205857204
2009-10-05,0.0019362918259993034,0.0019362918259993034,0.0,0.0019344995724866758
2009-10-06,0.0018110773100468158,0.0018110773100468158,0.0,0.0018092823850745625
2009-10-07,0.002057529729861951,0.002057529729861951,0.0,0.0020555076333081033
2009-10-08,0.0003309702296370176,0.0003309702296370176,0.0,0.00032962004443367324
2009-10-09,-0.004001573895673238,-0.004001573895673238,0.0,-0.004003149509624245
2009-10-12,0.0004791446216030337,0.0004791446216030337,0.0,0.0004775738375265147
2009-10-13,0.001458802444001206,0.001458802444001206,0.0,0.0014572310818771151
2009-10-14,0.00020716010432808574,0.00020716010432808574,0.0,0.00020558698484552957
2009-10-15,-0.00249023851519814,-0.00249023851519814,0.0,-0.0024918118841861466
2009-10-16,0.000834919373394527,0.000834919373394527,0.0,0.000833349011159208
2009-10-19,0.0019796033942116598,0.0019796033942116598,0.0,0.0019778075433671207
2009-10-20,8.15957600923678e-05,8.15957600923678e-05,0.0,7.979718525745706e-05
2009-10-21,-0.000615621097944552,-0.000615621097944552,0.0,-0.0006171949491604018
2009-10-22,-0.00033387749589275373,-0.00033387749589275373,0.0,-0.00033522587554706934
2009-10-23,-0.0009650407068959588,-0.0009650407068959588,0.0,-0.0009666134141467303
2009-10-26,-0.002845243776705697,-0.002845243776705697,0.0,-0.0028470398260603117
2009-10-27,0.001022759770420656,0.001022759770420656,0.0,0.0010209676545795232
2009-10-28,-0.0014857363128445433,-0.0014857363128445433,0.0,-0.0014873056501498345
2009-10-29,0.0013741871740151623,0.0013741871740151623,0.0,0.001372843568978102
2009-10-30,0.0007937128912538505,0.0007937128912538505,0.0,0.0007925920340953115
2009-11-02,0.0005737545520958509,0.0007025409464633814,0.2575727887354119,0.0005718630247391782
2009-11-03,0.0006524832939074354,0.0006524832939074354,0.0,0.0006505944638120834
2009-11-04,0.0015134418529199056,0.0015134418529199056,0.0,0.0015118675604302847
2009-11-05,0.002723948922344288,0.002723948922344288,0.0,0.0027226889928938978
2009-11-06,0.0016303954506335927,0.0016303954506335927,0.0,0.0016285042224742417
2009-11-09,0.006320647508692767,0.006320647508692767,0.0,0.006318440145838295
2009-11-10,-0.000890890177658421,-0.000890890177658421,0.0,-0.0008931011232592802
2009-11-11,0.002306925540073834,0.002306925540073834,0.0,0.0023047150999084814
2009-11-12,-0.004846194217427824,-0.004846194217427824,0.0,-0.004848405963386437
2009-11-13,0.004848923151832718,0.004848923151832718,0.0,0.00484702973226116
2009-11-16,0.006338182478131449,0.006338182478131449,0.0,0.0063359707439294985
2009-11-17,-0.00042856449871042646,-0.00042856449871042646,0.0,-0.00043046332667604853
2009-11-18,-0.0009209580038421761,-0.0009209580038421761,0.0,-0.0009222237513459261
2009-11-19,-0.002530621582176651,-0.002530621582176651,0.0,-0.0025312543077231314
2009-11-20,-0.0009057378190800991,-0.0009057378190800991,0.0,-0.000906370136352489
2009-11-23,0.0038295508989778515,0.0038295508989778515,0.0,0.0038279704714427355
2009-11-24,0.0006659366052366167,0.0006659366052366167,0.0,0.0006643546376117648
2009-11-25,0.004557763166719742,0.004557763166719742,0.0,0.004556180931460479
2009-11-27,-0.005048154700766916,-0.005048154700766916,0.0,-0.005049105135972433
2009-11-30,0.0029845712217355658,0.0029845712217355658,0.0,0.0029826727871490027
2009-12-01,0.004035881356180493,0.0041444624397424246,0.2171621671238357,0.004033810682373235
2009-12-02,2.044545920432128e-05,2.044545920432128e-05,0.0,1.8725803176995054e-05
2009-12-03,-0.0018087334069062377,-0.0018087334069062377,0.0,-0.0018107970006275727
2009-12-04,-0.0050003089029008185,-0.0050003089029008185,0.0,-0.005002371921564819
2009-12-07,2.674647101574834e-05,2.674647101574834e-05,0.0,2.5372190410461236e-05
2009-12-08,-0.0019924751585064238,-0.0019924751585064238,0.0,-0.0019935058732334443
2009-12-09,-0.0002325343293879678,-0.0002325343293879678,0.0,-0.00023356472515872884
2009-12-10,-5.971361833889688e-07,-5.971361833889688e-07,0.0,-1.2840418753290175e-06
2009-12-11,-0.0015989060364629548,-0.0015989060364629548,0.0,-0.0015999363949052527
2009-12-14,0.003097316065350464,0.003097316065350464,0.0,0.0030959425959917078
2009-12-15,-0.0034467095298779116,-0.0034467095298779116,0.0,-0.0034484271919025568
2009-12-16,0.0023359495791461793,0.0023359495791461793,0.0,0.002334576186809516
2009-12-17,-0.004734268205467296,-0.004734268205467296,0.0,-0.004735642096320674
2009-12-18,0.000269282223255507,0.000269282223255507,0.0,0.0002675661286258388
2009-12-21,-0.0019626490506928773,-0.0019626490506928773,0.0,-0.0019653949175514147
2009-12-22,-0.0005729087577939218,-0.0005729087577939218,0.0,-0.0005756537815387994
2009-12-23,0.00230602846787753,0.00230602846787753,0.0,0.0023036267875702968
2009-12-24,0.0013768611101649952,0.0013768611101649952,0.0,0.0013751450061626313
2009-12-28,-9.301859815580293e-05,-9.301859815580293e-05,0.0,-9.679483771163718e-05
2009-12-29,-0.0008796845249275931,-0.0008796845249275931,0.0,-0.0008831174201800342
2009-12-30,-0.0007250022793691135,-0.0007250022793691135,0.0,-0.0007267184913146206
2009-12-31,-0.002198948011606916,-0.002198948011606916,0.0,-0.002201007232685597
2010-01-04,0.007447812223616568,0.007632785031281175,0.369945615329116,0.007445783958554763
2010-01-05,0.0012819482404320404,0.0012819482404320404,0.0,0.0012801816857284584
2010-01-06,0.00273408605735459,0.00273408605735459,0.0,0.0027325707578864343
2010-01-07,-0.0009189800408077042,-0.0009189800408077042,0.0,-0.0009202447572947104
2010-01-08,0.0024895330062393306,0.0024895330062393306,0.0,0.002488268951484331
2010-01-11,0.0007524823919082824,0.0007524823919082824,0.0,0.0007514697175508276
2010-01-12,-0.005095116763389029,-0.005095116763389029,0.0,-0.00509638314642553
2010-01-13,0.0021819897988688552,0.0021819897988688552,0.0,0.002180474550085969
2010-01-14,7.185262562714456e-06,7.185262562714456e-06,0.0,5.920984540550704e-06
2010-01-15,-0.0041606104794013055,-0.0041606104794013055,0.0,-0.004162127619234622
2010-01-19,0.0036050083617058526,0.0036050083617058526,0.0,0.0036034948308757307
2010-01-20,-0.007435286792311313,-0.007435286792311313,0.0,-0.0074365506645275425
2010-01-21,-0.005872128469753934,-0.005872128469753934,0.0,-0.005873638641912725
2010-01-22,-0.004961215742953162,-0.004961215742953162,0.0,-0.00496272077157511
2010-01-25,0.0015505849891814805,0.0015505849891814805,0.0,0.0015490843278734624
2010-01-26,-0.003205234186696271,-0.003205234186696271,0.0,-0.003206986548217347
2010-01-27,-0.001313991731686448,-0.001313991731686448,0.0,-0.0013159906622616704
2010-01-28,-0.002680153142374464,-0.002680153142374464,0.0,-0.002682150526093055
2010-01-29,-0.0033918449173390153,-0.0033918449173390153,0.0,-0.0033938391374502296
2010-02-01,0.006138616700600341,0.006192439362998625,0.10764532479621616,0.006135792766622145
2010-02-02,0.004511844186981806,0.004511844186981806,0.0,0.004509023979461347
2010-02-03,-0.0019054276289438565,-0.0019054276289438565,0.0,-0.0019082529930054964
2010-02-04,-0.013661632292434667,-0.013661632292434667,0.0,-0.013664173156423914
2010-02-05,-0.0017234558677822198,-0.0017234558677822198,0.0,-0.001726263189766615
2010-02-08,-0.0025683332717002516,-0.0025683332717002516,0.0,-0.0025716996529583547
2010-02-09,0.005876807258587746,0.005876807258587746,0.0,0.005873444470728135
2010-02-10,-0.0015762017532623407,-0.0015762017532623407,0.0,-0.0015792918019100926
2010-02-11,0.004421966701819047,0.004421966701819047,0.0,0.004418878666049649
2010-02-12,-0.001469320612406677,-0.001469320612406677,0.0,-0.001472133028727175
2010-02-16,0.00855728735969774,0.00855728735969774,0.0,0.008554476644172337
2010-02-17,0.00027490377023275947,0.00027490377023275947,0.0,0.0002720832333623415
2010-02-18,0.003102949262202559,0.003102949262202559,0.0,0.003100128409907095
2010-02-19,-0.00020508446565892235,-0.00020508446565892235,0.0,-0.00020819130743134236
2010-02-22,-0.0001760649567991157,-0.0001760649567991157,0.0,-0.0001791715404736195
2010-02-23,-0.006138108691645994,-0.006138108691645994,0.0,-0.006141497450255262
2010-02-24,0.0030051648465556635,0.0030051648465556635,0.0,0.0030017845685214213
2010-02-25,-0.0017141015911099622,-0.0017141015911099622,0.0,-0.0017177680435210198
2010-02-26,0.0036345782720956787,0.0036345782720956787,0.0,0.0036309143819923386
2010-03-01,0.0018913175994355047,0.0020484862241270108,0.31433724938317786,0.0018867977770142031
2010-03-02,0.0033132890581042407,0.0033132890581042407,0.0,0.0033084275803119275
2010-03-03,0.002242420941493739,0.002242420941493739,0.0,0.0022375571716155103
2010-03-04,-0.0018757140704920294,-0.0018757140704920294,0.0,-0.00188057938817412
2010-03-05,0.003956388808748157,0.003956388808748157,0.0,0.003951177358147975
2010-03-08,3.347981060741745e-05,3.347981060741745e-05,0.0,2.791781545365979e-05
2010-03-09,0.0005396988044918949,0.0005396988044918949,0.0,0.0005341367829833378
2010-03-10,0.0005576620285927536,0.0005576620285927536,0.0,0.0005524472353532745
2010-03-11,0.0005165319244444522,0.0005165319244444522,0.0,0.0005109690398205726
2010-03-12,0.001041893628008328,0.001041893628008328,0.0,0.001036678043094765
2010-03-15,-0.00198794518781531,-0.00198794518781531,0.0,-0.001993857053163336
2010-03-16,0.005308360338895035,0.005308360338895035,0.0,0.005302797794172382
2010-03-17,0.002130563267810359,0.002130563267810359,0.0,0.002125344487914121
2010-03-18,-0.002273826914929611,-0.002273826914929611,0.0,-0.0022793952771234735
2010-03-19,-0.004672335694280716,-0.004672335694280716,0.0,-0.004677902276923732
2010-03-22,0.002518892943392581,0.002518892943392581,0.0,0.0025136777163954917
2010-03-23,0.0005216709655189167,0.0005216709655189167,0.0,0.0005168016916515317
2010-03-24,-0.007108580547738996,-0.007108580547738996,0.0,-0.0071134501794329445
2010-03-25,-0.002093689729356085,-0.002093689729356085,0.0,-0.0020985544501958106
2010-03-26,0.00297651418163003,0.00297651418163003,0.0,0.0029716509102185066
2010-03-29,0.004437429763203715,0.004437429763203715,0.0,0.004432216914035953
2010-03-30,0.0001508853084142281,0.0001508853084142281,0.0,0.00014532145103770885
2010-03-31,-6.757987040872937e-05,-6.757987040872937e-05,0.0,-7.314384626499372e-05
2010-04-01,0.003933165140076245,0.0041138458751606155,0.3613614701685142,0.003927984659762858
2010-04-05,0.00044949998592258567,0.00044949998592258567,0.0,0.00044368699349366775
2010-04-06,0.0016918984938461001,0.0016918984938461001,0.0,0.0016864078811301747
2010-04-07,-0.0005506654486531204,-0.0005506654486531204,0.0,-0.0005561581818230192
2010-04-08,0.00043587966711355897,0.00043587966711355897,0.0,0.00043038762447213303
2010-04-09,0.003181306021715402,0.003181306021715402,0.0,0.003176136526193862
2010-04-12,-9.759667042286146e-05,-9.759667042286146e-05,0.0,-0.00010276990706391555
2010-04-13,0.0007586084029815865,0.0007586084029815865,0.0,0.0007534352811224628
2010-04-14,0.004012465562262424,0.004012465562262424,0.0,0.004007291548892031
2010-04-15,-0.0003190410155359258,-0.0003190410155359258,0.0,-0.0003242197254828234
2010-04-16,-0.005973501144507898,-0.005973501144507898,0.0,-0.005978679480899255
2010-04-19,-0.0018350168389215105,-0.0018350168389215105,0.0,-0.0018401881390889426
2010-04-20,0.0022843856036973698,0.0022843856036973698,0.0,0.0022792164689812554
2010-04-21,0.0003213062297968694,0.0003213062297968694,0.0,0.00031645764450559453
2010-04-22,-0.0009718914710231674,-0.0009718914710231674,0.0,-0.0009770636735125333
2010-04-23,0.003293182195950539,0.003293182195950539,0.0,0.003288011138494034
2010-04-26,-0.0002668533664658135,-0.0002668533664658135,0.0,-0.00027202829104613327
2010-04-27,-0.007404322337081881,-0.007404322337081881,0.0,-0.007409496948217514
2010-04-28,0.0010715205976608022,0.0010715205976608022,0.0,0.0010663547484831071
2010-04-29,0.005893055806262648,0.005893055806262648,0.0,0.005887565745712341
2010-04-30,-0.0021475113508040433,-0.0021475113508040433,0.0,-0.0021526853919303372
2010-05-03,0.001446998672065103,0.0015775814438594438,0.26116554358881716,0.001440899067774903
2010-05-04,-0.010845139705283002,-0.010845139705283002,0.0,-0.010850881532191601
2010-05-05,-0.005023155267752988,-0.005023155267752988,0.0,-0.005028531987351998
2010-05-06,-0.007818565580135384,-0.007818565580135384,0.0,-0.00782250637660245
2010-05-07,-0.0017006545329502076,-0.0017006545329502076,0.0,-0.0017053078865460324
2010-05-10,0.011923843285662539,0.011923843285662539,0.0,0.011918117140849333
2010-05-11,-0.00037668016329250875,-0.00037668016329250875,0.0,-0.00038241364985199433
2010-05-12,0.003598986892830558,0.003598986892830558,0.0,0.0035932536382878993
2010-05-13,-0.0031685554435918473,-0.0031685554435918473,0.0,-0.0031742909069873517
2010-05-14,-0.005505903103613319,-0.005505903103613319,0.0,-0.005511636616148838
2010-05-17,-0.001895025253789151,-0.001895025253789151,0.0,-0.0019007553576061167
2010-05-18,-0.004257335098440729,-0.004257335098440729,0.0,-0.004263422084838677
2010-05-19,-0.0022628630673616756,-0.0022628630673616756,0.0,-0.0022689472359865275
2010-05-20,-0.00886283908299923,-0.00886283908299923,0.0,-0.00886892175052168
2010-05-21,0.00470533164940079,0.00470533164940079,0.0,0.004699254913741859
2010-05-24,-0.0028652112715720213,-0.0028652112715720213,0.0,-0.0028712911417420996
2010-05-25,-0.0016825906018982373,-0.0016825906018982373,0.0,-0.0016886685578901346
2010-05-26,-0.0017868023123343013,-0.0017868023123343013,0.0,-0.0017928791423336289
2010-05-27,0.010538253965486133,0.010538253965486133,0.0,0.010532178333358394
2010-05-28,-0.0015842095801994471,-0.0015842095801994471,0.0,-0.001589934402123668
2010-06-01,-0.004226366719235819,-0.0039715272323755935,0.5096789737202556,-0.00423112793915389
2010-06-02,0.0019461007224441662,0.0019461007224441662,0.0,0.0019413310578115022
2010-06-03,-0.001197813941090864,-0.001197813941090864,0.0,-0.0012019900821240435
2010-06-04,0.0011227910298206023,0.0011227910298206023,0.0,0.0011186165430508682
2010-06-07,9.7574435233172e-05,9.7574435233172e-05,0.0,9.39949760769377e-05
2010-06-08,0.000198735919021642,0.000198735919021642,0.0,0.00019515634450020222
2010-06-09,-0.0007981788116629973,-0.0007981788116629973,0.0,-0.0008011619862015296
2010-06-10,6.059537010849603e-05,6.059537010849603e-05,0.0,5.761298246757738e-05
2010-06-11,0.002997823859381965,0.002997823859381965,0.0,0.002995437901480978
2010-06-14,-0.001216507032865466,-0.001216507032865466,0.0,-0.0012185968085379562
2010-06-15,0.0020847532273351455,0.0020847532273351455,0.0,0.0020820674503004098
2010-06-16,0.0006063139918350835,0.0006063139918350835,0.0,0.0006033277478812745
2010-06-17,0.0021525501062207297,0.0021525501062207297,0.0,0.002149861951121237
2010-06-18,0.0004882560438856931,0.0004882560438856931,0.0,0.00048496820217827863
2010-06-21,0.00025896351231291526,0.00025896351231291526,0.0,0.00025537620240179175
2010-06-22,-0.0002944300047382775,-0.0002944300047382775,0.0,-0.00029831658658199047
2010-06-23,0.001366287310827774,0.001366287310827774,0.0,0.0013624011036530092
2010-06-24,-0.0032626701046650775,-0.0032626701046650775,0.0,-0.003266558048099618
2010-06-25,0.0018180920287194091,0.0018180920287194091,0.0,0.0018142082450145485
2010-06-28,0.0010271382304889443,0.0010271382304889443,0.0,0.0010220564107228224
2010-06-29,-0.0024867940365377317,-0.0024867940365377317,0.0,-0.0024912795018800023
2010-06-30,-0.0012209068102272402,-0.0012209068102272402,0.0,-0.0012262849802244947
2010-07-01,-0.002419672106726667,-0.002363663525038917,0.11201716337555509,-0.0024245003347428216
2010-07-02,-0.0008776837652081371,-0.0008776837652081371,0.0,-0.0008825107771571137
2010-07-06,0.0005650182852308117,0.0005650182852308117,0.0,0.0005601929590539308
2010-07-07,0.0007541705416116429,0.0007541705416116429,0.0,0.0007496280373313443
2010-07-08,-0.0006135826695822244,-0.0006135826695822244,0.0,-0.0006178425437837373
2010-07-09,0.0013490451011741733,0.0013490451011741733,0.0,0.0013445023437649894
2010-07-12,0.00023844241503323538,0.00023844241503323538,0.0,0.00023389722392612656
2010-07-13,-8.143272946448121e-05,-8.143272946448121e-05,0.0,-8.569424930040383e-05
2010-07-14,0.0007415391223823953,0.0007415391223823953,0.0,0.000737277740249122
2010-07-15,-0.000713524951535538,-0.000713524951535538,0.0,-0.0007177875866814336
2010-07-16,-0.002039128589762851,-0.002039128589762851,0.0,-0.0020433900183720577
2010-07-19,4.193810892516581e-05,4.193810892516581e-05,0.0,3.711240563137999e-05
2010-07-20,0.0026219025814695485,0.0026219025814695485,0.0,0.0026173606672809818
2010-07-21,0.0016391718234740615,0.0016391718234740615,0.0,0.0016346251831330246
2010-07-22,0.0010152880148135424,0.0010152880148135424,0.0,0.0010107384245924551
2010-07-23,-0.00037239388581555843,-0.00037239388581555843,0.0,-0.00037694530131215145
2010-07-26,0.0008581267694147687,0.0008581267694147687,0.0,0.0008535760236539027
2010-07-27,-0.0017417659055853907,-0.0017417659055853907,0.0,-0.0017460336753461622
2010-07-28,1.1665047009445928e-05,1.1665047009445928e-05,0.0,7.4002165666159285e-06
2010-07-29,-0.0007805569038269455,-0.0007805569038269455,0.0,-0.000784821753954902
2010-07-30,0.0018493808022634894,0.0018493808022634894,0.0,0.001845117270378332
2010-08-02,-0.00038712436925270044,-0.0002883068316881232,0.19763507512932355,-0.0003923429080071168
2010-08-03,0.0007447322729896566,0.0007447322729896566,0.0,0.0007395149319848832
2010-08-04,0.0003714730178117076,0.0003714730178117076,0.0,0.0003662548344975785
2010-08-05,0.00073051473556629,0.00073051473556629,0.0,0.0007256222949700511
2010-08-06,0.00024603280567969676,0.00024603280567969676,0.0,0.0002411395913466351
2010-08-09,0.0003809530235885372,0.0003809530235885372,0.0,0.00037605954872983835
2010-08-10,0.0008716677627458314,0.0008716677627458314,0.0,0.0008667738846472699
2010-08-11,-0.0006942285116967595,-0.0006942285116967595,0.0,-0.0006991233116545805
2010-08-12,-0.00034799367359683586,-0.00034799367359683586,0.0,-0.00035321400985804377
2010-08-13,0.0012611369464514688,0.0012611369464514688,0.0,0.0012562432496219635
2010-08-16,0.0031163718842985855,0.0031163718842985855,0.0,0.0031111505186521998
2010-08-17,0.000309438442632759,0.000309438442632759,0.0,0.00030388701879098854
2010-08-18,0.00031451836480633766,0.00031451836480633766,0.0,0.00030929314750278097
2010-08-19,-0.0003604339567131465,-0.0003604339567131465,0.0,-0.0003656595274207478
2010-08-20,-0.00020591733124286637,-0.00020591733124286637,0.0,-0.00021081592396017952
2010-08-23,0.00046381271816509084,0.00046381271816509084,0.0,0.0004585877841071066
2010-08-24,0.0007366693523511714,0.0007366693523511714,0.0,0.0007314438970831437
2010-08-25,0.00010505693498941149,0.00010505693498941149,0.0,9.983065249779284e-05
2010-08-26,0.0004947441864679991,0.0004947441864679991,0.0,0.0004895177860178341
2010-08-27,-0.0016940850664686202,-0.0016940850664686202,0.0,-0.0016989853374159583
2010-08-30,0.0020573868185542743,0.0020573868185542743,0.0,0.00205281489869931
2010-08-31,0.0022984654537117066,0.0022984654537117066,0.0,0.002293891514292642
2010-09-01,-0.00021507186477953688,-3.3576939057256006e-05,0.36298985144460116,-0.00022014145510695473
2010-09-02,0.0004719186444117618,0.0004719186444117618,0.0,0.0004664544305557268
2010-09-03,-0.001146314885240196,-0.001146314885240196,0.0,-0.0011517791421817494
2010-09-07,0.0031493347322506526,0.0031493347322506526,0.0,0.003143870580086167
2010-09-08,-0.0005321432277268778,-0.0005321432277268778,0.0,-0.0005376076668475164
2010-09-09,-0.0025068733043331903,-0.0025068733043331903,0.0,-0.0025123376949410196
2010-09-10,-2.732527842053134e-05,-2.732527842053134e-05,0.0,-3.278943991502854e-05
2010-09-13,0.0030613429311736606,0.0030613429311736606,0.0,0.003055488475105381
2010-09-14,0.0013729875147805437,0.0013729875147805437,0.0,0.0013671327598455461
2010-09-15,-0.0013858590691573358,-0.0013858590691573358,0.0,-0.0013917139579478544
2010-09-16,-0.0007286316583119401,-0.0007286316583119401,0.0,-0.0007348767287040661
2010-09-17,0.0009973155740858886,0.0009973155740858886,0.0,0.0009910705796258442
2010-09-20,0.0025946724318244296,0.0025946724318244296,0.0,0.0025880370148927555
2010-09-21,0.002864441593450895,0.002864441593450895,0.0,0.0028578058902527788
2010-09-22,-0.0005592333204775812,-0.0005592333204775812,0.0,-0.0005654789847835903
2010-09-23,7.486837997228157e-05,7.486837997228157e-05,0.0,6.862277360283318e-05
2010-09-24,-0.00034841035380672736,-0.00034841035380672736,0.0,-0.00035426561704913085
2010-09-27,0.0012052160491622388,0.0012052160491622388,0.0,0.0011989704711421912
2010-09-28,0.0020742399083770735,0.0020742399083770735,0.0,0.002067994205612844
2010-09-29,-0.00026358397590164895,-0.00026358397590164895,0.0,-0.0002698298929127455
2010-09-30,0.0007922070188326469,0.0007922070188326469,0.0,0.0007859611290541429
2010-10-01,-0.0003565963530829386,-0.0002395086524737966,0.23417540121815866,-0.00036380696055444614
2010-10-04,-0.001168840260291848,-0.001168840260291848,0.0,-0.0011747001723913413
2010-10-05,0.007375804526075891,0.007375804526075891,0.0,0.007370394619034436
2010-10-06,0.0016605112437686476,0.0016605112437686476,0.0,0.0016546556510623376
2010-10-07,-0.0008157455723744045,-0.0008157455723744045,0.0,-0.000821600009850891
2010-10-08,0.005871954097393939,0.005871954097393939,0.0,0.005866549476969341
2010-10-11,0.000825412549157134,0.000825412549157134,0.0,0.0008200116806980363
2010-10-12,-0.0007052501097022379,-0.0007052501097022379,0.0,-0.0007111004796447701
2010-10-13,0.0041013392026549855,0.0041013392026549855,0.0,0.004095488344589171
2010-10-14,-0.0010950710676892461,-0.0010950710676892461,0.0,-0.0011013689472376305
2010-10-15,-0.001286540829821159,-0.001286540829821159,0.0,-0.001292839523158227
2010-10-18,0.00222707306260439,0.00222707306260439,0.0,0.0022203234369124795
2010-10-19,-0.004492320994675114,-0.004492320994675114,0.0,-0.004498618991849168
2010-10-20,0.0038546747268861647,0.0038546747268861647,0.0,0.003848373379375252
2010-10-21,-0.0030610581784870083,-0.0030610581784870083,0.0,-0.0030669067705538793
2010-10-22,0.0009839614446480738,0.0009839614446480738,0.0,0.00097811073438986
2010-10-25,0.003168615264708796,0.003168615264708796,0.0,0.003162315232351804
2010-10-26,-0.0014195607341652705,-0.0014195607341652705,0.0,-0.0014258584150127341
2010-10-27,-0.003476308728632027,-0.003476308728632027,0.0,-0.0034826074644690366
2010-10-28,0.00245586617501381,0.00245586617501381,0.0,0.00245001494152407
2010-10-29,0.002653680465214192,0.002653680465214192,0.0,0.002648280892635101
2010-11-01,-0.0003587493187967583,-0.00024332252014303002,0.23085359730744087,-0.00036434121490912464
2010-11-02,0.003952980379980042,0.003952980379980042,0.0,0.003947399237689209
2010-11-03,0.00039295634289704395,0.00039295634289704395,0.0,0.00038737686381843636
2010-11-04,0.01038491655869489,0.01038491655869489,0.0,0.010379337244887295
2010-11-05,-0.001040822913245698,-0.001040822913245698,0.0,-0.0010463979042194622
2010-11-08,0.0008687021761262237,0.0008687021761262237,0.0,0.000863126751447255
2010-11-09,-0.007587587167407817,-0.007587587167407817,0.0,-0.007593162230417532
2010-11-10,0.0017178038426701736,0.0017178038426701736,0.0,0.0017122255965465064
2010-11-11,-0.0030790053774177872,-0.0030790053774177872,0.0,-0.0030845829041311235
2010-11-12,-0.008663439494253078,-0.008663439494253078,0.0,-0.008669018314425826
2010-11-15,-0.00479569877520869,-0.00479569877520869,0.0,-0.004801710689026923
2010-11-16,-0.005424354637426521,-0.005424354637426521,0.0,-0.005430798329842125
2010-11-17,0.0016317804308720874,0.0016317804308720874,0.0,0.0016257638170070782
2010-11-18,0.007847694593974053,0.007847694593974053,0.0,0.00784124902674754
2010-11-19,0.00014092075138627536,0.00014092075138627536,0.0,0.00013490847286388739
2010-11-22,0.001502621163469442,0.001502621163469442,0.0,0.0014961795054304638
2010-11-23,-0.004504548023544386,-0.004504548023544386,0.0,-0.004510988947488325
2010-11-24,0.0015388506856903739,0.0015388506856903739,0.0,0.001531978008818731
2010-11-26,-0.00316022500816715,-0.00316022500816715,0.0,-0.0031670968807335264
2010-11-29,0.001480635103018768,0.001480635103018768,0.0,0.0014729023822799073
2010-11-30,0.00037270978467551785,0.00037270978467551785,0.0,0.00036540748316579925
2010-12-01,0.0028951232071494637,0.003024536576244019,0.2588267381893846,0.002888489838324069
2010-12-02,0.0022527508960548115,0.0022527508960548115,0.0,0.0022461334871024343
2010-12-03,0.0018878471940151353,0.0018878471940151353,0.0,0.0018820574886629696
2010-12-06,0.002509536871306839,0.002509536871306839,0.0,0.002503334088293204
2010-12-07,-0.0049703122353050855,-0.0049703122353050855,0.0,-0.00497610091441898
2010-12-08,-0.003714206872203474,-0.003714206872203474,0.0,-0.003720410276059139
2010-12-09,0.0004352310195787634,0.0004352310195787634,0.0,0.0004294403025417521
2010-12-10,-0.0003288111060996135,-0.0003288111060996135,0.0,-0.00033418810549358226
2010-12-13,0.0022976117514967864,0.0022976117514967864,0.0,0.0022914074385887973
2010-12-14,-0.0020066552915852798,-0.0020066552915852798,0.0,-0.002012859026978352
2010-12-15,-0.003560737064489339,-0.003560737064489339,0.0,-0.0035665276892256886
2010-12-16,0.0023223955299516152,0.0023223955299516152,0.0,0.002317017741258018
2010-12-17,0.003603705957995418,0.003603705957995418,0.0,0.003599155950883899
2010-12-20,0.001134835252726507,0.001134835252726507,0.0,0.0011290451797165222
2010-12-21,0.0031854412227019235,0.0031854412227019235,0.0,0.003179651415528932
2010-12-22,0.00040901860333120155,0.00040901860333120155,0.0,0.00040322953998355685
2010-12-23,-0.0013937350689114947,-0.0013937350689114947,0.0,-0.0013995240367891573
2010-12-27,0.0011990770168004428,0.0011990770168004428,0.0,0.0011920471602295262
2010-12-28,-0.0009553560892152646,-0.0009553560892152646,0.0,-0.0009615586039070436
2010-12-29,0.005028579775555375,0.005028579775555375,0.0,0.0050232040555199
2010-12-30,-0.0010378710118901235,-0.0010378710118901235,0.0,-0.0010428322128230977
2010-12-31,0.0026262020250156226,0.0026262020250156226,0.0,0.0026212406170240295
2011-01-03,0.002065679665483655,0.0021851191989261665,0.2388790668845408,0.0020606104320354188
2011-01-04,-0.0013462634487568792,-0.0013462634487568792,0.0,-0.0013509918298349446
2011-01-05,-0.0026539436271446615,-0.0026539436271446615,0.0,-0.0026586708931267493
2011-01-06,-0.0004489419778526127,-0.0004489419778526127,0.0,-0.00045400454417269105
2011-01-07,0.0005276610083173594,0.0005276610083173594,0.0,0.0005229363194295448
2011-01-10,0.0009443762063825467,0.0009443762063825467,0.0,0.000939313570233391
2011-01-11,0.0012198390625279831,0.0012198390625279831,0.0,0.0012147755869177726
2011-01-12,0.0034401493464208954,0.0034401493464208954,0.0,0.003435084787810312
2011-01-13,7.381917304183361e-05,7.381917304183361e-05,0.0,6.875157066082586e-05
2011-01-14,-0.0001288142321731467,-0.0001288142321731467,0.0,-0.00013388189986295585
2011-01-18,0.0009726473227817944,0.0009726473227817944,0.0,0.0009672419321562291
2011-01-19,-0.0017746118299326596,-0.0017746118299326596,0.0,-0.0017800181376660393
2011-01-20,-0.005177979044929559,-0.005177979044929559,0.0,-0.005183383676409201
2011-01-21,0.00036975178936748954,0.00036975178936748954,0.0,0.00036435207433398365
2011-01-24,0.0017364303840337048,0.0017364303840337048,0.0,0.001731030318053849
2011-01-25,0.0014222190537518387,0.0014222190537518387,0.0,0.001416817342512685
2011-01-26,0.0012572437204039222,0.0012572437204039222,0.0,0.001251840663532953
2011-01-27,0.00015076301171457196,0.00015076301171457196,0.0,0.00014569653210413922
2011-01-28,-0.003995334291219121,-0.003995334291219121,0.0,-0.004000400904370575
2011-01-31,0.0017416777626573232,0.0017416777626573232,0.0,0.001736614702640298
2011-02-01,0.004236033258800065,0.004279435910373719,0.08680530314722272,0.004230932564530874
2011-02-02,-0.0007403145448608983,-0.0007403145448608983,0.0,-0.0007457463710613875
2011-02-03,-0.0006114721550056768,-0.0006114721550056768,0.0,-0.0006162244082347086
2011-02-04,-0.0020545755820022826,-0.0020545755820022826,0.0,-0.002059666755286022
2011-02-07,0.00045165756489606856,0.00045165756489606856,0.0,0.00044622887132315307
2011-02-08,0.0006819643059288172,0.0006819643059288172,0.0,0.0006768745161083987
2011-02-09,-0.0010392407874934007,-0.0010392407874934007,0.0,-0.0010439918066575595
2011-02-10,-0.0019707094490977184,-0.0019707094490977184,0.0,-0.0019747810338296944
2011-02-11,0.002451661306932529,0.002451661306932529,0.0,0.0024475910853070455
2011-02-14,0.001666484316903638,0.001666484316903638,0.0,0.0016620730775484174
2011-02-15,-0.001119501395933975,-0.001119501395933975,0.0,-0.0011239138788984415
2011-02-16,0.0023634759426869323,0.0023634759426869323,0.0,0.0023594036535145783
2011-02-17,0.0035332240602545806,0.0035332240602545806,0.0,0.0035301686238402652
2011-02-18,0.0015182514809251035,0.0015182514809251035,0.0,0.0015148545330235237
2011-02-22,-0.0039890105014961375,-0.0039890105014961375,0.0,-0.003993087878263675
2011-02-23,0.0009420750558974955,0.0009420750558974955,0.0,0.00093800042065529
2011-02-24,-0.00019584493524849034,-0.00019584493524849034,0.0,-0.0002002598241818103
2011-02-25,0.006366742013980575,0.006366742013980575,0.0,0.006362327270753328
2011-02-28,0.002618861322101207,0.002618861322101207,0.0,0.002613761956678418
2011-03-01,-0.002608518703746121,-0.0024930204862364524,0.23099643501903366,-0.0026144808111497166
2011-03-02,0.0008769884588282206,0.0008769884588282206,0.0,0.0008714534892627518
2011-03-03,0.0029214928210454794,0.0029214928210454794,0.0,0.0029159581811485126
2011-03-04,0.0019780479172781806,0.0019780479172781806,0.0,0.0019729400296980694
2011-03-07,-0.003901079052634482,-0.003901079052634482,0.0,-0.0039057606568149985
2011-03-08,0.0009521490325603565,0.0009521490325603565,0.0,0.0009474661887556407
2011-03-09,0.0006078272778604621,0.0006078272778604621,0.0,0.0006035704219209899
2011-03-10,-0.007629439416152017,-0.007629439416152017,0.0,-0.007632844760652723
2011-03-11,0.0013952292707497538,0.0013952292707497538,0.0,0.0013918221522877495
2011-03-14,-0.002443615579167835,-0.002443615579167835,0.0,-0.0024474482229824364
2011-03-15,-0.006888006271509761,-0.006888006271509761,0.0,-0.006892265475607365
2011-03-16,-0.003977274989131141,-0.003977274989131141,0.0,-0.003981536211194824
2011-03-17,0.00859541046878376,0.00859541046878376,0.0,0.008592000555238762
2011-03-18,0.0031971776447456968,0.0031971776447456968,0.0,0.0031941957250771692
2011-03-21,0.005529885150928893,0.005529885150928893,0.0,0.005525626195113586
2011-03-22,0.00042077887323554997,0.00042077887323554997,0.0,0.0004165215161274036
2011-03-23,0.00022974608654902084,0.00022974608654902084,0.0,0.0002259145745892842
2011-03-24,0.0017854768491785133,0.0017854768491785133,0.0,0.0017816453969581925
2011-03-25,-0.001733102251747276,-0.001733102251747276,0.0,-0.0017369332405288507
2011-03-28,-0.002345549869707808,-0.002345549869707808,0.0,-0.002350232740094067
2011-03-29,0.0008364920675709708,0.0008364920675709708,0.0,0.0008322342334496815
2011-03-30,0.004344390689559052,0.004344390689559052,0.0,0.004340133097466808
2011-03-31,0.0016655713439099884,0.0016655713439099884,0.0,0.0016617406374314944
2011-04-01,0.002636695201577277,0.002730115836863778,0.18684127057318223,0.002633941825659896
2011-04-04,0.0031099384665855823,0.0031099384665855823,0.0,0.0031075772787697784
2011-04-05,-0.0005405267415834469,-0.0005405267415834469,0.0,-0.0005432815321905713
2011-04-06,-0.00018668940898192155,-0.00018668940898192155,0.0,-0.0001890506474178279
2011-04-07,0.00031262846642077236,0.00031262846642077236,0.0,0.0003110543099175494
2011-04-08,0.001676677907675117,0.001676677907675117,0.0,0.001675103747063651
2011-04-11,-0.0027892551681953925,-0.0027892551681953925,0.0,-0.002791222896455104
2011-04-12,-0.0013645796103325392,-0.0013645796103325392,0.0,-0.001366547292724086
2011-04-13,0.0023577214225714016,0.0023577214225714016,0.0,0.002355360230666288
2011-04-14,0.0012723247358426004,0.0012723247358426004,0.0,0.001269569957726506
2011-04-15,0.004233282113797587,0.004233282113797587,0.0,0.004230527306455639
2011-04-18,-0.003636577747475056,-0.003636577747475056,0.0,-0.0036393326516474286
2011-04-19,0.003453360779175574,0.003453360779175574,0.0,0.003450999504300893
2011-04-20,0.005718275796720906,0.005718275796720906,0.0,0.005715914454126557
2011-04-21,0.00298867062629693,0.00298867062629693,0.0,0.002986309172205981
2011-04-25,0.00041000444982475237,0.00041000444982475237,0.0,0.0004072493522682679
2011-04-26,0.0027084814226141507,0.0027084814226141507,0.0,0.0027057263157624855
2011-04-27,0.0025124729566525783,0.0025124729566525783,0.0,0.0025101113840043624
2011-04-28,0.0008979717432417988,0.0008979717432417988,0.0,0.0008963973290969708
2011-04-29,0.002326219324972012,0.002326219324972012,0.0,0.0023246448992650074
2011-05-02,-0.0028315952224936547,-0.002785122225928416,0.09294599313067399,-0.0028336865891462185
2011-05-03,-0.0029534921346943133,-0.0029534921346943133,0.0,-0.0029547479357271223
2011-05-04,-0.003597917912428694,-0.003597917912428694,0.0,-0.003599173906969435
2011-05-05,-0.008794764761800633,-0.008794764761800633,0.0,-0.008795602249215023
2011-05-06,0.0006030557464031805,0.0006030557464031805,0.0,0.0006022178700352681
2011-05-09,0.005126758842848078,0.005126758842848078,0.0,0.005125502068277828
2011-05-10,0.0015578246897018921,0.0015578246897018921,0.0,0.0015565682532937715
2011-05-11,-0.007367840604526776,-0.007367840604526776,0.0,-0.007369096938340266
2011-05-12,9.254044204465295e-05,9.254044204465295e-05,0.0,9.17025602822658e-05
2011-05-13,-0.0033279286310246015,-0.0033279286310246015,0.0,-0.00332918544752902
2011-05-16,-0.0010255430107602992,-0.0010255430107602992,0.0,-0.0010272190614502037
2011-05-17,0.0015658956552329073,0.0015658956552329073,0.0,0.0015642195134335443
2011-05-18,0.0027962691683278695,0.0027962691683278695,0.0,0.0027941741646999203
2011-05-19,-0.00013747474753877942,-0.00013747474753877942,0.0,-0.00013956944199032827
2011-05-20,-0.001968082370658042,-0.001968082370658042,0.0,-0.0019701770803119156
2011-05-23,-0.005556378967604636,-0.005556378967604636,0.0,-0.005558892880867252
2011-05-24,0.003087339343855522,0.003087339343855522,0.0,0.0030848246876839765
2011-05-25,0.0021028029954401894,0.0021028029954401894,0.0,0.00210028875078712
2011-05-26,0.004237183093112273,0.004237183093112273,0.0,0.004235088122317413
2011-05-27,0.0041044833371042255,0.0041044833371042255,0.0,0.004102388833993224
2011-05-31,0.004527946545496597,0.004527946545496597,0.0,0.004525433683185505
2011-06-01,-0.004403040765996402,-0.004314388512585143,0.17730450682273294,-0.004405393522116532
2011-06-02,-0.0013020664788547798,-0.0013020664788547798,0.0,-0.0013039489302786717
2011-06-03,0.0005980077849376819,0.0005980077849376819,0.0,0.0005961249487080387
2011-06-06,-0.0046866783453847205,-0.0046866783453847205,0.0,-0.004689031669888783
2011-06-07,0.0032108632202576537,0.0032108632202576537,0.0,0.0032085081572959776
2011-06-08,-0.0012013659731917592,-0.0012013659731917592,0.0,-0.0012032490737909326
2011-06-09,-0.0003656264142990473,-0.0003656264142990473,0.0,-0.00036798073478589154
2011-06-10,-0.006347705452588115,-0.006347705452588115,0.0,-0.006350059908476989
2011-06-13,-0.0009744827799410549,-0.0009744827799410549,0.0,-0.0009768396015858583
2011-06-14,0.002351751571161964,0.002351751571161964,0.0,0.0023493943859783694
2011-06-15,-0.004565761610990315,-0.004565761610990315,0.0,-0.004568117920892149
2011-06-16,-0.0018318760850353222,-0.0018318760850353222,0.0,-0.0018342341020298116
2011-06-17,0.0025485693026245926,0.0025485693026245926,0.0,0.002546682340087273
2011-06-20,0.0011062632221021662,0.0011062632221021662,0.0,0.0011048485715231418
2011-06-21,0.005353540655746558,0.005353540655746558,0.0,0.00535212625288937
2011-06-22,-0.002926646119997822,-0.002926646119997822,0.0,-0.002927588260291373
2011-06-23,-0.0005928154413311626,-0.0005928154413311626,0.0,-0.0005932867294038395
2011-06-24,-0.0022698428878555887,-0.0022698428878555887,0.0,-0.0022707855523385586
2011-06-27,0.00011080286103393178,0.00011080286103393178,0.0,0.00010985985754380606
2011-06-28,0.0017723476214515088,0.0017723476214515088,0.0,0.0017709331410366291
2011-06-29,0.0035211529596750335,0.0035211529596750335,0.0,0.0035202102369390827
2011-06-30,0.0018230358525919144,0.0018230358525919144,0.0,0.0018216225530829756
2011-07-01,0.0034608379507432563,0.0035574905093553877,0.19330511722415572,0.0034599679611853813
2011-07-05,0.002618517384998409,0.002618517384998409,0.0,0.002617648124038179
2011-07-06,0.00012698373426478504,0.00012698373426478504,0.0,0.00012654920251939925
2011-07-07,0.003124353003524316,0.003124353003524316,0.0,0.003123049422650614
2011-07-08,-0.00010717524844683357,-0.00010717524844683357,0.0,-0.00010847847704222095
2011-07-11,-0.00566656627864881,-0.00566656627864881,0.0,-0.00566786951932976
2011-07-12,0.0007107672168646939,0.0007107672168646939,0.0,0.0007094633335547855
2011-07-13,0.005934371486832957,0.005934371486832957,0.0,0.005933936885912591
2011-07-14,-0.00429946993649577,-0.00429946993649577,0.0,-0.00429990431456463
2011-07-15,0.0031837385266739737,0.0031837385266739737,0.0,0.0031828694462287354
2011-07-18,-0.002354027422586946,-0.002354027422586946,0.0,-0.00235489626364604
2011-07-19,0.004188417275377665,0.004188417275377665,0.0,0.004187113747662636
2011-07-20,0.0013320824601315007,0.0013320824601315007,0.0,0.0013312137560094717
2011-07-21,0.002794041172450523,0.002794041172450523,0.0,0.002791869661756005
2011-07-22,0.0024776731109110717,0.0024776731109110717,0.0,0.0024755021223155887
2011-07-25,-0.0018114427001807432,-0.0018114427001807432,0.0,-0.001813613226938519
2011-07-26,0.0030056312325965617,0.0030056312325965617,0.0,0.003002592021564315
2011-07-27,-0.007481678306540007,-0.007481678306540007,0.0,-0.007485150795242813
2011-07-28,0.000459064783325136,0.000459064783325136,0.0,0.00045602439091196016
2011-07-29,0.0035655714435323116,0.0035655714435323116,0.0,0.00356122819794465
2011-08-01,-0.0010104996277460199,-0.0009342675279988555,0.1524641994943413,-0.0010149611163030032
2011-08-02,-0.0018077199254491472,-0.0018077199254491472,0.0,-0.0018103886301977458
2011-08-03,-0.00042539060962520914,-0.00042539060962520914,0.0,-0.00042628035158064987
2011-08-04,-0.01477559122330585,-0.01477559122330585,0.0,-0.014776481006154965
2011-08-05,-0.00300259526979918,-0.00300259526979918,0.0,-0.003003040882078774
2011-08-08,-0.014895645734615326,-0.014895645734615326,0.0,-0.014897874530655447
2011-08-09,0.01642550472874471,0.01642550472874471,0.0,0.016424165231353628
2011-08-10,-0.004126153578115077,-0.004126153578115077,0.0,-0.004127044970914029
2011-08-11,0.004107518993487602,0.004107518993487602,0.0,0.004106181296834937
2011-08-12,0.0029295964388322826,0.0029295964388322826,0.0,0.002928705042555269
2011-08-15,0.0068792808262050364,0.0068792808262050364,0.0,0.006878389715446389
2011-08-16,-0.00024918055924905147,-0.00024918055924905147,0.0,-0.00025051622657641843
2011-08-17,0.003980375862662644,0.003980375862662644,0.0,0.003979930628157579
2011-08-18,-0.010317103930075455,-0.010317103930075455,0.0,-0.010317548972657997
2011-08-19,-0.0007070243264493126,-0.0007070243264493126,0.0,-0.0007079154169095641
2011-08-22,0.0007428884089872856,0.0007428884089872856,0.0,0.000742442829286681
2011-08-23,0.003413349485378747,0.003413349485378747,0.0,0.003412903941870263
2011-08-24,-0.006662100413927785,-0.006662100413927785,0.0,-0.006662991169492234
2011-08-25,-0.0015414664258022182,-0.0015414664258022182,0.0,-0.0015419121292146907
2011-08-26,0.00778932947897526,0.00778932947897526,0.0,0.007788883700102648
2011-08-29,0.004472378283737255,0.004472378283737255,0.0,0.004471487482727077
2011-08-30,0.00402253549622178,0.00402253549622178,0.0,0.004022090311995669
2011-08-31,0.0016162753877360103,0.0016162753877360103,0.0,0.001615385406775304
2011-09-01,-0.0003634139944548309,-0.00019968418231530727,0.3274596242788094,-0.00036405714724780064
2011-09-02,0.0004192870148054251,0.0004192870148054251,0.0,0.00041864388561092835
2011-09-06,-0.0033692927817696727,-0.0033692927817696727,0.0,-0.0033699359740494705
2011-09-07,0.0020269143691347136,0.0020269143691347136,0.0,0.0020262716855075
2011-09-08,-0.0006835981242463429,-0.0006835981242463429,0.0,-0.0006842411132520994
2011-09-09,-0.003382934260589332,-0.003382934260589332,0.0,-0.0033832557035609256
2011-09-12,-0.0009351411423772493,-0.0009351411423772493,0.0,-0.0009354623294694309
2011-09-13,0.0012652600631646305,0.0012652600631646305,0.0,0.0012649389468711463
2011-09-14,0.0008953923894592375,0.0008953923894592375,0.0,0.0008950711774950967
2011-09-15,0.00046386144990773204,0.00046386144990773204,0.0,0.00046354017030046624
2011-09-16,1.3090789512171241e-05,1.3090789512171241e-05,0.0,1.2769474878373413e-05
2011-09-19,-0.00117598059736701,-0.00117598059736701,0.0,-0.0011763019129892905
2011-09-20,0.0004099880464452088,0.0004099880464452088,0.0,0.0004096668197255059
2011-09-21,-0.00324087946256868,-0.00324087946256868,0.0,-0.0032412007202702346
2011-09-22,-0.004384840477688612,-0.004384840477688612,0.0,-0.004384840477688612
2011-09-23,-0.003630642995886668,-0.003630642995886668,0.0,-0.003630963673992416
2011-09-26,0.0005617154671244684,0.0005617154671244684,0.0,0.0005610746658550269
2011-09-27,0.0016849499396787149,0.0016849499396787149,0.0,0.0016846294961391235
2011-09-28,-0.004307927118332722,-0.004307927118332722,0.0,-0.0043085682623781405
2011-09-29,0.0023226490891234963,0.0023226490891234963,0.0,0.002322008604908535
2011-09-30,-0.004324857114695213,-0.004324857114695213,0.0,-0.004325497953838016
2011-10-03,0.0019306633685745034,0.0021169346275726753,0.3725425179960305,0.0019301298678135192
2011-10-04,-0.0019294006337418068,-0.0019294006337418068,0.0,-0.0019296676842828913
2011-10-05,-0.0004555902080726204,-0.0004555902080726204,0.0,-0.0004555902080726204
2011-10-06,-0.0014869093315740267,-0.0014869093315740267,0.0,-0.0014871760719779414
2011-10-07,-0.0011310929601516806,-0.0011310929601516806,0.0,-0.0011313595068429723
2011-10-10,-0.0022248860518876423,-0.0022248860518876423,0.0,-0.0022251524510547437
2011-10-11,0.0009413710526422481,0.0009413710526422481,0.0,0.0009408388359691735
2011-10-12,-0.0023861669105411654,-0.0023861669105411654,0.0,-0.0023866993730892933
2011-10-13,0.0014494651982708273,0.0014494651982708273,0.0,0.0014489333604521567
2011-10-14,-0.00034694465338114266,-0.00034694465338114266,0.0,-0.0003474768701393492
2011-10-17,0.0018506380535561195,0.0018506380535561195,0.0,0.001849573801508948
2011-10-18,-0.0006349302921799804,-0.0006349302921799804,0.0,-0.000635995510414472
2011-10-19,0.000400650053681062,0.000400650053681062,0.0,0.0003998513887780486
2011-10-20,0.00011152402721781307,0.00011152402721781307,0.0,0.00011072520539845486
2011-10-21,-0.0005816467619829124,-0.0005816467619829124,0.0,-0.000582179338978486
2011-10-24,-0.001500033169578474,-0.001500033169578474,0.0,-0.0015005655946329422
2011-10-25,0.003397196089413468,0.003397196089413468,0.0,0.003396930073104204
2011-10-26,-0.002151703450939957,-0.002151703450939957,0.0,-0.0021522363693176286
2011-10-27,-0.0032008863728073544,-0.0032008863728073544,0.0,-0.0032014187289564375
2011-10-28,0.0012975031322310926,0.0012975031322310926,0.0,0.0012972373736866527
2011-10-31,0.0023558734526494263,0.0023558734526494263,0.0,0.002355607524265702
2011-11-01,0.0022831808576311285,0.00237841989034826,0.19047806543477383,0.0022828488859038916
2011-11-02,0.00036358802130642687,0.00036358802130642687,0.0,0.00036325663662602745
2011-11-03,0.00048233301237932125,0.00048233301237932125,0.0,0.0004820016039141091
2011-11-04,0.00014896995054680673,0.00014896995054680673,0.0,0.00014863851054406051
2011-11-07,0.0004679726368637116,0.0004679726368637116,0.0,0.0004676411871219573
2011-11-08,-0.0007528379543624286,-0.0007528379543624286,0.0,-0.0007531694346838902
2011-11-09,-0.0004997554799822668,-0.0004997554799822668,0.0,-0.0005000869110724122
2011-11-10,-0.0009548953458643483,-0.0009548953458643483,0.0,-0.0009552267442569899
2011-11-11,0.00029968574546357374,0.00029968574546357374,0.0,0.00029935440960658893
2011-11-14,0.0004476145050560376,0.0004476145050560376,0.0,0.0004472831495786512
2011-11-15,-1.5095854459246105e-05,-1.5095854459246105e-05,0.0,-1.5427239228806493e-05
2011-11-16,-0.0005949888524717784,-0.0005949888524717784,0.0,-0.0005953202362534416
2011-11-17,-0.0016036379795970612,-0.0016036379795970612,0.0,-0.001604300669239963
2011-11-18,-0.000272543637486522,-0.000272543637486522,0.0,-0.00027287487713217136
2011-11-21,-0.0006260733400642593,-0.0006260733400642593,0.0,-0.0006267357835958536
2011-11-22,0.0004345912092948989,0.0004345912092948989,0.0,0.00043392884796013465
2011-11-23,-0.0005732031520544467,-0.0005732031520544467,0.0,-0.0005738655704216699
2011-11-25,-0.0016746682918126199,-0.0016746682918126199,0.0,-0.0016753306349138598
2011-11-28,0.0006902878203303153,0.0006902878203303153,0.0,0.0006892946360770067
2011-11-29,0.00016948503805269688,0.00016948503805269688,0.0,0.0001688228244876398
2011-11-30,0.0005029920442474189,0.0005029920442474189,0.0,0.000502660926328456
2011-12-01,-3.91635335883489e-06,0.0001449531486548139,0.29773900402703474,-4.323478948980112e-06
2011-12-02,0.0013314877691892324,0.0013314877691892324,0.0,0.00133067309094222
2011-12-05,0.0003215258865083559,0.0003215258865083559,0.0,0.00032111856136513364
2011-12-06,5.881460971735031e-05,5.881460971735031e-05,0.0,5.840728794898321e-05
2011-12-07,0.0008288893886634341,0.0008288893886634341,0.0,0.0008280747463613072
2011-12-08,-0.0007757648212618484,-0.0007757648212618484,0.0,-0.0007761721337202977
2011-12-09,-0.0002336887012486244,-0.0002336887012486244,0.0,-0.00023409602184888331
2011-12-12,-0.0007151915300046552,-0.0007151915300046552,0.0,-0.0007155988530580978
2011-12-13,-0.0005823534764950455,-0.0005823534764950455,0.0,-0.0005827608070616966
2011-12-14,-0.0013001949008114577,-0.0013001949008114577,0.0,-0.001300602237499396
2011-12-15,0.00018228761387839576,0.00018228761387839576,0.0,0.00018228761387839576
2011-12-16,0.0025513738264313357,0.0025513738264313357,0.0,0.0025513738264313357
2011-12-19,0.0001502649110507459,0.0001502649110507459,0.0,0.00014985758937643886
2011-12-20,0.0006221275788169667,0.0006221275788169667,0.0,0.0006217202587196449
2011-12-21,-0.0010649517839754763,-0.0010649517839754763,0.0,-0.001065359097547815
2011-12-22,0.0001849586720437113,0.0001849586720437113,0.0,0.00018455134729006395
2011-12-23,-0.00024291373925355852,-0.00024291373925355852,0.0,-0.0002433210620656179
2011-12-27,0.0007139113034573263,0.0007139113034573263,0.0,0.0007130966527320357
2011-12-28,-0.000626859031017557,-0.000626859031017557,0.0,-0.0006272663488895057
2011-12-29,0.0005111846865666347,0.0005111846865666347,0.0,0.0005103700376598804
2011-12-30,0.0008297442242264363,0.0008297442242264363,0.0,0.0008289295860481117
2012-01-03,-0.000608803747773834,-0.00043752121703644065,0.3425650614747936,-0.0006095788243317447
2012-01-04,0.00017603685007228087,0.00017603685007228087,0.0,0.00017526223650705822
2012-01-05,0.001472853461800483,0.001472853461800483,0.0,0.0014720788448845965
2012-01-06,0.0017565600680853333,0.0017565600680853333,0.0,0.0017557854231765634
2012-01-09,-0.0011175104642658917,-0.0011175104642658917,0.0,-0.0011178978033834959
2012-01-10,-0.0015697371640537305,-0.0015697371640537305,0.0,-0.0015705118210631863
2012-01-11,0.001388400873189033,0.001388400873189033,0.0,0.0013876262460417016
2012-01-12,0.000734229830827049,0.000734229830827049,0.0,0.0007330678505423117
2012-01-13,0.0015786377970870014,0.0015786377970870014,0.0,0.0015774757958950708
2012-01-17,-0.0002802659844353128,-0.0002802659844353128,0.0,-0.00028142803050810176
2012-01-18,-0.0015095627746173346,-0.0015095627746173346,0.0,-0.0015107248127198948
2012-01-19,-0.0018192280403346306,-0.0018192280403346306,0.0,-0.0018211646988489294
2012-01-20,-0.0008390494416470329,-0.0008390494416470329,0.0,-0.0008409860136479727
2012-01-23,-0.0012446094109737071,-0.0012446094109737071,0.0,-0.0012461586366268678
2012-01-24,-0.0002441749955341965,-0.0002441749955341965,0.0,-0.000245724173738636
2012-01-25,0.0009765918999724565,0.0009765918999724565,0.0,0.0009750427310790674
2012-01-26,0.0021859930466501254,0.0021859930466501254,0.0,0.002184056539028705
2012-01-27,0.0008000988992611369,0.0008000988992611369,0.0,0.0007977749654731847
2012-01-30,0.0021291237822624876,0.0021291237822624876,0.0,0.0021271871327858257
2012-01-31,0.0010267929591498692,0.0010267929591498692,0.0,0.0010244688587330065
2012-02-01,-0.001575808091556219,-0.0013488656306825941,0.45388492174712086,-0.0015790585200112432
2012-02-02,0.0007081959414978467,0.0007081959414978467,0.0,0.0007038556528410063
2012-02-03,-0.0030849478963708155,-0.0030849478963708155,0.0,-0.0030892873600781544
2012-02-06,0.0009713371635124979,0.0009713371635124979,0.0,0.0009669940951509387
2012-02-07,-0.0017329097521002756,-0.0017329097521002756,0.0,-0.001737251686589547
2012-02-08,-0.0007549472576328098,-0.0007549472576328098,0.0,-0.0007598342136235339
2012-02-09,-0.002190194392996503,-0.002190194392996503,0.0,-0.00219508234289139
2012-02-10,0.0023915091542849876,0.0023915091542849876,0.0,0.0023866183146233288
2012-02-13,-0.0008625789188667632,-0.0008625789188667632,0.0,-0.000868552764407532
2012-02-14,-0.00011631057130456757,-0.00011631057130456757,0.0,-0.00012282900886083782
2012-02-15,-0.000995851921158697,-0.000995851921158697,0.0,-0.001001827342885118
2012-02-16,-0.0019977571734406396,-0.0019977571734406396,0.0,-0.0020031908343384193
2012-02-17,-0.0018932555301911513,-0.0018932555301911513,0.0,-0.0018981484650478142
2012-02-21,-0.001388637638756074,-0.001388637638756074,0.0,-0.00139298914235746
2012-02-22,0.000812176694617861,0.000812176694617861,0.0,0.0008072794119353794
2012-02-23,0.001299555791846263,0.001299555791846263,0.0,0.001294659585117726
2012-02-24,-0.0019178297544206746,-0.0019178297544206746,0.0,-0.0019232680736871763
2012-02-27,0.002685516570621438,0.002685516570621438,0.0,0.002678987197798799
2012-02-28,0.00024962752070001315,0.00024962752070001315,0.0,0.0002441903215577536
2012-02-29,-0.00283665869921923,-0.00283665869921923,0.0,-0.0028410081652549346
2012-03-01,-0.0016265374763135831,-0.0014703981378568765,0.31227867691320826,-0.0016306731626910792
2012-03-02,0.0002711119306975096,0.0002711119306975096,0.0,0.0002674885145393047
2012-03-05,0.000790527736684643,0.000790527736684643,0.0,0.0007863869515901403
2012-03-06,0.002078875468993102,0.002078875468993102,0.0,0.0020747354470888827
2012-03-07,-4.0977268973674263e-05,-4.0977268973674263e-05,0.0,-4.5115288056196345e-05
2012-03-08,-0.00196312932677678,-0.00196312932677678,0.0,-0.0019672673853390727
2012-03-09,0.00045189576586679436,0.00045189576586679436,0.0,0.0004472383179878631
2012-03-12,0.0009349745904376761,0.0009349745904376761,0.0,0.0009303176331045959
2012-03-13,-0.002209497746653799,-0.002209497746653799,0.0,-0.002213636362955425
2012-03-14,-0.0041835787310451344,-0.0041835787310451344,0.0,-0.004188237075923595
2012-03-15,0.00012463393535022682,0.00012463393535022682,0.0,0.00012048912541076477
2012-03-16,0.0007336044551600196,0.0007336044551600196,0.0,0.0007289416799969453
2012-03-19,-0.00031679515673865843,-0.00031679515673865843,0.0,-0.00032197512910894506
2012-03-20,0.0006891219956883798,0.0006891219956883798,0.0,0.0006839416393299265
2012-03-21,0.0021321389269541857,0.0021321389269541857,0.0,0.002127477357471658
2012-03-22,0.0012401802024697428,0.0012401802024697428,0.0,0.001236038646828934
2012-03-23,0.0009881224175949388,0.0009881224175949388,0.0,0.0009839820596640593
2012-03-26,0.0007194053518466692,0.0007194053518466692,0.0,0.000714748521684074
2012-03-27,0.0017439766758218234,0.0017439766758218234,0.0,0.0017393206259416025
2012-03-28,0.00034336122551592574,0.00034336122551592574,0.0,0.00033870706389688604
2012-03-29,0.002145657895372466,0.002145657895372466,0.0,0.0021420382809450543
2012-03-30,-0.0030163159276606066,-0.0030163159276606066,0.0,-0.003019933739661954
2012-04-02,-0.00044626778799328193,-0.00015327726658254104,0.5859810428211845,-0.000449945639536332
2012-04-03,-0.0023560418436558983,-0.0023560418436558983,0.0,-0.0023597130156954296
2012-04-04,0.0031227753466858132,0.0031227753466858132,0.0,0.003119103001946328
2012-04-05,0.001017614193032701,0.001017614193032701,0.0,0.0010139433977895743
2012-04-09,0.0032845596462940385,0.0032845596462940385,0.0,0.003280430569116657
2012-04-10,0.002950252459385183,0.002950252459385183,0.0,0.002946125207841507
2012-04-11,-0.0008519418611107055,-0.0008519418611107055,0.0,-0.0008560674776599372
2012-04-12,-0.0023352049723384116,-0.0023352049723384116,0.0,-0.002339331061426156
2012-04-13,0.0033632989803267233,0.0033632989803267233,0.0,0.0033591715929612385
2012-04-16,0.0007295466468035805,0.0007295466468035805,0.0,0.0007258795145567872
2012-04-17,0.00021582015584953318,0.00021582015584953318,0.0,0.00021215338266372119
2012-04-18,0.0010061855322582858,0.0010061855322582858,0.0,0.001002977198643328
2012-04-19,-0.0011449449693766711,-0.0011449449693766711,0.0,-0.0011481528702080351
2012-04-20,-0.0009813598880219487,-0.0009813598880219487,0.0,-0.000985026623865474
2012-04-23,0.0024737245727559642,0.0024737245727559642,0.0,0.0024700573534787557
2012-04-24,-0.0011042434210452035,-0.0011042434210452035,0.0,-0.0011083676751938482
2012-04-25,0.0014652075045247237,0.0014652075045247237,0.0,0.0014610826392472372
2012-04-26,0.001264789527068766,0.001264789527068766,0.0,0.0012606654715044965
2012-04-27,-2.491112444746868e-05,-2.491112444746868e-05,0.0,-2.9034481937821682e-05
2012-04-30,0.0004795596430127169,0.0004795596430127169,0.0,0.00047497811941286635
2012-05-01,-0.001612518208485847,-0.0015225781022982776,0.17988021237515528,-0.0016161041927244023
2012-05-02,0.00328279641468443,0.00328279641468443,0.0,0.0032796093357156967
2012-05-03,0.0012420590573190005,0.0012420590573190005,0.0,0.0012384736394033444
2012-05-04,0.0038662744191901854,0.0038662744191901854,0.0,0.0038634857743089263
2012-05-07,0.0003968143250618894,0.0003968143250618894,0.0,0.000392830606450644
2012-05-08,0.0028296916781824777,0.0028296916781824777,0.0,0.0028261063369530988
2012-05-09,0.001778060268476045,0.001778060268476045,0.0,0.001774474966504112
2012-05-10,-0.001048220285598922,-0.001048220285598922,0.0,-0.0010522039270966705
2012-05-11,0.00320230083606865,0.00320230083606865,0.0,0.0031983171784244558
2012-05-14,0.0036535873047025547,0.0036535873047025547,0.0,0.0036496036962281085
2012-05-15,0.0009869320010968963,0.0009869320010968963,0.0,0.000983346803775226
2012-05-16,0.0001809714678304708,0.0001809714678304708,0.0,0.00017698793033463954
2012-05-17,-0.0006201265107314002,-0.0006201265107314002,0.0,-0.0006241100454618495
2012-05-18,-0.0003350309582231814,-0.0003350309582231814,0.0,-0.00033821779359304943
2012-05-21,-0.0010085918942684957,-0.0010085918942684957,0.0,-0.001012177088671577
2012-05-22,0.002111977846820823,0.002111977846820823,0.0,0.0021083926385196176
2012-05-23,0.003541557901748371,0.003541557901748371,0.0,0.003537972722488316
2012-05-24,0.00012419276527131373,0.00012419276527131373,0.0,0.00012020928667902874
2012-05-25,0.0005427884083926138,0.0005427884083926138,0.0,0.0005392032793610553
2012-05-29,-0.0005011650102427767,-0.0005011650102427767,0.0,-0.0005047501318419184
2012-05-30,0.0057436176328447,0.0057436176328447,0.0,0.005740829199594106
2012-05-31,0.0015036703142554675,0.0015036703142554675,0.0,0.0015008819418563279
2012-06-01,0.00481661095670205,0.00486803983991102,0.10285776641798136,0.004813812689610744
2012-06-04,-0.003281619267563096,-0.003281619267563096,0.0,-0.0032848075257532134
2012-06-05,-0.0002394852693629046,-0.0002394852693629046,0.0,-0.00024267357251111935
2012-06-06,-0.006161845160709389,-0.006161845160709389,0.0,-0.006165432005443075
2012-06-07,-7.916138138563955e-05,-7.916138138563955e-05,0.0,-8.274832170028478e-05
2012-06-08,0.003223509786163481,0.003223509786163481,0.0,0.0032199228446208074
2012-06-11,0.0020147088397670654,0.0020147088397670654,0.0,0.002011121948069929
2012-06-12,-0.0032783901353075073,-0.0032783901353075073,0.0,-0.0032823755359809295
2012-06-13,0.0015033729473561408,0.0015033729473561408,0.0,0.0014993874902842336
2012-06-14,-0.0010424928630020647,-0.0010424928630020647,0.0,-0.0010468768373749192
2012-06-15,0.0007197320344571878,0.0007197320344571878,0.0,0.000716145130200652
2012-06-18,0.00041749810363711504,0.00041749810363711504,0.0,0.0004135126668302257
2012-06-19,-0.004306344651728855,-0.004306344651728855,0.0,-0.004309931538401327
2012-06-20,0.0009993242089221255,0.0009993242089221255,0.0,0.000995737255393838
2012-06-21,0.004459256585610527,0.004459256585610527,0.0,0.004455669647581217
2012-06-22,-0.0016825988287409999,-0.0016825988287409999,0.0,-0.0016861856979166943
2012-06-25,0.0029428672369922193,0.0029428672369922193,0.0,0.0029388817978813022
2012-06-26,-0.0018276340173993821,-0.0018276340173993821,0.0,-0.0018316194060851005
2012-06-27,-0.0005358351663010685,-0.0005358351663010685,0.0,-0.0005394220443542133
2012-06-28,0.0013292054850702062,0.0013292054850702062,0.0,0.0013256185987342475
2012-06-29,-0.008666785017248269,-0.008666785017248269,0.0,-0.008670371883064956
2012-07-02,0.0020554012986522263,0.0022940817279710757,0.47736085863786776,0.0020498560631025506
2012-07-03,-0.0037921906950941775,-0.0037921906950941775,0.0,-0.0037971742669761135
2012-07-05,0.0034706756597135957,0.0034706756597135957,0.0,0.003466241039817075
2012-07-06,0.004811578742134337,0.004811578742134337,0.0,0.004807148480222034
2012-07-09,-0.00042871558495882756,-0.00042871558495882756,0.0,-0.00043369286524394806
2012-07-10,0.002310183931655052,0.002310183931655052,0.0,0.0023052060484008894
2012-07-11,-0.0005749766551554902,-0.0005749766551554902,0.0,-0.0005805040346821916
2012-07-12,0.0028502245705486207,0.0028502245705486207,0.0,0.0028446962940453803
2012-07-13,-0.0012278179439428882,-0.0012278179439428882,0.0,-0.00123334178666883
2012-07-16,0.00030966215641514694,0.00030966215641514694,0.0,0.0003041364013614248
2012-07-17,-0.0011512631959508246,-0.0011512631959508246,0.0,-0.0011567884688547055
2012-07-18,0.0005734994961830164,0.0005734994961830164,0.0,0.0005685251354253312
2012-07-19,-0.0012796213478795115,-0.0012796213478795115,0.0,-0.001284594904517457
2012-07-20,0.003490304864200988,0.003490304864200988,0.0,0.0034853295110712067
2012-07-23,0.003308792741419042,0.003308792741419042,0.0,0.0033032699969206994
2012-07-24,0.001822311974944757,0.001822311974944757,0.0,0.00181679435697079
2012-07-25,-0.0012517633215166635,-0.0012517633215166635,0.0,-0.0012572781212018506
2012-07-26,-0.002471538328323253,-0.002471538328323253,0.0,-0.0024776067401460536
2012-07-27,-0.005169233705841214,-0.005169233705841214,0.0,-0.0051753063379460585
2012-07-30,0.0017451254728553245,0.0017451254728553245,0.0,0.0017390439681467405
2012-07-31,0.002205058196486087,0.002205058196486087,0.0,0.002198979681936889
2012-08-01,-0.0007873982308745919,-0.0006493167626594465,0.27616293643028844,-0.0007924075065753129
2012-08-02,0.0020379467663693696,0.0020379467663693696,0.0,0.002033434979255074
2012-08-03,-0.00506145949423753,-0.00506145949423753,0.0,-0.005065969368848754
2012-08-06,-0.0008860601967567439,-0.0008860601967567439,0.0,-0.0008910764730696388
2012-08-07,-0.0025409070198448847,-0.0025409070198448847,0.0,-0.0025464259461669306
2012-08-08,-0.0016795815301248185,-0.0016795815301248185,0.0,-0.0016851033957331505
2012-08-09,-0.00035366499017419617,-0.00035366499017419617,0.0,-0.000359188801968114
2012-08-10,0.0006733271181083023,0.0006733271181083023,0.0,0.0006683050983428521
2012-08-13,0.0011669096912858556,0.0011669096912858556,0.0,0.0011613862495006904
2012-08-14,-0.0015427384685022805,-0.0015427384685022805,0.0,-0.00154826056015859
2012-08-15,-0.002154063729421507,-0.002154063729421507,0.0,-0.002158583267097421
2012-08-16,-0.0015901533274039759,-0.0015901533274039759,0.0,-0.0015946749117760372
2012-08-17,0.0010069742763541,0.0010069742763541,0.0,0.0010024511786822523
2012-08-20,-0.0007913380094087819,-0.0007913380094087819,0.0,-0.0007968650698115813
2012-08-21,-0.0014047584542649094,-0.0014047584542649094,0.0,-0.0014102864349156976
2012-08-22,0.0013435306908413658,0.0013435306908413658,0.0,0.00133800107429713
2012-08-23,0.00041729383475463955,0.00041729383475463955,0.0,0.0004117657807025884
2012-08-24,0.0013514781046215507,0.0013514781046215507,0.0,0.0013464530419376294
2012-08-27,0.0018783272540354723,0.0018783272540354723,0.0,0.0018728012540419694
2012-08-28,-6.438020740473505e-05,-6.438020740473505e-05,0.0,-6.940186512548718e-05
2012-08-29,0.00031574692416413974,0.00031574692416413974,0.0,0.00030972085351197495
2012-08-30,0.0013562548374796979,0.0013562548374796979,0.0,0.001351233444461643
2012-08-31,-0.0001239010985926159,-0.0001239010985926159,0.0,-0.00012841906855752156
2012-09-04,0.00043618002967571456,0.0005248552163874542,0.17735037342335797,0.0004307607967382569
2012-09-05,0.0005256225700780437,0.0005256225700780437,0.0,0.0005196624685404352
2012-09-06,-0.001647389921480391,-0.001647389921480391,0.0,-0.0016533491850787856
2012-09-07,-0.003505485024943189,-0.003505485024943189,0.0,-0.003511446919118208
2012-09-10,0.0005892519980963407,0.0005892519980963407,0.0,0.0005838269876628952
2012-09-11,-0.0013160088915094015,-0.0013160088915094015,0.0,-0.0013214330440517032
2012-09-12,-0.0018489220426495256,-0.0018489220426495256,0.0,-0.0018543481136920593
2012-09-13,-0.0003112828103708498,-0.0003112828103708498,0.0,-0.00031671158179630374
2012-09-14,-0.002939125559031197,-0.002939125559031197,0.0,-0.002945097707852293
2012-09-17,0.003476209195760749,0.003476209195760749,0.0,0.0034702323096372127
2012-09-18,0.00039602731136900715,0.00039602731136900715,0.0,0.0003905988545001796
2012-09-19,-0.0008350501633093144,-0.0008350501633093144,0.0,-0.0008410208300085896
2012-09-20,4.899105575661977e-05,4.899105575661977e-05,0.0,4.301904719085313e-05
2012-09-21,-0.0003367406604304346,-0.0003367406604304346,0.0,-0.0003427125902748998
2012-09-24,0.0011634368488029345,0.0011634368488029345,0.0,0.0011574643776843087
2012-09-25,-0.0005445408823026021,-0.0005445408823026021,0.0,-0.0005505114854956449
2012-09-26,0.001740006412832562,0.001740006412832562,0.0,0.0017340349348898205
2012-09-27,-0.0007527630044936728,-0.0007527630044936728,0.0,-0.0007576464762106107
2012-09-28,0.0007131332921492817,0.0007131332921492817,0.0,0.0007077061142398258
2012-10-01,-0.0010198370716286709,-0.0007719131384658073,0.4958478663257774,-0.0010252032713754966
2012-10-02,0.0005485759397798606,0.0005485759397798606,0.0,0.0005432078871144781
2012-10-03,-0.0003262435562810806,-0.0003262435562810806,0.0,-0.00033161062390208395
2012-10-04,0.0025008683824936373,0.0025008683824936373,0.0,0.0024949043229071334
2012-10-05,-0.002283080952168337,-0.002283080952168337,0.0,-0.002289635941038051
2012-10-08,-0.000641747002746551,-0.000641747002746551,0.0,-0.0006483070027978752
2012-10-09,-0.0019464695373471175,-0.0019464695373471175,0.0,-0.0019524344551104182
2012-10-10,-0.00016103916312859567,-0.00016103916312859567,0.0,-0.0001670079749167504
2012-10-11,0.0023312016448684414,0.0023312016448684414,0.0,0.0023252325108602395
2012-10-12,-0.0007572971033734666,-0.0007572971033734666,0.0,-0.0007638580318155085
2012-10-15,0.0014527978481415627,0.0014527978481415627,0.0,0.0014462352555291039
2012-10-16,0.0010116850476786787,0.0010116850476786787,0.0,0.0010063182620139524
2012-10-17,-0.000701189987434514,-0.000701189987434514,0.0,-0.0007077471744133505
2012-10-18,-0.0013218469713375258,-0.0013218469713375258,0.0,-0.0013278094487386993
2012-10-19,-0.003816006231115554,-0.003816006231115554,0.0,-0.00382197134806401
2012-10-22,-0.0005931191777958089,-0.0005931191777958089,0.0,-0.0005990919439753535
2012-10-23,-0.0028249483461367797,-0.0028249483461367797,0.0,-0.002831519697516522
2012-10-24,-0.0015608716181862992,-0.0015608716181862992,0.0,-0.0015674492198271854
2012-10-25,0.0005496871932983982,0.0005496871932983982,0.0,0.0005431061327954475
2012-10-26,0.0006823285159047732,0.0006823285159047732,0.0,0.0006751505052767337
2012-10-31,0.002840093736817373,0.002840093736817373,0.0,0.0028335154039076764
2012-11-01,0.001443803944958022,0.0017228588627324903,0.5581098355488805,0.0014390759718775883
2012-11-02,0.0024649703566548276,0.0024649703566548276,0.0,0.0024602419728834025
2012-11-05,0.00018608923667073896,0.00018608923667073896,0.0,0.00018031357798631618
2012-11-06,-0.00342221708661139,-0.00342221708661139,0.0,-0.0034274674468292373
2012-11-07,0.001056582258229577,0.001056582258229577,0.0,0.0010513274952987759
2012-11-08,-0.002107361176215572,-0.002107361176215572,0.0,-0.002112614581278527
2012-11-09,-0.00048539400871938643,-0.00048539400871938643,0.0,-0.000490124515873251
2012-11-12,0.001287767637106585,0.001287767637106585,0.0,0.0012830365670697009
2012-11-13,-0.0002660019116818013,-0.0002660019116818013,0.0,-0.00027178250775915897
2012-11-14,-0.0018389318582856529,-0.0018389318582856529,0.0,-0.0018441872880199197
2012-11-15,-0.00015511303123938447,-0.00015511303123938447,0.0,-0.00015931927213827534
2012-11-16,0.0010366497837690503,0.0010366497837690503,0.0,0.0010334949830609224
2012-11-19,0.0005040329319767611,0.0005040329319767611,0.0,0.0004993019329829968
2012-11-20,-0.0002721261434296407,-0.0002721261434296407,0.0,-0.00027633095660877313
2012-11-21,0.0006984173970943086,0.0006984173970943086,0.0,0.0006931610300911605
2012-11-23,-0.0006574248159417762,-0.0006574248159417762,0.0,-0.0006626802839322573
2012-11-26,0.0007505808354095755,0.0007505808354095755,0.0,0.0007453245206159434
2012-11-27,0.0008300383387225274,0.0008300383387225274,0.0,0.0008247829899975529
2012-11-28,0.0017038580425079441,0.0017038580425079441,0.0,0.0016986037612349372
2012-11-29,0.0001348253125068588,0.0001348253125068588,0.0,0.00013009842809388102
2012-11-30,0.0015393108535277644,0.0015393108535277644,0.0,0.0015351093169506233
2012-12-03,-0.0014608186698151782,-0.0011726017121848065,0.5764339152606778,-0.0014667423111992105
2012-12-04,0.00013070782763802136,0.00013070782763802136,0.0,0.000124776978405787
2012-12-05,0.0015700496702171218,0.0015700496702171218,0.0,0.0015641190774779252
2012-12-06,0.001504979218055702,0.001504979218055702,0.0,0.0014990517014561535
2012-12-07,-0.0008095086563579823,-0.0008095086563579823,0.0,-0.0008148407715008763
2012-12-10,0.0003734695017940659,0.0003734695017940659,0.0,0.000368135960205431
2012-12-11,-2.0083514855606666e-06,-2.0083514855606666e-06,0.0,-6.74869258676164e-06
2012-12-12,-0.0007701750078225045,-0.0007701750078225045,0.0,-0.0007743228090375439
2012-12-13,-0.0025371941527725372,-0.0025371941527725372,0.0,-0.0025407503160749375
2012-12-14,0.0010145722804439927,0.0010145722804439927,0.0,0.0010121995120272124
2012-12-17,0.0004904412871740149,0.0004904412871740149,0.0,0.00048747632178449714
2012-12-18,0.000876197986050764,0.000876197986050764,0.0,0.0008726406045527532
2012-12-19,0.00033241490849955646,0.00033241490849955646,0.0,0.0003294512821532492
2012-12-20,0.0012942556223312085,0.0012942556223312085,0.0,0.0012906996613060307
2012-12-21,-0.0007154261882080792,-0.0007154261882080792,0.0,-0.000718980630437423
2012-12-24,-0.0006899122596367713,-0.0006899122596367713,0.0,-0.000693467542012547
2012-12-26,0.00015109314634997872,0.00015109314634997872,0.0,0.00014575900667031152
2012-12-27,0.0017335387676309377,0.0017335387676309377,0.0,0.0017287975468430845
2012-12-28,-0.0010106639974757359,-0.0010106639974757359,0.0,-0.0010112563111876448
2012-12-31,0.0018201043105103842,0.0018201043105103842,0.0,0.0018171417530864205
2013-01-02,0.0055781022453760265,0.005838218296609465,0.5202321024667251,0.005572457867801734
2013-01-03,-0.0060527481394822,-0.0060527481394822,0.0,-0.006058365202223931
2013-01-04,0.0016392861833982586,0.0016392861833982586,0.0,0.0016343582390827332
2013-01-07,-0.0008830434047160107,-0.0008830434047160107,0.0,-0.0008879678300618371
2013-01-08,-0.0011450998222075626,-0.0011450998222075626,0.0,-0.0011500261448117277
2013-01-09,0.0023866155051919247,0.0023866155051919247,0.0,0.0023823908317150842
2013-01-10,0.0045216346493557324,0.0045216346493557324,0.0,0.004517414365655538
2013-01-11,0.0009721856441653465,0.0009721856441653465,0.0,0.0009672716390878298
2013-01-14,0.0011143109258617834,0.0011143109258617834,0.0,0.0011086972912502558
2013-01-15,-0.00025498484851904646,-0.00025498484851904646,0.0,-0.0002612971332910045
2013-01-16,-0.0013755827499611906,-0.0013755827499611906,0.0,-0.0013811942911407546
2013-01-17,0.002774015359543913,0.002774015359543913,0.0,0.002769102323787753
2013-01-18,0.0011403762884603097,0.0011403762884603097,0.0,0.0011347681411421017
2013-01-22,0.0006804562659783464,0.0006804562659783464,0.0,0.0006748508906550595
2013-01-23,-0.0003316116825390347,-0.0003316116825390347,0.0,-0.00033721540495291444
2013-01-24,0.0004761748856751957,0.0004761748856751957,0.0,0.00047057035746978805
2013-01-25,-0.0008660704256404639,-0.0008660704256404639,0.0,-0.0008716737973273029
2013-01-28,-0.002832001335949963,-0.002832001335949963,0.0,-0.0028369061283203805
2013-01-29,0.00208528895292992,0.00208528895292992,0.0,0.002080378119743736
2013-01-30,-9.226263403272483e-06,-9.226263403272483e-06,0.0,-1.4132657808717764e-05
2013-01-31,0.00024701153995376757,0.00024701153995376757,0.0,0.0002421051259089634
2013-02-01,0.0031188031653459625,0.0033565866769247332,0.47556702315725663,0.0031144240534975863
2013-02-04,-0.001842962831507089,-0.001842962831507089,0.0,-0.0018480523961177252
2013-02-05,0.0010718920399757081,0.0010718920399757081,0.0,0.0010667982069613553
2013-02-06,0.001675879254923407,0.001675879254923407,0.0,0.001670787901812038
2013-02-07,-0.001816800535268559,-0.001816800535268559,0.0,-0.0018218880175939916
2013-02-08,0.002394566861915859,0.002394566861915859,0.0,0.0023894751756803017
2013-02-11,0.0008880852586838905,0.0008880852586838905,0.0,0.000881545911831225
2013-02-12,0.0005239992695675877,0.0005239992695675877,0.0,0.00051746255614069
2013-02-13,-0.0006068503345805221,-0.0006068503345805221,0.0,-0.0006141116239511518
2013-02-14,0.0006361146130615669,0.0006361146130615669,0.0,0.0006281249952014758
2013-02-15,0.0009367420261188197,0.0009367420261188197,0.0,0.0009294808318425505
2013-02-19,0.0013113934454591636,0.0013113934454591636,0.0,0.0013026837104261673
2013-02-20,-0.001331480273306651,-0.001331480273306651,0.0,-0.0013401848379613064
2013-02-21,-0.0020549760988620713,-0.0020549760988620713,0.0,-0.0020644117385252504
2013-02-22,0.002766062168565453,0.002766062168565453,0.0,0.002756617721857198
2013-02-25,-0.003535526552554291,-0.003535526552554291,0.0,-0.0035442335908772177
2013-02-26,0.0007915454189462157,0.0007915454189462157,0.0,0.0007813708770205102
2013-02-27,0.0033260258577296753,0.0033260258577296753,0.0,0.0033180344451954574
2013-02-28,0.00011388845886650678,0.00011388845886650678,0.0,0.00010590906762704081
2013-03-01,0.0015847803772408575,0.0018757775766684581,0.5819943988551541,0.0015764324415484098
2013-03-04,8.778313637614055e-05,8.778313637614055e-05,0.0,7.943708761332975e-05
2013-03-05,0.0011070570603308738,0.0011070570603308738,0.0,0.0011009874608170517
2013-03-06,-0.0001884217995202775,-0.0001884217995202775,0.0,-0.00019600479718502465
2013-03-07,-0.0038148851398221995,-0.0038148851398221995,0.0,-0.0038224688187118165
2013-03-08,0.0011141891743511323,0.0011141891743511323,0.0,0.0011065916502126748
2013-03-11,-0.0005310675743356308,-0.0005310675743356308,0.0,-0.0005386610592809792
2013-03-12,-0.001370063735877447,-0.001370063735877447,0.0,-0.001377659147088394
2013-03-13,0.0011396896329551875,0.0011396896329551875,0.0,0.001132849284236386
2013-03-14,0.0013724255944631558,0.0013724255944631558,0.0,0.0013648293417903325
2013-03-15,0.00035729378206772466,0.00035729378206772466,0.0,0.00035046162976289195
2013-03-18,0.0010244964860417483,0.0010244964860417483,0.0,0.00101918349562037
2013-03-19,0.0008403218707475624,0.0008403218707475624,0.0,0.0008350114749844105
2013-03-20,0.00018092174731743071,0.00018092174731743071,0.0,0.0001756134779816788
2013-03-21,-0.000984747923964524,-0.000984747923964524,0.0,-0.0009900557355621365
2013-03-22,0.00045607184219687014,0.00045607184219687014,0.0,0.0004507615366978418
2013-03-25,-0.00019472298344469507,-0.00019472298344469507,0.0,-0.0002007905846000946
2013-03-26,0.0018874421177799139,0.0018874421177799139,0.0,0.0018821324737563901
2013-03-27,0.0014802953361885418,0.0014802953361885418,0.0,0.0014734747835490518
2013-03-28,0.0012483861060794688,0.0012483861060794688,0.0,0.0012430849671240926
2013-04-01,-0.001757519919819428,-0.0016601581410584654,0.1947235575220388,-0.0017635980073020027
2013-04-02,0.002860702430814932,0.002860702430814932,0.0,0.002855372840139528
2013-04-03,0.0013807083417789467,0.0013807083417789467,0.0,0.0013761463604747713
2013-04-04,0.007113047266046557,0.007113047266046557,0.0,0.007107728462939888
2013-04-05,0.000666802474790007,0.000666802474790007,0.0,0.0006615016184603329
2013-04-08,0.00090018060146968,0.00090018060146968,0.0,0.0008948814264139508
2013-04-09,-0.002480728729388426,-0.002480728729388426,0.0,-0.002485268935717676
2013-04-10,0.0027282643160733144,0.0027282643160733144,0.0,0.0027229611438706865
2013-04-11,0.001966832927907225,0.001966832927907225,0.0,0.001961536626901649
2013-04-12,0.006397289030059206,0.006397289030059206,0.0,0.006392753581017972
2013-04-15,0.005701480928911762,0.005701480928911762,0.0,0.0056969591751954264
2013-04-16,-0.0009131711019991773,-0.0009131711019991773,0.0,-0.0009176807191737874
2013-04-17,0.0008259918463362492,0.0008259918463362492,0.0,0.0008214802835497871
2013-04-18,-0.0035486801180284466,-0.0035486801180284466,0.0,-0.0035524382883385095
2013-04-19,0.0032350774683536088,0.0032350774683536088,0.0,0.0032313129801109447
2013-04-22,0.0004315244166299692,0.0004315244166299692,0.0,0.00042776566942120893
2013-04-23,0.0038687494360836183,0.0038687494360836183,0.0,0.0038649914543364998
2013-04-24,-0.0006951655548359525,-0.0006951655548359525,0.0,-0.0006996669295497902
2013-04-25,-0.0029433167858746723,-0.0029433167858746723,0.0,-0.0029470691606945246
2013-04-26,0.0022873935829268444,0.0022873935829268444,0.0,0.002283635988229703
2013-04-29,-0.0014833778203053871,-0.0014833778203053871,0.0,-0.0014871313676417693
2013-04-30,0.00010373577373190557,0.00010373577373190557,0.0,9.997959777738425e-05
2013-05-01,0.001696785463569217,0.0019164516643761509,0.43933240161407966,0.001691497615807297
2013-05-02,0.0016624092421371195,0.0016624092421371195,0.0,0.0016580127715559324
2013-05-03,-0.002301021103753964,-0.002301021103753964,0.0,-0.0023054135706885594
2013-05-06,0.0009829279819986159,0.0009829279819986159,0.0,0.0009794095649134252
2013-05-07,0.00065267974499994,0.00065267974499994,0.0,0.0006491632241982985
2013-05-08,0.0008360406394245512,0.0008360406394245512,0.0,0.000832525376963921
2013-05-09,-0.00024578476265502136,-0.00024578476265502136,0.0,-0.00024929841460845977
2013-05-10,-0.00038292433998721176,-0.00038292433998721176,0.0,-0.0003864384655246174
2013-05-13,-0.0014818374812970436,-0.0014818374812970436,0.0,-0.001486231060856838
2013-05-14,0.0013385142342072776,0.0013385142342072776,0.0,0.0013341170789317176
2013-05-15,0.004007285751090439,0.004007285751090439,0.0,0.004003770607314203
2013-05-16,0.0011628547517554821,0.0011628547517554821,0.0,0.001160224164858419
2013-05-17,0.0011156682162805076,0.0011156682162805076,0.0,0.0011121629973437268
2013-05-20,-0.0017920690846802145,-0.0017920690846802145,0.0,-0.0017964479366326567
2013-05-21,0.0028040394442665484,0.0028040394442665484,0.0,0.002800532923330934
2013-05-22,-0.0060646912282130705,-0.0060646912282130705,0.0,-0.006068192382629861
2013-05-23,-0.004235797690839815,-0.004235797690839815,0.0,-0.00424018873104631
2013-05-24,-0.0016613367423514713,-0.0016613367423514713,0.0,-0.0016648577653694376
2013-05-28,-0.004358022259023153,-0.004358022259023153,0.0,-0.0043624275601812255
2013-05-29,-0.0028092460401523134,-0.0028092460401523134,0.0,-0.0028136619390264116
2013-05-30,-0.0008249459862913477,-0.0008249459862913477,0.0,-0.000828484185943289
2013-05-31,-0.004042874800379903,-0.004042874800379903,0.0,-0.004046414610746125
2013-06-03,-0.0022966716442472945,-0.001779737865448272,1.0338675575982845,-0.002299519461625701
2013-06-04,-0.00018830179038509254,-0.00018830179038509254,0.0,-0.00019058593397145552
2013-06-05,-0.004875256771221248,-0.004875256771221248,0.0,-0.004878112114755838
2013-06-06,0.0023811018089803238,0.0023811018089803238,0.0,0.0023782421972327124
2013-06-07,0.004120566399693493,0.004120566399693493,0.0,0.004118280374028569
2013-06-10,0.0005487551145517688,0.0005487551145517688,0.0,0.0005459011666255618
2013-06-11,-0.0037348163857203742,-0.0037348163857203742,0.0,-0.003737669856589678
2013-06-12,-0.00011382961489314614,-0.00011382961489314614,0.0,-0.00011668634477404701
2013-06-13,0.004327945047774229,0.004327945047774229,0.0,0.004325088218553969
2013-06-14,-0.0019017814767998686,-0.0019017814767998686,0.0,-0.0019046345452890454
2013-06-17,0.0034713286103822405,0.0034713286103822405,0.0,0.0034684738862074526
2013-06-18,0.0021847996996042784,0.0021847996996042784,0.0,0.002181947987103915
2013-06-19,-0.006081450521422727,-0.006081450521422727,0.0,-0.006084300342554775
2013-06-20,-0.0037743246987663737,-0.0037743246987663737,0.0,-0.0037771798167873178
2013-06-21,0.0011418517815688922,0.0011418517815688922,0.0,0.0011389933636902312
2013-06-24,-0.0045836767649316545,-0.0045836767649316545,0.0,-0.004587105669779656
2013-06-25,0.00389375214313481,0.00389375214313481,0.0,0.0038903184126924694
2013-06-26,0.003288016322295473,0.003288016322295473,0.0,0.003284586675210384
2013-06-27,0.003635295394313065,0.003635295394313065,0.0,0.003631869184052944
2013-06-28,-0.0012194657175415013,-0.0012194657175415013,0.0,-0.001221747333676438
2013-07-01,0.0018133813782257313,0.002194671155539618,0.7625795546278599,0.0018118198846472356
2013-07-02,0.00043688865948277034,0.00043688865948277034,0.0,0.0004357192650820318
2013-07-03,0.0004108127599824485,0.0004108127599824485,0.0,0.0004088637539705964
2013-07-05,0.002274226830834447,0.002274226830834447,0.0,0.0022726676144871906
2013-07-08,0.0012618762733516142,0.0012618762733516142,0.0,0.0012599271732584483
2013-07-09,0.0003007521834637039,0.0003007521834637039,0.0,0.0002991928680740523
2013-07-10,0.0020023104201740693,0.0020023104201740693,0.0,0.0020007510963700385
2013-07-11,0.00525531344418928,0.00525531344418928,0.0,0.005253754064476988
2013-07-12,-0.0003683060112423808,-0.0003683060112423808,0.0,-0.0003698655369257545
2013-07-15,0.0009621935013677252,0.0009621935013677252,0.0,0.0009606339859181531
2013-07-16,-0.0005909927460199249,-0.0005909927460199249,0.0,-0.0005921624026395597
2013-07-17,0.001628235433944969,0.001628235433944969,0.0,0.0016270657896368253
2013-07-18,0.0014445144343708805,0.0014445144343708805,0.0,0.0014433447561986667
2013-07-19,-0.0004591116135438389,-0.0004591116135438389,0.0,-0.00046028132171575527
2013-07-22,-0.0006199049977754223,-0.0006199049977754223,0.0,-0.0006214645959523534
2013-07-23,0.0007776558120160537,0.0007776558120160537,0.0,0.0007768760215196558
2013-07-24,-0.0007564008971324698,-0.0007564008971324698,0.0,-0.0007575705990323147
2013-07-25,0.0010174680500061317,0.0010174680500061317,0.0,0.0010166882592232932
2013-07-26,-0.0008752839774606169,-0.0008752839774606169,0.0,-0.0008764536847665513
2013-07-29,-0.0013286049306682202,-0.0013286049306682202,0.0,-0.0013297746197795573
2013-07-30,0.00042821199048082015,0.00042821199048082015,0.0,0.00042665244187178116
2013-07-31,0.00010074158153261514,0.00010074158153261514,0.0,9.918202104450484e-05
2013-08-01,0.004020078985625064,0.004244804222397036,0.4494504735441908,0.004019106789593859
2013-08-02,0.00047886945840214246,0.00047886945840214246,0.0,0.0004778989826646825
2013-08-05,0.0002134944959861773,0.0002134944959861773,0.0,0.00021228103226725198
2013-08-06,-0.0008031470045951616,-0.0008031470045951616,0.0,-0.0008041179071680988
2013-08-07,-0.002278823301862687,-0.002278823301862687,0.0,-0.002280036310757675
2013-08-08,-0.000561859222675376,-0.000561859222675376,0.0,-0.000563070470314904
2013-08-09,-0.0008453772971851459,-0.0008453772971851459,0.0,-0.0008465881103311619
2013-08-12,-0.0008505586464693238,-0.0008505586464693238,0.0,-0.0008520108370904367
2013-08-13,0.0029358637180909586,0.0029358637180909586,0.0,0.0029344123181086756
2013-08-14,-0.001384428817449046,-0.001384428817449046,0.0,-0.0013856405849763883
2013-08-15,-0.0029879042387984667,-0.0029879042387984667,0.0,-0.0029891149355667297
2013-08-16,0.0002742653984744159,0.0002742653984744159,0.0,0.0002730570195671198
2013-08-19,-0.0010080184280396587,-0.0010080184280396587,0.0,-0.0010094687379714363
2013-08-20,0.000983065842201869,0.000983065842201869,0.0,0.0009820995949482304
2013-08-21,-0.0009858414127775772,-0.0009858414127775772,0.0,-0.0009868082699689084
2013-08-22,0.0022751529160747186,0.0022751529160747186,0.0,0.002274428232378751
2013-08-23,-0.001701470031815977,-0.001701470031815977,0.0,-0.0017021957728554785
2013-08-26,-0.0022749837833869746,-0.0022749837833869746,0.0,-0.0022759503819987986
2013-08-27,-0.004334204317967494,-0.004334204317967494,0.0,-0.004335410797096013
2013-08-28,0.00046437089716167,0.00046437089716167,0.0,0.00046364904077855106
2013-08-29,0.0011213074424503144,0.0011213074424503144,0.0,0.0011208260598533058
2013-08-30,-0.0007157711572693959,-0.0007157711572693959,0.0,-0.0007164937557996114
2013-09-03,0.0017578433701685992,0.0018255728386071812,0.135458936877008,0.0017574149804513782
2013-09-04,0.002789575209720896,0.002789575209720896,0.0,0.0027891475320967617
2013-09-05,0.00016461454382765695,0.00016461454382765695,0.0,0.00016418584813382366
2013-09-06,-0.00021847903749150355,-0.00021847903749150355,0.0,-0.0002189077932523662
2013-09-09,0.0025973472157982957,0.0025973472157982957,0.0,0.00259691853977677
2013-09-10,0.0025917144965330596,0.0025917144965330596,0.0,0.0025912848750011446
2013-09-11,-0.00036339529649065394,-0.00036339529649065394,0.0,-0.00036382585904362597
2013-09-12,0.00012123737230806952,0.00012123737230806952,0.0,0.00012102215702784566
2013-09-13,0.0002480108889924004,0.0002480108889924004,0.0,0.00024779565169691235
2013-09-16,0.002277639310694912,0.002277639310694912,0.0,0.0022772087460546163
2013-09-17,0.0007628328608897395,0.0007628328608897395,0.0,0.0007626171660195835
2013-09-18,-0.0004199184824003055,-0.0004199184824003055,0.0,-0.00042013431533745717
2013-09-19,0.000548502570356435,0.000548502570356435,0.0,0.0005482868134532904
2013-09-20,0.0006042997379196446,0.0006042997379196446,0.0,0.0006040838817544114
2013-09-23,-0.0015057911172798866,-0.0015057911172798866,0.0,-0.0015062230481975793
2013-09-24,-0.0013805084130853462,-0.0013805084130853462,0.0,-0.0013809397985070598
2013-09-25,-0.0004435821073038859,-0.0004435821073038859,0.0,-0.0004440129919238448
2013-09-26,0.0009298963431194629,0.0009298963431194629,0.0,0.0009298963431194629
2013-09-27,-8.641284595567456e-05,-8.641284595567456e-05,0.0,-8.684390675874453e-05
2013-09-30,-0.0003876767136027359,-0.0003876767136027359,0.0,-0.0003881077430706651
2013-10-01,0.0030818957597731345,0.003176015226526996,0.18823893350815665,0.0030814571435701715
2013-10-02,-0.0012059481406228034,-0.0012059481406228034,0.0,-0.001206387118718465
2013-10-03,-0.0021409089156626537,-0.0021409089156626537,0.0,-0.0021415667404561843
2013-10-04,0.0010406258488615538,0.0010406258488615538,0.0,0.001039969166872789
2013-10-07,-0.003926812562786708,-0.003926812562786708,0.0,-0.0039274697996780706
2013-10-08,-0.0029858268144011824,-0.0029858268144011824,0.0,-0.002986918705577341
2013-10-09,0.0014540857394682583,0.0014540857394682583,0.0,0.001452996520331948
2013-10-10,0.005427403880774229,0.005427403880774229,0.0,0.005426313362254593
2013-10-11,0.0024507055328730765,0.0024507055328730765,0.0,0.0024489529851722627
2013-10-14,0.0017797167940909464,0.0017797167940909464,0.0,0.0017779607698708403
2013-10-15,-0.0024262265401688854,-0.0024262265401688854,0.0,-0.002429303992875329
2013-10-16,0.0020824886279535715,0.0020824886279535715,0.0,0.002080294752493197
2013-10-17,0.0009572146648277879,0.0009572146648277879,0.0,0.0009561158833755986
2013-10-18,0.0015554606983791963,0.0015554606983791963,0.0,0.0015545809958932082
2013-10-21,-0.0003720885232398885,-0.0003720885232398885,0.0,-0.00037296932465912143
2013-10-22,7.712576043394925e-05,7.712576043394925e-05,0.0,7.62452219931718e-05
2013-10-23,-0.0019778375571903872,-0.0019778375571903872,0.0,-0.0019787181501366062
2013-10-24,0.0011607566927678281,0.0011607566927678281,0.0,0.0011600972984518413
2013-10-25,0.0003437512440183088,0.0003437512440183088,0.0,0.0003428712306075085
2013-10-28,0.00025226668520406115,0.00025226668520406115,0.0,0.0002513864287456182
2013-10-29,0.0008692916593406874,0.0008692916593406874,0.0,0.0008684112245632975
2013-10-30,-0.0010389697114757679,-0.0010389697114757679,0.0,-0.0010398507601928873
2013-10-31,-0.0005010047329345735,-0.0005010047329345735,0.0,-0.0005018850471131889
2013-11-01,0.0010162878235513428,0.001090204256831706,0.14783286656101285,0.0010154256331361344
2013-11-04,0.001413750777013334,0.001413750777013334,0.0,0.0014126724788571796
2013-11-05,-0.0009469922485827453,-0.0009469922485827453,0.0,-0.0009480718255471929
2013-11-06,0.001339736712327122,0.001339736712327122,0.0,0.0013386579927764958
2013-11-07,-0.0044776149364613715,-0.0044776149364613715,0.0,-0.00447869486739664
2013-11-08,0.004014782881191392,0.004014782881191392,0.0,0.0040134918442909055
2013-11-11,0.001151184387597315,0.001151184387597315,0.0,0.001149888992420349
2013-11-12,0.00026773551467429435,0.00026773551467429435,0.0,0.00026600665678560485
2013-11-13,0.0010025745695541044,0.0010025745695541044,0.0,0.0010008453246916633
2013-11-14,0.00011361998057513034,0.00011361998057513034,0.0,0.00011188928808455672
2013-11-15,0.002623891506434717,0.002623891506434717,0.0,0.0026221606499056776
2013-11-18,-0.00041662748092197166,-0.00041662748092197166,0.0,-0.00041857894512788043
2013-11-19,0.0007195537016899678,0.0007195537016899678,0.0,0.0007178196670206985
2013-11-20,0.00036448239804931504,0.00036448239804931504,0.0,0.00036274732755897415
2013-11-21,0.002433990652743745,0.002433990652743745,0.0,0.002432472007133185
2013-11-22,0.0003789167142593808,0.0003789167142593808,0.0,0.0003773950113742728
2013-11-25,-0.0014883241356228316,-0.0014883241356228316,0.0,-0.0014900637683686634
2013-11-26,0.0008226614138540089,0.0008226614138540089,0.0,0.0008211411067253229
2013-11-27,0.0020858323646397725,0.0020858323646397725,0.0,0.0020843110238888255
2013-11-29,0.00029311638333395784,0.00029311638333395784,0.0,0.0002918101353228463
2013-12-02,0.0010478288868758234,0.0011586659346232153,0.22167409549478861,0.0010466287709190614
2013-12-03,-0.0007409984587315455,-0.0007409984587315455,0.0,-0.0007424397482762689
2013-12-04,0.0003509983254184057,0.0003509983254184057,0.0,0.0003495577326787271
2013-12-05,0.001343634079613354,0.001343634079613354,0.0,0.0013421931569248275
2013-12-06,0.0026013825170654314,0.0026013825170654314,0.0,0.0025999403330157823
2013-12-09,0.00018664379426636124,0.00018664379426636124,0.0,0.00018495840448938994
2013-12-10,-0.0020704497742036754,-0.0020704497742036754,0.0,-0.002072135367830041
2013-12-11,-0.002972160297121884,-0.002972160297121884,0.0,-0.002973843624744172
2013-12-12,0.0008076259970308808,0.0008076259970308808,0.0,0.0008059459319867975
2013-12-13,-0.0007485779304632345,-0.0007485779304632345,0.0,-0.0007502588813332428
2013-12-16,0.001356216324641446,0.001356216324641446,0.0,0.0013545361954469426
2013-12-17,-0.0009465886946479207,-0.0009465886946479207,0.0,-0.000948270310475156
2013-12-18,0.005041760361480074,0.005041760361480074,0.0,0.005040079784250474
2013-12-19,-0.0006203818982415399,-0.0006203818982415399,0.0,-0.0006218271107857863
2013-12-20,-0.0008030523797976086,-0.0008030523797976086,0.0,-0.0008047377834100711
2013-12-23,0.002376386796284047,0.002376386796284047,0.0,0.0023747022706102883
2013-12-24,0.0008404474259267047,0.0008404474259267047,0.0,0.0008387603084222732
2013-12-26,0.0014862168452076663,0.0014862168452076663,0.0,0.0014845288118303585
2013-12-27,0.0013906216922379144,0.0013906216922379144,0.0,0.0013889320416676212
2013-12-30,0.0015513270984826022,0.0015513270984826022,0.0,0.0015496359368403398
2013-12-31,0.0016191268235321576,0.0016191268235321576,0.0,0.0016174339788038554
2014-01-02,-0.003654050064433312,-0.0034839951600423857,0.3401098087819449,-0.0036556931773687423
2014-01-03,-0.002189494639576295,-0.002189494639576295,0.0,-0.0021911447307077915
2014-01-06,-0.0006226975063990947,-0.0006226975063990947,0.0,-0.0006238743754346411
2014-01-07,0.0018852821334003345,0.0018852821334003345,0.0,0.0018843410405644755
2014-01-08,0.0007260296735680516,0.0007260296735680516,0.0,0.000724851787531574
2014-01-09,0.0010791532916323288,0.0010791532916323288,0.0,0.0010782105148590064
2014-01-10,-0.0018882469818354286,-0.0018882469818354286,0.0,-0.0018894263212911918
2014-01-13,-0.0031508485106603867,-0.0031508485106603867,0.0,-0.003151555200826344
2014-01-14,0.003339406352725005,0.003339406352725005,0.0,0.003338466138043208
2014-01-15,0.0018138514940133632,0.0018138514940133632,0.0,0.0018129091256375025
2014-01-16,-0.0006365113084076945,-0.0006365113084076945,0.0,-0.0006374548444785989
2014-01-17,-0.0017257065434349572,-0.0017257065434349572,0.0,-0.0017268854509923167
2014-01-21,0.0030499298811090814,0.0030499298811090814,0.0,0.0030489878686428525
2014-01-22,-0.0002712999725753562,-0.0002712999725753562,0.0,-0.0002722439471438831
2014-01-23,-0.0008207287203689795,-0.0008207287203689795,0.0,-0.0008216725203555398
2014-01-24,-0.004912425345605986,-0.004912425345605986,0.0,-0.004913368617018485
2014-01-27,-0.00011081317231476095,-0.00011081317231476095,0.0,-0.00011198828736967875
2014-01-28,0.0008221915343074038,0.0008221915343074038,0.0,0.0008210165089115998
2014-01-29,-0.002819186270054952,-0.002819186270054952,0.0,-0.002820126822123574
2014-01-30,0.0023509721327088506,0.0023509721327088506,0.0,0.002350502770905609
2014-01-31,-0.00424206969870955,-0.00424206969870955,0.0,-0.004242539821119007
2014-02-03,-0.00612418069139864,-0.005748807764061836,0.750745854673898,-0.0061255093100813
2014-02-04,0.0005075347735510327,0.0005075347735510327,0.0,0.000505942129154033
2014-02-05,-0.0010164132982876106,-0.0010164132982876106,0.0,-0.0010182718499566585
2014-02-06,0.0020205236301633622,0.0020205236301633622,0.0,0.0020186660137585704
2014-02-07,0.0006312919766882086,0.0006312919766882086,0.0,0.0006291668659869615
2014-02-10,0.0008356742628994329,0.0008356742628994329,0.0,0.0008338142116824271
2014-02-11,0.0008357484454035724,0.0008357484454035724,0.0,0.000834419290048492
2014-02-12,-0.0002101401960222793,-0.0002101401960222793,0.0,-0.00021146989831178077
2014-02-13,-0.0011089797638834664,-0.0011089797638834664,0.0,-0.0011097775027272643
2014-02-14,-0.0014408294457803894,-0.0014408294457803894,0.0,-0.0014413609809953822
2014-02-18,-0.001122377998377333,-0.001122377998377333,0.0,-0.001123705890892869
2014-02-19,-0.002377131116315767,-0.002377131116315767,0.0,-0.002378723702489525
2014-02-20,0.0007059643187468101,0.0007059643187468101,0.0,0.0007046387290314449
2014-02-21,7.533270781467927e-05,7.533270781467927e-05,0.0,7.400665352347364e-05
2014-02-24,0.00036251538142173523,0.00036251538142173523,0.0,0.000361189277559866
2014-02-25,7.509434823527172e-05,7.509434823527172e-05,0.0,7.37680059163437e-05
2014-02-26,0.0016479898547667737,0.0016479898547667737,0.0,0.001646663463055644
2014-02-27,-0.0013247445016574266,-0.0013247445016574266,0.0,-0.0013258064807524681
2014-02-28,-0.0006817157832802456,-0.0006817157832802456,0.0,-0.0006830423860975227
2014-03-03,-0.0036737780479743076,-0.003377681435123403,0.5921932257018488,-0.003675378442919926
2014-03-04,0.004603593195409372,0.004603593195409372,0.0,0.004601984886338239
2014-03-05,-0.0001891245442171563,-0.0001891245442171563,0.0,-0.00019105658172397625
2014-03-06,0.0007542211730697801,0.0007542211730697801,0.0,0.0007526112125781642
2014-03-07,0.0007305868904212698,0.0007305868904212698,0.0,0.0007286545994414025
2014-03-10,0.00010650444878912424,0.00010650444878912424,0.0,0.0001048939333502044
2014-03-11,-0.0009175586185564688,-0.0009175586185564688,0.0,-0.0009191691737824428
2014-03-12,-0.0007688071448668232,-0.0007688071448668232,0.0,-0.0007704173570040068
2014-03-13,-0.003032973835319641,-0.003032973835319641,0.0,-0.003034583759767241
2014-03-14,-0.0014809783392536469,-0.0014809783392536469,0.0,-0.0014825871253020093
2014-03-17,0.0027655937598298763,0.0027655937598298763,0.0,0.002763663884607342
2014-03-18,0.0015176169071222656,0.0015176169071222656,0.0,0.0015160076410571355
2014-03-19,-0.0017277818081599117,-0.0017277818081599117,0.0,-0.0017297136090779217
2014-03-20,-0.0006053148398076358,-0.0006053148398076358,0.0,-0.0006072458633467779
2014-03-21,-0.0021624644766893297,-0.0021624644766893297,0.0,-0.0021643952277149107
2014-03-24,-0.0005812164595629943,-0.0005812164595629943,0.0,-0.0005831462349343192
2014-03-25,0.000630241349542926,0.000630241349542926,0.0,0.0006286334220534937
2014-03-26,-0.0011114925608701753,-0.0011114925608701753,0.0,-0.001113100725306751
2014-03-27,-0.0013717725341992892,-0.0013717725341992892,0.0,-0.0013730587310729005
2014-03-28,0.0016019412159160584,0.0016019412159160584,0.0,0.0016006554326570084
2014-03-31,0.002502432532694554,0.002502432532694554,0.0,0.0025008247008180993
2014-04-01,0.0017525832789868634,0.0018862936474934866,0.26742073701308944,0.0017515307360196752
2014-04-02,-0.0004916080583569071,-0.0004916080583569071,0.0,-0.0004921342750077286
2014-04-03,-0.0007786926266537542,-0.0007786926266537542,0.0,-0.000779218711767131
2014-04-04,-0.0026199262710042692,-0.0026199262710042692,0.0,-0.002620715085903649
2014-04-07,-0.0015554707709467541,-0.0015554707709467541,0.0,-0.0015562585307589143
2014-04-08,0.0005865061236771663,0.0005865061236771663,0.0,0.0005857189912544475
2014-04-09,0.0038892912697274795,0.0038892912697274795,0.0,0.0038882414445972876
2014-04-10,-0.005119705386019691,-0.005119705386019691,0.0,-0.0051207572934536885
2014-04-11,-0.0031610775879856723,-0.0031610775879856723,0.0,-0.003162126740253702
2014-04-14,0.001579394487715824,0.001579394487715824,0.0,0.0015783470419740082
2014-04-15,0.001372942368779384,0.001372942368779384,0.0,0.0013718940717367615
2014-04-16,0.001710274308106774,0.001710274308106774,0.0,0.00170922527205659
2014-04-17,0.0005842199784624746,0.0005842199784624746,0.0,0.0005834325121673666
2014-04-21,0.0009470399185209644,0.0009470399185209644,0.0,0.00094598964971554
2014-04-22,0.0008516881124984721,0.0008516881124984721,0.0,0.0008509000298116929
2014-04-23,-0.0006826200767393598,-0.0006826200767393598,0.0,-0.0006831456934786304
2014-04-24,-0.0005129187392113321,-0.0005129187392113321,0.0,-0.0005131814560357634
2014-04-25,-0.0020081295446964242,-0.0020081295446964242,0.0,-0.0020089174887034183
2014-04-28,0.001531259991361944,0.001531259991361944,0.0,0.0015304728573182315
2014-04-29,0.0010370113734814446,0.0010370113734814446,0.0,0.0010364862063340372
2014-04-30,0.001166999110535416,0.001166999110535416,0.0,0.001166210942616052
2014-05-01,-3.8474918755415644e-05,0.00012879253094033594,0.334534899391243,-3.929928368141251e-05
2014-05-02,-0.0018146737999554796,-0.0018146737999554796,0.0,-0.0018152226713534587
2014-05-05,0.0005914439167409302,0.0005914439167409302,0.0,0.0005906212771473966
2014-05-06,-0.001244300201759474,-0.001244300201759474,0.0,-0.0012451230587791299
2014-05-07,0.0022661213917398726,0.0022661213917398726,0.0,0.0022652989927187126
2014-05-08,-0.001037408998916578,-0.001037408998916578,0.0,-0.00103823223015937
2014-05-09,-0.0008834360122228491,-0.0008834360122228491,0.0,-0.0008842588620867815
2014-05-12,0.00075528287840676,0.00075528287840676,0.0,0.0007544603536043346
2014-05-13,-0.000752757392643244,-0.000752757392643244,0.0,-0.0007535801951433126
2014-05-14,-0.0024198928134948616,-0.0024198928134948616,0.0,-0.002420715339017345
2014-05-15,-0.0008795017569159791,-0.0008795017569159791,0.0,-0.000880323389877383
2014-05-16,0.0009215220106952859,0.0009215220106952859,0.0,0.00092070070241771
2014-05-19,0.0016252534740559543,0.0016252534740559543,0.0,0.0016244318258952309
2014-05-20,-0.0008179365050872134,-0.0008179365050872134,0.0,-0.000818758751714314
2014-05-21,0.0006574619889838651,0.0006574619889838651,0.0,0.0006563660620610067
2014-05-22,-0.0007125720877656505,-0.0007125720877656505,0.0,-0.0007133942750937223
2014-05-23,0.0004979391941999367,0.0004979391941999367,0.0,0.0004968432945885062
2014-05-27,0.00263533160351459,0.00263533160351459,0.0,0.002634235459336635
2014-05-28,-0.002823043587630414,-0.002823043587630414,0.0,-0.002824141022768903
2014-05-29,0.0011445755622663256,0.0011445755622663256,0.0,0.0011434795139572535
2014-05-30,0.0013672871223879834,0.0013672871223879834,0.0,0.0013661905124452464
2014-06-02,-0.0025426182130260377,-0.0021111670194422505,0.8629023871674164,-0.0025446796670118028
2014-06-03,-0.002021067556135292,-0.002021067556135292,0.0,-0.002023131102567532
2014-06-04,7.950261650213619e-05,7.950261650213619e-05,0.0,7.743810559762774e-05
2014-06-05,0.0037370005262384876,0.0037370005262384876,0.0,0.0037349360532703524
2014-06-06,0.0007944644820474522,0.0007944644820474522,0.0,0.0007924017856300473
2014-06-09,-0.002096442072929916,-0.002096442072929916,0.0,-0.002098504391962832
2014-06-10,-0.002309327014092144,-0.002309327014092144,0.0,-0.002311390331063739
2014-06-11,-0.0004812409021288655,-0.0004812409021288655,0.0,-0.0004833053209201084
2014-06-12,0.00025729424057541195,0.00025729424057541195,0.0,0.00025522959206530525
2014-06-13,0.00024715950233122896,0.00024715950233122896,0.0,0.00024509497660814386
2014-06-16,0.0003104559880942048,0.0003104559880942048,0.0,0.00030839158029245426
2014-06-17,-0.002332844182776239,-0.002332844182776239,0.0,-0.0023349084425034793
2014-06-18,0.005204930028297028,0.005204930028297028,0.0,0.005203380997048516
2014-06-19,-0.0027785283590922027,-0.0027785283590922027,0.0,-0.0027795598088641675
2014-06-20,0.0013995320246391607,0.0013995320246391607,0.0,0.0013984999122950155
2014-06-23,-0.0012404769442518893,-0.0012404769442518893,0.0,-0.0012420246128658713
2014-06-24,0.0007032906218304991,0.0007032906218304991,0.0,0.0007017425095772265
2014-06-25,0.0018678033463079835,0.0018678033463079835,0.0,0.0018662554854000312
2014-06-26,0.0006954396999734325,0.0006954396999734325,0.0,0.0006933767738026846
2014-06-27,0.001363611613431015,0.001363611613431015,0.0,0.001362064666706715
2014-06-30,9.240136642674202e-05,9.240136642674202e-05,0.0,9.033941802824629e-05
2014-07-01,6.058102690564837e-05,0.0003262129125647384,0.5312637713181996,5.917009632249613e-05
2014-07-02,-0.00198750880401255,-0.00198750880401255,0.0,-0.0019889194282465875
2014-07-03,-0.0006701563688320533,-0.0006701563688320533,0.0,-0.0006708622952901527
2014-07-07,-0.0020828917131456848,-0.0020828917131456848,0.0,-0.002085716248117915
2014-07-08,-0.00033200017235135437,-0.00033200017235135437,0.0,-0.00033412051038204834
2014-07-09,0.0013802499866666373,0.0013802499866666373,0.0,0.001378129339819125
2014-07-10,-0.0023439464046375313,-0.0023439464046375313,0.0,-0.0023453593144702593
2014-07-11,0.0004945283540960244,0.0004945283540960244,0.0,0.0004931139893430432
2014-07-14,0.0012693023763399314,0.0012693023763399314,0.0,0.0012671812894238502
2014-07-15,-0.004270256638353009,-0.004270256638353009,0.0,-0.004271669909811082
2014-07-16,0.0012455898259693399,0.0012455898259693399,0.0,0.0012441738972247165
2014-07-17,-0.0009735242499667729,-0.0009735242499667729,0.0,-0.0009749394045725712
2014-07-18,0.002517713501682284,0.002517713501682284,0.0,0.0025162977414378493
2014-07-21,0.000959481470083734,0.000959481470083734,0.0,0.000957360173256766
2014-07-22,0.001512676214074915,0.001512676214074915,0.0,0.0015105558094970033
2014-07-23,0.0021006592732166762,0.0021006592732166762,0.0,0.0020985402731946786
2014-07-24,-0.002073480498200997,-0.002073480498200997,0.0,-0.00207559755179957
2014-07-25,0.0009449650410384702,0.0009449650410384702,0.0,0.0009428460622077804
2014-07-28,-5.124245478593803e-05,-5.124245478593803e-05,0.0,-5.4066591127919814e-05
2014-07-29,-0.0017940878706901309,-0.0017940878706901309,0.0,-0.0017954999705519703
2014-07-30,-0.004936442812829456,-0.004936442812829456,0.0,-0.004939269235645501
2014-07-31,-0.00901178385921575,-0.00901178385921575,0.0,-0.00901390828672506
2014-08-01,0.0019828282814415843,0.0022248072783885853,0.48395799389390876,0.0019811688180215686
2014-08-04,0.0024051512661735774,0.0024051512661735774,0.0,0.0024029408752522428
2014-08-05,-0.004610800936734161,-0.004610800936734161,0.0,-0.004612457608653913
2014-08-06,-0.0005083994864727437,-0.0005083994864727437,0.0,-0.0005100583178851924
2014-08-07,-0.0012735727286935505,-0.0012735727286935505,0.0,-0.001275231798338671
2014-08-08,0.002912959702516371,0.002912959702516371,0.0,0.0029113000353223843
2014-08-11,0.0036306502876699565,0.0036306502876699565,0.0,0.0036284392150977163
2014-08-12,-0.0016875008084239473,-0.0016875008084239473,0.0,-0.0016891574204768245
2014-08-13,0.004218192161439038,0.004218192161439038,0.0,0.00421598229478949
2014-08-14,0.003656762150409776,0.003656762150409776,0.0,0.0036545548988284327
2014-08-15,0.002260380524768957,0.002260380524768957,0.0,0.002258726780145421
2014-08-18,0.00265560976476098,0.00265560976476098,0.0,0.0026539570649387395
2014-08-19,3.794329844541977e-05,3.794329844541977e-05,0.0,3.629182285768007e-05
2014-08-20,-0.0023956920489223155,-0.0023956920489223155,0.0,-0.0023978939930510697
2014-08-21,0.0014450216672341476,0.0014450216672341476,0.0,0.0014439199571545885
2014-08-22,-0.0015616798154839406,-0.0015616798154839406,0.0,-0.0015633317138382546
2014-08-25,0.001381348783703773,0.001381348783703773,0.0,0.001379145290270319
2014-08-26,0.0010382405309383724,0.0010382405309383724,0.0,0.0010365885483645634
2014-08-27,0.0017936559116693562,0.0017936559116693562,0.0,0.0017914539064478384
2014-08-28,-0.0011662620912130661,-0.0011662620912130661,0.0,-0.0011679127696846625
2014-08-29,0.0006201217188668284,0.0006201217188668284,0.0,0.0006184705030520744
2014-09-02,0.0006206789700218263,0.0008581696352840673,0.47498133052469355,0.0006194726219694283
2014-09-03,0.00022385983544870314,0.00022385983544870314,0.0,0.00022265343367205184
2014-09-04,-0.001979088521673722,-0.001979088521673722,0.0,-0.001980294919886072
2014-09-05,0.001523143198680188,0.001523143198680188,0.0,0.0015219367688942603
2014-09-08,-0.0016760878156294456,-0.0016760878156294456,0.0,-0.0016768920859782943
2014-09-09,-0.004636819557805594,-0.004636819557805594,0.0,-0.0046376238459836325
2014-09-10,0.00010495118372033652,0.00010495118372033652,0.0,0.00010414684598889543
2014-09-11,-5.9095170281020515e-05,-5.9095170281020515e-05,0.0,-5.989950689097253e-05
2014-09-12,-0.0051939287424264124,-0.0051939287424264124,0.0,-0.005194733079667882
2014-09-15,-0.0016394921211670965,-0.0016394921211670965,0.0,-0.0016402965142030069
2014-09-16,0.0022017113187455806,0.0022017113187455806,0.0,0.0022009069080689268
2014-09-17,-0.0009085677978857287,-0.0009085677978857287,0.0,-0.0009093721849242705
2014-09-18,0.001985028171101133,0.001985028171101133,0.0,0.001984223774299114
2014-09-19,0.0017044617731269973,0.0017044617731269973,0.0,0.0017036573976138487
2014-09-22,-0.002182873617413872,-0.002182873617413872,0.0,-0.0021832757960460612
2014-09-23,-0.0016948980237246891,-0.0016948980237246891,0.0,-0.0016953002140678783
2014-09-24,0.0017918815834356838,0.0017918815834356838,0.0,0.0017910771845323556
2014-09-25,-0.004320730845147058,-0.004320730845147058,0.0,-0.0043211330349862765
2014-09-26,0.002056107934534479,0.002056107934534479,0.0,0.002055705721416367
2014-09-29,-0.002553214018137906,-0.002553214018137906,0.0,-0.0025540184222641177
2014-09-30,0.0019363437202251088,0.0019363437202251088,0.0,0.0019355392885730583
2014-10-01,-0.0011466963610176073,-0.0008950019524431863,0.5033888171490227,-0.0011476200600624529
2014-10-02,-0.0024907169479175817,-0.0024907169479175817,0.0,-0.002491178905831458
2014-10-03,0.007757108640183752,0.007757108640183752,0.0,0.007756646519638142
2014-10-06,-0.0033910652186180945,-0.0033910652186180945,0.0,-0.0033919884545036785
2014-10-07,-0.0021409413901359864,-0.0021409413901359864,0.0,-0.0021418650669482796
2014-10-08,0.0061883953085148935,0.0061883953085148935,0.0,0.006187933330621069
2014-10-09,-0.00558348276493259,-0.00558348276493259,0.0,-0.005583944342116757
2014-10-10,-0.0017496001179119203,-0.0017496001179119203,0.0,-0.0017500620586665655
2014-10-13,-0.0029820240227550476,-0.0029820240227550476,0.0,-0.0029824860776352046
2014-10-14,0.005445713377010275,0.005445713377010275,0.0,0.005444788877054616
2014-10-15,-0.0014666158350926661,-0.0014666158350926661,0.0,-0.001467539626340711
2014-10-16,-0.001281175654978317,-0.001281175654978317,0.0,-0.0012825616285699688
2014-10-17,0.0023682664246114093,0.0023682664246114093,0.0,0.0023673422750250988
2014-10-20,0.004097336550187292,0.004097336550187292,0.0,0.004096412708926692
2014-10-21,0.004395631050936766,0.004395631050936766,0.0,0.004394707740933585
2014-10-22,0.0004194351431086041,0.0004194351431086041,0.0,0.0004185124005452149
2014-10-23,0.0019717152372917823,0.0019717152372917823,0.0,0.0019712538930715495
2014-10-24,0.0011517893375705412,0.0011517893375705412,0.0,0.001151328120312722
2014-10-27,-8.440836687562125e-05,-8.440836687562125e-05,0.0,-8.53306532301921e-05
2014-10-28,0.0020604502580174877,0.0020604502580174877,0.0,0.002059527960804083
2014-10-29,0.0003164803592561327,0.0003164803592561327,0.0,0.00031509731022278894
2014-10-30,0.004367995859641427,0.004367995859641427,0.0,0.004367534863605726
2014-10-31,0.00999218632011889,0.00999218632011889,0.0,0.009991725603161262
2014-11-03,0.0027308926887847917,0.0028817406061021344,0.30169583463490973,0.0027300926330696474
2014-11-04,-0.0007061604503996177,-0.0007061604503996177,0.0,-0.0007073583140251912
2014-11-05,0.0019373764452672582,0.0019373764452672582,0.0,0.0019361785764212837
2014-11-06,-0.00048624980770550774,-0.00048624980770550774,0.0,-0.0004874476622568197
2014-11-07,-7.540763444990883e-05,-7.540763444990883e-05,0.0,-7.660549259069274e-05
2014-11-10,0.0014920730728196219,0.0014920730728196219,0.0,0.0014912745003546344
2014-11-11,-0.0005164594064542838,-0.0005164594064542838,0.0,-0.0005172579715867188
2014-11-12,0.00040377436808913814,0.00040377436808913814,0.0,0.0004029758004173352
2014-11-13,0.0019402668797248168,0.0019402668797248168,0.0,0.0019394683140375219
2014-11-14,-0.001948700021548011,-0.001948700021548011,0.0,-0.0019494985777175674
2014-11-17,-0.0011531272218773259,-0.0011531272218773259,0.0,-0.001154325070498316
2014-11-18,0.0006873043233137643,0.0006873043233137643,0.0,0.0006865057518923277
2014-11-19,-0.0017500596552620928,-0.0017500596552620928,0.0,-0.0017504589392829883
2014-11-20,-0.00023048062771147126,-0.00023048062771147126,0.0,-0.00023127920437382608
2014-11-21,0.0036684598029741444,0.0036684598029741444,0.0,0.0036680605140751773
2014-11-24,0.0019622964937116016,0.0019622964937116016,0.0,0.0019614979339221215
2014-11-25,0.0011643559947873694,0.0011643559947873694,0.0,0.001163557444611929
2014-11-26,0.002534698848513983,0.002534698848513983,0.0,0.002533900304036533
2014-11-28,0.006648826336814739,0.006648826336814739,0.0,0.006648027804709943
2014-12-01,-0.007124251739433762,-0.007052604711117461,0.1432940566328924,-0.0071254466221774395
2014-12-02,0.0015233700975545439,0.0015233700975545439,0.0,0.001522173046384271
2014-12-03,0.0008243688339044652,0.0008243688339044652,0.0,0.0008239698201813385
2014-12-04,0.001909449429133625,0.001909449429133625,0.0,0.0019086514052923755
2014-12-05,-0.0001673132241692965,-0.0001673132241692965,0.0,-0.00016811123967634648
2014-12-08,0.00041450933230580134,0.00041450933230580134,0.0,0.00041331230794963166
2014-12-09,-0.001771154250128637,-0.001771154250128637,0.0,-0.0017727502789859951
2014-12-10,-0.0018829704870071406,-0.0018829704870071406,0.0,-0.0018841675202637346
2014-12-11,0.0012193717285342576,0.0012193717285342576,0.0,0.0012181746829076092
2014-12-12,-0.0007807876361077826,-0.0007807876361077826,0.0,-0.0007815856611916624
2014-12-15,0.00027844783281461005,0.00027844783281461005,0.0,0.0002768517758107294
2014-12-16,-5.602148016248254e-05,-5.602148016248254e-05,0.0,-5.7218521087456916e-05
2014-12-17,0.004862357343133006,0.004862357343133006,0.0,0.004861160301840244
2014-12-18,0.0020300396947325883,0.0020300396947325883,0.0,0.0020284436820321187
2014-12-19,0.0016205695398037179,0.0016205695398037179,0.0,0.0016189735447513273
2014-12-22,0.004460410375723978,0.004460410375723978,0.0,0.004458415399490452
2014-12-23,-0.004044502171881348,-0.004044502171881348,0.0,-0.004045699128715134
2014-12-24,0.0010015946642076834,0.0010015946642076834,0.0,0.001001195669823949
2014-12-26,0.0010161488947690867,0.0010161488947690867,0.0,0.0010157499025556242
2014-12-29,0.00318876034409743,0.00318876034409743,0.0,0.0031875633740557625
2014-12-30,-0.0022097214543992383,-0.0022097214543992383,0.0,-0.0022109184037993916
2014-12-31,0.0005366878933465991,0.0005366878933465991,0.0,0.0005350919416988373
2015-01-02,0.004754920393332807,0.0048830884602939495,0.25633613392226623,0.00475428289666976
2015-01-05,0.002707409241220038,0.002707409241220038,0.0,0.0027064559665476284
2015-01-06,0.0017302382771975378,0.0017302382771975378,0.0,0.0017292843620575538
2015-01-07,0.001787256108146007,0.001787256108146007,0.0,0.001786301784406014
2015-01-08,-2.542010316486376e-05,-2.542010316486376e-05,0.0,-2.637484821677393e-05
2015-01-09,0.0006381807635358339,0.0006381807635358339,0.0,0.0006375442708295352
2015-01-12,0.00135851623836869,0.00135851623836869,0.0,0.0013575613489622883
2015-01-13,-0.0007045260957067034,-0.0007045260957067034,0.0,-0.0007054813047273757
2015-01-14,0.00042670976939840344,0.00042670976939840344,0.0,0.000425436378529133
2015-01-15,0.0025899317683342193,0.0025899317683342193,0.0,0.0025889766247635384
2015-01-16,-0.003460757932243097,-0.003460757932243097,0.0,-0.003461713683734732
2015-01-20,0.001147746458929566,0.001147746458929566,0.0,0.0011467915225843188
2015-01-21,-0.0027929797870228645,-0.0027929797870228645,0.0,-0.0027939349933982093
2015-01-22,0.0028593356968740213,0.0028593356968740213,0.0,0.002858381149442933
2015-01-23,0.004035655389080572,0.004035655389080572,0.0,0.004035018575675769
2015-01-26,0.0001372902317400282,0.0001372902317400282,0.0,0.00013633406603644384
2015-01-27,-0.0029173332408934938,-0.0029173332408934938,0.0,-0.0029179707061386334
2015-01-28,0.003485954980781969,0.003485954980781969,0.0,0.00348531797251528
2015-01-29,0.0008617962536972001,0.0008617962536972001,0.0,0.0008608399250693048
2015-01-30,0.0006923373247940123,0.0006923373247940123,0.0,0.0006916996379662539
2015-02-02,-0.0007302714607739791,-0.0005857844186114569,0.28897408432511235,-0.0007308548599443692
2015-02-03,-0.004111905180724351,-0.004111905180724351,0.0,-0.004112489862490575
2015-02-04,0.0022599640319571623,0.0022599640319571623,0.0,0.002259672122478357
2015-02-05,-0.0018757742622582674,-0.0018757742622582674,0.0,-0.0018763585543589935
2015-02-06,-0.003810654510107092,-0.003810654510107092,0.0,-0.0038112384087601514
2015-02-09,-0.001911877929449024,-0.001911877929449024,0.0,-0.0019121694776003432
2015-02-10,0.0016311924741265749,0.0016311924741265749,0.0,0.0016309011276380524
2015-02-11,0.0011951528195950356,0.0011951528195950356,0.0,0.0011948613013303118
2015-02-12,-0.0013052289481055857,-0.0013052289481055857,0.0,-0.0013058122360507848
2015-02-13,-0.0020608867032086975,-0.0020608867032086975,0.0,-0.0020611782097160335
2015-02-17,-0.0018717498692568668,-0.0018717498692568668,0.0,-0.0018723324472744616
2015-02-18,0.0023674097787453885,0.0023674097787453885,0.0,0.0023668275965441038
2015-02-19,-0.000971061354702818,-0.000971061354702818,0.0,-0.0009716440363545123
2015-02-20,0.0014754462904369436,0.0014754462904369436,0.0,0.001474863813848359
2015-02-23,0.0025304062516045,0.0025304062516045,0.0,0.0025298234638987545
2015-02-24,0.0013967006963477857,0.0013967006963477857,0.0,0.0013961173764195035
2015-02-25,-1.4080895177515096e-05,-1.4080895177515096e-05,0.0,-1.4664508465327941e-05
2015-02-26,3.381532374180374e-05,3.381532374180374e-05,0.0,3.293990824642109e-05
2015-02-27,0.0006266096277207645,0.0006266096277207645,0.0,0.0006260260102881632
2015-03-02,-5.8469206941969e-05,5.79235872517625e-05,0.23278558838754043,-5.898809079054738e-05
2015-03-03,-0.0013525100113228605,-0.0013525100113228605,0.0,-0.0013530290181957899
2015-03-04,-7.909857249577268e-05,-7.909857249577268e-05,0.0,-7.935788995137025e-05
2015-03-05,0.0015960379952510984,0.0015960379952510984,0.0,0.0015955193820949877
2015-03-06,-0.0023757474304143544,-0.0023757474304143544,0.0,-0.002376006956127921
2015-03-09,0.0018896245708166504,0.0018896245708166504,0.0,0.0018891061733218347
2015-03-10,0.0007573617135341326,0.0007573617135341326,0.0,0.0007568427968949083
2015-03-11,0.0028206435684672293,0.0028206435684672293,0.0,0.002819864881634899
2015-03-12,0.001738421856544381,0.001738421856544381,0.0,0.0017376420114680396
2015-03-13,0.00167284448039684,0.00167284448039684,0.0,0.0016720639227092138
2015-03-16,0.0011727373772014715,0.0011727373772014715,0.0,0.0011714353067475926
2015-03-17,0.00113871513890218,0.00113871513890218,0.0,0.001137412269512057
2015-03-18,0.001594240795683488,0.001594240795683488,0.0,0.0015934586091238307
2015-03-19,0.0008089065074454727,0.0008089065074454727,0.0,0.0008081236710098881
2015-03-20,-0.0007366761697183977,-0.0007366761697183977,0.0,-0.0007369372250222376
2015-03-23,-0.0024183379358609924,-0.0024183379358609924,0.0,-0.002419120801495529
2015-03-24,0.001227439991693613,0.001227439991693613,0.0,0.001226918740023723
2015-03-25,-0.0040865434232939535,-0.0040865434232939535,0.0,-0.004087586594521098
2015-03-26,-0.0023298339900950094,-0.0023298339900950094,0.0,-0.002330614693962978
2015-03-27,0.0033670939932588517,0.0033670939932588517,0.0,0.003366054330676194
2015-03-30,0.003583095343854925,0.003583095343854925,0.0,0.003582053843508189
2015-03-31,0.0005163722435697071,0.0005163722435697071,0.0,0.00051558965680296
2015-04-01,-0.0005979951919832249,-0.0005483109923322127,0.09936839930202705,-0.000598770581394713
2015-04-02,-0.000996381075986319,-0.000996381075986319,0.0,-0.0009968977093168896
2015-04-06,0.0002262568177151536,0.0002262568177151536,0.0,0.00022548228215467025
2015-04-07,0.0012861217528654656,0.0012861217528654656,0.0,0.0012856053330997331
2015-04-08,0.0034713356926479033,0.0034713356926479033,0.0,0.0034705605288569935
2015-04-09,0.001155890508409918,0.001155890508409918,0.0,0.0011551139079175252
2015-04-10,-0.0004365611371830447,-0.0004365611371830447,0.0,-0.0004370791894064115
2015-04-13,0.001143049574232613,0.001143049574232613,0.0,0.0011422726764498228
2015-04-14,-0.0003855533930565702,-0.0003855533930565702,0.0,-0.0003860716397123463
2015-04-15,-0.0006660827832458693,-0.0006660827832458693,0.0,-0.0006666009236776906
2015-04-16,-0.000537578862607857,-0.000537578862607857,0.0,-0.0005380968194046536
2015-04-17,-0.0019546742877075696,-0.0019546742877075696,0.0,-0.001954933191962477
2015-04-20,0.002244550016344826,0.002244550016344826,0.0,0.002243774113936816
2015-04-21,0.0009456266448506501,0.0009456266448506501,0.0,0.000944849813994997
2015-04-22,-7.773212374329042e-05,-7.773212374329042e-05,0.0,-7.850934538345731e-05
2015-04-23,-0.0013763941409103975,-0.0013763941409103975,0.0,-0.0013771713304249133
2015-04-24,0.0010925935235945872,0.0010925935235945872,0.0,0.0010918169037094651
2015-04-27,-0.0012395930190604032,-0.0012395930190604032,0.0,-0.0012401110667726264
2015-04-28,-0.002534591677828546,-0.002534591677828546,0.0,-0.0025351093834810987
2015-04-29,-0.003924665484985712,-0.003924665484985712,0.0,-0.00392492398721925
2015-04-30,-0.002536592733167309,-0.002536592733167309,0.0,-0.0025368506903897157
2015-05-01,0.001766449485475441,0.001859578589595401,0.18625820824008232,0.0017661389995750766
2015-05-04,-0.0003040628207140461,-0.0003040628207140461,0.0,-0.0003046837356406602
2015-05-05,-0.0059029897523490416,-0.0059029897523490416,0.0,-0.005903300183543084
2015-05-06,-0.00406557881179026,-0.00406557881179026,0.0,-0.004066198648153543
2015-05-07,0.0035337032792199796,0.0035337032792199796,0.0,0.003533393715808818
2015-05-08,0.0049433746279941015,0.0049433746279941015,0.0,0.004943064757310784
2015-05-11,-0.004163805801805642,-0.004163805801805642,0.0,-0.0041644263986428155
2015-05-12,-0.0019844242124603673,-0.0019844242124603673,0.0,-0.0019853540223522806
2015-05-13,-0.0022963739656675086,-0.0022963739656675086,0.0,-0.0022969934933947554
2015-05-14,0.0024266550278724264,0.0024266550278724264,0.0,0.0024263454643948025
2015-05-15,0.0027426929936811284,0.0027426929936811284,0.0,0.0027420734442419534
2015-05-18,-0.0005495741777963303,-0.0005495741777963303,0.0,-0.0005501942034359986
2015-05-19,0.0022305195385614596,0.0022305195385614596,0.0,0.0022298996083941615
2015-05-20,0.0009252458290427423,0.0009252458290427423,0.0,0.0009246255122505675
2015-05-21,0.0012865225335563224,0.0012865225335563224,0.0,0.0012859020565358361
2015-05-22,0.0018639776375015682,0.0018639776375015682,0.0,0.0018633569379753793
2015-05-26,0.0024661266449836905,0.0024661266449836905,0.0,0.002465505623679993
2015-05-27,0.003197956365883714,0.003197956365883714,0.0,0.003197645642892429
2015-05-28,-0.00171564879185504,-0.00171564879185504,0.0,-0.0017159597893203055
2015-05-29,-0.0017522158353842077,-0.0017522158353842077,0.0,-0.0017525266853458217
2015-06-01,0.0006995179413769037,0.0008574006877579698,0.3157654927618977,0.0006990717410808953
2015-06-02,-0.004964611196827562,-0.004964611196827562,0.0,-0.004964834236098588
2015-06-03,-0.00045430250439004727,-0.00045430250439004727,0.0,-0.0004547468487615254
2015-06-04,0.0013454923896745186,0.0013454923896745186,0.0,0.0013450482040659492
2015-06-05,-1.8571486591456576e-05,-1.8571486591456576e-05,0.0,-1.923846936072483e-05
2015-06-08,-0.0025170106264240655,-0.0025170106264240655,0.0,-0.00251745527512209
2015-06-09,-0.002276518608988143,-0.002276518608988143,0.0,-0.0022769623770275567
2015-06-10,-0.0014806862527614317,-0.0014806862527614317,0.0,-0.001481129222468827
2015-06-11,0.003978177517805603,0.003978177517805603,0.0,0.0039779562929612294
2015-06-12,-0.0003268426488608478,-0.0003268426488608478,0.0,-0.000327286490153886
2015-06-15,-0.0003561907010176668,-0.0003561907010176668,0.0,-0.0003566344279406602
2015-06-16,0.0010242928316492872,0.0010242928316492872,0.0,0.0010240710305298105
2015-06-17,-0.00106025454338865,-0.00106025454338865,0.0,-0.001060476523600796
2015-06-18,0.00026904442678188367,0.00026904442678188367,0.0,0.0002688226321468982
2015-06-19,0.0017540471420198767,0.0017540471420198767,0.0,0.0017538253003065063
2015-06-22,-0.0013106280906476364,-0.0013106280906476364,0.0,-0.0013108502387532103
2015-06-23,0.00090256284746415,0.00090256284746415,0.0,0.000902340928595986
2015-06-24,-0.00011432988203430305,-0.00011432988203430305,0.0,-0.00011455195862424789
2015-06-25,-0.0012134836667974103,-0.0012134836667974103,0.0,-0.0012137057234060601
2015-06-26,-0.0017957193934488025,-0.0017957193934488025,0.0,-0.0017959412377207154
2015-06-29,-0.0015046321886226233,-0.0015046321886226233,0.0,-0.0015050752476019288
2015-06-30,-0.0005722344663475765,-0.0005722344663475765,0.0,-0.0005724557316839111
2015-07-01,0.0032180012906268818,0.0033765548660875666,0.31710715092175035,0.003217831249279732
2015-07-02,-0.00013156318060947303,-0.00013156318060947303,0.0,-0.00013173346337364691
2015-07-06,0.004165956994204301,0.004165956994204301,0.0,0.004165616488293135
2015-07-07,0.0030102498166053593,0.0030102498166053593,0.0,0.0030099074307438933
2015-07-08,-0.0012434367305145244,-0.0012434367305145244,0.0,-0.0012437804707192584
2015-07-09,-0.00211812104324538,-0.00211812104324538,0.0,-0.0021186358133547206
2015-07-10,-0.0018338326289425444,-0.0018338326289425444,0.0,-0.0018340037408905857
2015-07-13,0.0021980100998688634,0.0021980100998688634,0.0,0.0021976687053350667
2015-07-14,0.0009991686054420246,0.0009991686054420246,0.0,0.000998997412233298
2015-07-15,0.002731114929867884,0.002731114929867884,0.0,0.0027307720930112977
2015-07-16,0.002217568222933286,0.002217568222933286,0.0,0.0022172241582054833
2015-07-17,0.0024664628163917346,0.0024664628163917346,0.0,0.0024659452271273657
2015-07-20,0.0026552877162584476,0.0026552877162584476,0.0,0.0026545953898163715
2015-07-21,-0.0008562140626856563,-0.0008562140626856563,0.0,-0.0008567350851095761
2015-07-22,0.0027835510877356473,0.0027835510877356473,0.0,0.002782857156086325
2015-07-23,0.0009889153764650604,0.0009889153764650604,0.0,0.0009883930678494886
2015-07-24,0.000624910895669295,0.000624910895669295,0.0,0.000624213604037336
2015-07-27,0.0012331239636045321,0.0012331239636045321,0.0,0.0012322516542776153
2015-07-28,-0.0009612480281081526,-0.0009612480281081526,0.0,-0.0009621217067555238
2015-07-29,-0.0004426385981046721,-0.0004426385981046721,0.0,-0.00044368573034954194
2015-07-30,0.0011131713995440329,0.0011131713995440329,0.0,0.0011119504343636971
2015-07-31,0.0016160219611409676,0.0016160219611409676,0.0,0.0016146245939951235
2015-08-03,0.002519678042923079,0.0026629826430255576,0.2866092002051914,0.002517953806345812
2015-08-04,-0.001515199827815672,-0.001515199827815672,0.0,-0.0015169245641567651
2015-08-05,0.0005012124564700571,0.0005012124564700571,0.0,0.00049948992030064
2015-08-06,-0.0007022560557743418,-0.0007022560557743418,0.0,-0.0007031176875737873
2015-08-07,-0.00014166912224122807,-0.00014166912224122807,0.0,-0.00014296080499420365
2015-08-10,-0.002646495228574075,-0.002646495228574075,0.0,-0.0026490782854045524
2015-08-11,0.0015435189248795833,0.0015435189248795833,0.0,0.0015413711955305706
2015-08-12,-0.0009996655425847933,-0.0009996655425847933,0.0,-0.0010018160776173834
2015-08-13,0.0005740578529260798,0.0005740578529260798,0.0,0.0005719091368227968
2015-08-14,0.0012929669924182097,0.0012929669924182097,0.0,0.0012910322083965987
2015-08-17,0.002410586393034597,0.002410586393034597,0.0,0.0024084342847941055
2015-08-18,-0.00016905305807946025,-0.00016905305807946025,0.0,-0.00017056259106145209
2015-08-19,-0.0006625987117320209,-0.0006625987117320209,0.0,-0.0006636767964070777
2015-08-20,-0.005394088986911183,-0.005394088986911183,0.0,-0.005394519980484999
2015-08-21,-0.0027895762727907503,-0.0027895762727907503,0.0,-0.0027902198129297427
2015-08-24,-0.0056895584716857295,-0.0056895584716857295,0.0,-0.005690842491988014
2015-08-25,-0.0013523703996488612,-0.0013523703996488612,0.0,-0.0013538611004350592
2015-08-26,0.007018174306754554,0.007018174306754554,0.0,0.007016898057190918
2015-08-27,0.0005965818811275447,0.0005965818811275447,0.0,0.0005952979325996525
2015-08-28,-0.0009593049674678777,-0.0009593049674678777,0.0,-0.0009605895700581904
2015-08-31,-0.004329756197953394,-0.004329756197953394,0.0,-0.004331467597748874
2015-09-01,-0.0010185875586609106,-0.0007720186461049883,0.49313782511189724,-0.0010187466515806506
2015-09-02,0.0009451459064508949,0.0009451459064508949,0.0,0.000944985173183172
2015-09-03,-0.0002270579579560783,-0.0002270579579560783,0.0,-0.0002271657616934313
2015-09-04,0.0015951599538299721,0.0015951599538299721,0.0,0.0015950523058550182
2015-09-08,-0.001741688682709186,-0.001741688682709186,0.0,-0.0017420149042583861
2015-09-09,0.0008955632655716084,0.0008955632655716084,0.0,0.0008954019472696554
2015-09-10,-0.0009724044283142552,-0.0009724044283142552,0.0,-0.0009725125877497698
2015-09-11,-9.416533487238699e-05,-9.416533487238699e-05,0.0,-9.438031929612912e-05
2015-09-14,0.00010964670278568178,0.00010964670278568178,0.0,0.00010927070620866411
2015-09-15,0.0004986489774434499,0.0004986489774434499,0.0,0.0004982727175479148
2015-09-16,-0.003155287443712629,-0.003155287443712629,0.0,-0.0031556109781238828
2015-09-17,-0.00104307497230971,-0.00104307497230971,0.0,-0.0010431278093293783
2015-09-18,0.002623636815384245,0.002623636815384245,0.0,0.0026236892932235945
2015-09-21,0.00023279874837744963,0.00023279874837744963,0.0,0.00023274536945927467
2015-09-22,0.002956876703581024,0.002956876703581024,0.0,0.0029569301624345003
2015-09-23,0.001137199762481833,0.001137199762481833,0.0,0.0011371452913290679
2015-09-24,-0.0013547466660406293,-0.0013547466660406293,0.0,-0.001354801526076322
2015-09-25,0.00015452628762036014,0.00015452628762036014,0.0,0.0001545806837511462
2015-09-28,0.003321968792916019,0.003321968792916019,0.0,0.003321914343879085
2015-09-29,-0.0011398825416895075,-0.0011398825416895075,0.0,-0.001139938124324248
2015-09-30,-3.274467905034495e-05,-3.274467905034495e-05,0.0,-3.268948583616525e-05
2015-10-01,0.00027051896141405685,0.00043914798065958216,0.3372580384910755,0.00027073390385167536
2015-10-02,-0.0026513380439655565,-0.0026513380439655565,0.0,-0.0026513380439655565
2015-10-05,-0.0034579168145667527,-0.0034579168145667527,0.0,-0.003458024064384539
2015-10-06,-0.0029412770591970006,-0.0029412770591970006,0.0,-0.0029412770591970006
2015-10-07,-0.0017752486405112622,-0.0017752486405112622,0.0,-0.0017752486405112622
2015-10-08,-0.0016359004985108117,-0.0016359004985108117,0.0,-0.001635795628988753
2015-10-09,-0.0010139701593459005,-0.0010139701593459005,0.0,-0.001014074550474594
2015-10-12,0.0016024943571464334,0.0016024943571464334,0.0,0.0016023902628383286
2015-10-13,0.0010475949755954783,0.0010475949755954783,0.0,0.001047490412937983
2015-10-14,-0.0011887426240433374,-0.0011887426240433374,0.0,-0.0011887426240433374
2015-10-15,-0.0003880509786519104,-0.0003880509786519104,0.0,-0.0003881554996873199
2015-10-16,0.0006903814820049536,0.0006903814820049536,0.0,0.000690277074442571
2015-10-19,0.0023624200914429405,0.0023624200914429405,0.0,0.0023622108728370153
2015-10-20,-0.0011923996503684364,-0.0011923996503684364,0.0,-0.0011926102463946586
2015-10-21,0.002230434186703878,0.002230434186703878,0.0,0.002230329236722911
2015-10-22,0.0007579000130528701,0.0007579000130528701,0.0,0.0007579000130528701
2015-10-23,-0.00024111838871665459,-0.00024111838871665459,0.0,-0.0002412242088106494
2015-10-26,0.000863581025016158,0.000863581025016158,0.0,0.000863369525195473
2015-10-27,0.0010883881922794103,0.0010883881922794103,0.0,0.0010880701890972479
2015-10-28,-0.0002713782603642745,-0.0002713782603642745,0.0,-0.0002718035293497205
2015-10-29,-0.0002565958188459616,-0.0002565958188459616,0.0,-0.0002573394875575124
2015-10-30,-0.0007670692860615169,-0.0007670692860615169,0.0,-0.0007679185965000384
2015-11-02,5.457510662054688e-06,6.639782950235151e-05,0.121880637680961,4.3845858891263725e-06
2015-11-03,-0.0009618218708014048,-0.0009618218708014048,0.0,-0.0009626279645317152
2015-11-04,0.0022745401965300616,0.0022745401965300616,0.0,0.0022738697152479693
2015-11-05,0.0012862486534499507,0.0012862486534499507,0.0,0.0012855751910086717
2015-11-06,0.0015657346294888352,0.0015657346294888352,0.0,0.001564654395702983
2015-11-09,0.0007685158945878179,0.0007685158945878179,0.0,0.0007666197557870396
2015-11-10,0.001917488128091227,0.001917488128091227,0.0,0.0019157248183416654
2015-11-11,-0.0006314147203897447,-0.0006314147203897447,0.0,-0.0006331845283573747
2015-11-12,0.0001065485128026733,0.0001065485128026733,0.0,0.00010464487163311103
2015-11-13,0.002091837418030984,0.002091837418030984,0.0,0.0020900693899564117
2015-11-16,0.00031961942527769516,0.00031961942527769516,0.0,0.0003175712259707053
2015-11-17,0.001068402556559711,0.001068402556559711,0.0,0.001066489739583176
2015-11-18,0.00013001846702898057,0.00013001846702898057,0.0,0.00012837557725693297
2015-11-19,-0.0014594088359872748,-0.0014594088359872748,0.0,-0.001460915189965411
2015-11-20,0.0007865180566528629,0.0007865180566528629,0.0,0.0007850158808214404
2015-11-23,0.0008846180685526672,0.0008846180685526672,0.0,0.0008827033448236113
2015-11-24,-0.0011073059267175944,-0.0011073059267175944,0.0,-0.001109497860006809
2015-11-25,0.0012338613699105494,0.0012338613699105494,0.0,0.0012312639216949656
2015-11-27,0.0025749887223667223,0.0025749887223667223,0.0,0.0025726592403426886
2015-11-30,0.0002737563960506506,0.0002737563960506506,0.0,0.0002707270926167466
2015-12-01,-0.001263991418510857,-0.0010897718329740957,0.3484391710737799,-0.0012653733921769257
2015-12-02,0.001629041842799328,0.001629041842799328,0.0,0.0016276612740939284
2015-12-03,-0.00647841157707596,-0.00647841157707596,0.0,-0.006479803453704781
2015-12-04,0.0017327314898307744,0.0017327314898307744,0.0,0.0017313207515808622
2015-12-07,0.004214614599846067,0.004214614599846067,0.0,0.004212738301292437
2015-12-08,0.0010826277057962574,0.0010826277057962574,0.0,0.0010808431716814138
2015-12-09,-0.0030726307608025527,-0.0030726307608025527,0.0,-0.0030743585005307858
2015-12-10,0.0023267422741548582,0.0023267422741548582,0.0,0.002325171875377155
2015-12-11,0.0021005242762621723,0.0021005242762621723,0.0,0.002099067820018213
2015-12-14,0.0015409680234359513,0.0015409680234359513,0.0,0.0015392287383006018
2015-12-15,-0.00016296576202534663,-0.00016296576202534663,0.0,-0.0001646508423049245
2015-12-16,0.00014803315118183669,0.00014803315118183669,0.0,0.0001462147141986599
2015-12-17,0.0038563593746892,0.0038563593746892,0.0,0.003854809214156532
2015-12-18,-0.003151391057685915,-0.003151391057685915,0.0,-0.003152695669754928
2015-12-21,-2.1249283541080466e-05,-2.1249283541080466e-05,0.0,-2.2872316137866547e-05
2015-12-22,-0.0007198761002545906,-0.0007198761002545906,0.0,-0.0007212961068735388
2015-12-23,-0.0021334012617291176,-0.0021334012617291176,0.0,-0.002134748905819648
2015-12-24,-0.0011623061301133664,-0.0011623061301133664,0.0,-0.001163639687460779
2015-12-28,0.002278010305639233,0.002278010305639233,0.0,0.002276485550807421
2015-12-29,0.00012765555816840468,0.00012765555816840468,0.0,0.00012611352474073154
2015-12-30,0.0009277120629613833,0.0009277120629613833,0.0,0.0009263032354453309
2015-12-31,-0.0010617742235997651,-0.0010617742235997651,0.0,-0.0010628525058927777
2016-01-04,0.0013010823035013441,0.001440610915393048,0.27905722378377085,0.0013000795024216115
2016-01-05,0.001440552963476005,0.001440552963476005,0.0,0.0014396235553984153
2016-01-06,0.0005124839110000057,0.0005124839110000057,0.0,0.0005114974489613208
2016-01-07,-0.0006194875821513568,-0.0006194875821513568,0.0,-0.0006204306538308115
2016-01-08,0.0010074741520587072,0.0010074741520587072,0.0,0.001006535415411669
2016-01-11,0.0047530111567000155,0.0047530111567000155,0.0,0.004752018088093644
2016-01-12,-0.00038365181863719844,-0.00038365181863719844,0.0,-0.0003846796105633841
2016-01-13,-0.000669342426327435,-0.000669342426327435,0.0,-0.0006704162233492026
2016-01-14,0.0016095016951296337,0.0016095016951296337,0.0,0.0016082872986960546
2016-01-15,0.0019156228873438153,0.0019156228873438153,0.0,0.001914492771651621
2016-01-19,0.000980361384646633,0.000980361384646633,0.0,0.0009790665785568615
2016-01-20,0.0003001230716821457,0.0003001230716821457,0.0,0.00029881942879383835
2016-01-21,-0.0002930302817867325,-0.0002930302817867325,0.0,-0.00029443711737419596
2016-01-22,-0.0013036230508084445,-0.0013036230508084445,0.0,-0.0013051273269948946
2016-01-25,0.000929749091129084,0.000929749091129084,0.0,0.0009282087009477058
2016-01-26,-0.00249333795552531,-0.00249333795552531,0.0,-0.002494888341626233
2016-01-27,-0.0011740220257687728,-0.0011740220257687728,0.0,-0.001175594684058814
2016-01-28,-0.0012365049682405704,-0.0012365049682405704,0.0,-0.0012381620231129446
2016-01-29,0.0005580949784065314,0.0005580949784065314,0.0,0.0005565491876225854
2016-02-01,0.000516639883438863,0.00062046257348225,0.2076453800868832,0.0005165169228179063
2016-02-02,0.003916448788569893,0.003916448788569893,0.0,0.003916339718467211
2016-02-03,-0.006435391170617977,-0.006435391170617977,0.0,-0.006435547706540911
2016-02-04,-0.0017035356328464202,-0.0017035356328464202,0.0,-0.0017035995479638766
2016-02-05,0.0029851725082357117,0.0029851725082357117,0.0,0.0029851281216840848
2016-02-08,0.0015943349794702577,0.0015943349794702577,0.0,0.0015942483528493152
2016-02-09,0.0024876516165452944,0.0024876516165452944,0.0,0.0024875515833961827
2016-02-10,-0.0017071472651561947,-0.0017071472651561947,0.0,-0.0017072809023643304
2016-02-11,3.9529535785121084e-05,3.9529535785121084e-05,0.0,3.942762553717598e-05
2016-02-12,-0.0022191955255765894,-0.0022191955255765894,0.0,-0.00221930152618948
2016-02-16,0.0004520556327076708,0.0004520556327076708,0.0,0.0004519722107659848
2016-02-17,-0.00329482142364379,-0.00329482142364379,0.0,-0.0032949101870741425
2016-02-18,-0.0011725625286548302,-0.0011725625286548302,0.0,-0.0011726122317835487
2016-02-19,-0.0003044557637467138,-0.0003044557637467138,0.0,-0.00030449154975904736
2016-02-22,-0.0027321347240237825,-0.0027321347240237825,0.0,-0.0027321701124908564
2016-02-23,0.0013598758584909554,0.0013598758584909554,0.0,0.0013598762372106581
2016-02-24,-0.0007648975874058328,-0.0007648975874058328,0.0,-0.0007649149810960269
2016-02-25,-0.001845292321043801,-0.001845292321043801,0.0,-0.001845299480143215
2016-02-26,0.0018934536557013715,0.0018934536557013715,0.0,0.0018934699589696952
2016-02-29,-0.0017822368074364991,-0.0017822368074364991,0.0,-0.0017822447748315907
2016-03-01,-0.006556252995399303,-0.006356557181860345,0.39939162707791986,-0.006558103652278343
2016-03-02,-0.001989114612123699,-0.001989114612123699,0.0,-0.001991024414434612
2016-03-03,-0.0031345033184896343,-0.0031345033184896343,0.0,-0.0031359581764950975
2016-03-04,-0.004475026557918538,-0.004475026557918538,0.0,-0.004476505106253846
2016-03-07,-0.0005961120797706165,-0.0005961120797706165,0.0,-0.0005977523638775559
2016-03-08,0.0037845558885503117,0.0037845558885503117,0.0,0.003783075358536538
2016-03-09,-0.002521734429342448,-0.002521734429342448,0.0,-0.002523305121978023
2016-03-10,-0.0019176028412215551,-0.0019176028412215551,0.0,-0.001919198893762726
2016-03-11,-0.0063363726889538174,-0.0063363726889538174,0.0,-0.0063379989951579604
2016-03-14,0.0010573605855039858,0.0010573605855039858,0.0,0.0010557076523039267
2016-03-15,0.003350502579595238,0.003350502579595238,0.0,0.0033488371413877434
2016-03-16,-0.003776534076451954,-0.003776534076451954,0.0,-0.0037780885723867233
2016-03-17,-0.004781712972008023,-0.004781712972008023,0.0,-0.004783129065694174
2016-03-18,-0.0003079138334151077,-0.0003079138334151077,0.0,-0.0003092814389490999
2016-03-21,-0.0004473838917985473,-0.0004473838917985473,0.0,-0.00044884247624499865
2016-03-22,-0.00018101271419712628,-0.00018101271419712628,0.0,-0.00018241955092978244
2016-03-23,0.004924479072859089,0.004924479072859089,0.0,0.0049230741367283955
2016-03-24,0.001059502206218088,0.001059502206218088,0.0,0.0010580943635908012
2016-03-28,-0.0016695510378287315,-0.0016695510378287315,0.0,-0.0016709695702019586
2016-03-29,-0.002497524531226092,-0.002497524531226092,0.0,-0.0024986361921516195
2016-03-30,-0.0009221202837540465,-0.0009221202837540465,0.0,-0.0009230694944822338
2016-03-31,0.0008042365755884795,0.0008042365755884795,0.0,0.0008032466758529558
2016-04-01,0.0027082627881303,0.0030826001706374395,0.7486747650144173,0.002702972583641802
2016-04-04,0.002648459517381241,0.002648459517381241,0.0,0.002643189962141484
2016-04-05,0.0029611555230462105,0.0029611555230462105,0.0,0.002955875778548043
2016-04-06,-0.002047206006101643,-0.002047206006101643,0.0,-0.0020524971092399855
2016-04-07,0.0032970943399841524,0.0032970943399841524,0.0,0.0032918111057937656
2016-04-08,-0.003907609311859295,-0.003907609311859295,0.0,-0.003912905177608401
2016-04-11,-0.001115074903563662,-0.001115074903563662,0.0,-0.0011203557400705129
2016-04-12,-0.004330439502236438,-0.004330439502236438,0.0,-0.004335486630300971
2016-04-13,-0.0035374516766635278,-0.0035374516766635278,0.0,-0.0035427114730173887
2016-04-14,-0.000862311823308759,-0.000862311823308759,0.0,-0.0008673298012043086
2016-04-15,0.0023752497677731466,0.0023752497677731466,0.0,0.002370234993697713
2016-04-18,-0.0005512107679727096,-0.0005512107679727096,0.0,-0.0005562343461028528
2016-04-19,-0.0032203845139400222,-0.0032203845139400222,0.0,-0.0032251777962954862
2016-04-20,-0.004172884784412911,-0.004172884784412911,0.0,-0.00417812204343937
2016-04-21,0.0003982761907546095,0.0003982761907546095,0.0,0.0003930552311183148
2016-04-22,-0.0009580779386928473,-0.0009580779386928473,0.0,-0.0009633004533863549
2016-04-25,0.00047654444417855046,0.00047654444417855046,0.0,0.0004708718677436814
2016-04-26,-0.0022994539539329395,-0.0022994539539329395,0.0,-0.0023049015697978554
2016-04-27,0.0012235096520738509,0.0012235096520738509,0.0,0.001218071430831062
2016-04-28,0.004276240790011876,0.004276240790011876,0.0,0.004271251177278522
2016-04-29,0.0012256205786653762,0.0012256205786653762,0.0,0.001220615038565906
2016-05-02,-0.0005738691758492287,-0.00048434283934384315,0.17905267301078978,-0.0005789102824892664
2016-05-03,0.004896146908504706,0.004896146908504706,0.0,0.00489133121508742
2016-05-04,0.0009132649025087591,0.0009132649025087591,0.0,0.0009088923398754472
2016-05-05,0.0010373736442321757,0.0010373736442321757,0.0,0.0010327679048494078
2016-05-06,-0.0010913568675360308,-0.0010913568675360308,0.0,-0.0010957355990369585
2016-05-09,0.0005158215195371074,0.0005158215195371074,0.0,0.0005102948525817702
2016-05-10,-0.003640762703106315,-0.003640762703106315,0.0,-0.003646291430810827
2016-05-11,0.0010878783599970188,0.0010878783599970188,0.0,0.0010819047198020887
2016-05-12,-0.002073575437649078,-0.002073575437649078,0.0,-0.0020797837352031306
2016-05-13,0.0025517235010936723,0.0025517235010936723,0.0,0.002545294976289123
2016-05-16,-0.0035050815512437383,-0.0035050815512437383,0.0,-0.0035115219943017244
2016-05-17,0.00012055643702080232,0.00012055643702080232,0.0,0.00011413242261902087
2016-05-18,-0.005006843629728697,-0.005006843629728697,0.0,-0.0050137271076501405
2016-05-19,0.0012571640983758403,0.0012571640983758403,0.0,0.0012503058877475072
2016-05-20,-0.0011941146438124717,-0.0011941146438124717,0.0,-0.001201436827285061
2016-05-23,0.0014348427419721421,0.0014348427419721421,0.0,0.0014268411338872178
2016-05-24,-0.003798650428511574,-0.003798650428511574,0.0,-0.0038066604718154174
2016-05-25,-0.0014190428197924376,-0.0014190428197924376,0.0,-0.0014265740104649346
2016-05-26,0.001131336529321736,0.001131336529321736,0.0,0.0011244971803846399
2016-05-27,-0.0022103263061317158,-0.0022103263061317158,0.0,-0.002217399548384457
2016-05-31,3.781248837020357e-05,3.781248837020357e-05,0.0,3.0067441584889892e-05
2016-06-01,7.442822325698373e-05,0.000177258421616866,0.20566039672001227,6.671286857352122e-05
2016-06-02,0.0005898846062133423,0.0005898846062133423,0.0,0.0005827094994427637
2016-06-03,0.004928538879422462,0.004928538879422462,0.0,0.004921105115546929
2016-06-06,-0.0034769711556579264,-0.0034769711556579264,0.0,-0.0034841678750797255
2016-06-07,-0.0008057501403988532,-0.0008057501403988532,0.0,-0.0008129332021061774
2016-06-08,-0.0013296944270538846,-0.0013296944270538846,0.0,-0.0013358486220213322
2016-06-09,0.0019100568587722133,0.0019100568587722133,0.0,0.0019036509124763326
2016-06-10,0.0036250542910414296,0.0036250542910414296,0.0,0.0036186416442886885
2016-06-13,0.0028710718162343607,0.0028710718162343607,0.0,0.0028641324733686287
2016-06-14,-0.0001818502008709144,-0.0001818502008709144,0.0,-0.0001888003508406951
2016-06-15,0.0020113707533786496,0.0020113707533786496,0.0,0.002004678675647264
2016-06-16,0.0020908863629136576,0.0020908863629136576,0.0,0.002083929340328049
2016-06-17,-0.002794670692711554,-0.002794670692711554,0.0,-0.0028013775970562376
2016-06-20,-0.003418064111355257,-0.003418064111355257,0.0,-0.00342527603447235
2016-06-21,-0.0021805965991680276,-0.0021805965991680276,0.0,-0.002187538057837648
2016-06-22,0.0019068667043551368,0.0019068667043551368,0.0,0.0018999334906783427
2016-06-23,-0.004271203130354784,-0.004271203130354784,0.0,-0.004278914696971258
2016-06-24,0.010683290990953997,0.010683290990953997,0.0,0.010676623221792008
2016-06-27,0.003691152315203672,0.003691152315203672,0.0,0.0036841880310239956
2016-06-28,-0.00149212014519029,-0.00149212014519029,0.0,-0.0014988397730664126
2016-06-29,-0.003939779777863972,-0.003939779777863972,0.0,-0.003946494029319565
2016-06-30,0.0002978171745167124,0.0002978171745167124,0.0,0.0002911171750602672
2016-07-01,0.002718801190216391,0.002914497806580485,0.3913932327278018,0.0027114662434722173
2016-07-05,0.005199016292393166,0.005199016292393166,0.0,0.005191430170477314
2016-07-06,0.0012004756639085734,0.0012004756639085734,0.0,0.0011931428943606456
2016-07-07,0.0010928942801573527,0.0010928942801573527,0.0,0.0010850139875964878
2016-07-08,0.0012883240906198523,0.0012883240906198523,0.0,0.001280983579332687
2016-07-11,-0.003576121536784438,-0.003576121536784438,0.0,-0.003584554515247222
2016-07-12,-0.005118243093437114,-0.005118243093437114,0.0,-0.005126119020265229
2016-07-13,0.0025763628970492114,0.0025763628970492114,0.0,0.002567963776627797
2016-07-14,-0.0032095270555592137,-0.0032095270555592137,0.0,-0.0032179362043148764
2016-07-15,-0.0010860309593769824,-0.0010860309593769824,0.0,-0.0010944275750204573
2016-07-18,-8.346073620102423e-05,-8.346073620102423e-05,0.0,-9.21238279301399e-05
2016-07-19,0.0020947895761322943,0.0020947895761322943,0.0,0.0020863975323130906
2016-07-20,-0.0015863237559795573,-0.0015863237559795573,0.0,-0.0015949949470715449
2016-07-21,0.002743182487032536,0.002743182487032536,0.0,0.0027347884693326606
2016-07-22,-0.0005825946292996598,-0.0005825946292996598,0.0,-0.0005912704564502748
2016-07-25,-0.0001348448557360049,-0.0001348448557360049,0.0,-0.00014351833798375606
2016-07-26,0.00015698141098985374,0.00015698141098985374,0.0,0.0001485795009137577
2016-07-27,0.0031040022436417125,0.0031040022436417125,0.0,0.0030955997214848685
2016-07-28,0.0006993919628768275,0.0006993919628768275,0.0,0.0006926060052855223
2016-07-29,0.0023079520482451876,0.0023079520482451876,0.0,0.0023006208479438304
2016-08-01,-0.0014415457183776237,-0.0013193832946745143,0.244324847406258,-0.001451309247878265
2016-08-02,-0.0012843891780655037,-0.0012843891780655037,0.0,-0.0012941678775119213
2016-08-03,-0.0005516652774756325,-0.0005516652774756325,0.0,-0.0005611046332048943
2016-08-04,0.0011857083735140606,0.0011857083735140606,0.0,0.0011769441143268786
2016-08-05,-0.003119338628527535,-0.003119338628527535,0.0,-0.00312844188481761
2016-08-08,-0.000589003384454001,-0.000589003384454001,0.0,-0.0005994494834090946
2016-08-09,0.002608364902316751,0.002608364902316751,0.0,0.002598593768212222
2016-08-10,0.002102663272098182,0.002102663272098182,0.0,0.002093224711031596
2016-08-11,-0.003217642809990373,-0.003217642809990373,0.0,-0.003227084880487358
2016-08-12,0.001001730984997229,0.001001730984997229,0.0,0.0009922943022125093
2016-08-15,-0.0014953547539054979,-0.0014953547539054979,0.0,-0.0015058043650276456
2016-08-16,-0.0007447326424853129,-0.0007447326424853129,0.0,-0.0007538315010518087
2016-08-17,0.0006844507516885479,0.0006844507516885479,0.0,0.0006743422465679472
2016-08-18,0.001251775902919361,0.001251775902919361,0.0,0.0012420031603146756
2016-08-19,-0.002250114605384046,-0.002250114605384046,0.0,-0.002259889517347096
2016-08-22,0.0006793791777335301,0.0006793791777335301,0.0,0.0006696081740684385
2016-08-23,0.0002328909061555251,0.0002328909061555251,0.0,0.00022278175143143842
2016-08-24,-0.0009349142904457874,-0.0009349142904457874,0.0,-0.0009453608490133332
2016-08-25,-0.00027366920815652396,-0.00027366920815652396,0.0,-0.0002847878903341833
2016-08-26,-0.0026884604566236314,-0.0026884604566236314,0.0,-0.0026995785977307236
2016-08-29,0.003584281623597585,0.003584281623597585,0.0,0.0035731688121661866
2016-08-30,-0.0013881922873187902,-0.0013881922873187902,0.0,-0.001399312178948226
2016-08-31,0.00038098190337088056,0.00038098190337088056,0.0,0.00036986475771411137
2016-09-01,0.0011112056391329173,0.0012490573641670277,0.2757034500684047,0.0010993399535590617
2016-09-02,0.0017993405187315403,0.0017993405187315403,0.0,0.001787814121131043
2016-09-06,0.005069215890215917,0.005069215890215917,0.0,0.005057687387548897
2016-09-07,-0.0007003468814781311,-0.0007003468814781311,0.0,-0.0007126021849653092
2016-09-08,-0.004420346895047,-0.004420346895047,0.0,-0.004432601331766128
2016-09-09,-0.009194997735743393,-0.009194997735743393,0.0,-0.009207246677432921
2016-09-12,0.0033163672166760527,0.0033163672166760527,0.0,0.003303050040528533
2016-09-13,-0.006375213020362147,-0.006375213020362147,0.0,-0.00638817466393471
2016-09-14,0.0014970718924331994,0.0014970718924331994,0.0,0.001485198173268407
2016-09-15,0.0029009635597678773,0.0029009635597678773,0.0,0.002890527474651136
2016-09-16,-0.00102919190543449,-0.00102919190543449,0.0,-0.0010396310909588891
2016-09-19,0.0007231423533713421,0.0007231423533713421,0.0,0.0007123443349837778
2016-09-20,0.00036833850644857336,0.00036833850644857336,0.0,0.00035753968830623393
2016-09-21,0.0065643614804142825,0.0065643614804142825,0.0,0.006556442048488
2016-09-22,0.0035759342348213874,0.0035759342348213874,0.0,0.0035694503737207393
2016-09-23,-0.0009564477656085479,-0.0009564477656085479,0.0,-0.0009629339748389463
2016-09-26,-0.001770018094869208,-0.001770018094869208,0.0,-0.0017790258456743444
2016-09-27,0.002508312239265509,0.002508312239265509,0.0,0.0024989458618621344
2016-09-28,0.0005238102082680829,0.0005238102082680829,0.0,0.0005140811144111697
2016-09-29,-0.003141932489300836,-0.003141932489300836,0.0,-0.003151301743028525
2016-09-30,-1.4412802381569279e-06,-1.4412802381569279e-06,0.0,-1.1528027308392098e-05
2016-10-03,-0.002143700592222242,-0.002023545210160016,0.24031076412444344,-0.0021566937425687768
2016-10-04,-0.007040917107687394,-0.007040917107687394,0.0,-0.007054328603755822
2016-10-05,-6.456100759921757e-05,-6.456100759921757e-05,0.0,-7.756826927592953e-05
2016-10-06,-0.00131518284065546,-0.00131518284065546,0.0,-0.0013281901222730605
2016-10-07,0.0003483872835725599,0.0003483872835725599,0.0,0.0003353795952009008
2016-10-10,0.0009770413964902414,0.0009770413964902414,0.0,0.0009640338158287691
2016-10-11,-0.005152817945287991,-0.005152817945287991,0.0,-0.005167044656570014
2016-10-12,0.0006637374495694903,0.0006637374495694903,0.0,0.0006491024610758608
2016-10-13,-0.000513959361231997,-0.000513959361231997,0.0,-0.0005257484708933802
2016-10-14,-0.0014241356654793869,-0.0014241356654793869,0.0,-0.0014367379717437087
2016-10-17,0.0011029529248089975,0.0011029529248089975,0.0,0.0010891305701396506
2016-10-18,0.004143903747709343,0.004143903747709343,0.0,0.004130081756934258
2016-10-19,0.0012163549868227097,0.0012163549868227097,0.0,0.0012025343575924187
2016-10-20,-3.0787729735415326e-05,-3.0787729735415326e-05,0.0,-4.4607959798661056e-05
2016-10-21,0.0002209927245171439,0.0002209927245171439,0.0,0.00020757896200205577
2016-10-24,0.00011955764551596637,0.00011955764551596637,0.0,0.00010614395337690501
2016-10-25,-2.2089648580192467e-05,-2.2089648580192467e-05,0.0,-3.590977701594708e-05
2016-10-26,-0.00348242146136557,-0.00348242146136557,0.0,-0.0034958351224694197
2016-10-27,-0.004185269247447887,-0.004185269247447887,0.0,-0.004197057988114547
2016-10-28,-0.00042890667754791334,-0.00042890667754791334,0.0,-0.0004406965983949562
2016-10-31,0.0028941799559250025,0.0028941799559250025,0.0,0.002880357148245941
2016-11-01,-0.0011151700357504568,-0.0008964740815732286,0.43739190835441016,-0.0011316984935672233
2016-11-02,-0.00024784553168211154,-0.00024784553168211154,0.0,-0.0002648577951231393
2016-11-03,-0.0014309261964572384,-0.0014309261964572384,0.0,-0.001448411717478028
2016-11-04,0.0015198832213263458,0.0015198832213263458,0.0,0.001502393683698663
2016-11-07,0.0032431087635120814,0.0032431087635120814,0.0,0.003223733185417075
2016-11-08,-0.0010464612752955071,-0.0010464612752955071,0.0,-0.001066771474118346
2016-11-09,-0.00611699373008312,-0.00611699373008312,0.0,-0.0061377797393187975
2016-11-10,-0.004518878403713789,-0.004518878403713789,0.0,-0.004541103504868489
2016-11-11,-0.0020670063908800884,-0.0020670063908800884,0.0,-0.0020892477172153954
2016-11-14,-0.0014660816356736328,-0.0014660816356736328,0.0,-0.001491644044642387
2016-11-15,0.0023147047747453797,0.0023147047747453797,0.0,0.002291030257698756
2016-11-16,0.0014181377850936983,0.0014181377850936983,0.0,0.0013963653735682446
2016-11-17,-0.0018387270812415535,-0.0018387270812415535,0.0,-0.0018590748952638442
2016-11-18,-0.0025758973439691246,-0.0025758973439691246,0.0,-0.00259625120808762
2016-11-21,0.00017906241319121108,0.00017906241319121108,0.0,0.00015727942163945298
2016-11-22,0.002483236812245604,0.002483236812245604,0.0,0.0024605073933765998
2016-11-23,-0.0028688361993943756,-0.0028688361993943756,0.0,-0.0028925031772439624
2016-11-25,-0.0006271527806064325,-0.0006271527806064325,0.0,-0.0006498836459724052
2016-11-28,0.0024877560870328885,0.0024877560870328885,0.0,0.0024650229102591396
2016-11-29,0.0012703845031392103,0.0012703845031392103,0.0,0.0012476604723810729
2016-11-30,-0.005259974127394318,-0.005259974127394318,0.0,-0.005282693493621739
2016-12-01,-0.005935168782250422,-0.005770698784829276,0.3289399948424049,-0.005955359922415062
2016-12-02,0.002247992689955236,0.002247992689955236,0.0,0.002227277798733128
2016-12-05,0.00010042550091093894,0.00010042550091093894,0.0,7.928286697260522e-05
2016-12-06,0.0012411443113831133,0.0012411443113831133,0.0,0.0012200018479691852
2016-12-07,0.0033012796693825397,0.0033012796693825397,0.0,0.003279276439065609
2016-12-08,0.002255697898129183,0.002255697898129183,0.0,0.0022341317978484825
2016-12-09,-0.000992724249742838,-0.000992724249742838,0.0,-0.0010155802011840725
2016-12-12,-0.002926438702279155,-0.002926438702279155,0.0,-0.0029484339093142483
2016-12-13,0.0011489381467058024,0.0011489381467058024,0.0,0.0011256436434275816
2016-12-14,-0.005617115980076748,-0.005617115980076748,0.0,-0.005640408341975001
2016-12-15,-0.0008326784886412142,-0.0008326784886412142,0.0,-0.0008542552387930412
2016-12-16,-0.000785159849362671,-0.000785159849362671,0.0,-0.0008067380458159242
2016-12-19,0.0024319542509925185,0.0024319542509925185,0.0,0.0024095115072510173
2016-12-20,0.0010984775307736339,0.0010984775307736339,0.0,0.00107603917290897
2016-12-21,-0.0006324663806708264,-0.0006324663806708264,0.0,-0.0006544712908469672
2016-12-22,0.00011430314598914748,0.00011430314598914748,0.0,9.272860840641467e-05
2016-12-23,0.0010914175463849762,0.0010914175463849762,0.0,0.0010694117201078077
2016-12-27,1.6323412268981485e-05,1.6323412268981485e-05,0.0,-5.680486778925453e-06
2016-12-28,0.0012237991717034546,0.0012237991717034546,0.0,0.0012013638530432476
2016-12-29,0.0017564053678991165,0.0017564053678991165,0.0,0.0017365606865668963
2016-12-30,-0.0009190501935634199,-0.0009190501935634199,0.0,-0.0009406174677959336
2017-01-03,0.003011922686303903,0.0031660701297056004,0.30829488680349787,0.002985884710042068
2017-01-04,0.003341214232557954,0.003341214232557954,0.0,0.0033157202029418438
2017-01-05,0.0035996688913415564,0.0035996688913415564,0.0,0.00357468100160673
2017-01-06,-0.0021952430490067565,-0.0021952430490067565,0.0,-0.0022207035269552894
2017-01-09,0.0002869392124584813,0.0002869392124584813,0.0,0.0002624477754145869
2017-01-10,0.00016281785596850007,0.00016281785596850007,0.0,0.00013783795079493627
2017-01-11,0.003135324691948993,0.003135324691948993,0.0,0.003110345558701073
2017-01-12,0.0003764610103722532,0.0003764610103722532,0.0,0.0003514966953578973
2017-01-13,-0.0006164840953327699,-0.0006164840953327699,0.0,-0.000641936093278165
2017-01-17,0.0009221470689544375,0.0009221470689544375,0.0,0.0008957130622398987
2017-01-18,-0.0030655809684073665,-0.0030655809684073665,0.0,-0.0030910314971372916
2017-01-19,-0.002451752356944392,-0.002451752356944392,0.0,-0.0024767279756914176
2017-01-20,0.0020696776160056274,0.0020696776160056274,0.0,0.002045670246124704
2017-01-23,0.003093889484248269,0.003093889484248269,0.0,0.00306891203066303
2017-01-24,0.0001316223061134103,0.0001316223061134103,0.0,0.00010714893772103575
2017-01-25,0.0001078461240020534,0.0001078461240020534,0.0,8.386282039263675e-05
2017-01-26,0.0006872227123988495,0.0006872227123988495,0.0,0.0006627504530479993
2017-01-27,-0.00010120368143051728,-0.00010120368143051728,0.0,-0.00012616214202609992
2017-01-30,-0.0015982012738509077,-0.0015982012738509077,0.0,-0.001623160212213194
2017-01-31,0.0015121227403629423,0.0015121227403629423,0.0,0.0014866667059421819
2017-02-01,-3.3717014255030264e-06,0.00020185346368073454,0.4104503302121974,-2.425199962442037e-05
2017-02-02,0.0009471547164743299,0.0009471547164743299,0.0,0.000925854262625874
2017-02-03,0.0015251254837835848,0.0015251254837835848,0.0,0.0015042436714476732
2017-02-06,0.00034240878268598784,0.00034240878268598784,0.0,0.00032027574122364796
2017-02-07,-0.0008063872495751578,-0.0008063872495751578,0.0,-0.0008285199140733458
2017-02-08,0.001861710327253574,0.001861710327253574,0.0,0.0018395767742723104
2017-02-09,0.0014682042912135262,0.0014682042912135262,0.0,0.0014460727856659109
2017-02-10,0.0028653424974958153,0.0028653424974958153,0.0,0.0028427950590971165
2017-02-13,0.00035071713503076474,0.00035071713503076474,0.0,0.0003290078653211898
2017-02-14,0.00035664276401803363,0.00035664276401803363,0.0,0.00033409891354402354
2017-02-15,0.002192982632351903,0.002192982632351903,0.0,0.00217085665084154
2017-02-16,-0.000571810161773878,-0.000571810161773878,0.0,-0.0005935163227235833
2017-02-17,0.0005483556819247948,0.0005483556819247948,0.0,0.0005266489080785313
2017-02-21,0.003241815630226741,0.003241815630226741,0.0,0.0032196920171533917
2017-02-22,-9.562192204970454e-05,-9.562192204970454e-05,0.0,-0.00011732464683710106
2017-02-23,0.0004634891251840134,0.0004634891251840134,0.0,0.0004422036603371871
2017-02-24,-0.0006361587590656415,-0.0006361587590656415,0.0,-0.000657443738692938
2017-02-27,-0.0010880938843041976,-0.0010880938843041976,0.0,-0.0011089621647315624
2017-02-28,-0.0014440146147048916,-0.0014440146147048916,0.0,-0.0014661361777811594
2017-03-01,0.004411509090942012,0.004567940280242988,0.3128623786019759,0.004382816944387291
2017-03-02,-0.007020457293418492,-0.007020457293418492,0.0,-0.007050933521535145
2017-03-03,0.0009195413724505386,0.0009195413724505386,0.0,0.0008871859631389157
2017-03-06,-0.0018030361957124263,-0.0018030361957124263,0.0,-0.001836773879734861
2017-03-07,-0.0033614270166184568,-0.0033614270166184568,0.0,-0.003396097871766324
2017-03-08,-0.0055852512002649846,-0.0055852512002649846,0.0,-0.005618551115670329
2017-03-09,-0.0032734170820333253,-0.0032734170820333253,0.0,-0.003306743555559208
2017-03-10,0.0010819300996205428,0.0010819300996205428,0.0,0.0010481249251485991
2017-03-13,0.0019451973631237074,0.0019451973631237074,0.0,0.001909082351348407
2017-03-14,-0.0028917680442833715,-0.0028917680442833715,0.0,-0.002927410148745673
2017-03-15,0.008984831999521603,0.008984831999521603,0.0,0.008951490523556361
2017-03-16,-0.0001170198756338392,-0.0001170198756338392,0.0,-0.00015031887516821384
2017-03-17,0.0003498904597551977,0.0003498904597551977,0.0,0.0003165909069363117
2017-03-20,0.000978270853474017,0.000978270853474017,0.0,0.0009435855419407361
2017-03-21,-0.006584223603363193,-0.006584223603363193,0.0,-0.006619366509842494
2017-03-22,0.0014318516163662753,0.0014318516163662753,0.0,0.0013966756754494774
2017-03-23,3.4274343925444484e-05,3.4274343925444484e-05,0.0,-4.3167642360585827e-07
2017-03-24,0.0016336753759842448,0.0016336753759842448,0.0,0.0015980440357284103
2017-03-27,-0.0008044276127840977,-0.0008044276127840977,0.0,-0.0008400506743800963
2017-03-28,0.0034871193115175725,0.0034871193115175725,0.0,0.0034514921701979447
2017-03-29,0.002512792407377562,0.002512792407377562,0.0,0.002477182889826409
2017-03-30,0.0010092994990191784,0.0010092994990191784,0.0,0.0009737026491939892
2017-03-31,-0.00033199374275594273,-0.00033199374275594273,0.0,-0.0003666610480608684
2017-04-03,0.000956115196059093,0.001053618131744427,0.19500587137046968,0.0009232901459166811
2017-04-04,0.0013460432927341337,0.0013460432927341337,0.0,0.0013132433426776995
2017-04-05,-0.0020374956870750083,-0.0020374956870750083,0.0,-0.002070713633906062
2017-04-06,0.0009063082371651987,0.0009063082371651987,0.0,0.0008735070036446452
2017-04-07,-0.00011838480664161377,-0.00011838480664161377,0.0,-0.00015244588756479116
2017-04-10,0.000436168557466754,0.000436168557466754,0.0,0.0004021072494281382
2017-04-11,0.00059595288509251,0.00059595288509251,0.0,0.0005618924134570412
2017-04-12,-0.0007165384355549698,-0.0007165384355549698,0.0,-0.0007501772795137188
2017-04-13,-0.0016085242355656781,-0.0016085242355656781,0.0,-0.0016421644367696471
2017-04-17,0.003142612702767389,0.003142612702767389,0.0,0.0031081283685139094
2017-04-18,-0.0030758475560679344,-0.0030758475560679344,0.0,-0.0031099053318122643
2017-04-19,-0.002288496924246153,-0.002288496924246153,0.0,-0.0023221400688532264
2017-04-20,0.003989563193661727,0.003989563193661727,0.0,0.003956756884961883
2017-04-21,-0.0013400188546939251,-0.0013400188546939251,0.0,-0.0013728177964228605
2017-04-24,0.0030338963102327643,0.0030338963102327643,0.0,0.0030002538287195136
2017-04-25,0.0017805570284070704,0.0017805570284070704,0.0,0.0017464998238065923
2017-04-26,-0.0004476772885450009,-0.0004476772885450009,0.0,-0.00048215150790839606
2017-04-27,-0.0003196487139245363,-0.0003196487139245363,0.0,-0.00035328294397280824
2017-04-28,-0.0013956627237824426,-0.0013956627237824426,0.0,-0.0014288771221613447
2017-05-01,0.0012530938191128715,0.0013896217387767695,0.27305583932771993,0.0012255616917322347
2017-05-02,0.0007323691935530174,0.0007323691935530174,0.0,0.0007051776518409907
2017-05-03,-0.0006936803571586658,-0.0006936803571586658,0.0,-0.0007218827507503759
2017-05-04,-0.001321546201407231,-0.001321546201407231,0.0,-0.0013497450332961452
2017-05-05,0.0027911599180170388,0.0027911599180170388,0.0,0.0027616254026153956
2017-05-08,-0.00036088557784785813,-0.00036088557784785813,0.0,-0.00039110666463257636
2017-05-09,0.0024162081622598475,0.0024162081622598475,0.0,0.002385989058607083
2017-05-10,0.0019992442234118,0.0019992442234118,0.0,0.001969347789249755
2017-05-11,-0.000525222321588581,-0.000525222321588581,0.0,-0.0005544574990365837
2017-05-12,-0.0003917315512781405,-0.0003917315512781405,0.0,-0.0004206279449809066
2017-05-15,0.0018381696147946602,0.0018381696147946602,0.0,0.0018082673286526569
2017-05-16,-0.0011844721377813894,-0.0011844721377813894,0.0,-0.0012143843596684363
2017-05-17,-0.008642312333656865,-0.008642312333656865,0.0,-0.00867221814559719
2017-05-18,-1.7164213959919294e-05,-1.7164213959919294e-05,0.0,-4.7693829590774764e-05
2017-05-19,0.0026349600632133985,0.0026349600632133985,0.0,0.0026047660326150406
2017-05-22,0.0002340186848115433,0.0002340186848115433,0.0,0.00020313884594293273
2017-05-23,0.0022666135813882438,0.0022666135813882438,0.0,0.0022360680904829973
2017-05-24,0.0008345986248134984,0.0008345986248134984,0.0,0.0008037047442775168
2017-05-25,0.0017470742748868506,0.0017470742748868506,0.0,0.0017161757127747122
2017-05-26,-0.00034561163542712325,-0.00034561163542712325,0.0,-0.0003765199804415099
2017-05-30,-0.000992693488676033,-0.000992693488676033,0.0,-0.001023599897737358
2017-05-31,-0.0011723107562304769,-0.0011723107562304769,0.0,-0.0012045551140767855
2017-06-01,0.004840137688060908,0.00505572418603184,0.4311729959419389,0.004800818874541046
2017-06-02,0.00422513943296976,0.00422513943296976,0.0,0.004185896436630406
2017-06-05,-0.0015707672816008822,-0.0015707672816008822,0.0,-0.0016095967179955493
2017-06-06,-0.0006429244273284951,-0.0006429244273284951,0.0,-0.000682164392732783
2017-06-07,0.000829036305926456,0.000829036305926456,0.0,0.0007889780894536448
2017-06-08,-2.2094090033397684e-05,-2.2094090033397684e-05,0.0,-6.256008532135393e-05
2017-06-09,-0.003382683065259795,-0.003382683065259795,0.0,-0.003423149086625562
2017-06-12,-0.0005603127206276204,-0.0005603127206276204,0.0,-0.0005999651718361385
2017-06-13,0.0022097480849680995,0.0022097480849680995,0.0,0.002169277393488208
2017-06-14,0.00013814311405058177,0.00013814311405058177,0.0,9.767503529830614e-05
2017-06-15,-0.002954341716362996,-0.002954341716362996,0.0,-0.002995218398624942
2017-06-16,0.00011141330045250086,0.00011141330045250086,0.0,7.012427762558902e-05
2017-06-19,0.00336019188675607,0.00336019188675607,0.0,0.0033189029986861063
2017-06-20,-0.0027462987878810186,-0.0027462987878810186,0.0,-0.002787174864565651
2017-06-21,0.0011934639848130146,0.0011934639848130146,0.0,0.0011538110021981412
2017-06-22,0.0019959770039092994,0.0019959770039092994,0.0,0.001957551743263707
2017-06-23,0.001578357108408257,0.001578357108408257,0.0,0.0015395253305648612
2017-06-26,0.0006766287365631563,0.0006766287365631563,0.0,0.0006365725344880868
2017-06-27,-0.0035297723473787235,-0.0035297723473787235,0.0,-0.003570236488851962
2017-06-28,0.0038516560250634324,0.0038516560250634324,0.0,0.003810778938409577
2017-06-29,-0.005685149506918008,-0.005685149506918008,0.0,-0.005726839460307702
2017-06-30,-0.0011373578318418787,-0.0011373578318418787,0.0,-0.001178645932038194
2017-07-03,-0.0012794116503743735,-0.00044583660333363806,1.6671500940813822,-0.0012578729983906461
2017-07-05,0.0013079850489150502,0.0013079850489150502,0.0,0.0013293612355087584
2017-07-06,-0.0009563931991110053,-0.0009563931991110053,0.0,-0.0009353050735144388
2017-07-07,0.0034888920912383714,0.0034888920912383714,0.0,0.0035102464770280645
2017-07-10,0.0005490399318117678,0.0005490399318117678,0.0,0.0005701779677332856
2017-07-11,0.0005369091248155211,0.0005369091248155211,0.0,0.0005580131328760446
2017-07-12,0.0022989012591860813,0.0022989012591860813,0.0,0.0023199720090735427
2017-07-13,0.0015299608844960844,0.0015299608844960844,0.0,0.001550889558401095
2017-07-14,0.0007997801581578479,0.0007997801581578479,0.0,0.0008204121479285715
2017-07-17,-0.00117397706644351,-0.00117397706644351,0.0,-0.0011527885237934841
2017-07-18,-0.00025452268885395313,-0.00025452268885395313,0.0,-0.0002332602688994216
2017-07-19,0.00023065198420568755,0.00023065198420568755,0.0,0.0002527410323911099
2017-07-20,0.0020216475015544244,0.0020216475015544244,0.0,0.002044531536036883
2017-07-21,-0.0007024117451480683,-0.0007024117451480683,0.0,-0.0006794630467471182
2017-07-24,0.0007439148493135761,0.0007439148493135761,0.0,0.0007671132013856707
2017-07-25,0.0014976248379525714,0.0014976248379525714,0.0,0.001520973301856873
2017-07-26,-0.0008782521616891303,-0.0008782521616891303,0.0,-0.0008560093752488253
2017-07-27,-0.0016313694827096992,-0.0016313694827096992,0.0,-0.0016094702462533686
2017-07-28,-0.000880520424709097,-0.000880520424709097,0.0,-0.0008591203870657523
2017-07-31,0.00012430761159842874,0.00012430761159842874,0.0,0.0001455611646327686
2017-08-01,0.0013911005310809355,0.0020356277561646152,1.2890544501676502,0.0013606344958767536
2017-08-02,0.0004032505170168399,0.0004032505170168399,0.0,0.00037287079881742207
2017-08-03,-0.0018766835874834964,-0.0018766835874834964,0.0,-0.0019070680152716215
2017-08-04,0.0011631993452665412,0.0011631993452665412,0.0,0.0011328368765969763
2017-08-07,0.0011027281141908762,0.0011027281141908762,0.0,0.001073784883894998
2017-08-08,-0.002133063667647428,-0.002133063667647428,0.0,-0.002162879228809787
2017-08-09,-0.0032568259771120767,-0.0032568259771120767,0.0,-0.0032866170533377708
2017-08-10,-0.00806766313483076,-0.00806766313483076,0.0,-0.008097130612547488
2017-08-11,0.0021766958928237656,0.0021766958928237656,0.0,0.0021478915623211717
2017-08-14,0.0031094744498609828,0.0031094744498609828,0.0,0.0030806456303420753
2017-08-15,0.001469769566687651,0.001469769566687651,0.0,0.0014406200931751214
2017-08-16,0.0006858596845733533,0.0006858596845733533,0.0,0.0006572654720791442
2017-08-17,-0.006373069505055784,-0.006373069505055784,0.0,-0.0064010992811278
2017-08-18,0.0027138268848609925,0.0027138268848609925,0.0,0.0026852961437298832
2017-08-21,-0.0003935645249939501,-0.0003935645249939501,0.0,-0.00042183983903394825
2017-08-22,0.004091644715644938,0.004091644715644938,0.0,0.004063373736613988
2017-08-23,0.0003454397692164157,0.0003454397692164157,0.0,0.0003174099242804163
2017-08-24,-0.00023559034886988517,-0.00023559034886988517,0.0,-0.00026419605783548615
2017-08-25,0.0020988922905900154,0.0020988922905900154,0.0,0.002070003160846205
2017-08-28,-0.001429659744531575,-0.001429659744531575,0.0,-0.0014574272599963101
2017-08-29,0.000299233174117175,0.000299233174117175,0.0,0.0002703365940458849
2017-08-30,0.00032770790786784687,0.00032770790786784687,0.0,0.00029880798253731594
2017-08-31,0.0017867994695217604,0.0017867994695217604,0.0,0.0017584682300723184
2017-09-01,-0.00028939552128048884,-5.335572269782318e-05,0.47207959716551223,-0.0003293742264742958
2017-09-05,-0.0026343322476068964,-0.0026343322476068964,0.0,-0.002674705868667143
2017-09-06,0.001860785491560657,0.001860785491560657,0.0,0.0018188121072146223
2017-09-07,0.0021914494093258075,0.0021914494093258075,0.0,0.0021502760768397316
2017-09-08,-0.0014190410276716525,-0.0014190410276716525,0.0,-0.0014598139687516949
2017-09-11,0.003075396719332435,0.003075396719332435,0.0,0.0030338238788511383
2017-09-12,0.0016676412590981293,0.0016676412590981293,0.0,0.0016268688074390658
2017-09-13,-0.001691608279769219,-0.001691608279769219,0.0,-0.001732380238193449
2017-09-14,0.0005647020436259087,0.0005647020436259087,0.0,0.0005235298540343487
2017-09-15,0.0014057765427455404,0.0014057765427455404,0.0,0.0013646045220026414
2017-09-18,0.001601723823655199,0.001601723823655199,0.0,0.001560152498374723
2017-09-19,0.0020101648570642894,0.0020101648570642894,0.0,0.0019689937335514653
2017-09-20,-0.0019137183830596483,-0.0019137183830596483,0.0,-0.0019544891946896275
2017-09-21,-0.000890259850641284,-0.000890259850641284,0.0,-0.0009310312271742465
2017-09-22,0.0007033047245696977,0.0007033047245696977,0.0,0.0006629328069667435
2017-09-25,-0.0027377036852160863,-0.0027377036852160863,0.0,-0.002779274556972272
2017-09-26,-0.00016588945909024044,-0.00016588945909024044,0.0,-0.00020786088510795715
2017-09-27,0.0008269693837141823,0.0008269693837141823,0.0,0.0007849979071317136
2017-09-28,0.0006884316273472191,0.0006884316273472191,0.0,0.0006468601285746739
2017-09-29,0.001727493891321874,0.001727493891321874,0.0,0.0016859226000770257
2017-10-02,0.0014206779921834833,0.0016488196549591105,0.4562833255510614,0.001392259220926857
2017-10-03,0.0033023509867859957,0.0033023509867859957,0.0,0.0032724542424032266
2017-10-04,0.0008698002382028225,0.0008698002382028225,0.0,0.0008395796534844124
2017-10-05,-0.0001101785172340497,-0.0001101785172340497,0.0,-0.00014012419701381188
2017-10-06,-0.0013685825902978177,-0.0013685825902978177,0.0,-0.0013985269785343239
2017-10-09,-0.001276163807621522,-0.001276163807621522,0.0,-0.001306092130965718
2017-10-10,0.002383749485815434,0.002383749485815434,0.0,0.002353551272860106
2017-10-11,0.00014402922288780928,0.00014402922288780928,0.0,0.00011323248334934094
2017-10-12,-0.0016365493997424485,-0.0016365493997424485,0.0,-0.001667062705004073
2017-10-13,0.0013602756830033425,0.0013602756830033425,0.0,0.0013297819616674223
2017-10-16,0.0008010199457442191,0.0008010199457442191,0.0,0.0007699396887052243
2017-10-17,-2.4295807285912296e-05,-2.4295807285912296e-05,0.0,-5.4815349178634665e-05
2017-10-18,0.0019281704904841046,0.0019281704904841046,0.0,0.001897651238709213
2017-10-19,-0.001788439569513356,-0.001788439569513356,0.0,-0.001819267242808575
2017-10-20,0.0025849425078028343,0.0025849425078028343,0.0,0.0025538511451733826
2017-10-23,-0.0026296110377974635,-0.0026296110377974635,0.0,-0.002660448229450738
2017-10-24,0.002260684572742866,0.002260684572742866,0.0,0.00222930859998942
2017-10-25,-0.0009525873938414087,-0.0009525873938414087,0.0,-0.0009839910535017276
2017-10-26,-0.0009825379168064696,-0.0009825379168064696,0.0,-0.0010136445172222236
2017-10-27,0.0029591661481387366,0.0029591661481387366,0.0,0.002928356766760639
2017-10-30,-0.0022940232857969756,-0.0022940232857969756,0.0,-0.0023254394156775305
2017-10-31,0.0013912069528145832,0.0013912069528145832,0.0,0.0013589629177417266
2017-11-01,-0.0012337006869699296,-0.00106310007484256,0.34120122425478727,-0.0012652294756173993
2017-11-02,0.0009592710656782799,0.0009592710656782799,0.0,0.0009281012996737706
2017-11-03,8.354681443001333e-05,8.354681443001333e-05,0.0,5.2092023730510614e-05
2017-11-06,0.0017426098834631976,0.0017426098834631976,0.0,0.0017108827025205631
2017-11-07,-0.0014793712474074905,-0.0014793712474074905,0.0,-0.001511938175781955
2017-11-08,0.0012151833173523752,0.0012151833173523752,0.0,0.001182367484410368
2017-11-09,-0.002427689198436389,-0.002427689198436389,0.0,-0.0024607948374924895
2017-11-10,0.0008700930364118342,0.0008700930364118342,0.0,0.0008372957009321073
2017-11-13,-0.0007722876654016053,-0.0007722876654016053,0.0,-0.0008053693926119535
2017-11-14,-0.0026963579402221605,-0.0026963579402221605,0.0,-0.002729969947511487
2017-11-15,-0.0033691786624421294,-0.0033691786624421294,0.0,-0.0034024777835590858
2017-11-16,0.0071773845648501755,0.0071773845648501755,0.0,0.007143597281171597
2017-11-17,-0.0014594782026584596,-0.0014594782026584596,0.0,-0.0014936493940530316
2017-11-20,0.0020238235463434506,0.0020238235463434506,0.0,0.0019891334578836842
2017-11-21,0.004655413121793073,0.004655413121793073,0.0,0.004620690508389423
2017-11-22,0.000403914142527384,0.000403914142527384,0.0,0.0003693889107159086
2017-11-24,0.0031718432458116563,0.0031718432458116563,0.0,0.00313758350850446
2017-11-27,-0.0035848621304903627,-0.0035848621304903627,0.0,-0.003618899337928335
2017-11-28,0.00274895161373645,0.00274895161373645,0.0,0.0027141548599903978
2017-11-29,-0.0019469867856818368,-0.0019469867856818368,0.0,-0.001981555201321792
2017-11-30,0.0020805729045303423,0.0020805729045303423,0.0,0.0020465792649470684
2017-12-01,-5.195203317098773e-05,0.0004205784659709888,0.9450609982841646,-0.00012952148598638558
2017-12-04,-0.0028974923361748672,-0.0028974923361748672,0.0,-0.002976997837231685
2017-12-05,-0.00039707067753858016,-0.00039707067753858016,0.0,-0.0004766596127112037
2017-12-06,-0.0010158039140911734,-0.0010158039140911734,0.0,-0.0010954042875686908
2017-12-07,3.021746869724673e-05,3.021746869724673e-05,0.0,-4.879008975710229e-05
2017-12-08,0.0023089155380284776,0.0023089155380284776,0.0,0.002230530944044192
2017-12-11,0.0016224434545408783,0.0016224434545408783,0.0,0.0015410163421617758
2017-12-12,-0.00036566169433327467,-0.00036566169433327467,0.0,-0.0004476623314592646
2017-12-13,0.00422391111932896,0.00422391111932896,0.0,0.0041443848435743415
2017-12-14,-0.0019460349087664364,-0.0019460349087664364,0.0,-0.0020266810406632625
2017-12-15,0.0014654786478212056,0.0014654786478212056,0.0,0.0013853966468693713
2017-12-18,0.00326622798204812,0.00326622798204812,0.0,0.003181845018268723
2017-12-19,-0.00522586303241479,-0.00522586303241479,0.0,-0.005309527243337448
2017-12-20,-0.0019821852549918306,-0.0019821852549918306,0.0,-0.0020666284587235956
2017-12-21,0.0028813923720640844,0.0028813923720640844,0.0,0.002798752694243746
2017-12-22,0.0015002179747150013,0.0015002179747150013,0.0,0.0014189055052789997
2017-12-26,0.0015545914270058692,0.0015545914270058692,0.0,0.001464637703467006
2017-12-27,0.002874622990103548,0.002874622990103548,0.0,0.0027865796495155524
2017-12-28,0.0016902964144538402,0.0016902964144538402,0.0,0.0016054408401698559
2017-12-29,0.001461499766294061,0.001461499766294061,0.0,0.001376695643016861
2018-01-02,0.0031049769310627084,0.003221172807277517,0.23239175242932195,0.0030096635338681997
2018-01-03,0.003767180125853198,0.003767180125853198,0.0,0.003674179958062529
2018-01-04,0.0022759654208726054,0.0022759654208726054,0.0,0.002183107273576931
2018-01-05,0.001419797759801833,0.001419797759801833,0.0,0.0013283600769201217
2018-01-08,0.00015195204171858379,0.00015195204171858379,0.0,5.656465169757353e-05
2018-01-09,-0.003406775911756088,-0.003406775911756088,0.0,-0.0035014904274045574
2018-01-10,0.0007746221561852895,0.0007746221561852895,0.0,0.0006811123461595971
2018-01-11,0.004865299505079301,0.004865299505079301,0.0,0.004771151355128078
2018-01-12,0.005774635855787524,0.005774635855787524,0.0,0.005680672639932541
2018-01-16,0.0003041426530334679,0.0003041426530334679,0.0,0.00020906795966975516
2018-01-17,0.001011176878753739,0.001011176878753739,0.0,0.0009167786157266201
2018-01-18,-0.002891982644342539,-0.002891982644342539,0.0,-0.0029870069777362647
2018-01-19,0.0025020957293047097,0.0025020957293047097,0.0,0.0024076256568557643
2018-01-22,0.0028840111938690516,0.0028840111938690516,0.0,0.002788971653244786
2018-01-23,0.005997628961705859,0.005997628961705859,0.0,0.005903363384491796
2018-01-24,0.003639141054809558,0.003639141054809558,0.0,0.0035457637803139558
2018-01-25,-0.0007714887058413167,-0.0007714887058413167,0.0,-0.0008640689919462061
2018-01-26,0.003965468685747764,0.003965468685747764,0.0,0.0038735213053726213
2018-01-29,-0.007716224618149803,-0.007716224618149803,0.0,-0.0078106684767536
2018-01-30,-0.006643798355251418,-0.006643798355251418,0.0,-0.006737872864200198
2018-01-31,0.0035630382029807617,0.0035630382029807617,0.0,0.003467382831569241
2018-02-01,-0.004030940373016323,-0.003292975753353189,1.4759292393262167,-0.004043348131729862
2018-02-02,-0.010962006337646435,-0.010962006337646435,0.0,-0.01097436885975417
2018-02-05,-0.014079360166879162,-0.014079360166879162,0.0,-0.014091461214803078
2018-02-06,0.004768432355661156,0.004768432355661156,0.0,0.004756926149786633
2018-02-07,-0.008021388656656692,-0.008021388656656692,0.0,-0.00803335742634452
2018-02-08,-0.013433164942210474,-0.013433164942210474,0.0,-0.013444739543390184
2018-02-09,0.0009496390029519741,0.0009496390029519741,0.0,0.0009387334912491285
2018-02-12,0.006554179817248151,0.006554179817248151,0.0,0.006542654356357615
2018-02-13,0.0019604750693895667,0.0019604750693895667,0.0,0.0019489034619433556
2018-02-14,0.00801435902536407,0.00801435902536407,0.0,0.00800276249439136
2018-02-15,0.007310366064898766,0.007310366064898766,0.0,0.007298369551305756
2018-02-16,0.0018976352945510033,0.0018976352945510033,0.0,0.0018850389136416256
2018-02-20,-0.005593014591427581,-0.005593014591427581,0.0,-0.005606105739619438
2018-02-21,-0.0051306995997365545,-0.0051306995997365545,0.0,-0.005143342259421805
2018-02-22,0.003178435083003528,0.003178435083003528,0.0,0.0031661351518723646
2018-02-23,0.00761688208342437,0.00761688208342437,0.0,0.007604418699663547
2018-02-26,0.00437846626164573,0.00437846626164573,0.0,0.004365294829422906
2018-02-27,-0.00936163302994264,-0.00936163302994264,0.0,-0.009374951269644638
2018-02-28,-0.004129286412252742,-0.004129286412252742,0.0,-0.00414203727790113
2018-03-01,-0.005043834649464118,-0.0045458173544057345,0.9960345901166023,-0.005020586566098002
2018-03-02,0.003276121755060757,0.003276121755060757,0.0,0.0032999428309233862
2018-03-05,0.0007022282023425586,0.0007022282023425586,0.0,0.0007264879107687747
2018-03-06,0.00217427728806463,0.00217427728806463,0.0,0.002198183694080537
2018-03-07,-0.0005817818816460374,-0.0005817818816460374,0.0,-0.0005580693965417978
2018-03-08,-0.0016362422554370148,-0.0016362422554370148,0.0,-0.0016126218784608755
2018-03-09,0.003973062649422987,0.003973062649422987,0.0,0.0039968283985291455
2018-03-12,5.876074840305279e-05,5.876074840305279e-05,0.0,8.274598423850472e-05
2018-03-13,-0.0019054183020498217,-0.0019054183020498217,0.0,-0.0018811529175634134
2018-03-14,0.00015482716179304745,0.00015482716179304745,0.0,0.00017969895860238085
2018-03-15,-0.0005726040427485035,-0.0005726040427485035,0.0,-0.0005476030396087992
2018-03-16,0.0011523839272065128,0.0011523839272065128,0.0,0.0011775828074226272
2018-03-19,-0.0013927884026017079,-0.0013927884026017079,0.0,-0.001367411720116176
2018-03-20,0.000681742623136472,0.000681742623136472,0.0,0.000707396787029721
2018-03-21,0.0026057178991032437,0.0026057178991032437,0.0,0.0026303001714932813
2018-03-22,-0.005554710079657577,-0.005554710079657577,0.0,-0.0055306527543700695
2018-03-23,-0.0017784447936295411,-0.0017784447936295411,0.0,-0.001753587765929907
2018-03-26,0.006019200802511726,0.006019200802511726,0.0,0.006044954654533562
2018-03-27,-0.004424989901690601,-0.004424989901690601,0.0,-0.004400094170964454
2018-03-28,-0.0027891465271771,-0.0027891465271771,0.0,-0.0027644151648477397
2018-03-29,0.0032605563794532166,0.0032605563794532166,0.0,0.0032855455970823106
2018-04-02,-0.004100766160522018,-0.0039061464390858225,0.38923944287247236,-0.004095551357266518
2018-04-03,0.0013266097569617497,0.0013266097569617497,0.0,0.001331962215748527
2018-04-04,0.0012291757123972236,0.0012291757123972236,0.0,0.0012343084456138327
2018-04-05,-0.0011652691043895214,-0.0011652691043895214,0.0,-0.001160194489598364
2018-04-06,-0.00188944775709321,-0.00188944775709321,0.0,-0.0018842584586427297
2018-04-09,0.0013686651545388173,0.0013686651545388173,0.0,0.0013740859833051464
2018-04-10,0.004941473835199384,0.004941473835199384,0.0,0.004946731925153647
2018-04-11,0.001466323743080311,0.001466323743080311,0.0,0.00147119366598028
2018-04-12,9.93548639804942e-05,9.93548639804942e-05,0.0,0.00010417492989974019
2018-04-13,-0.0004395155113823268,-0.0004395155113823268,0.0,-0.0004346747235700954
2018-04-16,0.0005315805179577637,0.0005315805179577637,0.0,0.0005365381253340882
2018-04-17,0.0014487763338475457,0.0014487763338475457,0.0,0.001453722143148682
2018-04-18,0.000662891528147469,0.000662891528147469,0.0,0.0006677558982883374
2018-04-19,-0.002087629610185937,-0.002087629610185937,0.0,-0.0020827882077902355
2018-04-20,-0.002564162530293679,-0.002564162530293679,0.0,-0.0025591903351851685
2018-04-23,-0.0010236808466737024,-0.0010236808466737024,0.0,-0.00101834013045276
2018-04-24,-0.0027722003519579097,-0.0027722003519579097,0.0,-0.002766779341401582
2018-04-25,-0.0018143760123896513,-0.0018143760123896513,0.0,-0.0018087982487128178
2018-04-26,0.001887360085922385,0.001887360085922385,0.0,0.0018929849924312699
2018-04-27,0.00016173036988043066,0.00016173036988043066,0.0,0.00016718025290902706
2018-04-30,-0.0011702128544627266,-0.0011702128544627266,0.0,-0.0011645919854611907
2018-05-01,-0.0022980316269971546,-0.002123346724645203,0.34936980470368684,-0.0022724753390688007
2018-05-02,-0.0010629547551558316,-0.0010629547551558316,0.0,-0.0010374707274178748
2018-05-03,-7.054591714872327e-05,-7.054591714872327e-05,0.0,-4.509971163932456e-05
2018-05-04,0.0018102565768203238,0.0018102565768203238,0.0,0.0018357096169318635
2018-05-07,0.00027741668674274855,0.00027741668674274855,0.0,0.0003031159627974282
2018-05-08,-0.00018937987830724978,-0.00018937987830724978,0.0,-0.0001635675856323683
2018-05-09,0.0018660267047447832,0.0018660267047447832,0.0,0.001891998102967111
2018-05-10,0.0020748600989024535,0.0020748600989024535,0.0,0.0021007857745155927
2018-05-11,-0.0001860967886408993,-0.0001860967886408993,0.0,-0.00016010107094985767
2018-05-14,0.0011011610076425704,0.0011011610076425704,0.0,0.0011274521993352381
2018-05-15,-0.0010701541921801505,-0.0010701541921801505,0.0,-0.0010441126381999966
2018-05-16,0.0013801185887434286,0.0013801185887434286,0.0,0.0014061300298765123
2018-05-17,-0.0008448932966635958,-0.0008448932966635958,0.0,-0.0008190205242527078
2018-05-18,-0.00260751216199262,-0.00260751216199262,0.0,-0.0025816924994047203
2018-05-21,0.0008022478779063924,0.0008022478779063924,0.0,0.000828747455791014
2018-05-22,-0.00018163501778856173,-0.00018163501778856173,0.0,-0.0001552171205491147
2018-05-23,-0.0024629724540206066,-0.0024629724540206066,0.0,-0.0024368143381312047
2018-05-24,-0.0013309262621480356,-0.0013309262621480356,0.0,-0.0013046598234639863
2018-05-25,-0.004254408530545373,-0.004254408530545373,0.0,-0.004228149370060329
2018-05-29,-0.007102838728674121,-0.007102838728674121,0.0,-0.007075578108347557
2018-05-30,0.004836164435848556,0.004836164435848556,0.0,0.004864159431606646
2018-05-31,-7.438692640204803e-05,-7.438692640204803e-05,0.0,-4.703426701812168e-05
2018-06-01,0.0017031206450315306,0.0018194056759968102,0.23257006193067506,0.0017140791669326685
2018-06-04,0.0035456396484261354,0.0035456396484261354,0.0,0.00355670780963049
2018-06-05,-0.00041228880502419685,-0.00041228880502419685,0.0,-0.0004015275363739887
2018-06-06,0.0026461450759107663,0.0026461450759107663,0.0,0.0026569420449041327
2018-06-07,-0.0017661369457641074,-0.0017661369457641074,0.0,-0.0017556238355572835
2018-06-08,0.0005323911469681253,0.0005323911469681253,0.0,0.0005430001221899943
2018-06-11,0.0008859729813615047,0.0008859729813615047,0.0,0.0008966481856185184
2018-06-12,-0.0006402694158196276,-0.0006402694158196276,0.0,-0.0006297817335828438
2018-06-13,-0.00039304625968661355,-0.00039304625968661355,0.0,-0.00038244802706206187
2018-06-14,-0.0028687865377101662,-0.0028687865377101662,0.0,-0.0028581544917595063
2018-06-15,-0.0019466781751135143,-0.0019466781751135143,0.0,-0.0019357986206457766
2018-06-18,1.3686873936435973e-06,1.3686873936435973e-06,0.0,1.2474668290807297e-05
2018-06-19,-0.0020369393334136454,-0.0020369393334136454,0.0,-0.0020258334714547493
2018-06-20,0.0015552712028445992,0.0015552712028445992,0.0,0.0015664953606170815
2018-06-21,-0.0022949147756464727,-0.0022949147756464727,0.0,-0.002283825127795269
2018-06-22,0.0031804883558024244,0.0031804883558024244,0.0,0.003191717525682039
2018-06-25,-0.0031923925863339697,-0.0031923925863339697,0.0,-0.0031813788307038827
2018-06-26,0.00031995394096306917,0.00031995394096306917,0.0,0.0003312444365540066
2018-06-27,-0.00429080204501775,-0.00429080204501775,0.0,-0.004279598554234418
2018-06-28,0.0014593779509617377,0.0014593779509617377,0.0,0.0014709529177897825
2018-06-29,0.002264588620186636,0.002264588620186636,0.0,0.0022760374255342696
2018-07-02,-0.00223650082263116,-0.0020694808183818747,0.3340400084985467,-0.002243383523683792
2018-07-03,-0.0005722473061074984,-0.0005722473061074984,0.0,-0.0005792579333522358
2018-07-05,0.0021491982582146907,0.0021491982582146907,0.0,0.002142299557509488
2018-07-06,0.0020920119684697536,0.0020920119684697536,0.0,0.002084927960673755
2018-07-09,0.00347421701656625,0.00347421701656625,0.0,0.0034669129975796642
2018-07-10,-0.00042922203405804105,-0.00042922203405804105,0.0,-0.0004367686726060855
2018-07-11,-0.005569284911008943,-0.005569284911008943,0.0,-0.005576724468400567
2018-07-12,0.0020559219031495157,0.0020559219031495157,0.0,0.002048833065609251
2018-07-13,0.00019976275166766477,0.00019976275166766477,0.0,0.00019253050969921044
2018-07-16,-0.0017488474593274628,-0.0017488474593274628,0.0,-0.0017562430379706533
2018-07-17,0.00021597856058885867,0.00021597856058885867,0.0,0.00020870767572037178
2018-07-18,0.0007234230761221649,0.0007234230761221649,0.0,0.0007162103939873932
2018-07-19,-0.0008455525305071099,-0.0008455525305071099,0.0,-0.000852816224157531
2018-07-20,0.0017179460295571047,0.0017179460295571047,0.0,0.0017107787649295215
2018-07-23,0.001272207334161779,0.001272207334161779,0.0,0.0012648822803535624
2018-07-24,0.0011142809867359382,0.0011142809867359382,0.0,0.0011067907574576373
2018-07-25,0.0029717284870203198,0.0029717284870203198,0.0,0.002964197370488815
2018-07-26,-0.000543940636717144,-0.000543940636717144,0.0,-0.0005516024814710208
2018-07-27,-0.002077133145752197,-0.002077133145752197,0.0,-0.0020847961437396698
2018-07-30,-0.0009222121378205106,-0.0009222121378205106,0.0,-0.0009299209565973676
2018-07-31,0.0008014934803508567,0.0008014934803508567,0.0,0.000793927214018108
2018-08-01,-0.0002754394271180516,-4.0087289330470455e-05,0.47070427557510097,-0.00025268630575981917
2018-08-02,0.0009911111833269537,0.0009911111833269537,0.0,0.0010137279166988894
2018-08-03,-0.0008440679678456409,-0.0008440679678456409,0.0,-0.0008216651438127216
2018-08-06,0.0006456835716672771,0.0006456835716672771,0.0,0.0006687421176914948
2018-08-07,0.0027088594825408485,0.0027088594825408485,0.0,0.0027318514258697886
2018-08-08,-0.0019465321727188956,-0.0019465321727188956,0.0,-0.0019238188952034314
2018-08-09,0.00022691310876687965,0.00022691310876687965,0.0,0.00024982702049590537
2018-08-10,-0.001900627118140763,-0.001900627118140763,0.0,-0.0018778499090874026
2018-08-13,-0.00015157680872168733,-0.00015157680872168733,0.0,-0.00012837575815298762
2018-08-14,0.0017740580694731722,0.0017740580694731722,0.0,0.001797389217895958
2018-08-15,-0.003234137189477959,-0.003234137189477959,0.0,-0.003211104181556736
2018-08-16,0.001749913144909021,0.001749913144909021,0.0,0.0017732822594707747
2018-08-17,-0.00020193470241836042,-0.00020193470241836042,0.0,-0.00017897557831716212
2018-08-20,-0.00037710902558829584,-0.00037710902558829584,0.0,-0.00035390049892200054
2018-08-21,0.0018661525990386618,0.0018661525990386618,0.0,0.0018895147913896182
2018-08-22,0.0009591692318275946,0.0009591692318275946,0.0,0.0009824506879465868
2018-08-23,0.0014430995389351775,0.0014430995389351775,0.0,0.001466167653716553
2018-08-24,2.231896225746155e-05,2.231896225746155e-05,0.0,4.534952563529633e-05
2018-08-27,0.001890950696063376,0.001890950696063376,0.0,0.0019143159283882105
2018-08-28,0.002302121188549222,0.002302121188549222,0.0,0.0023253979097422185
2018-08-29,0.0016207232246372438,0.0016207232246372438,0.0,0.0016437559917168905
2018-08-30,-0.002156911221247948,-0.002156911221247948,0.0,-0.0021342686915327355
2018-08-31,0.0006573935959925947,0.0006573935959925947,0.0,0.0006802626270277829
2018-09-04,-0.00011109573117418226,0.00016969033509584008,0.5615721325400431,-5.523015695707695e-05
2018-09-05,-0.0016443266607210072,-0.0016443266607210072,0.0,-0.001588068680921683
2018-09-06,-0.0026487787683621145,-0.0026487787683621145,0.0,-0.0025925598667547955
2018-09-07,0.0013169760489422089,0.0013169760489422089,0.0,0.0013738352795963438
2018-09-10,0.0005661268188057456,0.0005661268188057456,0.0,0.0006230715422505784
2018-09-11,0.003951083185860904,0.003951083185860904,0.0,0.004007948314542935
2018-09-12,-0.0013136776817493923,-0.0013136776817493923,0.0,-0.0012570989899182588
2018-09-13,0.00045992697096886026,0.00045992697096886026,0.0,0.000516422994183767
2018-09-14,0.002232250408688241,0.002232250408688241,0.0,0.0022889494158960452
2018-09-17,-0.001907972469609831,-0.001907972469609831,0.0,-0.0018513211524889695
2018-09-18,0.0038147770515524204,0.0038147770515524204,0.0,0.003871698241838884
2018-09-19,-0.0006673854373031585,-0.0006673854373031585,0.0,-0.0006112664896141081
2018-09-20,-0.0002611629023997475,-0.0002611629023997475,0.0,-0.000204685140297756
2018-09-21,0.0002880785347254555,0.0002880785347254555,0.0,0.0003448584575690698
2018-09-24,0.0009477463288065646,0.0009477463288065646,0.0,0.0010055459866988737
2018-09-25,-5.507611341770691e-06,-5.507611341770691e-06,0.0,5.189089978753416e-05
2018-09-26,-0.0018921823813317085,-0.0018921823813317085,0.0,-0.0018350475927130987
2018-09-27,0.002609101166895611,0.002609101166895611,0.0,0.0026659752311251764
2018-09-28,0.0007987640845616983,0.0007987640845616983,0.0,0.0008555331972032345
2018-10-01,0.0022527190167536126,0.0023217545155562735,0.1380709976052512,0.0023023251071717364
2018-10-02,-0.004383991943211929,-0.004383991943211929,0.0,-0.004334526720093285
2018-10-03,0.003088850482804828,0.003088850482804828,0.0,0.0031389161833272105
2018-10-04,-0.0035038637097771774,-0.0035038637097771774,0.0,-0.0034544464722987564
2018-10-05,-0.0024311336812687934,-0.0024311336812687934,0.0,-0.002381238505876685
2018-10-08,-0.0005907236313562603,-0.0005907236313562603,0.0,-0.0005404960336013794
2018-10-09,-0.0009047327016216133,-0.0009047327016216133,0.0,-0.000853731965528201
2018-10-10,-0.009190569879294341,-0.009190569879294341,0.0,-0.009138980862143375
2018-10-11,-0.009936441134843599,-0.009936441134843599,0.0,-0.009883789918451489
2018-10-12,0.003196356026585301,0.003196356026585301,0.0,0.0032506633281033323
2018-10-15,-0.0020062097647630672,-0.0020062097647630672,0.0,-0.0019513914857027961
2018-10-16,0.0062165045415267794,0.0062165045415267794,0.0,0.006271371326637817
2018-10-17,0.00024406945421229231,0.00024406945421229231,0.0,0.00029828202125741914
2018-10-18,-0.0048786369610491764,-0.0048786369610491764,0.0,-0.004824459602663812
2018-10-19,0.001161748667280138,0.001161748667280138,0.0,0.0012163914698375422
2018-10-22,7.667293833413247e-05,7.667293833413247e-05,0.0,0.00013211243076743302
2018-10-23,-0.005451304353701891,-0.005451304353701891,0.0,-0.005396117101409974
2018-10-24,-0.008710301030570466,-0.008710301030570466,0.0,-0.008654313195080124
2018-10-25,0.006228776657892565,0.006228776657892565,0.0,0.0062860549357493635
2018-10-26,-0.0075046496164771215,-0.0075046496164771215,0.0,-0.007448534546326856
2018-10-29,0.00032592509284401494,0.00032592509284401494,0.0,0.0003836505580211235
2018-10-30,0.005316442909999219,0.005316442909999219,0.0,0.005373869060473389
2018-10-31,0.0027274180933543057,0.0027274180933543057,0.0,0.002784059989221833
2018-11-01,-0.004386390288954378,-0.0031950808881437975,2.3826188016214487,-0.0044152770656144605
2018-11-02,0.0002902992590716469,0.0002902992590716469,0.0,0.00026136353690341644
2018-11-05,-0.0004552404774458285,-0.0004552404774458285,0.0,-0.00048470201716300696
2018-11-06,-0.00027128902467299376,-0.00027128902467299376,0.0,-0.00030059518596860067
2018-11-07,-0.0006927574575221751,-0.0006927574575221751,0.0,-0.0007221734897486197
2018-11-08,0.0018314344377339253,0.0018314344377339253,0.0,0.0018023150471804135
2018-11-09,-0.00020461839354213307,-0.00020461839354213307,0.0,-0.00023397850052063937
2018-11-12,-0.00031580955145926737,-0.00031580955145926737,0.0,-0.0003451569067603954
2018-11-13,-0.003002961770903867,-0.003002961770903867,0.0,-0.0030326703177596466
2018-11-14,-0.0007942441428104852,-0.0007942441428104852,0.0,-0.0008236363389068986
2018-11-15,0.0006045235258889115,0.0006045235258889115,0.0,0.0005753073927035403
2018-11-16,-0.002782572000278649,-0.002782572000278649,0.0,-0.002811700007946105
2018-11-19,-0.0008482233076718693,-0.0008482233076718693,0.0,-0.0008775528309777808
2018-11-20,-0.0005194953092804155,-0.0005194953092804155,0.0,-0.0005487709012329118
2018-11-21,-0.00036561638291243703,-0.00036561638291243703,0.0,-0.00039510886365696384
2018-11-23,-0.0010835941534002025,-0.0010835941534002025,0.0,-0.0011130631682349096
2018-11-26,0.0005994276270588905,0.0005994276270588905,0.0,0.0005699036609703591
2018-11-27,0.0012344744268582009,0.0012344744268582009,0.0,0.001205036543473818
2018-11-28,-0.0007202678936315543,-0.0007202678936315543,0.0,-0.0007496598762101002
2018-11-29,-0.0001503553074141406,-0.0001503553074141406,0.0,-0.00017932662992974657
2018-11-30,0.00026735816742062823,0.00026735816742062823,0.0,0.00023839633257409146
2018-12-03,-0.0011954311053279376,-0.0009621129087755698,0.46663639310466365,-0.0011996611381045233
2018-12-04,-0.003490220449296144,-0.003490220449296144,0.0,-0.003494470770786767
2018-12-06,0.0011308000334866453,0.0011308000334866453,0.0,0.0011268986742948002
2018-12-07,-0.003091790471654088,-0.003091790471654088,0.0,-0.0030957762441416784
2018-12-10,0.002753520015024158,0.002753520015024158,0.0,0.0027497795318106822
2018-12-11,0.0003956563953670944,0.0003956563953670944,0.0,0.00039166793246463676
2018-12-12,-0.0013014722605025897,-0.0013014722605025897,0.0,-0.0013055303002854008
2018-12-13,-0.0002440025715647609,-0.0002440025715647609,0.0,-0.00024792582127768813
2018-12-14,0.001534552156639446,0.001534552156639446,0.0,0.0015306673911371347
2018-12-17,-0.0030059628088829893,-0.0030059628088829893,0.0,-0.003009968747675034
2018-12-18,0.00011265049490316592,0.00011265049490316592,0.0,0.00010894649577930927
2018-12-19,-0.0022077501780480846,-0.0022077501780480846,0.0,-0.002211480091157144
2018-12-20,-0.003156760236896372,-0.003156760236896372,0.0,-0.0031602770368768618
2018-12-21,0.001977596404088011,0.001977596404088011,0.0,0.001974362523257388
2018-12-24,-0.0039045990809507547,-0.0039045990809507547,0.0,-0.003908111882178303
2018-12-26,0.00423027571358503,0.00423027571358503,0.0,0.004227150177404248
2018-12-27,-0.0006556583141633654,-0.0006556583141633654,0.0,-0.0006591261165899759
2018-12-28,-0.002315891475397569,-0.002315891475397569,0.0,-0.0023192856664360603
2018-12-31,-0.0012834981979968907,-0.0012834981979968907,0.0,-0.001286751579251006
2019-01-02,-0.0033471469361729955,-0.0029161585325416794,0.8619768072628547,-0.0033463845368008594
2019-01-03,0.001328435428654684,0.001328435428654684,0.0,0.0013295771663381698
2019-01-04,-0.007821757395371498,-0.007821757395371498,0.0,-0.007820737111386988
2019-01-07,-0.003829962421093569,-0.003829962421093569,0.0,-0.0038281628078401927
2019-01-08,-0.003168512749710306,-0.003168512749710306,0.0,-0.003166338531129293
2019-01-09,-0.004620869539298855,-0.004620869539298855,0.0,-0.004618394737812623
2019-01-10,0.0012259392712639094,0.0012259392712639094,0.0,0.0012288432839245576
2019-01-11,0.0009262357373320818,0.0009262357373320818,0.0,0.0009290205528246571
2019-01-14,0.0026112531190130017,0.0026112531190130017,0.0,0.002613970606355182
2019-01-15,-0.001309003470802983,-0.001309003470802983,0.0,-0.0013065411040967837
2019-01-16,-0.0019491087832237408,-0.0019491087832237408,0.0,-0.0019465399455170435
2019-01-17,-0.001644314017298476,-0.001644314017298476,0.0,-0.0016415673103565686
2019-01-18,-0.0022917994005270392,-0.0022917994005270392,0.0,-0.002288905533326767
2019-01-22,0.004329638648721268,0.004329638648721268,0.0,0.004332780688866731
2019-01-23,-0.0017133263679857125,-0.0017133263679857125,0.0,-0.0017106278890732173
2019-01-24,-0.0002763031134075389,-0.0002763031134075389,0.0,-0.0002734878130890133
2019-01-25,-0.005047168778448685,-0.005047168778448685,0.0,-0.005044302759692249
2019-01-28,0.002105328945572138,0.002105328945572138,0.0,0.0021087235153318374
2019-01-29,-0.00127189295114849,-0.00127189295114849,0.0,-0.0012687030982530664
2019-01-30,-0.005048344128754878,-0.005048344128754878,0.0,-0.005045030442701782
2019-01-31,-0.0020494636087030615,-0.0020494636087030615,0.0,-0.002045671981574827
2019-02-01,-0.0015290426105735166,-0.0009694230657562031,1.1192390896346094,-0.0015782238128691463
2019-02-04,-0.0005207212032850572,-0.0005207212032850572,0.0,-0.0005703264310021585
2019-02-05,0.0010812606598900043,0.0010812606598900043,0.0,0.0010316785863252517
2019-02-06,0.0011044761410761161,0.0011044761410761161,0.0,0.0010548460405959265
2019-02-07,0.0031371744077013375,0.0031371744077013375,0.0,0.0030874953032553553
2019-02-08,0.001383745520596058,0.001383745520596058,0.0,0.0013337174577400185
2019-02-11,0.00030282849653207045,0.00030282849653207045,0.0,0.000252318137981197
2019-02-12,-0.0018938858164749828,-0.0018938858164749828,0.0,-0.0019439886832645606
2019-02-13,-9.741890646230988e-05,-9.741890646230988e-05,0.0,-0.0001476477987498145
2019-02-14,0.0016010924579468178,0.0016010924579468178,0.0,0.0015510780567147735
2019-02-15,-0.0026204931955409183,-0.0026204931955409183,0.0,-0.002670578619665838
2019-02-19,-0.0012810251910417847,-0.0012810251910417847,0.0,-0.0013316239270268005
2019-02-20,-0.0006530278070637774,-0.0006530278070637774,0.0,-0.0007033590629950425
2019-02-21,-0.00034497369625996477,-0.00034497369625996477,0.0,-0.00039527560761361
2019-02-22,0.0005916571507194046,0.0005916571507194046,0.0,0.0005411612198325913
2019-02-25,-1.3429232254336121e-05,-1.3429232254336121e-05,0.0,-6.416149159055433e-05
2019-02-26,0.0004061688719507739,0.0004061688719507739,0.0,0.00035585649080295165
2019-02-27,-0.0004049363132350159,-0.0004049363132350159,0.0,-0.0004552669344009242
2019-02-28,0.0008913490241440059,0.0008913490241440059,0.0,0.0008410365950117
2019-03-01,0.0008273511222136598,0.0009139478612365526,0.17319347804558358,0.0007748724176403211
2019-03-04,0.0014377150632116642,0.0014377150632116642,0.0,0.0013846737207791739
2019-03-05,-0.0007795625916968696,-0.0007795625916968696,0.0,-0.0008326650836427612
2019-03-06,0.0018239075107149283,0.0018239075107149283,0.0,0.0017708382013272577
2019-03-07,0.0046647642284722846,0.0046647642284722846,0.0,0.0046118379508459486
2019-03-08,-0.0011346144792140356,-0.0011346144792140356,0.0,-0.001187958559795024
2019-03-11,-0.0004958359175291083,-0.0004958359175291083,0.0,-0.0005491319598056775
2019-03-12,-0.00024935667214376345,-0.00024935667214376345,0.0,-0.0003026317108694198
2019-03-13,-0.0016248491113106667,-0.0016248491113106667,0.0,-0.0016778925702702647
2019-03-14,0.0015797454472536998,0.0015797454472536998,0.0,0.0015267706597921838
2019-03-15,-0.0009049361973081371,-0.0009049361973081371,0.0,-0.0009579776447319273
2019-03-18,-0.0018729300788110637,-0.0018729300788110637,0.0,-0.0019257124595927929
2019-03-19,-0.0007488612808099759,-0.0007488612808099759,0.0,-0.0008020057735542742
2019-03-20,0.00121823761689277,0.00121823761689277,0.0,0.0011649045829933244
2019-03-21,0.002660973685867374,0.002660973685867374,0.0,0.002607368098959716
2019-03-22,0.005159815663982936,0.005159815663982936,0.0,0.005106538562279864
2019-03-25,-0.0002575894241305665,-0.0002575894241305665,0.0,-0.00031108396243845627
2019-03-26,0.0006756446491951174,0.0006756446491951174,0.0,0.000622160968600876
2019-03-27,0.003451181026190575,0.003451181026190575,0.0,0.0033981129697199766
2019-03-28,0.0021424264729574816,0.0021424264729574816,0.0,0.0020894373886119586
2019-03-29,-0.00023713074416986668,-0.00023713074416986668,0.0,-0.00028953940694453705
2019-04-01,-0.004270234280858709,-0.004190841882130036,0.1587847974572459,-0.004326890146176005
2019-04-02,0.000985449932919824,0.000985449932919824,0.0,0.0009289052829725207
2019-04-03,-0.002515840028645022,-0.002515840028645022,0.0,-0.0025728990811176465
2019-04-04,-0.00017448514988771535,-0.00017448514988771535,0.0,-0.00023144890860166
2019-04-05,0.0009710260253916747,0.0009710260253916747,0.0,0.0009140688768943211
2019-04-08,-0.002415708022861729,-0.002415708022861729,0.0,-0.00247246345394307
2019-04-09,0.0005327541042925432,0.0005327541042925432,0.0,0.0004763280240621759
2019-04-10,0.0017686064592035144,0.0017686064592035144,0.0,0.0017119221773648297
2019-04-11,0.0023673009485070118,0.0023673009485070118,0.0,0.0023105500017049268
2019-04-12,-0.0017283503524415655,-0.0017283503524415655,0.0,-0.0017854291437512076
2019-04-15,0.0003031948124943007,0.0003031948124943007,0.0,0.0002464199508159096
2019-04-16,-0.0017273665269326166,-0.0017273665269326166,0.0,-0.0017841528063712855
2019-04-17,-0.0001485203101051491,-0.0001485203101051491,0.0,-0.00020547975155424186
2019-04-18,0.001427950260308286,0.001427950260308286,0.0,0.0013714730468730848
2019-04-22,-0.0011666047988747597,-0.0011666047988747597,0.0,-0.0012236126375251375
2019-04-23,0.0033401585208032714,0.0033401585208032714,0.0,0.003282956528731829
2019-04-24,0.0052276761131981875,0.0052276761131981875,0.0,0.005170586366688048
2019-04-25,-0.0002770526600882617,-0.0002770526600882617,0.0,-0.0003340990423226367
2019-04-26,0.002130747458377602,0.002130747458377602,0.0,0.0020739510873822487
2019-04-29,-0.0019577951564829776,-0.0019577951564829776,0.0,-0.0020151506943764073
2019-04-30,0.0003960553157584812,0.0003960553157584812,0.0,0.00033901298487191533
2019-05-01,0.00028995145310184434,0.0004577354026280567,0.33556789905284623,0.0002170880774290355
2019-05-02,0.0001364165269355233,0.0001364165269355233,0.0,6.265663389166163e-05
2019-05-03,7.101896144012798e-05,7.101896144012798e-05,0.0,-1.825705227945801e-06
2019-05-06,0.002901606599748252,0.002901606599748252,0.0,0.0028284543227224167
2019-05-07,0.0009831349231765873,0.0009831349231765873,0.0,0.0009102262343330812
2019-05-08,-0.0012620566383408915,-0.0012620566383408915,0.0,-0.0013349864789427937
2019-05-09,0.001974282684611195,0.001974282684611195,0.0,0.001901380030969377
2019-05-10,0.000503811256830522,0.000503811256830522,0.0,0.0004308661574041045
2019-05-13,0.0008467927377346918,0.0008467927377346918,0.0,0.0007744498871554884
2019-05-14,-0.001175653418339806,-0.001175653418339806,0.0,-0.001248014297064356
2019-05-15,0.002114775508300859,0.002114775508300859,0.0,0.002042133180887689
2019-05-16,0.0005883805112718576,0.0005883805112718576,0.0,0.0005163064086188538
2019-05-17,0.002519920115495955,0.002519920115495955,0.0,0.0024481403096577813
2019-05-20,-0.0032296291024909163,-0.0032296291024909163,0.0,-0.003301461888030011
2019-05-21,0.00058853979174045,0.00058853979174045,0.0,0.000516775127082792
2019-05-22,0.002801212061460001,0.002801212061460001,0.0,0.0027297417299614775
2019-05-23,0.0022251221155940026,0.0022251221155940026,0.0,0.002153900142202162
2019-05-24,-0.002547466173258961,-0.002547466173258961,0.0,-0.0026181200371886756
2019-05-28,0.0005419936889734522,0.0005419936889734522,0.0,0.0004707785541029793
2019-05-29,-0.0006891554944764566,-0.0006891554944764566,0.0,-0.000760381922903917
2019-05-30,0.002376371242458708,0.002376371242458708,0.0,0.002304852235383001
2019-05-31,0.0019620835665752345,0.0019620835665752345,0.0,0.0018914363979579591
2019-06-03,-0.000937638390778095,-0.000714656505393263,0.44596377076943333,-0.001010389789620425
2019-06-04,-0.0011619257455599552,-0.0011619257455599552,0.0,-0.0012347572880403307
2019-06-05,0.0035233594553243375,0.0035233594553243375,0.0,0.003450549361700008
2019-06-06,-0.0017417917147741768,-0.0017417917147741768,0.0,-0.0018140329255377872
2019-06-07,0.0009855629992683301,0.0009855629992683301,0.0,0.000914937144797717
2019-06-10,-0.0017351013326171172,-0.0017351013326171172,0.0,-0.0018060615647760112
2019-06-11,-0.0008004112486715842,-0.0008004112486715842,0.0,-0.00087070702345655
2019-06-12,0.002856613675761066,0.002856613675761066,0.0,0.0027872819095019876
2019-06-13,0.0005582479297185916,0.0005582479297185916,0.0,0.0004904501670663015
2019-06-14,0.0013248893075747947,0.0013248893075747947,0.0,0.0012567651348303012
2019-06-17,-0.0004681445748901947,-0.0004681445748901947,0.0,-0.0005372423839785986
2019-06-18,0.0002994354691221446,0.0002994354691221446,0.0,0.00023066273932990345
2019-06-19,0.001697963893847687,0.001697963893847687,0.0,0.001630453769642937
2019-06-20,-0.002126656263580773,-0.002126656263580773,0.0,-0.0021929268900907307
2019-06-21,-0.003153518334864658,-0.003153518334864658,0.0,-0.0032191196144503577
2019-06-24,-5.3819083223327624e-05,-5.3819083223327624e-05,0.0,-0.00011968469521597438
2019-06-25,-0.000868530206371676,-0.000868530206371676,0.0,-0.0009340782636512894
2019-06-26,-0.0029618905138121265,-0.0029618905138121265,0.0,-0.0030283739082554704
2019-06-27,0.0018065720200988178,0.0018065720200988178,0.0,0.0017404550308208228
2019-06-28,0.0008822380056345835,0.0008822380056345835,0.0,0.00081640717983451
2019-07-01,-0.0013437780366585272,-0.0011272033936544634,0.4331492860081718,-0.001428791686098358
2019-07-02,0.004478393517982404,0.004478393517982404,0.0,0.004393732451466068
2019-07-03,0.0016541639995826252,0.0016541639995826252,0.0,0.0015691062205685363
2019-07-05,-0.0034473976959347175,-0.0034473976959347175,0.0,-0.003533244141191728
2019-07-08,-0.0008343119459558457,-0.0008343119459558457,0.0,-0.0009213374445100529
2019-07-09,-0.0004144469113699367,-0.0004144469113699367,0.0,-0.0005014718480350441
2019-07-10,0.0008975220665967676,0.0008975220665967676,0.0,0.0008128600695501469
2019-07-11,-0.0035113404315229024,-0.0035113404315229024,0.0,-0.003594821677942017
2019-07-12,0.0007166905909259391,0.0007166905909259391,0.0,0.0006339991573639268
2019-07-15,0.002089429544760435,0.002089429544760435,0.0,0.002006343880564007
2019-07-16,-0.0006807380732608559,-0.0006807380732608559,0.0,-0.0007634313039862227
2019-07-17,0.0020434654143302033,0.0020434654143302033,0.0,0.0019611663948566733
2019-07-18,0.002125860691388093,0.002125860691388093,0.0,0.002046710623349715
2019-07-19,-0.002890587183520754,-0.002890587183520754,0.0,-0.0029701323373699166
2019-07-22,0.0009721587645228347,0.0009721587645228347,0.0,0.0008918278312416611
2019-07-23,0.00019441438736289562,0.00019441438736289562,0.0,0.00011487041460934584
2019-07-24,0.0012798133190685679,0.0012798133190685679,0.0,0.0011990878789158918
2019-07-25,-0.0020952128735607367,-0.0020952128735607367,0.0,-0.0021763328975214053
2019-07-26,0.001567526390367835,0.001567526390367835,0.0,0.0014856201204933748
2019-07-29,-0.00046918170048215746,-0.00046918170048215746,0.0,-0.000550695176784068
2019-07-30,-0.0007020776474934154,-0.0007020776474934154,0.0,-0.0007824094779153596
2019-07-31,0.0010094268396898531,0.0010094268396898531,0.0,0.0009290954452486578
2019-08-01,0.009913802232855762,0.010091688532326337,0.35577259894119445,0.00984919547001618
2019-08-02,0.001070786853631267,0.001070786853631267,0.0,0.0010065003889798967
2019-08-05,0.00345245009640216,0.00345245009640216,0.0,0.003388783321862372
2019-08-06,0.0031087799897322466,0.0031087799897322466,0.0,0.0030447406001208126
2019-08-07,0.0025054737131808835,0.0025054737131808835,0.0,0.0024423421362528615
2019-08-08,0.0012357017151880534,0.0012357017151880534,0.0,0.0011725315507974765
2019-08-09,-0.000796027209632677,-0.000796027209632677,0.0,-0.0008585781074363632
2019-08-12,0.004752591156458319,0.004752591156458319,0.0,0.004690052389321751
2019-08-13,-0.002881394649778324,-0.002881394649778324,0.0,-0.0029440054991248248
2019-08-14,0.005335985239276475,0.005335985239276475,0.0,0.005274695096105459
2019-08-15,0.0035316738331401254,0.0035316738331401254,0.0,0.0034719027610220533
2019-08-16,-0.001391789721928438,-0.001391789721928438,0.0,-0.0014503319830582052
2019-08-19,-0.0032799075401114264,-0.0032799075401114264,0.0,-0.0033406687530101245
2019-08-20,0.0022903452221776366,0.0022903452221776366,0.0,0.002229632170699732
2019-08-21,-0.0007930344005694367,-0.0007930344005694367,0.0,-0.0008547401630379589
2019-08-22,-0.0006296533865405296,-0.0006296533865405296,0.0,-0.0006923063114099544
2019-08-23,0.004521808629465607,0.004521808629465607,0.0,0.00446012406149271
2019-08-26,-0.0007908916720298365,-0.0007908916720298365,0.0,-0.0008536031942087588
2019-08-27,0.0038827344814158504,0.0038827344814158504,0.0,0.003820674676250387
2019-08-28,0.00048476740494818316,0.00048476740494818316,0.0,0.0004223296832826423
2019-08-29,-0.0010191220742975515,-0.0010191220742975515,0.0,-0.0010815670364443186
2019-08-30,0.0012706523683916338,0.0012706523683916338,0.0,0.0012082226433707073
2019-09-03,0.002540365266808564,0.002609574646008639,0.13841875840002907,0.002487923635959518
2019-09-04,-0.0012415861307067955,-0.0012415861307067955,0.0,-0.0012936051869261046
2019-09-05,-0.005418525381002404,-0.005418525381002404,0.0,-0.005470513895709089
2019-09-06,3.406753603107937e-05,3.406753603107937e-05,0.0,-1.7518287196514655e-05
2019-09-09,-0.00471698388975661,-0.00471698388975661,0.0,-0.00476857055117555
2019-09-10,-0.004572463426717577,-0.004572463426717577,0.0,-0.004623665409104597
2019-09-11,-8.933367757779642e-05,-8.933367757779642e-05,0.0,-0.0001406901807376087
2019-09-12,-0.001991120242640698,-0.001991120242640698,0.0,-0.002042207056860647
2019-09-13,-0.006563339391876144,-0.006563339391876144,0.0,-0.006614644125822476
2019-09-16,0.001803619951923574,0.001803619951923574,0.0,0.0017516805631257871
2019-09-17,0.002427016701923801,0.002427016701923801,0.0,0.002375031508827873
2019-09-18,0.000458063133152109,0.000458063133152109,0.0,0.0004070840775544902
2019-09-19,0.00015475455129698723,0.00015475455129698723,0.0,0.00010429806532093473
2019-09-20,0.0038680789353979783,0.0038680789353979783,0.0,0.003818152623044247
2019-09-23,0.0015363675949477962,0.0015363675949477962,0.0,0.0014855452696053762
2019-09-24,0.0022884377669072364,0.0022884377669072364,0.0,0.0022381131126785695
2019-09-25,-0.0030255191066279608,-0.0030255191066279608,0.0,-0.003075095256321938
2019-09-26,0.001418475119267626,0.001418475119267626,0.0,0.001370576835430732
2019-09-27,0.0003663073397168759,0.0003663073397168759,0.0,0.00031917960183360807
2019-09-30,0.00025456834465975575,0.00025456834465975575,0.0,0.00020528974173644325
2019-10-01,0.0007899331353105055,0.0008343337357297198,0.0888012008386239,0.0007445056618088997
2019-10-02,0.0012809102198689803,0.0012809102198689803,0.0,0.0012361061254698394
2019-10-03,0.0018116182922192081,0.0018116182922192081,0.0,0.00176883230428486
2019-10-04,0.0013411294203093949,0.0013411294203093949,0.0,0.0012980445077174375
2019-10-07,-0.0015847924856470241,-0.0015847924856470241,0.0,-0.0016286789195011932
2019-10-08,0.000943611555411783,0.000943611555411783,0.0,0.0009005324403682191
2019-10-09,-0.0014582061000832924,-0.0014582061000832924,0.0,-0.001500794340302567
2019-10-10,-0.0038235194127589356,-0.0038235194127589356,0.0,-0.0038658172985689848
2019-10-11,-0.0043248927295646,-0.0043248927295646,0.0,-0.004367101652525623
2019-10-14,0.0023828041955735735,0.0023828041955735735,0.0,0.0023406963381462555
2019-10-15,-0.003247502436517169,-0.003247502436517169,0.0,-0.003289410307940864
2019-10-16,0.00012944837663297903,0.00012944837663297903,0.0,8.78710753285771e-05
2019-10-17,-0.0005257564590053221,-0.0005257564590053221,0.0,-0.0005673367508582021
2019-10-18,0.0006028179560868541,0.0006028179560868541,0.0,0.0005612498167792672
2019-10-21,-0.0013986428316076216,-0.0013986428316076216,0.0,-0.0014404800009876707
2019-10-22,0.0015045206656527643,0.0015045206656527643,0.0,0.0014632258617273664
2019-10-23,-0.0003686780429168479,-0.0003686780429168479,0.0,-0.00041000738517836473
2019-10-24,0.0011424751824458124,0.0011424751824458124,0.0,0.0011006441725490332
2019-10-25,-0.0005721513064685935,-0.0005721513064685935,0.0,-0.0006137536178199292
2019-10-28,-0.002609437495455391,-0.002609437495455391,0.0,-0.002650771446021133
2019-10-29,-0.00036901299517899666,-0.00036901299517899666,0.0,-0.0004097773435066053
2019-10-30,0.0017111190502936413,0.0017111190502936413,0.0,0.0016706178166243264
2019-10-31,0.0030077996346251634,0.0030077996346251634,0.0,0.0029692995457718738
2019-11-01,-0.0015334179260126923,-0.0013459034508039869,0.37502895041732814,-0.001590606615251824
2019-11-04,1.4266587080591364e-05,1.4266587080591364e-05,0.0,-4.339518282411074e-05
2019-11-05,-0.0027754547842034905,-0.0027754547842034905,0.0,-0.0028342698166021496
2019-11-06,0.0014432584723815811,0.0014432584723815811,0.0,0.0013844487259455738
2019-11-07,-0.002566233628800263,-0.002566233628800263,0.0,-0.002625046120017291
2019-11-08,-0.0014663565893600072,-0.0014663565893600072,0.0,-0.0015247798241844431
2019-11-11,-0.0002376391102817399,-0.0002376391102817399,0.0,-0.0002960595634171945
2019-11-12,-0.000520184025865511,-0.000520184025865511,0.0,-0.0005801413965703234
2019-11-13,0.0002808078213665244,0.0002808078213665244,0.0,0.00022162013543657153
2019-11-14,0.0018771899647369583,0.0018771899647369583,0.0,0.001818001738845796
2019-11-15,0.0006491362068929973,0.0006491362068929973,0.0,0.000589944378144245
2019-11-18,0.0009937185321038378,0.0009937185321038378,0.0,0.0009345254582876312
2019-11-19,0.0015294268221539564,0.0015294268221539564,0.0,0.001470231844240681
2019-11-20,-0.0007392695151881012,-0.0007392695151881012,0.0,-0.0007984674192116127
2019-11-21,-0.002119048071385854,-0.002119048071385854,0.0,-0.0021786289527704374
2019-11-22,0.001456121081618189,0.001456121081618189,0.0,0.0013965442924276043
2019-11-25,0.0024144084519190923,0.0024144084519190923,0.0,0.002353675701340831
2019-11-26,0.0012069587662799641,0.0012069587662799641,0.0,0.001146605695683831
2019-11-27,0.00043420640836666635,0.00043420640836666635,0.0,0.0003730821299786451
2019-11-29,-0.0018651743069009186,-0.0018651743069009186,0.0,-0.0019251461363091447
2019-12-02,-0.004200545689162061,-0.004005371482247666,0.3903484138290635,-0.004275937512501311
2019-12-03,0.0030878369722409094,0.0030878369722409094,0.0,0.0030136988583889797
2019-12-04,0.0019835688014537833,0.0019835688014537833,0.0,0.0019104331008854471
2019-12-05,-0.0005591219735784358,-0.0005591219735784358,0.0,-0.0006317513096388925
2019-12-06,0.002397621093711111,0.002397621093711111,0.0,0.0023254656840259753
2019-12-09,-0.0011145795325242513,-0.0011145795325242513,0.0,-0.0011871855635007887
2019-12-10,-0.0008450467256490013,-0.0008450467256490013,0.0,-0.0009186287680482266
2019-12-11,0.0019915229169864546,0.0019915229169864546,0.0,0.0019174489920221333
2019-12-12,-0.0011635621958588915,-0.0011635621958588915,0.0,-0.00123712952418155
2019-12-13,0.0034684840039602705,0.0034684840039602705,0.0,0.0033944207728291414
2019-12-16,0.00015135309094427285,0.00015135309094427285,0.0,7.733462875389556e-05
2019-12-17,0.0006799900669893777,0.0006799900669893777,0.0,0.0006064541847521376
2019-12-18,0.0010552594313473218,0.0010552594313473218,0.0,0.0009817322617438559
2019-12-19,0.0023631964938972683,0.0023631964938972683,0.0,0.0022892023495002115
2019-12-20,0.0006143324173948361,0.0006143324173948361,0.0,0.0005398883621311436
2019-12-23,0.0008093564760556227,0.0008093564760556227,0.0,0.0007344401300023666
2019-12-24,0.0010765010181363888,0.0010765010181363888,0.0,0.0010020753601122185
2019-12-26,0.0025506994895707624,0.0025506994895707624,0.0,0.002476287722533295
2019-12-27,-0.001241794184788536,-0.001241794184788536,0.0,-0.0013156932576620926
2019-12-30,-0.0012135308016788526,-0.0012135308016788526,0.0,-0.0012874457743131914
2019-12-31,-0.0004991723238045864,-0.0004991723238045864,0.0,-0.000572142716452503
2020-01-02,0.006234588868441415,0.0063928229696370575,0.31646820239100487,0.006144866046035913
2020-01-03,0.001504261516820149,0.001504261516820149,0.0,0.0014161427403865132
2020-01-06,-0.0007466193647724939,-0.0007466193647724939,0.0,-0.000837059031196329
2020-01-07,-0.0008017184772165509,-0.0008017184772165509,0.0,-0.0008909978455775482
2020-01-08,-0.0012295440137950475,-0.0012295440137950475,0.0,-0.0013188469384806524
2020-01-09,0.001412113433947093,0.001412113433947093,0.0,0.0013227743379687997
2020-01-10,0.00037982628792576634,0.00037982628792576634,0.0,0.0002905286755719551
2020-01-13,0.0016312151282533716,0.0016312151282533716,0.0,0.0015401547666634447
2020-01-14,-0.00013025885886086552,-0.00013025885886086552,0.0,-0.00022127044634139668
2020-01-15,0.00019401264311280642,0.00019401264311280642,0.0,0.00010299716032294542
2020-01-16,0.002901069858364691,0.002901069858364691,0.0,0.0028112421201988455
2020-01-17,0.001519444456702157,0.001519444456702157,0.0,0.00142911167190962
2020-01-21,-0.002750008096604528,-0.002750008096604528,0.0,-0.00284029594600965
2020-01-22,0.0005875544590427939,0.0005875544590427939,0.0,0.0004977757075110749
2020-01-23,0.000867153858605807,0.000867153858605807,0.0,0.0007773924070224482
2020-01-24,-0.0013973907929484275,-0.0013973907929484275,0.0,-0.00148653636614811
2020-01-27,-0.006334994805810679,-0.006334994805810679,0.0,-0.006424771913685056
2020-01-28,0.0027596226575097305,0.0027596226575097305,0.0,0.002668473984099017
2020-01-29,0.0020827979787707562,0.0020827979787707562,0.0,0.001992323307297546
2020-01-30,-0.00040145516559442207,-0.00040145516559442207,0.0,-0.0004924589144641753
2020-01-31,-0.00570548160925366,-0.00570548160925366,0.0,-0.0057953153407144945
2020-02-03,0.0026044049704201377,0.0028799643127086494,0.55111868457698,0.0025378099841202734
2020-02-04,0.0030778712643513284,0.0030778712643513284,0.0,0.00301133414723565
2020-02-05,0.0015140409401832589,0.0015140409401832589,0.0,0.001447520472371129
2020-02-06,0.0024814266839536803,0.0024814266839536803,0.0,0.0024149143937478254
2020-02-07,0.0006053190010200105,0.0006053190010200105,0.0,0.0005392518914424739
2020-02-10,0.004196652022643077,0.004196652022643077,0.0,0.0041297245712534555
2020-02-11,-0.0009893108606635614,-0.0009893108606635614,0.0,-0.0010557840193962207
2020-02-12,0.0004558700258581183,0.0004558700258581183,0.0,0.000388959878771988
2020-02-13,0.0004711516758815204,0.0004711516758815204,0.0,0.0004038123278919915
2020-02-14,0.0009235781626524275,0.0009235781626524275,0.0,0.0008566730200527062
2020-02-18,0.0011650378174876685,0.0011650378174876685,0.0,0.0010981376550300824
2020-02-19,0.0014103227309205657,0.0014103227309205657,0.0,0.0013434288432997092
2020-02-20,0.0025851768862761304,0.0025851768862761304,0.0,0.0025182905838869313
2020-02-21,-0.0013957870022413,-0.0013957870022413,0.0,-0.0014617965663361366
2020-02-24,-0.004426548363659855,-0.004426548363659855,0.0,-0.004491270878862176
2020-02-25,-0.007413210676862403,-0.007413210676862403,0.0,-0.007477956306704911
2020-02-26,0.0008842956521861733,0.0008842956521861733,0.0,0.0008195110227775258
2020-02-27,-0.011299371024965255,-0.011299371024965255,0.0,-0.011360696074022701
2020-02-28,-0.0017093968223985678,-0.0017093968223985678,0.0,-0.0017634301987238003
2020-03-02,-0.0008561213044776528,-0.0005175544793522002,0.6771336502507204,-0.0008912193857200482
2020-03-03,0.005790644317069882,0.005790644317069882,0.0,0.005760995424316535
2020-03-04,0.0033378242052177765,0.0033378242052177765,0.0,0.00331515713685458
2020-03-05,0.003058266310007385,0.003058266310007385,0.0,0.0030387760450240023
2020-03-06,0.005993746415556611,0.005993746415556611,0.0,0.005979357743716549
2020-03-09,0.0024856490181026647,0.0024856490181026647,0.0,0.0024754023783775943
2020-03-10,-0.012031665126895907,-0.012031665126895907,0.0,-0.012045442217866121
2020-03-11,-0.00692615725059309,-0.00692615725059309,0.0,-0.006939255385728365
2020-03-12,-0.0038132118747313815,-0.0038132118747313815,0.0,-0.0038237364715157708
2020-03-13,0.005717458471582226,0.005717458471582226,0.0,0.005708855488694553
2020-03-16,-0.0015970600658522516,-0.0015970600658522516,0.0,-0.0016047178307848613
2020-03-17,-0.008226105741400702,-0.008226105741400702,0.0,-0.008232165775551666
2020-03-18,-0.007442569713392189,-0.007442569713392189,0.0,-0.007443206319860644
2020-03-19,-0.002326288759394113,-0.002326288759394113,0.0,-0.0023275596171759404
2020-03-20,0.00789073300559373,0.00789073300559373,0.0,0.007889145355686614
2020-03-23,0.009958632181154892,0.009958632181154892,0.0,0.009957995879591282
2020-03-24,0.001674829303250469,0.001674829303250469,0.0,0.0016745103767026794
2020-03-25,0.004202204228638484,0.004202204228638484,0.0,0.004203480455826163
2020-03-26,0.004835640745693759,0.004835640745693759,0.0,0.004837237656838396
2020-03-27,0.004353856849752313,0.004353856849752313,0.0,0.004352897585010031
2020-03-30,0.0021639655208167685,0.0021639655208167685,0.0,0.002160124452656894
2020-03-31,-0.0025453469240197535,-0.0025453469240197535,0.0,-0.0025488697258259016
2020-04-01,0.003978722068537666,0.004409227391686699,0.8610106462983514,0.00397804668882512
2020-04-02,-0.001528360312678223,-0.001528360312678223,0.0,-0.0015290367329191192
2020-04-03,0.001085992301685046,0.001085992301685046,0.0,0.001085245647404712
2020-04-06,-0.0035307036678507986,-0.0035307036678507986,0.0,-0.0035318288915269407
2020-04-07,-0.0015495483896970086,-0.0015495483896970086,0.0,-0.0015505826350549093
2020-04-08,-0.001837964189487562,-0.001837964189487562,0.0,-0.0018395784056955582
2020-04-09,-0.0007131958876660516,-0.0007131958876660516,0.0,-0.0007150153345725851
2020-04-13,0.0014629645971451222,0.0014629645971451222,0.0,0.0014610783854942043
2020-04-14,-0.0010134959078600403,-0.0010134959078600403,0.0,-0.0010149563142065616
2020-04-15,0.0038367310519342723,0.0038367310519342723,0.0,0.003835713366604612
2020-04-16,0.0008106434700485554,0.0008106434700485554,0.0,0.0008096084406757185
2020-04-17,-0.002424866425518424,-0.002424866425518424,0.0,-0.002425756732038118
2020-04-20,0.002389408820006045,0.002389408820006045,0.0,0.002388527924415187
2020-04-21,0.004113315424719266,0.004113315424719266,0.0,0.004112499456816083
2020-04-22,-0.0008070844702093849,-0.0008070844702093849,0.0,-0.0008079904775352574
2020-04-23,0.0003131353639345136,0.0003131353639345136,0.0,0.0003123077122220534
2020-04-24,0.000704057378906553,0.000704057378906553,0.0,0.0007031532781144736
2020-04-27,-0.001487895969849995,-0.001487895969849995,0.0,-0.00148880278484647
2020-04-28,-0.0005084120804519365,-0.0005084120804519365,0.0,-0.0005092380617222465
2020-04-29,-0.0025941435136134228,-0.0025941435136134228,0.0,-0.0025948927690996257
2020-04-30,-0.00027114486062362886,-0.00027114486062362886,0.0,-0.00027181165552461593
2020-05-01,0.0020983173279756073,0.002132084939376222,0.06753522280117163,0.0020972028030208562
2020-05-04,0.0001817564917232506,0.0001817564917232506,0.0,0.00018054850287947476
2020-05-05,-0.0005924312954304067,-0.0005924312954304067,0.0,-0.0005936400022165729
2020-05-06,0.0005458876042092609,0.0005458876042092609,0.0,0.0005447740362570867
2020-05-07,0.00038031822369388735,0.00038031822369388735,0.0,0.00037929562845041175
2020-05-08,-0.0021239103746559795,-0.0021239103746559795,0.0,-0.0021250273193481467
2020-05-11,0.00020052264293757283,0.00020052264293757283,0.0,0.00019941345629130724
2020-05-12,0.0011712111076973564,0.0011712111076973564,0.0,0.001170008695499235
2020-05-13,0.001389506087270842,0.001389506087270842,0.0,0.0013882990468098524
2020-05-14,0.0005299671435639031,0.0005299671435639031,0.0,0.0005288478908819045
2020-05-15,0.0006448267886769443,0.0006448267886769443,0.0,0.0006437056065315802
2020-05-18,-0.004016304751958355,-0.004016304751958355,0.0,-0.004017521907582016
2020-05-19,0.0010462619629907355,0.0010462619629907355,0.0,0.0010450607017683695
2020-05-20,-0.0010657777679519143,-0.0010657777679519143,0.0,-0.0010668904425156181
2020-05-21,-0.00013505964583593322,-0.00013505964583593322,0.0,-0.0001361684269817034
2020-05-22,0.0012623754760112682,0.0012623754760112682,0.0,0.0012612671883217258
2020-05-26,-0.003328743932428102,-0.003328743932428102,0.0,-0.0033300423088910517
2020-05-27,-0.0001167945959051897,-0.0001167945959051897,0.0,-0.00011817047955644137
2020-05-28,-0.0002679465613275589,-0.0002679465613275589,0.0,-0.0002693219104062224
2020-05-29,8.942429252556394e-05,8.942429252556394e-05,0.0,8.81417783322174e-05
2020-06-01,-0.0006226972016093457,-0.0005798565086623242,0.08568138589391644,-0.0006244205166987711
2020-06-02,-0.0014048989490541564,-0.0014048989490541564,0.0,-0.0014067444009178323
2020-06-03,-0.002560500661781817,-0.002560500661781817,0.0,-0.0025624629806361068
2020-06-04,-0.000893960339957367,-0.000893960339957367,0.0,-0.0008957894562614029
2020-06-05,-0.0017811906906991526,-0.0017811906906991526,0.0,-0.0017830161176700043
2020-06-08,0.000583953309150731,0.000583953309150731,0.0,0.0005818928377936445
2020-06-09,0.0006249535094260406,0.0006249535094260406,0.0,0.0006226475734104009
2020-06-10,0.001568071091763601,0.001568071091763601,0.0,0.001566004961134244
2020-06-11,0.0022153746099731197,0.0022153746099731197,0.0,0.0022133011524152544
2020-06-12,-0.0006053724575474373,-0.0006053724575474373,0.0,-0.0006073336680682106
2020-06-15,-0.0001914036037129474,-0.0001914036037129474,0.0,-0.0001936069753203197
2020-06-16,-0.0001591521297754639,-0.0001591521297754639,0.0,-0.00016123219876700728
2020-06-17,0.00048230694092188386,0.00048230694092188386,0.0,0.00048022761464645516
2020-06-18,0.0004926964398943579,0.0004926964398943579,0.0,0.0004907373095651129
2020-06-19,0.00043919273633008515,0.00043919273633008515,0.0,0.0004373540248561111
2020-06-22,-0.0006805187664715717,-0.0006805187664715717,0.0,-0.0006824819850044679
2020-06-23,-1.6085295120982224e-05,-1.6085295120982224e-05,0.0,-1.8045526874300394e-05
2020-06-24,0.0009671145062308817,0.0009671145062308817,0.0,0.0009652768551487903
2020-06-25,-4.008258789578445e-05,-4.008258789578445e-05,0.0,-4.2046989658138294e-05
2020-06-26,0.0012988641519429134,0.0012988641519429134,0.0,0.001297145454192044
2020-06-29,-0.0009585679776381584,-0.0009585679776381584,0.0,-0.0009602916524815194
2020-06-30,-2.697160118192432e-05,-2.697160118192432e-05,0.0,-2.8937313411529396e-05
2020-07-01,-0.001791230631131624,-0.0013807435343281549,0.8209741936070203,-0.0017952412171940231
2020-07-02,-8.78257357823653e-05,-8.78257357823653e-05,0.0,-9.18381751079227e-05
2020-07-06,-0.0027871163134456367,-0.0027871163134456367,0.0,-0.0027914152103617105
2020-07-07,0.002695186489696244,0.002695186489696244,0.0,0.002690892214112693
2020-07-08,-0.002371033584670834,-0.002371033584670834,0.0,-0.002375332317145421
2020-07-09,0.0024230446882047563,0.0024230446882047563,0.0,0.0024193225262114813
2020-07-10,-0.0005578245970828677,-0.0005578245970828677,0.0,-0.0005615502315310917
2020-07-13,0.0014206065542745616,0.0014206065542745616,0.0,0.0014165951939511727
2020-07-14,-1.2697918335025093e-05,-1.2697918335025093e-05,0.0,-1.6998151447848354e-05
2020-07-15,-0.0015057761636472211,-0.0015057761636472211,0.0,-0.0015103630565898541
2020-07-16,0.0010952598050226747,0.0010952598050226747,0.0,0.0010921081432599166
2020-07-17,-0.0007075250795269827,-0.0007075250795269827,0.0,-0.0007106780688432514
2020-07-20,0.0010575679898845447,0.0010575679898845447,0.0,0.0010538427440095817
2020-07-21,-0.00041435765315089856,-0.00041435765315089856,0.0,-0.0004180844134313672
2020-07-22,0.0012875677838397603,0.0012875677838397603,0.0,0.0012838416171529299
2020-07-23,0.00028314633461734573,0.00028314633461734573,0.0,0.00027970509569041224
2020-07-24,-0.0006987539083048722,-0.0006987539083048722,0.0,-0.0007019087200040813
2020-07-27,-0.0006053783868928964,-0.0006053783868928964,0.0,-0.000608532352321509
2020-07-28,0.0012333125154699864,0.0012333125154699864,0.0,0.0012301592836676965
2020-07-29,-0.0014325485756997436,-0.0014325485756997436,0.0,-0.0014357033002477776
2020-07-30,-0.000547192226589166,-0.000547192226589166,0.0,-0.0005497719441815888
2020-07-31,0.0032041332683996337,0.0032041332683996337,0.0,0.00320155409376085
2020-08-03,0.001796341049603356,0.0022644697394875735,0.9362573797685797,0.0017911095376874533
2020-08-04,0.0039049618190714064,0.0039049618190714064,0.0,0.003900254789376108
2020-08-05,6.395224988131609e-05,6.395224988131609e-05,0.0,5.872712491978031e-05
2020-08-06,0.0026375711800934454,0.0026375711800934454,0.0,0.0026323461355064973
2020-08-07,-0.0034130399454859184,-0.0034130399454859184,0.0,-0.003418261683918369
2020-08-10,-0.0010061203752849135,-0.0010061203752849135,0.0,-0.0010118690096892248
2020-08-11,-0.005742572225314713,-0.005742572225314713,0.0,-0.005748322253143892
2020-08-12,-0.0003534323787455218,-0.0003534323787455218,0.0,-0.00035919040567670605
2020-08-13,-0.00020584841366655393,-0.00020584841366655393,0.0,-0.00021108343131929648
2020-08-14,-0.0003257563715317602,-0.0003257563715317602,0.0,-0.00033099164999948603
2020-08-17,0.0030920105088880767,0.0030920105088880767,0.0,0.0030867748175445503
2020-08-18,0.003253043808524758,0.003253043808524758,0.0,0.0032483352024802814
2020-08-19,-0.004326458367918229,-0.004326458367918229,0.0,-0.004332208824169775
2020-08-20,0.002381723505237021,0.002381723505237021,0.0,0.0023759670291655516
2020-08-21,0.00034352704252738064,0.00034352704252738064,0.0,0.0003382968879607248
2020-08-24,-0.0003573300643839872,-0.0003573300643839872,0.0,-0.0003636057298462378
2020-08-25,-0.0009177673422765542,-0.0009177673422765542,0.0,-0.0009235205316303822
2020-08-26,0.002425920416380789,0.002425920416380789,0.0,0.002420165951894671
2020-08-27,-0.003921667931015005,-0.003921667931015005,0.0,-0.00392741903312026
2020-08-28,0.0033807990030199075,0.0033807990030199075,0.0,0.0033755657675413444
2020-08-31,0.0016546906057488542,0.0016546906057488542,0.0,0.0016489387351847377
2020-09-01,0.0019014332474407425,0.002202410998218607,0.6019555015557253,0.0018938688615367288
2020-09-02,0.0016619417456920083,0.0016619417456920083,0.0,0.0016543870230266943
2020-09-03,-0.004287008546257409,-0.004287008546257409,0.0,-0.0042939294610510196
2020-09-04,-0.0026782233309243786,-0.0026782233309243786,0.0,-0.0026851552497808256
2020-09-08,-0.0010898613272750657,-0.0010898613272750657,0.0,-0.001098061741323261
2020-09-09,0.0022602081778599903,0.0022602081778599903,0.0,0.0022526355015412055
2020-09-10,-0.0010576163634611335,-0.0010576163634611335,0.0,-0.00106518270117762
2020-09-11,0.001048166227486158,0.001048166227486158,0.0,0.001041227696187837
2020-09-14,0.0014647518750170452,0.0014647518750170452,0.0,0.0014578160382997596
2020-09-15,0.00021757836955638155,0.00021757836955638155,0.0,0.00021064629285326016
2020-09-16,-0.0018950087924591852,-0.0018950087924591852,0.0,-0.0019025704487881183
2020-09-17,-0.0014010938416735286,-0.0014010938416735286,0.0,-0.0014067690706404754
2020-09-18,-0.0009379852858379945,-0.0009379852858379945,0.0,-0.0009442943755317882
2020-09-21,-0.001937132031799016,-0.001937132031799016,0.0,-0.001943443319223716
2020-09-22,0.0005547893841044704,0.0005547893841044704,0.0,0.0005484735491053581
2020-09-23,-0.0030387389671033826,-0.0030387389671033826,0.0,-0.003045684953742449
2020-09-24,-0.0005744476947684429,-0.0005744476947684429,0.0,-0.0005807693795385693
2020-09-25,0.0005629448668378334,0.0005629448668378334,0.0,0.0005566218293677527
2020-09-28,0.0038629854659713025,0.0038629854659713025,0.0,0.0038560315821084172
2020-09-29,0.001989843307037553,0.001989843307037553,0.0,0.001984161916447803
2020-09-30,-0.002005047204968524,-0.002005047204968524,0.0,-0.0020113552054504174
2020-10-01,0.0025930582025119886,0.0028956068594225837,0.6050973138207856,0.0025853129573366975
2020-10-02,-0.0008992025679693816,-0.0008992025679693816,0.0,-0.000906933260820595
2020-10-05,-0.0016776104767189937,-0.0016776104767189937,0.0,-0.0016862042947616582
2020-10-06,-0.0013849177190382589,-0.0013849177190382589,0.0,-0.001393519310015632
2020-10-07,0.000734978846557155,0.000734978846557155,0.0,0.0007263708298902083
2020-10-08,0.0012037850000925499,0.0012037850000925499,0.0,0.0011960408519529132
2020-10-09,0.0032666234561093965,0.0032666234561093965,0.0,0.0032580244215295946
2020-10-12,0.004572608326917305,0.004572608326917305,0.0,0.004564024370100694
2020-10-13,-0.002145086976979016,-0.002145086976979016,0.0,-0.0021545062187720843
2020-10-14,-0.0008499098465230004,-0.0008499098465230004,0.0,-0.0008601972356691236
2020-10-15,-0.0017263343144260368,-0.0017263343144260368,0.0,-0.0017357687296217542
2020-10-16,0.000547304641592472,0.000547304641592472,0.0,0.0005378614598944452
2020-10-19,-0.0014601909558106252,-0.0014601909558106252,0.0,-0.0014696313597599496
2020-10-20,-0.00038964091440785165,-0.00038964091440785165,0.0,-0.00039822984688930304
2020-10-21,0.0019438593572660423,0.0019438593572660423,0.0,0.0019352686236774048
2020-10-22,-0.002809288083631234,-0.002809288083631234,0.0,-0.002817011672645079
2020-10-23,0.002793040785022738,0.002793040785022738,0.0,0.0027844460222557622
2020-10-26,-0.001561730768254277,-0.001561730768254277,0.0,-0.0015711708326577548
2020-10-27,0.002101100010365231,0.002101100010365231,0.0,0.002092510917127935
2020-10-28,-0.003779100473966679,-0.003779100473966679,0.0,-0.003787679878715023
2020-10-29,5.901189503543236e-05,5.901189503543236e-05,0.0,5.127468786604866e-05
2020-10-30,-0.0030500388731196093,-0.0030500388731196093,0.0,-0.0030577758344730098
2020-11-02,0.0016965500398213873,0.001832639178231732,0.27217827682076534,0.001688731124086602
2020-11-03,-1.2156971410770545e-05,-1.2156971410770545e-05,0.0,-2.0824601245672433e-05
2020-11-04,0.005831658227917869,0.005831658227917869,0.0,0.005822990540952094
2020-11-05,0.0038545037211341615,0.0038545037211341615,0.0,0.003845863280762668
2020-11-06,-0.0006943934381258288,-0.0006943934381258288,0.0,-0.0007030159386865128
2020-11-09,-0.009097614959160505,-0.009097614959160505,0.0,-0.00910710326731371
2020-11-10,-0.004834916183275695,-0.004834916183275695,0.0,-0.00484358467894968
2020-11-11,0.0008603003660723196,0.0008603003660723196,0.0,0.000851609034715031
2020-11-12,0.0030492358982565637,0.0030492358982565637,0.0,0.003040548626671858
2020-11-13,0.001304897225375301,0.001304897225375301,0.0,0.0012970915920382379
2020-11-16,-6.576909462652214e-05,-6.576909462652214e-05,0.0,-7.356920996195998e-05
2020-11-17,-0.00037202312826423167,-0.00037202312826423167,0.0,-0.0003798235217348621
2020-11-18,7.15624392717551e-05,7.15624392717551e-05,0.0,6.376047194286182e-05
2020-11-19,0.0017467031771940533,0.0017467031771940533,0.0,0.0017406352158362546
2020-11-20,0.0013670019327332028,0.0013670019327332028,0.0,0.0013609397083287622
2020-11-23,-0.002722487379063332,-0.002722487379063332,0.0,-0.0027294105112791057
2020-11-24,-0.0010679837358474886,-0.0010679837358474886,0.0,-0.0010757837719207889
2020-11-25,-0.00022773772114881297,-0.00022773772114881297,0.0,-0.00023554227813441135
2020-11-27,0.0029186177435478466,0.0029186177435478466,0.0,0.002910812222299631
2020-11-30,-0.000852320494400649,-0.000852320494400649,0.0,-0.0008592477828563269
2020-12-01,0.0009884271609776896,0.001103046729070023,0.22923913618488165,0.0009804180822327898
2020-12-02,0.00012218882395420572,0.00012218882395420572,0.0,0.00011418425962130844
2020-12-03,0.0031812578070198327,0.0031812578070198327,0.0,0.003174143120158116
2020-12-04,-0.001324117614346254,-0.001324117614346254,0.0,-0.0013321075805583205
2020-12-07,0.0013332275579709396,0.0013332275579709396,0.0,0.0013261201582973183
2020-12-08,0.0004897057731614307,0.0004897057731614307,0.0,0.000481715839401489
2020-12-09,-0.002689853568661582,-0.002689853568661582,0.0,-0.0026969538095962782
2020-12-10,0.0019074524793973868,0.0019074524793973868,0.0,0.0019003416505921312
2020-12-11,0.0003954926729126118,0.0003954926729126118,0.0,0.00038838933797649553
2020-12-14,1.4941066623030963e-05,1.4941066623030963e-05,0.0,6.9515621365529265e-06
2020-12-15,0.002251874778958607,0.002251874778958607,0.0,0.0022447730558682088
2020-12-16,0.0004275741369101915,0.0004275741369101915,0.0,0.00041959462488544587
2020-12-17,0.0019446385019747936,0.0019446385019747936,0.0,0.0019375472770434092
2020-12-18,-0.0011931365650379444,-0.0011931365650379444,0.0,-0.0012002201883382873
2020-12-21,-0.0007490157244902651,-0.0007490157244902651,0.0,-0.0007569900539652111
2020-12-22,-0.0006293425757984972,-0.0006293425757984972,0.0,-0.0006373202055874403
2020-12-23,0.0013956410658415574,0.0013956410658415574,0.0,0.0013876606612963182
2020-12-24,-0.0006316630136224965,-0.0006316630136224965,0.0,-0.0006396372733957046
2020-12-28,0.0018628274610976714,0.0018628274610976714,0.0,0.001853077742319525
2020-12-29,0.0010592324237679307,0.0010592324237679307,0.0,0.0010503781448819173
2020-12-30,0.002116706346795283,0.002116706346795283,0.0,0.0021096270596543338
2020-12-31,-0.000974189949463744,-0.000974189949463744,0.0,-0.0009821448689343044
2021-01-04,0.001308136083798761,0.0014288101929686992,0.24134821833976225,0.0013007287767402695
2021-01-05,0.0009236251478903501,0.0009236251478903501,0.0,0.0009162282072610243
2021-01-06,-0.0030442146122526825,-0.0030442146122526825,0.0,-0.0030516080228033377
2021-01-07,-0.0004785133985577561,-0.0004785133985577561,0.0,-0.00048591847956918726
2021-01-08,-0.002181315159881958,-0.002181315159881958,0.0,-0.0021878990855208206
2021-01-11,-0.0032136184287858693,-0.0032136184287858693,0.0,-0.00322020980748899
2021-01-12,0.0008229853165135914,0.0008229853165135914,0.0,0.0008155576229082012
2021-01-13,0.0010510799531695536,0.0010510799531695536,0.0,0.0010436554306039437
2021-01-14,-0.0007276109026497224,-0.0007276109026497224,0.0,-0.0007350313795577868
2021-01-15,-0.0019776962245446894,-0.0019776962245446894,0.0,-0.001985119504101526
2021-01-19,0.004943121739911627,0.004943121739911627,0.0,0.0049356908274681074
2021-01-20,0.003391780268129807,0.003391780268129807,0.0,0.003385191887342788
2021-01-21,0.0007636347408459532,0.0007636347408459532,0.0,0.0007562357945596177
2021-01-22,0.00032271503319392103,0.00032271503319392103,0.0,0.00031614078813516094
2021-01-25,0.0018164780237344136,0.0018164780237344136,0.0,0.0018090832319001108
2021-01-26,-0.0016300159610088683,-0.0016300159610088683,0.0,-0.0016357620738534657
2021-01-27,-0.005458813626429415,-0.005458813626429415,0.0,-0.005465386151203969
2021-01-28,0.0018516733971258859,0.0018516733971258859,0.0,0.0018459061188219432
2021-01-29,-0.0038563785788164884,-0.0038563785788164884,0.0,-0.0038613172242077626
2021-02-01,0.0020939992811976893,0.0022624496370255986,0.33690071165589164,0.0020881823782402786
2021-02-02,-0.0004601532895605054,-0.0004601532895605054,0.0,-0.0004659574790496481
2021-02-03,-0.00016199168890140836,-0.00016199168890140836,0.0,-0.00016530916475487
2021-02-04,-0.0004980179911052707,-0.0004980179911052707,0.0,-0.0005013357472779932
2021-02-05,0.0022751876676228022,0.0022751876676228022,0.0,0.0022726987038230698
2021-02-08,0.00314762661203849,0.00314762661203849,0.0,0.0031434832517000352
2021-02-09,0.00169170730484125,0.00169170730484125,0.0,0.0016883980366783047
2021-02-10,0.00038546697434305166,0.00038546697434305166,0.0,0.0003813340243190034
2021-02-11,0.0003084611057431186,0.0003084611057431186,0.0,0.0003043289837002265
2021-02-12,-0.0005343177573470248,-0.0005343177573470248,0.0,-0.0005376229250864457
2021-02-16,-0.0029411951037462414,-0.0029411951037462414,0.0,-0.0029445011898627574
2021-02-17,-0.0004184552740695846,-0.0004184552740695846,0.0,-0.0004217664303791692
2021-02-18,-0.0016872484093426454,-0.0016872484093426454,0.0,-0.0016897323178183953
2021-02-19,-0.00011203964554895585,-0.00011203964554895585,0.0,-0.00011535443822321098
2021-02-22,-0.0012967112011715853,-0.0012967112011715853,0.0,-0.0012991974408541591
2021-02-23,-0.00036943958842605706,-0.00036943958842605706,0.0,-0.0003727568178863388
2021-02-24,0.00013391189591915875,0.00013391189591915875,0.0,0.00013142349431891827
2021-02-25,-0.012400855046742376,-0.012400855046742376,0.0,-0.01240417268383019
2021-02-26,0.0024810950514730923,0.0024810950514730923,0.0,0.0024777556873112594
2021-03-01,0.0027382436434917334,0.0031354698095429345,0.7944523321023564,0.002735213999768421
2021-03-02,-0.0004695537903988134,-0.0004695537903988134,0.0,-0.00047197242143606565
2021-03-03,-0.005117908147688088,-0.005117908147688088,0.0,-0.005120931924656244
2021-03-04,-0.007695784385264082,-0.007695784385264082,0.0,-0.007698207685402402
2021-03-05,0.001591297842311823,0.001591297842311823,0.0,0.0015888680586128223
2021-03-08,-0.005417825739362003,-0.005417825739362003,0.0,-0.005420861295848256
2021-03-09,0.007011341390357417,0.007011341390357417,0.0,0.007008300106378789
2021-03-10,0.0022172693591606674,0.0022172693591606674,0.0,0.002214842220363158
2021-03-11,0.0041953144251458685,0.0041953144251458685,0.0,0.004192889144373929
2021-03-12,-0.002738640519425739,-0.002738640519425739,0.0,-0.0027410622992988885
2021-03-15,0.0014397478642109718,0.0014397478642109718,0.0,0.0014373237927258746
2021-03-16,0.0002577887507606569,0.0002577887507606569,0.0,0.00025657731652093253
2021-03-17,0.0019517697299320513,0.0019517697299320513,0.0,0.001950558403364443
2021-03-18,-0.0069678964917124775,-0.0069678964917124775,0.0,-0.006968501748186814
2021-03-19,0.0006349396691938125,0.0006349396691938125,0.0,0.0006343329502026364
2021-03-22,0.0018303209937733378,0.0018303209937733378,0.0,0.0018285012363554241
2021-03-23,-0.003105143097575591,-0.003105143097575591,0.0,-0.0031057493001541113
2021-03-24,-0.0023496442749210145,-0.0023496442749210145,0.0,-0.0023508579844204454
2021-03-25,0.0008055508972737435,0.0008055508972737435,0.0,0.0008043361984612458
2021-03-26,0.003970549602958728,0.003970549602958728,0.0,0.003969335243048837
2021-03-29,-0.0031429635060833405,-0.0031429635060833405,0.0,-0.0031447825501880956
2021-03-30,-0.0029909682454453135,-0.0029909682454453135,0.0,-0.0029921822627116327
2021-03-31,0.0021051463970047646,0.0021051463970047646,0.0,0.0021033234794933776
2021-04-01,0.00415271562604258,0.0044070158127873515,0.5086003734894509,0.004151793054691083
2021-04-05,0.0012374639319963077,0.0012374639319963077,0.0,0.001236084505519671
2021-04-06,0.0006746638294226059,0.0006746638294226059,0.0,0.0006737443674583008
2021-04-07,-0.0003428098544483449,-0.0003428098544483449,0.0,-0.00034372923158963096
2021-04-08,0.002331172944434412,0.002331172944434412,0.0,0.0023307132343062635
2021-04-09,-0.0006508760012680082,-0.0006508760012680082,0.0,-0.0006517951290158248
2021-04-12,-0.001208910079566916,-0.001208910079566916,0.0,-0.0012098292890378624
2021-04-13,0.0025132752334486863,0.0025132752334486863,0.0,0.0025118961912829587
2021-04-14,0.0015069219242518361,0.0015069219242518361,0.0,0.001506002877961414
2021-04-15,0.002886542555386118,0.002886542555386118,0.0,0.002885623697772598
2021-04-16,0.0007427739491447927,0.0007427739491447927,0.0,0.0007418554519058498
2021-04-19,-0.0007862998454286618,-0.0007862998454286618,0.0,-0.0007872182500037458
2021-04-20,-0.001961278275292355,-0.001961278275292355,0.0,-0.0019626560294115874
2021-04-21,0.002869138600956278,0.002869138600956278,0.0,0.0028677604788111114
2021-04-22,-0.0010515232880969894,-0.0010515232880969894,0.0,-0.0010529008734001782
2021-04-23,0.003635842718212823,0.003635842718212823,0.0,0.0036344649359529397
2021-04-26,0.00131247347878638,0.00131247347878638,0.0,0.0013110963750748107
2021-04-27,0.00033951309352797665,0.00033951309352797665,0.0,0.00033905414049832395
2021-04-28,0.0012259535985343906,0.0012259535985343906,0.0,0.0012254946665907237
2021-04-29,0.000983956652872875,0.000983956652872875,0.0,0.000983497796975723
2021-04-30,-0.0032989278422309587,-0.0032989278422309587,0.0,-0.003299386637152784
2021-05-03,0.0015470056856119463,0.0024065709217355735,1.7191304722475964,0.0015477722098505967
2021-05-04,-0.0027115631444027954,-0.0027115631444027954,0.0,-0.0027111803928898744
2021-05-05,0.001799458207063287,0.001799458207063287,0.0,0.001799844157138449
2021-05-06,0.003838186562683754,0.003838186562683754,0.0,0.0038385703939291973
2021-05-07,0.003869705300111992,0.003869705300111992,0.0,0.003870084629241655
2021-05-10,-0.002899188650071549,-0.002899188650071549,0.0,-0.0028988138425312935
2021-05-11,-0.0007058840447223824,-0.0007058840447223824,0.0,-0.0007056949422367883
2021-05-12,-0.006808733757766583,-0.006808733757766583,0.0,-0.006808354725016791
2021-05-13,-0.0001519808108879639,-0.0001519808108879639,0.0,-0.00015159373891118704
2021-05-14,0.005041233477119267,0.005041233477119267,0.0,0.005041427102844896
2021-05-17,0.0013954936813254104,0.0013954936813254104,0.0,0.0013958750094336927
2021-05-18,0.00058064033390548,0.00058064033390548,0.0,0.0005810200246230972
2021-05-19,-0.0030824445430045477,-0.0030824445430045477,0.0,-0.0030822550380927654
2021-05-20,0.002197326696803392,0.002197326696803392,0.0,0.002197518014634057
2021-05-21,-0.0002487833471040979,-0.0002487833471040979,0.0,-0.0002485933187827754
2021-05-24,0.0028939158452534475,0.0028939158452534475,0.0,0.0028942961939676195
2021-05-25,0.0004252398164505955,0.0004252398164505955,0.0,0.00042561677751257
2021-05-26,0.00043445615341330956,0.00043445615341330956,0.0,0.00043483261689610393
2021-05-27,0.0022012508075719417,0.0022012508075719417,0.0,0.002201626762912154
2021-05-28,0.0009327321336594085,0.0009327321336594085,0.0,0.0009329188268587337
2021-06-01,0.0026519562535936014,0.0038044948628996877,2.3050772186121664,0.0026505842365205285
2021-06-02,0.0018904518968565487,0.0018904518968565487,0.0,0.0018890843102723298
2021-06-03,-0.004486824202339257,-0.004486824202339257,0.0,-0.004488190705972738
2021-06-04,0.003923255277018534,0.003923255277018534,0.0,0.00392188619151065
2021-06-07,0.0007257735186418923,0.0007257735186418923,0.0,0.0007244066818888484
2021-06-08,0.0003692917644584348,0.0003692917644584348,0.0,0.00036792534340687635
2021-06-09,-0.0012862455915170212,-0.0012862455915170212,0.0,-0.0012882949059324755
2021-06-10,0.0023072203495249077,0.0023072203495249077,0.0,0.002305169929009857
2021-06-11,-0.001401353889434298,-0.001401353889434298,0.0,-0.0014034023304354782
2021-06-14,6.130464729570129e-05,6.130464729570129e-05,0.0,5.925500229496712e-05
2021-06-15,-0.0011594661952425422,-0.0011594661952425422,0.0,-0.0011615157875754644
2021-06-16,-0.005386197194754749,-0.005386197194754749,0.0,-0.00538893131422855
2021-06-17,-0.005385429820071286,-0.005385429820071286,0.0,-0.005388170149983013
2021-06-18,-0.005179454339217626,-0.005179454339217626,0.0,-0.005182887555576415
2021-06-21,0.005624354130457254,0.005624354130457254,0.0,0.005620913369529464
2021-06-22,0.0014293665587736815,0.0014293665587736815,0.0,0.0014266204674751484
2021-06-23,-0.0006092567908719815,-0.0006092567908719815,0.0,-0.0006126873375312342
2021-06-24,0.002306251413170868,0.002306251413170868,0.0,0.0023028199847333762
2021-06-25,0.0013370077369818656,0.0013370077369818656,0.0,0.0013328940190498763
2021-06-28,0.00023528761956459476,0.00023528761956459476,0.0,0.00023186144931094553
2021-06-29,-0.0011811085312980474,-0.0011811085312980474,0.0,-0.0011838491961288747
2021-06-30,0.00032356387407950216,0.00032356387407950216,0.0,0.0003201363382184293
2021-07-01,-0.0006864448599421813,0.0005516551411501869,2.4762000021848936,-0.0006854269501400053
2021-07-02,0.0009258370250342374,0.0009258370250342374,0.0,0.0009268585171747866
2021-07-06,-0.006375834475744746,-0.006375834475744746,0.0,-0.00637481576374371
2021-07-07,-0.0013172296456548382,-0.0013172296456548382,0.0,-0.0013161916651969836
2021-07-08,-0.004423377642080895,-0.004423377642080895,0.0,-0.004422127282259383
2021-07-09,0.007165983742616122,0.007165983742616122,0.0,0.007167250236469758
2021-07-12,0.0020444806602955,0.0020444806602955,0.0,0.0020455144455302993
2021-07-13,-0.0007310524642630822,-0.0007310524642630822,0.0,-0.000730024836502612
2021-07-14,-0.0005828436083811228,-0.0005828436083811228,0.0,-0.0005816078110347577
2021-07-15,-0.002352799458427257,-0.002352799458427257,0.0,-0.0023517678696146093
2021-07-16,-0.0022135323473414514,-0.0022135323473414514,0.0,-0.0022124936464209466
2021-07-19,-0.010608172371595392,-0.010608172371595392,0.0,-0.010607126964703657
2021-07-20,0.004901855824017698,0.004901855824017698,0.0,0.004902933713305855
2021-07-21,0.006065241064391991,0.006065241064391991,0.0,0.006066304017333667
2021-07-22,0.00022046941105080542,0.00022046941105080542,0.0,0.00022151399413579878
2021-07-23,0.0018568169366848242,0.0018568169366848242,0.0,0.0018578608521790756
2021-07-26,0.000302621981807194,0.000302621981807194,0.0,0.0003036602852015289
2021-07-27,-0.004409454532161905,-0.004409454532161905,0.0,-0.004408417143144731
2021-07-28,0.004298320866094274,0.004298320866094274,0.0,0.004299371637357279
2021-07-29,0.002121676338227685,0.002121676338227685,0.0,0.0021229216767813
2021-07-30,-0.003862845791021585,-0.003862845791021585,0.0,-0.0038616081299944153
2021-08-02,-0.0016051963341513487,-0.0005887831451528713,2.032826377997082,-0.00160721039629499
2021-08-03,0.0014690622774637951,0.0014690622774637951,0.0,0.0014670504502183805
2021-08-04,-0.0026723923514804238,-0.0026723923514804238,0.0,-0.002674404138092123
2021-08-05,0.0021301301642515647,0.0021301301642515647,0.0,0.0021281183035244226
2021-08-06,1.997402104780832e-05,1.997402104780832e-05,0.0,1.7559858916329444e-05
2021-08-09,-0.0021022763298425007,-0.0021022763298425007,0.0,-0.0021046904913106608
2021-08-10,0.000479873506962436,0.000479873506962436,0.0,0.00047786164743750535
2021-08-11,0.0017351479374294598,0.0017351479374294598,0.0,0.0017331360912062577
2021-08-12,-5.399522934146361e-05,-5.399522934146361e-05,0.0,-5.640938719290261e-05
2021-08-13,-0.0003844651573922109,-0.0003844651573922109,0.0,-0.0003868793170366837
2021-08-16,-0.0009712890532384,-0.0009712890532384,0.0,-0.000973703225654819
2021-08-17,-0.0028308830544698793,-0.0028308830544698793,0.0,-0.0028336996266362666
2021-08-18,-0.002998841996433188,-0.002998841996433188,0.0,-0.0030016586787337293
2021-08-19,-0.002044537386540757,-0.002044537386540757,0.0,-0.0020469517859578834
2021-08-20,0.0002648208660547269,0.0002648208660547269,0.0,0.0002628088094372753
2021-08-23,0.004460330099289367,0.004460330099289367,0.0,0.004458318050066307
2021-08-24,0.002907673201525185,0.002907673201525185,0.0,0.002905661276291494
2021-08-25,0.0017860134964049479,0.0017860134964049479,0.0,0.0017835992828371804
2021-08-26,-0.0021294093797833424,-0.0021294093797833424,0.0,-0.002131421175007299
2021-08-27,0.004720289343062678,0.004720289343062678,0.0,0.004718277488795986
2021-08-30,0.0012225775716261378,0.0012225775716261378,0.0,0.0012205658476253493
2021-08-31,-0.0006084303630976562,-0.0006084303630976562,0.0,-0.0006100397153396511
2021-09-01,0.0015355725278753951,0.0016155193355815722,0.1598936154124703,0.001533646008497416
2021-09-02,0.0014480072350560036,0.0014480072350560036,0.0,0.0014460811272150164
2021-09-03,0.0001070263094917756,0.0001070263094917756,0.0,0.00010510011776012364
2021-09-07,-0.00028153741714231906,-0.00028153741714231906,0.0,-0.0002834636150739037
2021-09-08,-0.0007051975789043041,-0.0007051975789043041,0.0,-0.0007071237605221
2021-09-09,-0.0005912102565008848,-0.0005912102565008848,0.0,-0.0005927511690817064
2021-09-10,-0.0011603098415504665,-0.0011603098415504665,0.0,-0.0011622359479741432
2021-09-13,0.0024179217044388857,0.0024179217044388857,0.0,0.0024156104576105123
2021-09-14,-0.002087731357849232,-0.002087731357849232,0.0,-0.002089272301158833
2021-09-15,0.002982284108523414,0.002982284108523414,0.0,0.0029807432621999238
2021-09-16,0.0009206470791187638,0.0009206470791187638,0.0,0.0009191060946644238
2021-09-17,-0.002794144603592952,-0.002794144603592952,0.0,-0.0027956856306498032
2021-09-20,-0.0061144984364198685,-0.0061144984364198685,0.0,-0.006116039333816701
2021-09-21,0.0009720783665563282,0.0009720783665563282,0.0,0.0009709229076216594
2021-09-22,0.0025045981812656937,0.0025045981812656937,0.0,0.002503442688324565
2021-09-23,0.004270603806576734,0.004270603806576734,0.0,0.004269448226235525
2021-09-24,-0.0005811397857311551,-0.0005811397857311551,0.0,-0.000582295514464985
2021-09-27,0.0002045014196967454,0.0002045014196967454,0.0,0.00020296047499146738
2021-09-28,-0.005798332104104742,-0.005798332104104742,0.0,-0.00579987305828813
2021-09-29,0.001798331251281482,0.001798331251281482,0.0,0.001796790567403052
2021-09-30,-0.0032806562158439467,-0.0032806562158439467,0.0,-0.0032821969834059684
2021-10-01,0.002334663205841192,0.0032003232219759425,1.7313200322697149,0.0023357741421106424
2021-10-04,-0.002694711126780769,-0.002694711126780769,0.0,-0.0026936059165220735
2021-10-05,0.0023941881092677253,0.0023941881092677253,0.0,0.0023953005946724683
2021-10-06,-0.0010610655241296563,-0.0010610655241296563,0.0,-0.001059959487084242
2021-10-07,0.0031949197713825317,0.0031949197713825317,0.0,0.0031963058937446885
2021-10-08,-7.998379520790522e-05,-7.998379520790522e-05,0.0,-7.860840622971864e-05
2021-10-11,0.0005778930485522693,0.0005778930485522693,0.0,0.0005792687062587866
2021-10-12,-0.00026276203922170893,-0.00026276203922170893,0.0,-0.0002611135785436848
2021-10-13,0.0009414820262010348,0.0009414820262010348,0.0,0.0009428566259786147
2021-10-14,0.00402129782007532,0.00402129782007532,0.0,0.004022669260646359
2021-10-15,0.0034744227497267577,0.0034744227497267577,0.0,0.003475780750606304
2021-10-18,0.00010525354088142258,0.00010525354088142258,0.0,0.00010686925582500279
2021-10-19,-0.00016831894174640372,-0.00016831894174640372,0.0,-0.00016697286314268353
2021-10-20,0.0006074186580993235,0.0006074186580993235,0.0,0.0006087652973340888
2021-10-21,-0.0007132253053115933,-0.0007132253053115933,0.0,-0.0007116117645595335
2021-10-22,-0.0005672285560136547,-0.0005672285560136547,0.0,-0.0005656121642546002
2021-10-25,0.0017338399794923909,0.0017338399794923909,0.0,0.0017354586399460582
2021-10-26,0.0017901977775480749,0.0017901977775480749,0.0,0.0017918095153159363
2021-10-27,-0.002150877590902933,-0.002150877590902933,0.0,-0.002149272988067163
2021-10-28,0.0015649100420587203,0.0015649100420587203,0.0,0.0015665232358139096
2021-10-29,-0.0008897811273119727,-0.0008897811273119727,0.0,-0.0008884419997770175
2021-11-01,0.0020447169121662334,0.002141734036883447,0.1940342494342115,0.0020458390543812957
2021-11-02,-0.00023289416049643297,-0.00023289416049643297,0.0,-0.00023177396488468946
2021-11-03,0.0018279499656599363,0.0018279499656599363,0.0,0.0018290708844187014
2021-11-04,-0.0009656444350868432,-0.0009656444350868432,0.0,-0.0009647522324894204
2021-11-05,0.0016128283402536692,0.0016128283402536692,0.0,0.0016139465892925898
2021-11-08,0.0016845742957591892,0.0016845742957591892,0.0,0.0016859101999542716
2021-11-09,-0.00059107165172545,-0.00059107165172545,0.0,-0.000590185216122813
2021-11-10,-0.0013135089807589928,-0.0013135089807589928,0.0,-0.0013123991074798507
2021-11-11,0.002055257247114861,0.002055257247114861,0.0,0.002056371189736253
2021-11-12,0.0005639365806919816,0.0005639365806919816,0.0,0.000565044169043025
2021-11-15,0.0007351660199834686,0.0007351660199834686,0.0,0.0007362718657858245
2021-11-16,7.64778823669765e-06,7.64778823669765e-06,0.0,8.751364064866022e-06
2021-11-17,-0.001681798639088461,-0.001681798639088461,0.0,-0.0016806950868742093
2021-11-18,0.0002481028137897301,0.0002481028137897301,0.0,0.000249211567606704
2021-11-19,-0.001905845326757527,-0.001905845326757527,0.0,-0.0019047373401026475
2021-11-22,0.0002907823490627681,0.0002907823490627681,0.0,0.000291896240060741
2021-11-23,0.001414866774107626,0.001414866774107626,0.0,0.0014162023626007076
2021-11-24,-8.774293069901962e-05,-8.774293069901962e-05,0.0,-8.641259318669699e-05
2021-11-26,-0.01493946047669581,-0.01493946047669581,0.0,-0.01493812981351546
2021-11-29,0.0027269102224665165,0.0027269102224665165,0.0,0.0027282971761303015
2021-11-30,-0.0063380820446943265,-0.0063380820446943265,0.0,-0.006336934788974013
2021-12-01,-0.002364331778288875,-0.001958148829921069,0.8123658967354883,-0.002363781668482234
2021-12-02,0.006120223703042882,0.006120223703042882,0.0,0.006120697590601378
2021-12-03,-0.0029783751513315915,-0.0029783751513315915,0.0,-0.002977824428767882
2021-12-06,0.004954531483521096,0.004954531483521096,0.0,0.004955090963796364
2021-12-07,0.00630092797836368,0.00630092797836368,0.0,0.006301472961996846
2021-12-08,0.0008047760779157365,0.0008047760779157365,0.0,0.000805390518033782
2021-12-09,-0.0035272691947990653,-0.0035272691947990653,0.0,-0.0035267448699383645
2021-12-10,0.0010757290175071876,0.0010757290175071876,0.0,0.0010762636263371335
2021-12-13,-0.0021137629474015096,-0.0021137629474015096,0.0,-0.002113320050862851
2021-12-14,-0.0008877225856654958,-0.0008877225856654958,0.0,-0.0008872745481075463
2021-12-15,0.0037543053830877415,0.0037543053830877415,0.0,0.0037548456213642046
2021-12-16,-0.002696186886609442,-0.002696186886609442,0.0,-0.0026957457930642113
2021-12-17,-0.0010802348057864508,-0.0010802348057864508,0.0,-0.001079787155715814
2021-12-20,-0.0021517153339214445,-0.0021517153339214445,0.0,-0.002151084942199235
2021-12-21,0.005799319669368197,0.005799319669368197,0.0,0.005799957410314418
2021-12-22,0.0021836349254036325,0.0021836349254036325,0.0,0.002184341265369424
2021-12-23,0.002144611065835189,0.002144611065835189,0.0,0.0021453089497030266
2021-12-27,0.0032908389855454967,0.0032908389855454967,0.0,0.003291356183042077
2021-12-28,1.9656639644427543e-05,1.9656639644427543e-05,0.0,2.0164331079323386e-05
2021-12-29,0.0014449173238109125,0.0014449173238109125,0.0,0.0014453403526900636
2021-12-30,-0.0014043288274390164,-0.0014043288274390164,0.0,-0.0014039092716826979
2021-12-31,-0.001379736811444654,-0.001379736811444654,0.0,-0.0013792292881674377
2022-01-03,0.00415462044400039,0.004254828524378196,0.20041616075563778,0.004155767612873168
2022-01-04,0.0007095642636483213,0.0007095642636483213,0.0,0.0007105743867245899
2022-01-05,-0.0023274233107765108,-0.0023274233107765108,0.0,-0.0023262902604458163
2022-01-06,0.0008180357343616773,0.0008180357343616773,0.0,0.0008193068734591153
2022-01-07,-0.0023498415369405112,-0.0023498415369405112,0.0,-0.002348574680350583
2022-01-10,-0.0006290233498635889,-0.0006290233498635889,0.0,-0.0006273604064447585
2022-01-11,-0.00015765903476505638,-0.00015765903476505638,0.0,-0.00015612004666201438
2022-01-12,-0.0021646384375285654,-0.0021646384375285654,0.0,-0.002163098455876194
2022-01-13,-0.0026725987591300626,-0.0026725987591300626,0.0,-0.0026710451065795784
2022-01-14,0.002870741494071405,0.002870741494071405,0.0,0.0028724429521984627
2022-01-18,0.00035689662375792963,0.00035689662375792963,0.0,0.000359095927716159
2022-01-19,-0.0043821154997604195,-0.0043821154997604195,0.0,-0.004379919387223294
2022-01-20,-0.0026539653679098496,-0.0026539653679098496,0.0,-0.0026515983991267146
2022-01-21,-0.0027742176681264663,-0.0027742176681264663,0.0,-0.002771958297583261
2022-01-24,0.0018743270609482554,0.0018743270609482554,0.0,0.001877014617407415
2022-01-25,-0.001272801790941247,-0.001272801790941247,0.0,-0.0012701341101998857
2022-01-26,0.0026957455934832897,0.0026957455934832897,0.0,0.0026982927287072973
2022-01-27,0.0006392253402540682,0.0006392253402540682,0.0,0.0006418779895527525
2022-01-28,0.003662922019015191,0.003662922019015191,0.0,0.0036654356095420448
2022-01-31,0.00031216564235325706,0.00031216564235325706,0.0,0.00031529435885521186
2022-02-01,-0.0006309845014766946,-0.0005222465317001879,0.21747593955307837,-0.0006279186017175671
2022-02-02,0.0001113020725895808,0.0001113020725895808,0.0,0.00011436630833486385
2022-02-03,-0.0009089401292082799,-0.0009089401292082799,0.0,-0.0009057239671585063
2022-02-04,0.0015566189491935667,0.0015566189491935667,0.0,0.001560152920441352
2022-02-07,-0.0011602274951695302,-0.0011602274951695302,0.0,-0.001155949224705637
2022-02-08,0.0003799249357034906,0.0003799249357034906,0.0,0.0003840676482915995
2022-02-09,0.001323893246276242,0.001323893246276242,0.0,0.0013280303164639148
2022-02-10,0.0011945077754389466,0.0011945077754389466,0.0,0.0012007601760873718
2022-02-11,-0.0028426598418559434,-0.0028426598418559434,0.0,-0.0028370416808594897
2022-02-14,0.0017852470633195061,0.0017852470633195061,0.0,0.0017921503472997447
2022-02-15,-0.0005013894791456863,-0.0005013894791456863,0.0,-0.0004951400229178613
2022-02-16,-0.0014100253966182752,-0.0014100253966182752,0.0,-0.001404070046364715
2022-02-17,-0.0015174941718179014,-0.0015174941718179014,0.0,-0.00151181551433634
2022-02-18,0.0005509540580719285,0.0005509540580719285,0.0,0.000556355033351478
2022-02-22,0.0012759309363299387,0.0012759309363299387,0.0,0.0012819373300102322
2022-02-23,0.0008189356886034727,0.0008189356886034727,0.0,0.0008244547824333039
2022-02-24,0.0037618060932171904,0.0037618060932171904,0.0,0.003766850407434438
2022-02-25,-0.001580085672664433,-0.001580085672664433,0.0,-0.0015751093401914626
2022-02-28,-0.0007632105567018099,-0.0007632105567018099,0.0,-0.0007575989659491942
2022-03-01,0.0019128036169606677,0.002168505094386486,0.5114029548516714,0.0019166089540412
2022-03-02,0.004824851662823981,0.004824851662823981,0.0,0.0048287535199554735
2022-03-03,0.002403721626510258,0.002403721626510258,0.0,0.0024080049286478817
2022-03-04,0.004190417121644252,0.004190417121644252,0.0,0.004194196801486131
2022-03-07,0.005383665859442388,0.005383665859442388,0.0,0.005387937130809906
2022-03-08,0.003302212862689835,0.003302212862689835,0.0,0.0033061611644514934
2022-03-09,-0.007843930120858267,-0.007843930120858267,0.0,-0.007839825817555225
2022-03-10,0.002064615824711513,0.002064615824711513,0.0,0.0020688717930185015
2022-03-11,0.004000896037682056,0.004000896037682056,0.0,0.0040052231190066765
2022-03-14,0.0012233116572570868,0.0012233116572570868,0.0,0.0012282133875156094
2022-03-15,-0.003717481137141876,-0.003717481137141876,0.0,-0.003712498904659506
2022-03-16,-0.005333971580970487,-0.005333971580970487,0.0,-0.0053292332287486035
2022-03-17,0.004260255724257478,0.004260255724257478,0.0,0.004264772251007105
2022-03-18,0.00033340939051806906,0.00033340939051806906,0.0,0.00033795017186231984
2022-03-21,0.007099925724486367,0.007099925724486367,0.0,0.0071060077119495454
2022-03-22,6.79100938509869e-05,6.79100938509869e-05,0.0,7.336732007932899e-05
2022-03-23,0.0030035097334550898,0.0030035097334550898,0.0,0.0030088582446071905
2022-03-24,0.00038998779616195023,0.00038998779616195023,0.0,0.00039526087611997955
2022-03-25,0.0031708567378019303,0.0031708567378019303,0.0,0.0031764358246573698
2022-03-28,-0.0022786873486861925,-0.0022786873486861925,0.0,-0.0022724666229218754
2022-03-29,-0.0026401166475696902,-0.0026401166475696902,0.0,-0.0026342466234099008
2022-03-30,0.0005299773772766692,0.0005299773772766692,0.0,0.0005358156147980336
2022-03-31,-0.0006023282011177189,-0.0006023282011177189,0.0,-0.0005969281503262083
2022-04-01,-1.0362353467852081e-05,0.0001367855630114434,0.29429583295880546,-3.868161275598885e-06
2022-04-04,0.0009676116893413411,0.0009676116893413411,0.0,0.0009760072299163042
2022-04-05,0.003980330653887254,0.003980330653887254,0.0,0.00398844277369076
2022-04-06,0.0009180171493357037,0.0009180171493357037,0.0,0.0009262403156529944
2022-04-07,0.0010636679094875312,0.0010636679094875312,0.0,0.0010719814058069296
2022-04-08,0.0024089135887228608,0.0024089135887228608,0.0,0.0024173112857398646
2022-04-11,0.0015655931658373756,0.0015655931658373756,0.0,0.0015749890192292132
2022-04-12,0.0006153384349050217,0.0006153384349050217,0.0,0.000624192613851764
2022-04-13,-0.0011833476976125246,-0.0011833476976125246,0.0,-0.0011743976885274132
2022-04-14,0.0026058609938004462,0.0026058609938004462,0.0,0.0026152167017331395
2022-04-18,0.002650476018192238,0.002650476018192238,0.0,0.0026602013692165498
2022-04-19,0.0017360352426054604,0.0017360352426054604,0.0,0.0017456488672998602
2022-04-20,-0.0020998582036788616,-0.0020998582036788616,0.0,-0.0020903176317891687
2022-04-21,0.0026218513603011306,0.0026218513603011306,0.0,0.0026314804806976083
2022-04-22,-0.0005284982354651913,-0.0005284982354651913,0.0,-0.0005189793862873097
2022-04-25,-0.0018872909577292152,-0.0018872909577292152,0.0,-0.0018764699667830108
2022-04-26,0.0004496929259769633,0.0004496929259769633,0.0,0.00045954823378285305
2022-04-27,0.002000346138432807,0.002000346138432807,0.0,0.0020099478453681043
2022-04-28,0.00275007872910793,0.00275007872910793,0.0,0.002759480238942155
2022-04-29,-0.0015199370554017655,-0.0015199370554017655,0.0,-0.001510420159724507
2022-05-02,-0.0004534326281765422,-0.00041279221810930355,0.08128082013476684,-0.00044295555407130975
2022-05-03,-0.0011795046149869481,-0.0011795046149869481,0.0,-0.0011689925207877254
2022-05-04,-0.002359517754424778,-0.002359517754424778,0.0,-0.00234918588678326
2022-05-05,0.005498100266729811,0.005498100266729811,0.0,0.0055080646657923015
2022-05-06,0.001810864525930933,0.001810864525930933,0.0,0.0018205921714143061
2022-05-09,-0.0015657403589118823,-0.0015657403589118823,0.0,-0.0015551715206629237
2022-05-10,-0.0011259609162505013,-0.0011259609162505013,0.0,-0.0011156652957899317
2022-05-11,0.0020458814801567193,0.0020458814801567193,0.0,0.0020563447758979855
2022-05-12,0.00078933066468867,0.00078933066468867,0.0,0.0008002757358350558
2022-05-13,-0.00010000565341905521,-0.00010000565341905521,0.0,-8.841010321654591e-05
2022-05-16,0.0006926464164811463,0.0006926464164811463,0.0,0.0007049362865784229
2022-05-17,-0.001199863976302451,-0.001199863976302451,0.0,-0.0011877265069059396
2022-05-18,-0.00040375310183027313,-0.00040375310183027313,0.0,-0.0003920109952933477
2022-05-19,-0.002919595763771987,-0.002919595763771987,0.0,-0.002907601914471702
2022-05-20,-0.00014800003211357105,-0.00014800003211357105,0.0,-0.00013620069439448931
2022-05-23,-0.00010556229268632311,-0.00010556229268632311,0.0,-9.305386883617318e-05
2022-05-24,-0.0017653700299742336,-0.0017653700299742336,0.0,-0.001753089713671834
2022-05-25,-0.0011031533274995509,-0.0011031533274995509,0.0,-0.0010907776063854148
2022-05-26,-0.0010786623646913407,-0.0010786623646913407,0.0,-0.0010661085282789465
2022-05-27,-0.0008017390483848752,-0.0008017390483848752,0.0,-0.000789126234699229
2022-05-31,0.0015904492601814813,0.0015904492601814813,0.0,0.0016039417639897879
2022-06-01,0.0032170116289211848,0.0033549548786810934,0.27588649951956457,0.003239988104177955
2022-06-02,-0.0035689682410621204,-0.0035689682410621204,0.0,-0.003546015798714837
2022-06-03,0.0033382922083891042,0.0033382922083891042,0.0,0.003362308542201239
2022-06-06,0.0021554248969848366,0.0021554248969848366,0.0,0.0021804264347673264
2022-06-07,-0.001120121608018998,-0.001120121608018998,0.0,-0.001095076848390303
2022-06-08,0.0029212110455112406,0.0029212110455112406,0.0,0.0029465417140247556
2022-06-09,0.0037864690149198577,0.0037864690149198577,0.0,0.003811782322714876
2022-06-10,0.004550797210541857,0.004550797210541857,0.0,0.004577415578868394
2022-06-13,0.010385086552059164,0.010385086552059164,0.0,0.010418201587115188
2022-06-14,0.0017656655871276516,0.0017656655871276516,0.0,0.0017994596408236546
2022-06-15,-0.006846415823347218,-0.006846415823347218,0.0,-0.006814505212926214
2022-06-16,0.001150095308761534,0.001150095308761534,0.0,0.0011797953473748589
2022-06-17,0.0010502460392214363,0.0010502460392214363,0.0,0.0010806104762622283
2022-06-21,-0.000265931597246194,-0.000265931597246194,0.0,-0.0002341323003148997
2022-06-22,-0.0023918091823599275,-0.0023918091823599275,0.0,-0.002361709371244524
2022-06-23,-0.002217200483853876,-0.002217200483853876,0.0,-0.0021864928771486744
2022-06-24,-0.0019091293247314178,-0.0019091293247314178,0.0,-0.001876852192256372
2022-06-27,0.0011743711328560114,0.0011743711328560114,0.0,0.0012085961487515787
2022-06-28,0.0029039881964001424,0.0029039881964001424,0.0,0.002938091608681901
2022-06-29,-0.00012477600389115828,-0.00012477600389115828,0.0,-9.135874929994388e-05
2022-06-30,-0.0012901757478084308,-0.0012901757478084308,0.0,-0.0012580984146134354
2022-07-01,-0.0030844550105566526,-0.0029944733260796053,0.1799633689543497,-0.003055128288551352
2022-07-05,-0.0005547456850835131,-0.0005547456850835131,0.0,-0.0005215358475835408
2022-07-06,0.0020632630500991844,0.0020632630500991844,0.0,0.002096353422204534
2022-07-07,-0.000724559854232032,-0.000724559854232032,0.0,-0.000690978047451545
2022-07-08,0.0016960512913828385,0.0016960512913828385,0.0,0.0017300680253944471
2022-07-11,0.0035271715367866108,0.0035271715367866108,0.0,0.0035648990840709007
2022-07-12,-0.002149342526202913,-0.002149342526202913,0.0,-0.0021115193428578034
2022-07-13,-0.00023992788734306103,-0.00023992788734306103,0.0,-0.00019884084035315174
2022-07-14,0.0029402837147844973,0.0029402837147844973,0.0,0.0029814028112009707
2022-07-15,-0.003510767017163574,-0.003510767017163574,0.0,-0.003470738714995399
2022-07-18,0.0015306821692937511,0.0015306821692937511,0.0,0.0015738238042907941
2022-07-19,-0.0035988081905224956,-0.0035988081905224956,0.0,-0.003555528606589455
2022-07-20,-8.753279440254502e-05,-8.753279440254502e-05,0.0,-4.410031581472312e-05
2022-07-21,-0.005074693022046994,-0.005074693022046994,0.0,-0.005031960474348953
2022-07-22,-0.0018746660457258368,-0.0018746660457258368,0.0,-0.0018310487836658935
2022-07-25,0.0010376197005812493,0.0010376197005812493,0.0,0.0010840474804317758
2022-07-26,0.002477479869760435,0.002477479869760435,0.0,0.0025224843490476503
2022-07-27,-0.004473241878185097,-0.004473241878185097,0.0,-0.0044305722794727295
2022-07-28,-0.004542081699520417,-0.004542081699520417,0.0,-0.004499163048747749
2022-07-29,-0.0017179545636812898,-0.0017179545636812898,0.0,-0.0016745998601302734
2022-08-01,-0.0023937125463384668,-0.002335081996584276,0.11726109950849713,-0.0023435843232273296
2022-08-02,0.0053830583544500765,0.0053830583544500765,0.0,0.005433403149476172
2022-08-03,-0.002703916607907697,-0.002703916607907697,0.0,-0.0026551674619632562
2022-08-04,-0.002932143032117862,-0.002932143032117862,0.0,-0.002883603425018662
2022-08-05,0.004767486193711923,0.004767486193711923,0.0,0.004817871963308903
2022-08-08,-0.00214887550720666,-0.00214887550720666,0.0,-0.0020973928724453464
2022-08-09,0.001712354322989329,0.001712354322989329,0.0,0.0017643690563942825
2022-08-10,-0.004451797720289141,-0.004451797720289141,0.0,-0.004400448084098372
2022-08-11,0.002611013404357765,0.002611013404357765,0.0,0.0026622339055655912
2022-08-12,-0.0039583833177341265,-0.0039583833177341265,0.0,-0.0039073549338203934
2022-08-15,0.0007173208535700137,0.0007173208535700137,0.0,0.0007709917365712829
2022-08-16,0.00038535770326286745,0.00038535770326286745,0.0,0.00043850802288897874
2022-08-17,0.0032499625000188548,0.0032499625000188548,0.0,0.0033026456294440905
2022-08-18,0.0009775555277233838,0.0009775555277233838,0.0,0.00103013798241602
2022-08-19,0.0053977238648335035,0.0053977238648335035,0.0,0.005450756462668831
2022-08-22,0.0046821627465611915,0.0046821627465611915,0.0,0.004736324907161139
2022-08-23,-0.0004081150612229578,-0.0004081150612229578,0.0,-0.00035529673925476424
2022-08-24,0.000619154851219994,0.000619154851219994,0.0,0.0006724289307215273
2022-08-25,-0.004742220457983004,-0.004742220457983004,0.0,-0.004688072492306047
2022-08-26,0.005477523506590698,0.005477523506590698,0.0,0.005532455119804819
2022-08-29,0.0027471273631942683,0.0027471273631942683,0.0,0.002803296684365266
2022-08-30,0.0015929735299076153,0.0015929735299076153,0.0,0.0016484820471862679
2022-08-31,0.0015568995751373826,0.0015568995751373826,0.0,0.001611946244636046
2022-09-01,0.002609595333926462,0.0026421803428666735,0.06517001788018938,0.002670296028989016
2022-09-02,0.0003157080824345293,0.0003157080824345293,0.0,0.0003756608181555381
2022-09-06,0.005084256486779681,0.005084256486779681,0.0,0.005146466464374722
2022-09-07,-0.006285688440016424,-0.006285688440016424,0.0,-0.006223973134681595
2022-09-08,0.0008910923853737707,0.0008910923853737707,0.0,0.0009537351586045278
2022-09-09,-0.0034035899531696945,-0.0034035899531696945,0.0,-0.0033408975014875167
2022-09-12,-0.0024735306971401805,-0.0024735306971401805,0.0,-0.0024078833128207177
2022-09-13,0.010629723133006141,0.010629723133006141,0.0,0.010697976973691481
2022-09-14,-0.00131795344498975,-0.00131795344498975,0.0,-0.0012527866163133522
2022-09-15,0.002813322516592276,0.002813322516592276,0.0,0.0028783231128750105
2022-09-16,0.0005890960483230234,0.0005890960483230234,0.0,0.0006531536760249389
2022-09-19,-0.0008415565481845189,-0.0008415565481845189,0.0,-0.0007736896976723154
2022-09-20,0.004108049037168993,0.004108049037168993,0.0,0.004175462641409722
2022-09-21,0.0022702509786765024,0.0022702509786765024,0.0,0.002335837910401439
2022-09-22,0.002926019995959317,0.002926019995959317,0.0,0.0029907639164708736
2022-09-23,0.005703213050825662,0.005703213050825662,0.0,0.005765990301714189
2022-09-26,0.006334735302487626,0.006334735302487626,0.0,0.006400015163566745
2022-09-27,0.002676466624499829,0.002676466624499829,0.0,0.0027397349330129345
2022-09-28,-0.008224803052465757,-0.008224803052465757,0.0,-0.008161471452754669
2022-09-29,0.004161769801323212,0.004161769801323212,0.0,0.004226117155861289
2022-09-30,0.0008707939796488429,0.0008707939796488429,0.0,0.0009335588016567741
2022-10-03,-0.007690771632737903,-0.007633688088196755,0.11416708908238844,-0.00762045072115773
2022-10-04,-0.007728555456271713,-0.007728555456271713,0.0,-0.007657640536350346
2022-10-05,0.004802669242539359,0.004802669242539359,0.0,0.004875380991803202
2022-10-06,0.003998836124762706,0.003998836124762706,0.0,0.004070353314403662
2022-10-07,0.006820052345267946,0.006820052345267946,0.0,0.006890546981238861
2022-10-10,0.004350635350727439,0.004350635350727439,0.0,0.004419762725918251
2022-10-11,0.00035267304414010603,0.00035267304414010603,0.0,0.00042546884584879766
2022-10-12,-0.00014224077951330294,-0.00014224077951330294,0.0,-6.890200327472354e-05
2022-10-13,-0.0009219840684591141,-0.0009219840684591141,0.0,-0.0008469660133161356
2022-10-14,0.004358446666897553,0.004358446666897553,0.0,0.00443387389964879
2022-10-17,-0.005837165895784424,-0.005837165895784424,0.0,-0.0057592259959027585
2022-10-18,-0.0016536395116798497,-0.0016536395116798497,0.0,-0.0015728990436543876
2022-10-19,0.00628775270430193,0.00628775270430193,0.0,0.006369299716382936
2022-10-20,0.0020375923396347417,0.0020375923396347417,0.0,0.0021176603044284364
2022-10-21,-0.005094438023931058,-0.005094438023931058,0.0,-0.005015051934699829
2022-10-24,0.001889114400053682,0.001889114400053682,0.0,0.001971765733084329
2022-10-25,-0.007015879166924144,-0.007015879166924144,0.0,-0.006934299442805677
2022-10-26,-0.002968447513319039,-0.002968447513319039,0.0,-0.0028858075414710284
2022-10-27,0.001004694795438743,0.001004694795438743,0.0,0.0010882578583426372
2022-10-28,-0.0010041943698041456,-0.0010041943698041456,0.0,-0.0009200287361183767
2022-10-31,0.004323123325326916,0.004323123325326916,0.0,0.004409013586464694
2022-11-01,-0.0016907722887646859,-0.0016515028168055945,0.07853894391800804,-0.0016079932567767785
2022-11-02,0.0037121397131092415,0.0037121397131092415,0.0,0.0037939669092711265
2022-11-03,0.0027609907039802817,0.0027609907039802817,0.0,0.0028423230014664454
2022-11-04,-0.005870593418703329,-0.005870593418703329,0.0,-0.005790723388805907
2022-11-07,-0.0009106802944418568,-0.0009106802944418568,0.0,-0.0008273745985784965
2022-11-08,-0.004160412881688447,-0.004160412881688447,0.0,-0.004077287715717945
2022-11-09,0.002647821218499713,0.002647821218499713,0.0,0.002732178633985025
2022-11-10,-0.018237638340629747,-0.018237638340629747,0.0,-0.01815434172365314
2022-11-11,-0.003728301915024601,-0.003728301915024601,0.0,-0.003640442960560169
2022-11-14,0.002291845023305372,0.002291845023305372,0.0,0.002382159862959565
2022-11-15,-0.003932788542122867,-0.003932788542122867,0.0,-0.0038434890863385594
2022-11-16,-0.0005072307270106435,-0.0005072307270106435,0.0,-0.00041693003673148285
2022-11-17,0.0014990270373798076,0.0014990270373798076,0.0,0.0015892384975543874
2022-11-18,0.0011678959432035452,0.0011678959432035452,0.0,0.001258162087778584
2022-11-21,0.0025334822437641513,0.0025334822437641513,0.0,0.0026251853192700153
2022-11-22,-0.0036117957627012087,-0.0036117957627012087,0.0,-0.0035211790995744413
2022-11-23,-0.005453946881135985,-0.005453946881135985,0.0,-0.00536239615627636
2022-11-25,-0.00015543945683915705,-0.00015543945683915705,0.0,-6.224970016658674e-05
2022-11-28,0.0031586186696146434,0.0031586186696146434,0.0,0.0032536163465321437
2022-11-29,5.6498702982077376e-05,5.6498702982077376e-05,0.0,0.00015000305044618071
2022-11-30,-0.00736400532227921,-0.00736400532227921,0.0,-0.007270515830241488
2022-12-01,-0.005783922202620917,-0.0057109151440216666,0.14601411719838192,-0.00571071569396813
2022-12-02,-0.001732288798917625,-0.001732288798917625,0.0,-0.0016582314981682346
2022-12-05,0.004763448700008999,0.004763448700008999,0.0,0.0048388075268932665
2022-12-06,-0.0006103245513653377,-0.0006103245513653377,0.0,-0.0005361263039449001
2022-12-07,-0.0027305927481632297,-0.0027305927481632297,0.0,-0.0026574645127385643
2022-12-08,-0.0013029162559059504,-0.0013029162559059504,0.0,-0.001229658479782094
2022-12-09,0.001743448734108588,0.001743448734108588,0.0,0.001817370816434637
2022-12-12,0.0005619951163213788,0.0005619951163213788,0.0,0.0006372534384042673
2022-12-13,-0.004281174103308416,-0.004281174103308416,0.0,-0.004206578989224282
2022-12-14,0.0002458094332178362,0.0002458094332178362,0.0,0.0003209194141554977
2022-12-15,0.004153937747403136,0.004153937747403136,0.0,0.004228810595595943
2022-12-16,0.0005390678569190399,0.0005390678569190399,0.0,0.0006125881358702442
2022-12-19,0.0028776755293857814,0.0028776755293857814,0.0,0.002952464322399002
2022-12-20,-0.0009958382088725015,-0.0009958382088725015,0.0,-0.0009222706621618824
2022-12-21,-0.0007888576216606991,-0.0007888576216606991,0.0,-0.0007155696289137761
2022-12-22,0.0021610865573931104,0.0021610865573931104,0.0,0.002234912853460113
2022-12-23,0.0012806003572960467,0.0012806003572960467,0.0,0.0013537317376821826
2022-12-27,0.0009134219031445845,0.0009134219031445845,0.0,0.0009883109736352038
2022-12-28,0.0033712813424087162,0.0033712813424087162,0.0,0.003445944539880411
2022-12-29,-0.004937117018807502,-0.004937117018807502,0.0,-0.004863454407820804
2022-12-30,0.001336919899459943,0.001336919899459943,0.0,0.0014111123336733224
2023-01-03,-0.0036062789980914056,-0.0035471690573247727,0.11821988153332894,-0.00352937830938568
2023-01-04,-0.0050966006211077275,-0.0050966006211077275,0.0,-0.0050193640785140695
2023-01-05,0.0029574291531881958,0.0029574291531881958,0.0,0.0030377385258182803
2023-01-06,-0.0071275121936827945,-0.0071275121936827945,0.0,-0.0070479673552087795
2023-01-09,-0.0014355132511786328,-0.0014355132511786328,0.0,-0.001353390673649292
2023-01-10,0.00014894586922120645,0.00014894586922120645,0.0,0.00023180870500091066
2023-01-11,-0.002385428053433225,-0.002385428053433225,0.0,-0.0023026045650851572
2023-01-12,-0.004482463773058054,-0.004482463773058054,0.0,-0.004400286919555595
2023-01-13,0.0008374393355823351,0.0008374393355823351,0.0,0.0009209754707292773
2023-01-17,0.0014622295167725508,0.0014622295167725508,0.0,0.001546469690474949
2023-01-18,-0.0019670350256084657,-0.0019670350256084657,0.0,-0.0018835498342760525
2023-01-19,0.0001031111660039219,0.0001031111660039219,0.0,0.00018730100889458278
2023-01-20,-0.00045903839164562754,-0.00045903839164562754,0.0,-0.00037450589888350573
2023-01-23,-0.0006382778486819785,-0.0006382778486819785,0.0,-0.000553438010138859
2023-01-24,-0.0012383454603467348,-0.0012383454603467348,0.0,-0.0011535209688505253
2023-01-25,-0.000728951007480716,-0.000728951007480716,0.0,-0.0006439828260420231
2023-01-26,0.0007302443054015839,0.0007302443054015839,0.0,0.0008152197121715562
2023-01-27,-0.0007532029044197142,-0.0007532029044197142,0.0,-0.0006680485920551358
2023-01-30,0.003101620715362241,0.003101620715362241,0.0,0.003187349455967154
2023-01-31,-0.0013663427615657753,-0.0013663427615657753,0.0,-0.001281627256438823
2023-02-01,-0.005640283656127454,-0.005595871336593339,0.0888246390682543,-0.005566798229515287
2023-02-02,-0.002071581722364102,-0.002071581722364102,0.0,-0.0019970647254006144
2023-02-03,0.0033948630874525154,0.0033948630874525154,0.0,0.003470570585113797
2023-02-06,0.004134293637769737,0.004134293637769737,0.0,0.004209458933322301
2023-02-07,-0.0009635845035795843,-0.0009635845035795843,0.0,-0.0008894786155837342
2023-02-08,0.0017703060821310235,0.0017703060821310235,0.0,0.0018446591256019366
2023-02-09,0.00030410535031077934,0.00030410535031077934,0.0,0.00037881012834619607
2023-02-10,0.003217475390421942,0.003217475390421942,0.0,0.003292423144443506
2023-02-13,-0.001941311690100589,-0.001941311690100589,0.0,-0.0018668792874663364
2023-02-14,0.0014302156185210801,0.0014302156185210801,0.0,0.001504993904472738
2023-02-15,0.0002336034533887421,0.0002336034533887421,0.0,0.00030785094822408175
2023-02-16,0.0022319249513389483,0.0022319249513389483,0.0,0.0023067487157387104
2023-02-17,-0.00027975620579068217,-0.00027975620579068217,0.0,-0.00020551441521285738
2023-02-21,0.005520557062830944,0.005520557062830944,0.0,0.005595188053185964
2023-02-22,-0.0009241675497390078,-0.0009241675497390078,0.0,-0.0008511297038881531
2023-02-23,-0.001657979135153309,-0.001657979135153309,0.0,-0.0015847008365609512
2023-02-24,0.003307630270124484,0.003307630270124484,0.0,0.003381497160855969
2023-02-27,-0.002272473371694228,-0.002272473371694228,0.0,-0.0021991581348628285
2023-02-28,0.0008431712018412973,0.0008431712018412973,0.0,0.0009167699808168774
2023-03-01,0.0008729648664971279,0.0010308246196186754,0.31571950624324474,0.0009998885085660293
2023-03-02,0.0002763258666698132,0.0002763258666698132,0.0,0.00040311833910947753
2023-03-03,-0.005943605319725487,-0.005943605319725487,0.0,-0.00581689983486842
2023-03-06,0.0014858862489410818,0.0014858862489410818,0.0,0.0016150165365664277
2023-03-07,0.005796875437647397,0.005796875437647397,0.0,0.005928507085488768
2023-03-08,-0.0005460994963734089,-0.0005460994963734089,0.0,-0.0004158074236089766
2023-03-09,0.0015185604580509882,0.0015185604580509882,0.0,0.0016484961326034431
2023-03-10,-0.0025751420618459475,-0.0025751420618459475,0.0,-0.002446759634658604
2023-03-13,-0.00549524112812938,-0.00549524112812938,0.0,-0.005369510068817416
2023-03-14,-0.0005130920481923873,-0.0005130920481923873,0.0,-0.00038536449555314997
2023-03-15,-0.0003833211535835268,-0.0003833211535835268,0.0,-0.00025869040300835727
2023-03-16,-0.0015399390717873995,-0.0015399390717873995,0.0,-0.0014157342492688147
2023-03-17,-0.0022716197578573905,-0.0022716197578573905,0.0,-0.0021526727729366214
2023-03-20,-0.0012668591108088156,-0.0012668591108088156,0.0,-0.0011392915616089687
2023-03-21,-9.488619381803343e-05,-9.488619381803343e-05,0.0,3.225166219022392e-05
2023-03-22,-0.002632653113612715,-0.002632653113612715,0.0,-0.0025052105414438827
2023-03-23,-0.0019150297217359613,-0.0019150297217359613,0.0,-0.001788427945066263
2023-03-24,-0.00045435312113839554,-0.00045435312113839554,0.0,-0.0003271604776558702
2023-03-27,0.003564140010454464,0.003564140010454464,0.0,0.0036964882046015253
2023-03-28,-0.0019870011700925394,-0.0019870011700925394,0.0,-0.0018588309524461405
2023-03-29,-0.0019826129056566,-0.0019826129056566,0.0,-0.0018538209176464204
2023-03-30,-0.00381887913506207,-0.00381887913506207,0.0,-0.0036850029788685693
2023-03-31,-0.0029152430198272627,-0.0029152430198272627,0.0,-0.0027835014419648834
2023-04-03,-0.00015328285109117434,0.00010139299050559991,0.5093516831932424,-7.92546333707778e-05
2023-04-04,-0.0001628074048479755,-0.0001628074048479755,0.0,-8.901052389639586e-05
2023-04-05,0.0013704193719092927,0.0013704193719092927,0.0,0.001443947338599144
2023-04-06,-0.0014011651076115683,-0.0014011651076115683,0.0,-0.0013272189809835856
2023-04-10,0.0014673114091943162,0.0014673114091943162,0.0,0.0015442754445321692
2023-04-11,-0.002523248401764322,-0.002523248401764322,0.0,-0.002447459289153373
2023-04-12,-0.0006309466280908227,-0.0006309466280908227,0.0,-0.0005547876957296812
2023-04-13,-0.0028083661797805304,-0.0028083661797805304,0.0,-0.0027307832900544424
2023-04-14,0.00223795801636939,0.00223795801636939,0.0,0.0023167874740599136
2023-04-17,0.0003442858547577643,0.0003442858547577643,0.0,0.0004237544340135903
2023-04-18,-0.0010708698608229428,-0.0010708698608229428,0.0,-0.000991811462482664
2023-04-19,0.003059239162413796,0.003059239162413796,0.0,0.0031381243499465548
2023-04-20,0.0006942261176337006,0.0006942261176337006,0.0,0.0007716413018008204
2023-04-21,0.00013201865306422533,0.00013201865306422533,0.0,0.00020939869064215882
2023-04-24,-0.0017327130089130893,-0.0017327130089130893,0.0,-0.0016544374192943051
2023-04-25,0.0038600997146267524,0.0038600997146267524,0.0,0.003937764443474709
2023-04-26,0.0013118896142572112,0.0013118896142572112,0.0,0.0013889597530640006
2023-04-27,-0.0028864854942109996,-0.0028864854942109996,0.0,-0.0028093160297221046
2023-04-28,-0.001857476735722452,-0.001857476735722452,0.0,-0.0017807461486326187
2023-05-01,0.001184101459815512,0.0014625586657146528,0.5569144117982314,0.0011604076317493026
2023-05-02,0.002340524136852151,0.002340524136852151,0.0,0.0023168982053847543
2023-05-03,6.877661480841901e-05,6.877661480841901e-05,0.0,4.468780731281723e-05
2023-05-04,-0.0009613167930850874,-0.0009613167930850874,0.0,-0.0009854651845643415
2023-05-05,-0.002336246030028133,-0.002336246030028133,0.0,-0.0023602229186849744
2023-05-08,0.00018569789484068622,0.00018569789484068622,0.0,0.00016190780625332022
2023-05-09,0.0002653305785642601,0.0002653305785642601,0.0,0.00024159948269924624
2023-05-10,-0.00037429300953917277,-0.00037429300953917277,0.0,-0.0003978400476996363
2023-05-11,0.0002485036646151517,0.0002485036646151517,0.0,0.00022520817546714915
2023-05-12,0.001227846491717477,0.001227846491717477,0.0,0.0012043218685068586
2023-05-15,-0.0017562520651347446,-0.0017562520651347446,0.0,-0.0017799015775274134
2023-05-16,0.000991741536146673,0.000991741536146673,0.0,0.0009683575586176889
2023-05-17,0.00017948569901893308,0.00017948569901893308,0.0,0.0001557861489905582
2023-05-18,0.0017011180589681096,0.0017011180589681096,0.0,0.0016772003136245836
2023-05-19,0.0008568022754942284,0.0008568022754942284,0.0,0.0008326730180367075
2023-05-22,-0.00014409146678340257,-0.00014409146678340257,0.0,-0.00016894312123166133
2023-05-23,-0.001052307558892851,-0.001052307558892851,0.0,-0.0010768485697610598
2023-05-24,-0.00010522079438535226,-0.00010522079438535226,0.0,-0.00012971214668330684
2023-05-25,0.002766244788546368,0.002766244788546368,0.0,0.002741772615248595
2023-05-26,-0.0003435617142986125,-0.0003435617142986125,0.0,-0.0003682970275078761
2023-05-30,0.0020854125818001723,0.0020854125818001723,0.0,0.0020601653391220435
2023-05-31,3.4385890062882396e-05,3.4385890062882396e-05,0.0,8.852240574431886e-06
2023-06-01,-0.0024954183272907215,-0.002225150710772117,0.5405352330372932,-0.002415036461639702
2023-06-02,-0.00032356785267551036,-0.00032356785267551036,0.0,-0.00024267459319171115
2023-06-05,0.00018344388301061443,0.00018344388301061443,0.0,0.0002639659499435478
2023-06-06,-0.000989156076558917,-0.000989156076558917,0.0,-0.0009089961226459111
2023-06-07,-0.0008071271537324343,-0.0008071271537324343,0.0,-0.0007269948929159264
2023-06-08,-0.001795934683453293,-0.001795934683453293,0.0,-0.001716195255356381
2023-06-09,0.001767847332343253,0.001767847332343253,0.0,0.0018479390344795313
2023-06-12,0.0010900560014657223,0.0010900560014657223,0.0,0.0011701157910705476
2023-06-13,9.331007287549653e-05,9.331007287549653e-05,0.0,0.0001725951231651925
2023-06-14,-0.0012888964818871251,-0.0012888964818871251,0.0,-0.001209792853598352
2023-06-15,-0.004277232950937626,-0.004277232950937626,0.0,-0.0041982335023010055
2023-06-16,0.00036931351395419476,0.00036931351395419476,0.0,0.0004498329309638066
2023-06-20,-0.00029627340664672985,-0.00029627340664672985,0.0,-0.00021506835104907513
2023-06-21,-0.0018234079077426024,-0.0018234079077426024,0.0,-0.0017419601869234844
2023-06-22,0.0036416461176576043,0.0036416461176576043,0.0,0.0037236159438077017
2023-06-23,0.0010913084021162422,0.0010913084021162422,0.0,0.001172239281346338
2023-06-26,-0.001413253384837776,-0.001413253384837776,0.0,-0.0013312246211001823
2023-06-27,0.0012957038235315022,0.0012957038235315022,0.0,0.0013773563286365758
2023-06-28,0.0007094407178498408,0.0007094407178498408,0.0,0.0007905644449128664
2023-06-29,0.0021410988198780068,0.0021410988198780068,0.0,0.00222233174349172
2023-06-30,-0.0016482797095117574,-0.0016482797095117574,0.0,-0.0015681263188256685
2023-07-03,-0.000661246773661972,-0.00019319612114498952,0.9361013050338776,-0.000749734327901354
2023-07-05,-0.0015273540214810755,-0.0015273540214810755,0.0,-0.0016159957675111903
2023-07-06,-0.0028809745406027654,-0.0028809745406027654,0.0,-0.0029697752055334505
2023-07-07,0.0008770379915041815,0.0008770379915041815,0.0,0.0007887495340192796
2023-07-10,0.0005774502829685169,0.0005774502829685169,0.0,0.0004885496735192655
2023-07-11,0.0007770193710285866,0.0007770193710285866,0.0,0.0006880498349208512
2023-07-12,0.0019423558148197184,0.0019423558148197184,0.0,0.001853463245049087
2023-07-13,0.002478546816176097,0.002478546816176097,0.0,0.00238942346897184
2023-07-14,-0.0001253101135761936,-0.0001253101135761936,0.0,-0.00021489786000049104
2023-07-17,0.0009698745191952796,0.0009698745191952796,0.0,0.0008801310396787459
2023-07-18,0.00234698979756498,0.00234698979756498,0.0,0.0022573018618805164
2023-07-19,0.0002776324171755995,0.0002776324171755995,0.0,0.0001874953106443544
2023-07-20,-0.0023732621360417205,-0.0023732621360417205,0.0,-0.002463432158710121
2023-07-21,0.00048600434923007363,0.00048600434923007363,0.0,0.00039594548051297607
2023-07-24,-0.0006654746017941138,-0.0006654746017941138,0.0,-0.0007557623094692554
2023-07-25,0.0007805078102924856,0.0007805078102924856,0.0,0.0006902995040543809
2023-07-26,0.001155252774907689,0.001155252774907689,0.0,0.001064951414616796
2023-07-27,-0.00267261139978503,-0.00267261139978503,0.0,-0.0027630503332094864
2023-07-28,0.002942586606920816,0.002942586606920816,0.0,0.0028524667939788043
2023-07-31,0.0007824873947694932,0.0007824873947694932,0.0,0.0006920172560901495
2023-08-01,-0.0008412292660368026,-0.0005730401512566985,0.5363782295601467,-0.0008253765337743258
2023-08-02,-0.0023753074935378704,-0.0023753074935378704,0.0,-0.0023595534586477278
2023-08-03,-0.0001618076637439625,-0.0001618076637439625,0.0,-0.0001455181954652538
2023-08-04,-0.00238754697016319,-0.00238754697016319,0.0,-0.0023711900428431873
2023-08-07,0.0010604654039370054,0.0010604654039370054,0.0,0.001077394925690271
2023-08-08,-0.0021790444751610405,-0.0021790444751610405,0.0,-0.0021623237167074927
2023-08-09,-0.0016626894657982838,-0.0016626894657982838,0.0,-0.0016455378687541106
2023-08-10,0.0029651533112085016,0.0029651533112085016,0.0,0.002982682426759375
2023-08-11,0.0001679970553840615,0.0001679970553840615,0.0,0.00018485491458033272
2023-08-14,0.00041403346038304534,0.00041403346038304534,0.0,0.0004308851502601373
2023-08-15,-0.000964496654914826,-0.000964496654914826,0.0,-0.0009477388175100252
2023-08-16,0.0002439893500782997,0.0002439893500782997,0.0,0.00026096602918348745
2023-08-17,-0.001576677045147079,-0.001576677045147079,0.0,-0.0015597557130659905
2023-08-18,-0.00039945769151095156,-0.00039945769151095156,0.0,-0.00038221080267047844
2023-08-21,0.003241063667355659,0.003241063667355659,0.0,0.003258466850082908
2023-08-22,-0.00047266671952272965,-0.00047266671952272965,0.0,-0.00045599920953577025
2023-08-23,0.00044720571084111427,0.00044720571084111427,0.0,0.00046398055980493045
2023-08-24,-0.0011511355399618228,-0.0011511355399618228,0.0,-0.0011344307434519093
2023-08-25,0.0009666672687125288,0.0009666672687125288,0.0,0.0009837300152403076
2023-08-28,0.0014459083153037788,0.0014459083153037788,0.0,0.0014627499401866138
2023-08-29,0.0007249504851398747,0.0007249504851398747,0.0,0.0007414309211157665
2023-08-30,0.0004510054807873587,0.0004510054807873587,0.0,0.0004672901459423838
2023-08-31,-0.0022255149813776853,-0.0022255149813776853,0.0,-0.002209332826731263
2023-09-01,0.0009398347717206601,0.0011857704038555905,0.49187126427024147,0.000859534351232176
2023-09-05,-0.0008255772559815355,-0.0008255772559815355,0.0,-0.0009060134552648022
2023-09-06,-0.0018078519959553452,-0.0018078519959553452,0.0,-0.0018880292309551646
2023-09-07,-0.0012834939732060402,-0.0012834939732060402,0.0,-0.0013632842414515417
2023-09-08,-0.00028202440537639095,-0.00028202440537639095,0.0,-0.00036179715863007177
2023-09-11,0.0023041012449531717,0.0023041012449531717,0.0,0.0022242152692165296
2023-09-12,-0.0016324311860124174,-0.0016324311860124174,0.0,-0.0017126188226894966
2023-09-13,0.000534191703650766,0.000534191703650766,0.0,0.0004543684662432831
2023-09-14,0.0016269236954595812,0.0016269236954595812,0.0,0.0015470305744712397
2023-09-15,-0.00026247345119390086,-0.00026247345119390086,0.0,-0.00034272992055453554
2023-09-18,-0.00013714168742440247,-0.00013714168742440247,0.0,-0.00021721300845010721
2023-09-19,0.00021298272254655082,0.00021298272254655082,0.0,0.00013292932057492292
2023-09-20,-0.0007706761518210259,-0.0007706761518210259,0.0,-0.0008510590005756273
2023-09-21,-0.001595284290484722,-0.001595284290484722,0.0,-0.0016755660063205577
2023-09-22,-0.00021947836783797747,-0.00021947836783797747,0.0,-0.00029940017708530547
2023-09-25,0.0017648363285673874,0.0017648363285673874,0.0,0.0016844927943639246
2023-09-26,-0.0025986671724411714,-0.0025986671724411714,0.0,-0.002679092571370583
2023-09-27,-0.0005875073569052702,-0.0005875073569052702,0.0,-0.0006675901945274407
2023-09-28,0.001483977349740595,0.001483977349740595,0.0,0.001404271649485471
2023-09-29,-0.0013362696112467765,-0.0013362696112467765,0.0,-0.00141617002520452
2023-10-02,-0.002708843461125543,-0.0024774945441918828,0.4626978338674597,-0.0028208838406069336
2023-10-03,-0.004160053273088105,-0.004160053273088105,0.0,-0.004272022902217438
2023-10-04,-0.001775893193379563,-0.001775893193379563,0.0,-0.0018872351870091726
2023-10-05,0.0008078147263734792,0.0008078147263734792,0.0,0.0006966516391983114
2023-10-06,0.004957490062670988,0.004957490062670988,0.0,0.00484582901487407
2023-10-09,0.0027124697280489496,0.0027124697280489496,0.0,0.0026003102594358172
2023-10-10,0.002739582840638688,0.002739582840638688,0.0,0.002627570921194233
2023-10-11,-0.0007181036745650404,-0.0007181036745650404,0.0,-0.0008303885110477671
2023-10-12,-0.0021732019178419826,-0.0021732019178419826,0.0,-0.002285625302649858
2023-10-13,0.001860006431450012,0.001860006431450012,0.0,0.0017478005748761218
2023-10-16,0.002279214726652823,0.002279214726652823,0.0,0.0021670331149512257
2023-10-17,0.0010191506156032037,0.0010191506156032037,0.0,0.000906531727700609
2023-10-18,-0.0020806188165868322,-0.0020806188165868322,0.0,-0.0021931285004501903
2023-10-19,0.0015595077020349457,0.0015595077020349457,0.0,0.0014474155568295164
2023-10-20,-0.0025048434766403727,-0.0025048434766403727,0.0,-0.0026166692308475445
2023-10-23,-0.0002435482123102073,-0.0002435482123102073,0.0,-0.0003553357712062277
2023-10-24,0.0001712837472447326,0.0001712837472447326,0.0,5.973046582444496e-05
2023-10-25,-0.0016532573281311524,-0.0016532573281311524,0.0,-0.0017650377048011178
2023-10-26,-0.0027662032324550223,-0.0027662032324550223,0.0,-0.002877819117914064
2023-10-27,0.0019357003218987145,0.0019357003218987145,0.0,0.0018243604238918675
2023-10-30,0.0004358679674649757,0.0004358679674649757,0.0,0.0003241256675606713
2023-10-31,0.0001454136119478644,0.0001454136119478644,0.0,3.362784634361705e-05
2023-11-01,0.0018846272324448687,0.002066807219729405,0.36435997456909563,0.0017689700350999346
2023-11-02,0.0026829303169464414,0.0026829303169464414,0.0,0.0025677559555955924
2023-11-03,0.0024931132371390774,0.0024931132371390774,0.0,0.0023779050315101994
2023-11-06,0.00027126445831338053,0.00027126445831338053,0.0,0.00015538457564846276
2023-11-07,-0.0008714379214005419,-0.0008714379214005419,0.0,-0.0009871242042526912
2023-11-08,-0.001239453062468976,-0.001239453062468976,0.0,-0.001355057500419182
2023-11-09,0.0003320780070075191,0.0003320780070075191,0.0,0.00021680884922676273
2023-11-10,0.0015132674814641867,0.0015132674814641867,0.0,0.001398185952087848
2023-11-13,0.001229196301452129,0.001229196301452129,0.0,0.0011135351603968303
2023-11-14,0.002617513769121116,0.002617513769121116,0.0,0.002502175940941306
2023-11-15,0.0013876499560929734,0.0013876499560929734,0.0,0.0012720683103977213
2023-11-16,-0.00019646703583375835,-0.00019646703583375835,0.0,-0.00031195777757814995
2023-11-17,9.331706209980695e-05,9.331706209980695e-05,0.0,-2.215543555145316e-05
2023-11-20,0.0006820095916577618,0.0006820095916577618,0.0,0.0005660885010771978
2023-11-21,8.294615006532169e-05,8.294615006532169e-05,0.0,-3.281837984704174e-05
2023-11-22,0.0006833604028844142,0.0006833604028844142,0.0,0.0005673680631542323
2023-11-24,0.0005461652605625034,0.0005461652605625034,0.0,0.0004298890997651437
2023-11-27,-0.0009823317726035397,-0.0009823317726035397,0.0,-0.001098658834227
2023-11-28,0.0016492903415294968,0.0016492903415294968,0.0,0.0015332750628973353
2023-11-29,-0.00043523547675672347,-0.00043523547675672347,0.0,-0.0005509632032344348
2023-11-30,0.0010567208913585535,0.0010567208913585535,0.0,0.0009410334876762034
2023-12-01,0.0016297471561086407,0.0018164584957101049,0.3734226792031125,0.0015013490992948667
2023-12-04,-0.0033008018610458656,-0.0033008018610458656,0.0,-0.0034303500821254336
2023-12-05,-0.0002386242158344265,-0.0002386242158344265,0.0,-0.0003676644166007618
2023-12-06,-0.0009595225577001543,-0.0009595225577001543,0.0,-0.0010885438326887608
2023-12-07,8.559568411214968e-05,8.559568411214968e-05,0.0,-4.310380636129407e-05
2023-12-08,0.00022035128827146977,0.00022035128827146977,0.0,9.164501603179913e-05
2023-12-11,0.0005400162452842139,0.0005400162452842139,0.0,0.0004108012064715405
2023-12-12,6.081328919349538e-05,6.081328919349538e-05,0.0,-6.844466590019021e-05
2023-12-13,0.005266709864278907,0.005266709864278907,0.0,0.0051379385700026136
2023-12-14,0.0018792006195578193,0.0018792006195578193,0.0,0.0017502611077318958
2023-12-15,-0.0017586846171949722,-0.0017586846171949722,0.0,-0.0018880183776162547
2023-12-18,0.0014522537863308482,0.0014522537863308482,0.0,0.0013225653951433073
2023-12-19,0.0024245239696558674,0.0024245239696558674,0.0,0.002295461277592115
2023-12-20,-0.002124732982689115,-0.002124732982689115,0.0,-0.0022542326206141114
2023-12-21,0.0024667122157717714,0.0024667122157717714,0.0,0.002337873226083823
2023-12-22,0.0011259757780777147,0.0011259757780777147,0.0,0.0009964497363590863
2023-12-26,0.0016150986980316695,0.0016150986980316695,0.0,0.0014852371119238852
2023-12-27,0.0009510907159682169,0.0009510907159682169,0.0,0.0008213501910322074
2023-12-28,-0.0012997829960749163,-0.0012997829960749163,0.0,-0.0014298455600346425
2023-12-29,-0.0014698583823803402,-0.0014698583823803402,0.0,-0.001598581357999984
2024-01-02,-0.0009287403664218763,-0.0007902297070364606,0.2770213187707095,-0.0010824497660061314
2024-01-03,-0.0035598861426463513,-0.0035598861426463513,0.0,-0.003714382104721309
2024-01-04,-0.0007493745916236083,-0.0007493745916236083,0.0,-0.0009036796317796044
2024-01-05,-0.0006701651821052756,-0.0006701651821052756,0.0,-0.0008244300020620102
2024-01-08,0.004440754764554855,0.004440754764554855,0.0,0.004286231607793534
2024-01-09,-0.0012425146132329923,-0.0012425146132329923,0.0,-0.0013969808883630079
2024-01-10,0.0015260764848767927,0.0015260764848767927,0.0,0.0013719713859655929
2024-01-11,0.0012657004530907123,0.0012657004530907123,0.0,0.0011115139331726418
2024-01-12,0.001772386903655443,0.001772386903655443,0.0,0.0016184278806359895
2024-01-16,-0.003188986621849743,-0.003188986621849743,0.0,-0.0033430397404265494
2024-01-17,-0.0033678884336321158,-0.0033678884336321158,0.0,-0.0035223612992022883
2024-01-18,0.001606764543191419,0.001606764543191419,0.0,0.0014530612471910795
2024-01-19,0.0023287791866011265,0.0023287791866011265,0.0,0.002174990163551922
2024-01-22,0.0007718342071871831,0.0007718342071871831,0.0,0.000617921223516531
2024-01-23,-0.00048164787977988954,-0.00048164787977988954,0.0,-0.0006353069852970203
2024-01-24,-0.0010874277817153333,-0.0010874277817153333,0.0,-0.0012410613057057137
2024-01-25,0.0020426356783802557,0.0020426356783802557,0.0,0.001889059973280233
2024-01-26,-0.0007190121695420659,-0.0007190121695420659,0.0,-0.0008726962608547818
2024-01-29,0.0034462833966180106,0.0034462833966180106,0.0,0.00329234257915725
2024-01-30,-0.0003678689376429567,-0.0003678689376429567,0.0,-0.0005216972188880788
2024-01-31,-0.0004429187780542465,-0.0004429187780542465,0.0,-0.0005970228037789298
2024-02-01,0.002660871265542042,0.0027915597538272774,0.26137697657062936,0.0025276521115417667
2024-02-02,-0.0007014547884917066,-0.0007014547884917066,0.0,-0.0008347270782676272
2024-02-05,-0.00195502572776185,-0.00195502572776185,0.0,-0.002087991162695967
2024-02-06,0.00027211584555386636,0.00027211584555386636,0.0,0.00013904126876187708
2024-02-07,0.0012073219396944168,0.0012073219396944168,0.0,0.001074227105279633
2024-02-08,0.00041285593603013204,0.00041285593603013204,0.0,0.0002796713310988239
2024-02-09,0.0006951471425886702,0.0006951471425886702,0.0,0.0005616771386428036
2024-02-12,-0.00015535836410440762,-0.00015535836410440762,0.0,-0.00028862528480045366
2024-02-13,-0.003450129929843948,-0.003450129929843948,0.0,-0.0035838948906553652
2024-02-14,0.0017390204322786929,0.0017390204322786929,0.0,0.0016060222300626462
2024-02-15,0.001446041667344078,0.001446041667344078,0.0,0.0013129140610071064
2024-02-16,-0.001672424020740193,-0.001672424020740193,0.0,-0.0018059138262033598
2024-02-20,0.0015435739951910055,0.0015435739951910055,0.0,0.0014102089047577319
2024-02-21,-0.0009119428276679331,-0.0009119428276679331,0.0,-0.0010454228472004804
2024-02-22,0.0025256990043749372,0.0025256990043749372,0.0,0.002392032343717299
2024-02-23,0.00037793582408607307,0.00037793582408607307,0.0,0.00024382609152918556
2024-02-26,0.0005679753490441808,0.0005679753490441808,0.0,0.0004338374254094521
2024-02-27,0.0008551031763923689,0.0008551031763923689,0.0,0.000721178005819369
2024-02-28,-0.0003710206480532774,-0.0003710206480532774,0.0,-0.0005047541742686486
2024-02-29,0.0007177397250093254,0.0007177397250093254,0.0,0.0005837785757568061
2024-03-01,0.004584172471706172,0.004699541072772817,0.23073720213345142,0.004411543349236831
2024-03-04,0.0010871281112445619,0.0010871281112445619,0.0,0.0009142003886129657
2024-03-05,-0.001236439271648626,-0.001236439271648626,0.0,-0.0014090749246940346
2024-03-06,0.0031203629395368804,0.0031203629395368804,0.0,0.0029474404919600425
2024-03-07,0.0022886924611846826,0.0022886924611846826,0.0,0.002115661096891222
2024-03-08,-0.0009493446843751308,-0.0009493446843751308,0.0,-0.0011224557533881132
2024-03-11,-0.0017070445809487245,-0.0017070445809487245,0.0,-0.0018801225571999465
2024-03-12,0.0012127374623835951,0.0012127374623835951,0.0,0.0010393889052235602
2024-03-13,-0.00010110955272391031,-0.00010110955272391031,0.0,-0.00027450048584171235
2024-03-14,-0.0023390466670406562,-0.0023390466670406562,0.0,-0.002512434066790744
2024-03-15,0.00023226902480155687,0.00023226902480155687,0.0,5.896355686327482e-05
2024-03-18,0.0012454599321647386,0.0012454599321647386,0.0,0.0010721463302275963
2024-03-19,0.001635366039431263,0.001635366039431263,0.0,0.0014623390801965098
2024-03-20,0.00499147421755608,0.00499147421755608,0.0,0.004818390261641363
2024-03-21,0.0006134307751057833,0.0006134307751057833,0.0,0.0004398430743688215
2024-03-22,-0.0003702237809155573,-0.0003702237809155573,0.0,-0.0005435020988133993
2024-03-25,-0.00024952448962789475,-0.00024952448962789475,0.0,-0.00042245931217084855
2024-03-26,-0.00032000547629673637,-0.00032000547629673637,0.0,-0.0004926010191221913
2024-03-27,0.0039352124555058765,0.0039352124555058765,0.0,0.003762627971549093
2024-03-28,0.0002337664755385216,0.0002337664755385216,0.0,6.0715648989292866e-05
2024-04-01,-0.0021571475437623944,-0.001979536763779821,0.35522155996509897,-0.0023418314094026636
2024-04-02,0.0003015524352139032,0.0003015524352139032,0.0,0.00011723500516887145
2024-04-03,0.0029273116188355264,0.0029273116188355264,0.0,0.002742987307802347
2024-04-04,-0.0019892734947644097,-0.0019892734947644097,0.0,-0.0021733111685307872
2024-04-05,0.0028923700425318444,0.0028923700425318444,0.0,0.00270767132710182
2024-04-08,0.0018263159004581198,0.0018263159004581198,0.0,0.0016415513110310607
2024-04-09,0.0017243645492519555,0.0017243645492519555,0.0,0.0015395584411364513
2024-04-10,-0.005686436130792338,-0.005686436130792338,0.0,-0.0058719882375659165
2024-04-11,0.002454374369957879,0.002454374369957879,0.0,0.002268952548030571
2024-04-12,-0.003720197469078368,-0.003720197469078368,0.0,-0.0039056753867520856
2024-04-15,-0.0008854709762357027,-0.0008854709762357027,0.0,-0.0010708635497528136
2024-04-16,-0.003892895913331418,-0.003892895913331418,0.0,-0.004078268155468692
2024-04-17,-0.0018793130347919407,-0.0018793130347919407,0.0,-0.0020645955424641997
2024-04-18,0.00041040720960494603,0.00041040720960494603,0.0,0.00022516810321440906
2024-04-19,0.0012136695592916968,0.0012136695592916968,0.0,0.0010284209787521812
2024-04-22,0.0004055551404764657,0.0004055551404764657,0.0,0.00022133729985961492
2024-04-23,0.002782446420798168,0.002782446420798168,0.0,0.0025971605099587144
2024-04-24,0.000342756473427519,0.000342756473427519,0.0,0.00015705356495355295
2024-04-25,-0.0011913229422323424,-0.0011913229422323424,0.0,-0.0013770337407410385
2024-04-26,0.0034371859714783515,0.0034371859714783515,0.0,0.003251855639327283
2024-04-29,-0.00073143711641388,-0.00073143711641388,0.0,-0.0009168462433256676
2024-04-30,-0.006634772095711838,-0.006634772095711838,0.0,-0.006820164442734752
2024-05-01,-0.0019942574897203746,-0.0016975323151784405,0.5934503490839076,-0.00206340627410159
2024-05-02,-0.0008664917980196751,-0.0008664917980196751,0.0,-0.0009353959670306287
2024-05-03,0.0011343676220756382,0.0011343676220756382,0.0,0.0010655843720672987
2024-05-06,0.00293448909093863,0.00293448909093863,0.0,0.002865547719202277
2024-05-07,0.0004199799773945134,0.0004199799773945134,0.0,0.0003506307582911391
2024-05-08,0.00036294656513091716,0.00036294656513091716,0.0,0.0002935389999865593
2024-05-09,-6.810618196073648e-07,-6.810618196073648e-07,0.0,-7.01390313002569e-05
2024-05-10,0.00033075884915900744,0.00033075884915900744,0.0,0.00026116867354703915
2024-05-13,-0.00132178974867192,-0.00132178974867192,0.0,-0.0013912935426684573
2024-05-14,0.001117141125253296,0.001117141125253296,0.0,0.00104795311577871
2024-05-15,0.0004931166415511612,0.0004931166415511612,0.0,0.0004236414697277554
2024-05-16,-0.0010370637734542498,-0.0010370637734542498,0.0,-0.0011066073847992445
2024-05-17,0.003343065809024326,0.003343065809024326,0.0,0.0032736662808956173
2024-05-20,0.0022550197577289044,0.0022550197577289044,0.0,0.002185157312309266
2024-05-21,-0.000731171239981232,-0.000731171239981232,0.0,-0.0008013452374329978
2024-05-22,-0.002760648298234747,-0.002760648298234747,0.0,-0.002830721203637983
2024-05-23,-0.0005864338497741928,-0.0005864338497741928,0.0,-0.0006562567533005057
2024-05-24,0.0015469253693327634,0.0015469253693327634,0.0,0.0014771839735217645
2024-05-28,0.004502883140276692,0.004502883140276692,0.0,0.004432927071305639
2024-05-29,-0.0012766153451645446,-0.0012766153451645446,0.0,-0.0013471934964805782
2024-05-30,-0.0030916659215741715,-0.0030916659215741715,0.0,-0.0031620674804769904
2024-05-31,-0.0012268768320126133,-0.0012268768320126133,0.0,-0.0012967163711035475
2024-06-03,-0.002291159995028602,-0.0019750672005013348,0.6321855890544946,-0.0024773861677963973
2024-06-04,-0.0025074620603934283,-0.0025074620603934283,0.0,-0.0026932967556144503
2024-06-05,0.004036424016235385,0.004036424016235385,0.0,0.003850645877308602
2024-06-06,0.002208079301145194,0.002208079301145194,0.0,0.0020222104858980943
2024-06-07,-0.0059012181992933455,-0.0059012181992933455,0.0,-0.006087490638803971
2024-06-10,0.002540061501247859,0.002540061501247859,0.0,0.002354276253020559
2024-06-11,-0.000496775253979509,-0.000496775253979509,0.0,-0.0006826176306200304
2024-06-12,0.003194779037549278,0.003194779037549278,0.0,0.003008947839412684
2024-06-13,-0.0014946307426177974,-0.0014946307426177974,0.0,-0.0016805336011650402
2024-06-14,-0.0007638666863150068,-0.0007638666863150068,0.0,-0.000949735969402148
2024-06-17,0.0013480123635665198,0.0013480123635665198,0.0,0.001162160253136622
2024-06-18,0.0023003611502632193,0.0023003611502632193,0.0,0.0021148328373292793
2024-06-20,0.0009288930549999908,0.0009288930549999908,0.0,0.0007433133134292576
2024-06-21,-0.0019278444560456576,-0.0019278444560456576,0.0,-0.0021130907459817948
2024-06-24,0.001411337365163634,0.001411337365163634,0.0,0.0012257800193640098
2024-06-25,-0.0010685485915334914,-0.0010685485915334914,0.0,-0.0012537833001041705
2024-06-26,-0.0006755271589373724,-0.0006755271589373724,0.0,-0.0008610921397072485
2024-06-27,0.0017794115455735948,0.0017794115455735948,0.0,0.0015942157903761664
2024-06-28,0.00022955657058676415,0.00022955657058676415,0.0,4.467530563756768e-05
2024-07-01,0.0019513030781166396,0.002015542293011041,0.12847842978882168,0.0017838320596623243
2024-07-02,0.0018984031147031288,0.0018984031147031288,0.0,0.0017312072911835196
2024-07-03,0.0022250030812940302,0.0022250030812940302,0.0,0.0020577300620807744
2024-07-05,0.0027341706127472776,0.0027341706127472776,0.0,0.0025671267136102805
2024-07-08,-0.0012608702422438611,-0.0012608702422438611,0.0,-0.0014280245618533672
2024-07-09,-0.0004936697639574827,-0.0004936697639574827,0.0,-0.000660773098579194
2024-07-10,0.0031679892155078715,0.0031679892155078715,0.0,0.0030009058529480953
2024-07-11,0.0014515318295480473,0.0014515318295480473,0.0,0.0012849601372272711
2024-07-12,0.0010986810922277712,0.0010986810922277712,0.0,0.0009320511700970108
2024-07-15,0.00048815667815738095,0.00048815667815738095,0.0,0.00032180264119605084
2024-07-16,0.0028965281005839394,0.0028965281005839394,0.0,0.002730154549239655
2024-07-17,-0.003033508806076224,-0.003033508806076224,0.0,-0.003199997813606482
2024-07-18,-0.0022354835908311443,-0.0022354835908311443,0.0,-0.0024021712521101616
2024-07-19,-0.003205442595235586,-0.003205442595235586,0.0,-0.003371720740385306
2024-07-22,0.002493748995576972,0.002493748995576972,0.0,0.0023279192268211685
2024-07-23,-0.0007953955508804844,-0.0007953955508804844,0.0,-0.0009610054163020629
2024-07-24,-0.005336948925928953,-0.005336948925928953,0.0,-0.0055025269934344005
2024-07-25,-0.0012897576441668335,-0.0012897576441668335,0.0,-0.0014548019743896613
2024-07-26,0.0027727628366696067,0.0027727628366696067,0.0,0.0026080894455950323
2024-07-29,-0.0010201860382825778,-0.0010201860382825778,0.0,-0.001184650928639583
2024-07-30,3.183270595341625e-06,3.183270595341625e-06,0.0,-0.00016092160239528737
2024-07-31,0.004980117922518845,0.004980117922518845,0.0,0.004815693652204898
2024-08-01,-0.004597915268214736,-0.004426814456316985,0.34220162379538466,-0.004796461817482031
2024-08-02,-0.0025496196676079164,-0.0025496196676079164,0.0,-0.0027456644707182813
2024-08-05,-0.007663664778589152,-0.007663664778589152,0.0,-0.007861251199344872
2024-08-06,0.0006769992224247012,0.0006769992224247012,0.0,0.0004794467644950249
2024-08-07,3.9589673940687575e-05,3.9589673940687575e-05,0.0,-0.00015796578219570898
2024-08-08,0.004141145753852493,0.004141145753852493,0.0,0.003943590122393403
2024-08-09,0.0008851450883309298,0.0008851450883309298,0.0,0.0006875711934578591
2024-08-12,0.001113712359588126,0.001113712359588126,0.0,0.0009169109015844851
2024-08-13,0.004654744437719627,0.004654744437719627,0.0,0.0044583262752367955
2024-08-14,0.0007794349146876822,0.0007794349146876822,0.0,0.0005826082615371034
2024-08-15,0.002227926159952487,0.002227926159952487,0.0,0.0020303196582263584
2024-08-16,0.0017394788601901023,0.0017394788601901023,0.0,0.001542250871191693
2024-08-19,0.0018948962104130551,0.0018948962104130551,0.0,0.001698437169597884
2024-08-20,0.000629408071693982,0.000629408071693982,0.0,0.0004337173831287898
2024-08-21,0.002081485266132832,0.002081485266132832,0.0,0.001886568428066154
2024-08-22,-0.001824499096364507,-0.001824499096364507,0.0,-0.0020202014410452464
2024-08-23,0.005520506425213734,0.005520506425213734,0.0,0.0053259767840838895
2024-08-26,-0.0010383549835963901,-0.0010383549835963901,0.0,-0.0012317431332750203
2024-08-27,0.0002645983862001877,0.0002645983862001877,0.0,7.121463426193464e-05
2024-08-28,-0.0013526040506843806,-0.0013526040506843806,0.0,-0.0015452122769051208
2024-08-29,0.0006058073217007909,0.0006058073217007909,0.0,0.00041242818432635133
2024-08-30,0.000769189209498089,0.000769189209498089,0.0,0.0005758075051100956
2024-09-03,-0.0037175740300174898,-0.003570516937425827,0.29411418518338545,-0.003900210993736613
2024-09-04,0.0010772154863496475,0.0010772154863496475,0.0,0.0008947903716293303
2024-09-05,0.0020911481516936448,0.0020911481516936448,0.0,0.0019094431890803608
2024-09-06,-0.0037108835638488546,-0.0037108835638488546,0.0,-0.003892250539038926
2024-09-09,0.0035944198599600075,0.0035944198599600075,0.0,0.003414577134801252
2024-09-10,0.0008677380363393272,0.0008677380363393272,0.0,0.0006893159579913754
2024-09-11,0.0016884034048121332,0.0016884034048121332,0.0,0.0015084975328366933
2024-09-12,0.0021724535931426647,0.0021724535931426647,0.0,0.0019939957020974355
2024-09-13,0.0031123396277925597,0.0031123396277925597,0.0,0.0029364275020637414
2024-09-16,0.002489606710932346,0.002489606710932346,0.0,0.0023147561791221887
2024-09-17,-0.0005656123358716014,-0.0005656123358716014,0.0,-0.0007404967453884157
2024-09-18,-0.00203880900192166,-0.00203880900192166,0.0,-0.0022100040955098602
2024-09-19,0.003921318503458782,0.003921318503458782,0.0,0.003751623051821709
2024-09-20,-0.000510481245598382,-0.000510481245598382,0.0,-0.0006783873412157019
2024-09-23,-0.0002997940004639821,-0.0002997940004639821,0.0,-0.0004665888312673324
2024-09-24,0.0010879539931050175,0.0010879539931050175,0.0,0.0009222676266944976
2024-09-25,-0.0016428978053788512,-0.0016428978053788512,0.0,-0.0018089663979528514
2024-09-26,0.0004889485909154168,0.0004889485909154168,0.0,0.0003232694020170832
2024-09-27,-0.0003245601104806539,-0.0003245601104806539,0.0,-0.0004902455999407585
2024-09-30,-0.001210698959701939,-0.001210698959701939,0.0,-0.001377116626901677
2024-10-01,-0.0009977156015757993,-0.0008913439666417,0.2127432698681633,-0.0011836804052000693
2024-10-02,2.8092826267700488e-05,2.8092826267700488e-05,0.0,-0.00015680682968076095
