Date,net,gross,turnover,excess
2008-06-02,0.0008556891859223814,0.0010425666810112144,0.3737549901775897,0.0008320224061974683
2008-06-03,-0.0013414714016036777,-0.0013414714016036777,0.0,-0.0013651931793424265
2008-06-04,-0.0013078397166684796,-0.0013078397166684796,0.0,-0.001331366363577357
2008-06-05,0.0019541951186425877,0.0019541951186425877,0.0,0.001930602089449108
2008-06-06,0.003094066931981221,0.003094066931981221,0.0,0.0030705092103610024
2008-06-09,-0.0022399146504441525,-0.0022399146504441525,0.0,-0.0022642761334030316
2008-06-10,-0.002810213769199099,-0.002810213769199099,0.0,-0.002836028790887288
2008-06-11,0.0021224604546150605,0.0021224604546150605,0.0,0.0020975718756092165
2008-06-12,-0.0022085400986383563,-0.0022085400986383563,0.0,-0.0022340581089965376
2008-06-13,-0.00030003079812712663,-0.00030003079812712663,0.0,-0.00032530353146368083
2008-06-16,0.0010021836409350726,0.0010021836409350726,0.0,0.0009757608343039211
2008-06-17,0.0011157470003873016,0.0011157470003873016,0.0,0.0010903079292559005
2008-06-18,0.0014059619242188237,0.0014059619242188237,0.0,0.0013813751429445425
2008-06-19,-0.0019579088042946946,-0.0019579088042946946,0.0,-0.001982305438552028
2008-06-20,0.0007003200757338401,0.0007003200757338401,0.0,0.0006765409186674146
2008-06-23,-0.0004834772221000705,-0.0004834772221000705,0.0,-0.0005075508138314175
2008-06-24,0.0007983025762332563,0.0007983025762332563,0.0,0.0007749028429655247
2008-06-25,0.0008639336644657991,0.0008639336644657991,0.0,0.0008407560429502276
2008-06-26,0.0026009112378961863,0.0026009112378961863,0.0,0.0025787361837717473
2008-06-27,0.0009738386081512562,0.0009738386081512562,0.0,0.0009523328718551367
2008-06-30,-0.0004999331474433433,-0.0004999331474433433,0.0,-0.0005245032697965277
2008-07-01,0.0001708579528936216,0.00021655758430561,0.09139926282354408,0.0001453514767452999
2008-07-02,0.0016535466863643045,0.0016535466863643045,0.0,0.0016288121725873174
2008-07-03,-0.0009835557024734376,-0.0009835557024734376,0.0,-0.0010086438617371491
2008-07-07,-0.0008418243332166675,-0.0008418243332166675,0.0,-0.0008672815417288543
2008-07-08,-0.0013327795845003987,-0.0013327795845003987,0.0,-0.0013580585866162574
2008-07-09,0.0014185093645695535,0.0014185093645695535,0.0,0.001393844706055667
2008-07-10,0.0015322644782271855,0.0015322644782271855,0.0,0.0015096065153821574
2008-07-11,0.00043658210183439294,0.00043658210183439294,0.0,0.0004146905619279023
2008-07-14,0.0012934986028911855,0.0012934986028911855,0.0,0.0012726985892688178
2008-07-15,-0.00058658102528375,-0.00058658102528375,0.0,-0.0006056240600741543
2008-07-16,-0.0024764840516346975,-0.0024764840516346975,0.0,-0.002495228657163645
2008-07-17,-0.0029814870975121144,-0.0029814870975121144,0.0,-0.0030008362831927195
2008-07-18,-0.0015615368059863632,-0.0015615368059863632,0.0,-0.00158146489553348
2008-07-21,0.0012279070648488766,0.0012279070648488766,0.0,0.001207900769624644
2008-07-22,-0.002887136352368036,-0.002887136352368036,0.0,-0.0029080132534496602
2008-07-23,-0.0026003512463378398,-0.0026003512463378398,0.0,-0.002621660334307223
2008-07-24,0.0016376950736636253,0.0016376950736636253,0.0,0.001615676314316681
2008-07-25,-0.001328162131046029,-0.001328162131046029,0.0,-0.001351477101297783
2008-07-28,0.001842514000984341,0.001842514000984341,0.0,0.0018193942670717972
2008-07-29,-0.0018623647802481491,-0.0018623647802481491,0.0,-0.00188542958392529
2008-07-30,0.0013999506819246665,0.0013999506819246665,0.0,0.0013772399574690734
2008-07-31,0.000753852671499633,0.000753852671499633,0.0,0.000731353765689084
2008-08-01,-0.0005413806067567917,-0.0005012206538261843,0.08031990586113778,-0.000563006409062529
2008-08-04,-0.002284517282587828,-0.002284517282587828,0.0,-0.00230738219867124
2008-08-05,-0.0018563139324060396,-0.0018563139324060396,0.0,-0.0018790749189865823
2008-08-06,-0.000575879722016226,-0.000575879722016226,0.0,-0.0005971058686633344
2008-08-07,0.0010103126114417993,0.0010103126114417993,0.0,0.0009888476740951735
2008-08-08,-0.003093891610274402,-0.003093891610274402,0.0,-0.0031159279841797053
2008-08-11,-0.0025057431417164766,-0.0025057431417164766,0.0,-0.002529871486599602
2008-08-12,0.0008837453300407638,0.0008837453300407638,0.0,0.0008598702573476563
2008-08-13,0.0014980672534394834,0.0014980672534394834,0.0,0.0014742798415870045
2008-08-14,-0.0007392687748547511,-0.0007392687748547511,0.0,-0.0007635219312027616
2008-08-15,-0.001736249700936665,-0.001736249700936665,0.0,-0.0017599428820708638
2008-08-18,0.0010799937899386158,0.0010799937899386158,0.0,0.0010566452017794683
2008-08-19,0.0010217828967302722,0.0010217828967302722,0.0,0.0009986443194641963
2008-08-20,0.001045033907995263,0.001045033907995263,0.0,0.0010230262367585603
2008-08-21,0.0023787501695784474,0.0023787501695784474,0.0,0.0023565646013465444
2008-08-22,-0.0029078180246239205,-0.0029078180246239205,0.0,-0.0029298462814290353
2008-08-25,0.00082779027202462,0.00082779027202462,0.0,0.0008053665042891157
2008-08-26,-0.00035246430996815903,-0.00035246430996815903,0.0,-0.00037453159720213973
2008-08-27,0.0008984062583381469,0.0008984062583381469,0.0,0.0008768797335267675
2008-08-28,-0.0007841671264511296,-0.0007841671264511296,0.0,-0.0008066532279734041
2008-08-29,-0.0005606138751812484,-0.0005606138751812484,0.0,-0.0005828017914127331
2008-09-02,-0.0018959432606542315,-0.0018584553332470222,0.0749758548143605,-0.0019155474045390848
2008-09-03,-0.0002781889466505483,-0.0002781889466505483,0.0,-0.0002977214438739271
2008-09-04,-0.0004916953434622728,-0.0004916953434622728,0.0,-0.0005110979520707865
2008-09-05,-0.0007816120311929797,-0.0007816120311929797,0.0,-0.0008008750338078268
2008-09-08,-0.00046101619071503563,-0.00046101619071503563,0.0,-0.0004807091498329805
2008-09-09,-0.0009288262060153096,-0.0009288262060153096,0.0,-0.0009477989338580421
2008-09-10,-0.0007422117591016075,-0.0007422117591016075,0.0,-0.0007610258546098599
2008-09-11,-0.0006877679601234865,-0.0006877679601234865,0.0,-0.0007060845693672197
2008-09-12,0.0006839808276373205,0.0006839808276373205,0.0,0.0006670835787603466
2008-09-15,0.0019053583631867266,0.0019053583631867266,0.0,0.0018934179119882337
2008-09-16,-0.0024193368881113564,-0.0024193368881113564,0.0,-0.0024291196041727916
2008-09-17,0.0031764857587017747,0.0031764857587017747,0.0,0.003176138415808783
2008-09-18,-0.002052852116335546,-0.002052852116335546,0.0,-0.0020555355463729497
2008-09-19,0.0005431732416629753,0.0005431732416629753,0.0,0.0005319120681475221
2008-09-22,0.0027666373014161305,0.0027666373014161305,0.0,0.0027516414416391727
2008-09-23,-0.0014699529443130688,-0.0014699529443130688,0.0,-0.0014794316527684615
2008-09-24,-0.0006595197717577106,-0.0006595197717577106,0.0,-0.0006653502311277004
2008-09-25,0.0001871731251992248,0.0001871731251992248,0.0,0.00017844130590140533
2008-09-26,-0.0005184197043023309,-0.0005184197043023309,0.0,-0.0005284367031717864
2008-09-29,-0.0010306199956205964,-0.0010306199956205964,0.0,-0.0010417878020893123
2008-09-30,-0.00220917508374896,-0.00220917508374896,0.0,-0.002219618858018987
2008-10-01,0.00043746139960387787,0.0005188621553993134,0.1628015115911638,0.0004320939899709517
2008-10-02,0.0012393467463445162,0.0012393467463445162,0.0,0.0012353951459138095
2008-10-03,0.0007296361827240361,0.0007296361827240361,0.0,0.0007264287930378942
2008-10-06,0.0019613241002636173,0.0019613241002636173,0.0,0.0019578470213441157
2008-10-07,0.0012144169036731878,0.0012144169036731878,0.0,0.0012091485756323243
2008-10-08,-0.0006045295040340015,-0.0006045295040340015,0.0,-0.0006089142200531449
2008-10-09,0.0004523845411044114,0.0004523845411044114,0.0,0.00044860044296465964
2008-10-10,-0.0004888528195777786,-0.0004888528195777786,0.0,-0.0004904222517281372
2008-10-13,-0.004656128513083835,-0.004656128513083835,0.0,-0.004657694054812543
2008-10-14,0.0005740855971900771,0.0005740855971900771,0.0,0.0005719204861540377
2008-10-15,0.00310340072726234,0.00310340072726234,0.0,0.003101995567885921
2008-10-16,-0.0016035425895606359,-0.0016035425895606359,0.0,-0.0016064631334463304
2008-10-17,0.0004871031191180375,0.0004871031191180375,0.0,0.00048195368988389055
2008-10-20,-0.0008251480838129543,-0.0008251480838129543,0.0,-0.0008331497700457388
2008-10-21,0.0013317231764775617,0.0013317231764775617,0.0,0.0013247193478933199
2008-10-22,0.0017540038280710046,0.0017540038280710046,0.0,0.0017473399742015487
2008-10-23,-0.0003833389018906841,-0.0003833389018906841,0.0,-0.0003896056996935729
2008-10-24,0.000500318043731296,0.000500318043731296,0.0,0.0004947149716913452
2008-10-27,0.0006718210007274905,0.0006718210007274905,0.0,0.000666334300515461
2008-10-28,-0.0028849981948381176,-0.0028849981948381176,0.0,-0.0028899792670521673
2008-10-29,0.0005460322014807506,0.0005460322014807506,0.0,0.0005420927054595913
2008-10-30,-0.0019323063868138535,-0.0019323063868138535,0.0,-0.0019348969155589897
2008-10-31,-0.0002731005342141435,-0.0002731005342141435,0.0,-0.00027592182875631194
2008-11-03,0.0003601237697548054,0.0004070258034165608,0.09380406732332361,0.00035805642114320477
2008-11-04,-0.0018249294641468072,-0.0018249294641468072,0.0,-0.001826959565418954
2008-11-05,0.002165789978309851,0.002165789978309851,0.0,0.0021641657999713197
2008-11-06,0.0017377626089447595,0.0017377626089447595,0.0,0.001736447800338427
2008-11-07,-0.001350276313097698,-0.001350276313097698,0.0,-0.0013515671529999713
2008-11-10,0.0005547821145679421,0.0005547821145679421,0.0,0.0005535481753976572
2008-11-11,0.001432714840228888,0.001432714840228888,0.0,0.0014314752043890454
2008-11-12,0.001991874430662177,0.001991874430662177,0.0,0.001991095883279165
2008-11-13,-0.0031642336150060624,-0.0031642336150060624,0.0,-0.0031651566806090593
2008-11-14,0.0019912696084620762,0.0019912696084620762,0.0,0.0019906699128921694
2008-11-17,0.0008442961538270843,0.0008442961538270843,0.0,0.0008437736871885863
2008-11-18,0.0005742359365068506,0.0005742359365068506,0.0,0.0005737098935465253
2008-11-19,0.0023498131734565053,0.0023498131734565053,0.0,0.0023495048969865862
2008-11-20,0.002817661303431196,0.002817661303431196,0.0,0.0028175267038313655
2008-11-21,-0.002208124714204618,-0.002208124714204618,0.0,-0.00220821642510006
2008-11-24,-0.0027521990982039,-0.0027521990982039,0.0,-0.0027527851219181637
2008-11-25,0.0005966243579738073,0.0005966243579738073,0.0,0.0005961832779863462
2008-11-26,-0.0003135583829827482,-0.0003135583829827482,0.0,-0.0003137799745480414
2008-11-28,0.0008431211163713037,0.0008431211163713037,0.0,0.0008430769086244652
2008-12-01,0.003269058376939693,0.003282400108571837,0.02668346326419804,0.003268766754265392
2008-12-02,-0.0008035256220764175,-0.0008035256220764175,0.0,-0.0008037788000218455
2008-12-03,-0.00019098541349471532,-0.00019098541349471532,0.0,-0.0001910692357777958
2008-12-04,0.0013592347671489424,0.0013592347671489424,0.0,0.0013591510804586498
2008-12-05,-0.0008635336150835116,-0.0008635336150835116,0.0,-0.000863618265471805
2008-12-08,-0.0018335300328615745,-0.0018335300328615745,0.0,-0.0018336560892817625
2008-12-09,0.0013936926533160143,0.0013936926533160143,0.0,0.0013935685521264166
2008-12-10,-0.0010429322767551152,-0.0010429322767551152,0.0,-0.0010429322767551152
2008-12-11,0.00012098915628611095,0.00012098915628611095,0.0,0.00012094766510223727
2008-12-12,-0.0003723462660228938,-0.0003723462660228938,0.0,-0.00037242933436341263
2008-12-15,0.0002923583099569971,0.0002923583099569971,0.0,0.00029219270263851186
2008-12-16,-0.0011812383875972055,-0.0011812383875972055,0.0,-0.0011814044104383429
2008-12-17,0.00010843532950088886,0.00010843532950088886,0.0,0.00010822990201759745
2008-12-18,0.0009152098553568688,0.0009152098553568688,0.0,0.0009152098553568688
2008-12-19,0.00047091234781104774,0.00047091234781104774,0.0,0.0004708294491891571
2008-12-22,-0.00016269553636094614,-0.00016269553636094614,0.0,-0.00016273715294410786
2008-12-23,8.973825886782194e-05,8.973825886782194e-05,0.0,8.965514130208312e-05
2008-12-24,1.851011771658584e-05,1.851011771658584e-05,0.0,1.851011771658584e-05
2008-12-26,-0.00022483945043372255,-0.00022483945043372255,0.0,-0.00022496424214271603
2008-12-29,0.0003678913503872838,0.0003678913503872838,0.0,0.000367642246292894
2008-12-30,-0.00025114103458023784,-0.00025114103458023784,0.0,-0.000251557514737751
2008-12-31,-0.0012636273228864292,-0.0012636273228864292,0.0,-0.0012640844696174488
2009-01-02,-0.002585777324464633,-0.002537186025456717,0.09718259801581929,-0.0025863604803308565
2009-01-05,-0.0004984111656303192,-0.0004984111656303192,0.0,-0.0004994198783514012
2009-01-06,-0.0005124698617335888,-0.0005124698617335888,0.0,-0.0005134763071273726
2009-01-07,0.0012606558231240683,0.0012606558231240683,0.0,0.0012598668772610224
2009-01-08,0.00020173025319181193,0.00020173025319181193,0.0,0.00020108106808789408
2009-01-09,0.0009360069808581617,0.0009360069808581617,0.0,0.000935501600699323
2009-01-12,0.0014575689110083445,0.0014575689110083445,0.0,0.0014566989021800013
2009-01-13,-7.135246911427195e-05,-7.135246911427195e-05,0.0,-7.215516961959508e-05
2009-01-14,0.0011291695113562206,0.0011291695113562206,0.0,0.001128294115389685
2009-01-15,-0.00027709289373767376,-0.00027709289373767376,0.0,-0.0002778993583196471
2009-01-16,-0.0007722948277774089,-0.0007722948277774089,0.0,-0.0007731735313139152
2009-01-20,0.0012536062236698786,0.0012536062236698786,0.0,0.001252657546240611
2009-01-21,-0.001840462740406612,-0.001840462740406612,0.0,-0.0018412699276578433
2009-01-22,0.00011932848812024055,0.00011932848812024055,0.0,0.00011860064538434895
2009-01-23,-0.0006789355357482707,-0.0006789355357482707,0.0,-0.0006797365880477129
2009-01-26,-0.0006295076021215484,-0.0006295076021215484,0.0,-0.0006305966442727078
2009-01-27,0.0010647246464292603,0.0010647246464292603,0.0,0.0010637834648771658
2009-01-28,-0.0013063556529009368,-0.0013063556529009368,0.0,-0.0013077377820374834
2009-01-29,-0.00034130303000168283,-0.00034130303000168283,0.0,-0.00034296638353727767
2009-01-30,0.00032127707944207273,0.00032127707944207273,0.0,0.00031954406520957803
2009-02-02,0.0006048757208581002,0.0006312132645052149,0.052675087294392,0.0006033626233632152
2009-02-03,-0.0009230784592660912,-0.0009230784592660912,0.0,-0.0009248715309943576
2009-02-04,-6.0031271825300436e-05,-6.0031271825300436e-05,0.0,-6.170283052109866e-05
2009-02-05,-0.0007035732392927097,-0.0007035732392927097,0.0,-0.0007051884854945337
2009-02-06,-0.0010327555687894563,-0.0010327555687894563,0.0,-0.0010343083918907328
2009-02-09,-7.502755607957656e-05,-7.502755607957656e-05,0.0,-7.679091781768968e-05
2009-02-10,0.0021616542835221075,0.0021616542835221075,0.0,0.002159946821689653
2009-02-11,0.0003472094626366662,0.0003472094626366662,0.0,0.00034553496592159313
2009-02-12,4.819011648105054e-05,4.819011648105054e-05,0.0,4.65680038715431e-05
2009-02-13,-0.0005897241973422673,-0.0005897241973422673,0.0,-0.0005913467863278234
2009-02-17,0.002801083027287987,0.002801083027287987,0.0,0.0027992990207588602
2009-02-18,-0.00034097622753281875,-0.00034097622753281875,0.0,-0.00034273401790852273
2009-02-19,-0.0007975054504141266,-0.0007975054504141266,0.0,-0.0007992030574773335
2009-02-20,0.0003920637183063569,0.0003920637183063569,0.0,0.0003905432040323041
2009-02-23,0.0008179353333308548,0.0008179353333308548,0.0,0.0008162418695468418
2009-02-24,-0.0014518241200309756,-0.0014518241200309756,0.0,-0.0014536393831131986
2009-02-25,-0.0005404333455263366,-0.0005404333455263366,0.0,-0.0005421203202360175
2009-02-26,-0.00019572528135913814,-0.00019572528135913814,0.0,-0.000197238586080911
2009-02-27,0.00042443388542667826,0.00042443388542667826,0.0,0.0004229783635333255
2009-03-02,0.00314340097853405,0.0031707580322104523,0.05471410735314454,0.003142276980828892
2009-03-03,-0.0004364067623039425,-0.0004364067623039425,0.0,-0.0004375087975229246
2009-03-04,-0.0024819383868645017,-0.0024819383868645017,0.0,-0.0024829955647143725
2009-03-05,0.0025011503708742833,0.0025011503708742833,0.0,0.0025003548807097428
2009-03-06,-0.0009746309633483774,-0.0009746309633483774,0.0,-0.0009754442697111757
2009-03-09,0.0005623813462294347,0.0005623813462294347,0.0,0.0005614540355678655
2009-03-10,-0.002439192778319277,-0.002439192778319277,0.0,-0.0024401652159677244
2009-03-11,0.0005594195687876891,0.0005594195687876891,0.0,0.0005585076875943424
2009-03-12,-0.0020988285022779385,-0.0020988285022779385,0.0,-0.002099665283172605
2009-03-13,3.5347655327866434e-05,3.5347655327866434e-05,0.0,3.460483329630004e-05
2009-03-16,-0.000878175025228467,-0.000878175025228467,0.0,-0.0008791136302088757
2009-03-17,-0.0016523070263472217,-0.0016523070263472217,0.0,-0.0016532380853887588
2009-03-18,-0.0003516918187959073,-0.0003516918187959073,0.0,-0.00035249405176720794
2009-03-19,-0.0007873823820122583,-0.0007873823820122583,0.0,-0.0007881438900247239
2009-03-20,0.0006519417064645427,0.0006519417064645427,0.0,0.0006511480596677987
2009-03-23,-0.003429331074635611,-0.003429331074635611,0.0,-0.0034301676602864653
2009-03-24,0.0015876465361037706,0.0015876465361037706,0.0,0.0015868739052252842
2009-03-25,-0.0006800498300261193,-0.0006800498300261193,0.0,-0.0006807597203074379
2009-03-26,-0.0008402231445686636,-0.0008402231445686636,0.0,-0.0008407799149804104
2009-03-27,0.002043796583453439,0.002043796583453439,0.0,0.0020433179814485863
2009-03-30,0.0027036538648474995,0.0027036538648474995,0.0,0.0027029779679971213
2009-03-31,-0.0007574589746101035,-0.0007574589746101035,0.0,-0.0007582678644263404
2009-04-01,1.5371504649142054e-06,3.8089409025054977e-05,0.07310451712015274,1.503979998294855e-07
2009-04-02,-0.0027280478490704363,-0.0027280478490704363,0.0,-0.0027294298420628108
2009-04-03,-0.0014611577085493765,-0.0014611577085493765,0.0,-0.001462457696375378
2009-04-06,0.0006851206200335636,0.0006851206200335636,0.0,0.0006838923381659838
2009-04-07,0.0013684063347452202,0.0013684063347452202,0.0,0.001367173460080257
2009-04-08,-0.00013167507340638984,-0.00013167507340638984,0.0,-0.00013279290528759178
2009-04-09,-0.001803203121728325,-0.001803203121728325,0.0,-0.0018043201601594058
2009-04-13,0.0003692636672865124,0.0003692636672865124,0.0,0.00036815751425913764
2009-04-14,0.0010817795005266806,0.0010817795005266806,0.0,0.001080732695927754
2009-04-15,-5.465429845830094e-05,-5.465429845830094e-05,0.0,-5.5583383673354534e-05
2009-04-16,-0.0006198393537834024,-0.0006198393537834024,0.0,-0.0006206443230180332
2009-04-17,-0.0003551467939794106,-0.0003551467939794106,0.0,-0.00035601077590242903
2009-04-20,0.002612438034613307,0.002612438034613307,0.0,0.0026115757194795776
2009-04-21,-0.000982466416264205,-0.000982466416264205,0.0,-0.0009834034276781974
2009-04-22,-0.00013673532140878741,-0.00013673532140878741,0.0,-0.00013760526193577527
2009-04-23,-0.0009233385767243307,-0.0009233385767243307,0.0,-0.0009239595051173979
2009-04-24,-0.0010968131130258962,-0.0010968131130258962,0.0,-0.0010974309478477173
2009-04-27,0.001379976465263999,0.001379976465263999,0.0,0.001379178062459851
2009-04-28,-0.0003823935968287895,-0.0003823935968287895,0.0,-0.00038319800848998623
2009-04-29,-0.0014062652571074086,-0.0014062652571074086,0.0,-0.001406944503689566
2009-04-30,-0.00017174459517643736,-0.00017174459517643736,0.0,-0.00017260248466187205
2009-05-01,-0.0011963453425608561,-0.0011790110134365372,0.034668658248619685,-0.0011973752277289825
2009-05-04,-0.0009523454460595993,-0.0009523454460595993,0.0,-0.0009536477799467401
2009-05-05,0.00031912255348776064,0.00031912255348776064,0.0,0.00031782616537363444
2009-05-06,-0.0007274910480425945,-0.0007274910480425945,0.0,-0.0007287894278971707
2009-05-07,-0.0005978681542613273,-0.0005978681542613273,0.0,-0.000599093893683912
2009-05-08,-0.001248518053992398,-0.001248518053992398,0.0,-0.0012497402536424153
2009-05-11,0.0011165972995339501,0.0011165972995339501,0.0,0.0011153150123744794
2009-05-12,-0.00029305333165852154,-0.00029305333165852154,0.0,-0.0002943425980158225
2009-05-13,0.0011378881047074962,0.0011378881047074962,0.0,0.00113673618997296
2009-05-14,-0.0003400661976867836,-0.0003400661976867836,0.0,-0.00034115633696091946
2009-05-15,0.0009678133340365047,0.0009678133340365047,0.0,0.0009666569619120292
2009-05-18,-0.0016885933533765662,-0.0016885933533765662,0.0,-0.0016898918096224197
2009-05-19,-0.000198426297751797,-0.000198426297751797,0.0,-0.00019964641309279675
2009-05-20,-0.00024892081064764593,-0.00024892081064764593,0.0,-0.00025013975052767503
2009-05-21,-0.0006761960707755144,-0.0006761960707755144,0.0,-0.000677481172642476
2009-05-22,-0.0007824247165282294,-0.0007824247165282294,0.0,-0.0007836381720167239
2009-05-26,-0.0009396836629791405,-0.0009396836629791405,0.0,-0.0009408924755244729
2009-05-27,-0.00032533582992289034,-0.00032533582992289034,0.0,-0.0003264722149223014
2009-05-28,-0.00037236009076857535,-0.00037236009076857535,0.0,-0.0003733611725800993
2009-05-29,-0.00020104837422030286,-0.00020104837422030286,0.0,-0.00020198099584829504
2009-06-01,-0.002102067478748637,-0.0020562378161447237,0.09165932520790687,-0.0021033245049389697
2009-06-02,0.00010589382442249828,0.00010589382442249828,0.0,0.00010454125927195657
2009-06-03,0.0013816657232548213,0.0013816657232548213,0.0,0.0013803127130806768
2009-06-04,-0.0014448235500940099,-0.0014448235500940099,0.0,-0.0014461823587694678
2009-06-05,-0.0017052561849651982,-0.0017052561849651982,0.0,-0.0017070920414310824
2009-06-08,-0.000622636166819901,-0.000622636166819901,0.0,-0.0006244622801866149
2009-06-09,0.0003209590903301418,0.0003209590903301418,0.0,0.00031913653665462913
2009-06-10,-0.0003111188824392874,-0.0003111188824392874,0.0,-0.000312847250066771
2009-06-11,4.257182038291951e-05,4.257182038291951e-05,0.0,4.074921102110476e-05
2009-06-12,0.000602346537627918,0.000602346537627918,0.0,0.0006006196245080237
2009-06-15,0.0010863625256656295,0.0010863625256656295,0.0,0.0010847284729806192
2009-06-16,0.000700733301920442,0.000700733301920442,0.0,0.0006990937017994745
2009-06-17,-3.804535608098458e-05,-3.804535608098458e-05,0.0,-3.9688531943005015e-05
2009-06-18,-0.0010058471113225664,-0.0010058471113225664,0.0,-0.0010075867390204468
2009-06-19,0.000653194183081407,0.000653194183081407,0.0,0.0006514599956783604
2009-06-22,0.001361764131576404,0.001361764131576404,0.0,0.0013598333337891952
2009-06-23,-0.00021242593678338917,-0.00021242593678338917,0.0,-0.00021436490180941104
2009-06-24,-9.320738758067382e-05,-9.320738758067382e-05,0.0,-9.504819376624646e-05
2009-06-25,0.0005827202727695102,0.0005827202727695102,0.0,0.0005809768543876017
2009-06-26,0.0003608719512113723,0.0003608719512113723,0.0,0.0003590283570265312
2009-06-29,-0.00035186208272430797,-0.00035186208272430797,0.0,-0.0003538048711472913
2009-06-30,0.00027813968002798894,0.00027813968002798894,0.0,0.0002762960352458634
2009-07-01,0.0001292758843738362,0.00017356142487812143,0.08857108100832059,0.00012791345286234125
2009-07-02,0.0011403796416453726,0.0011403796416453726,0.0,0.0011390122632956921
2009-07-06,0.0010453668320260512,0.0010453668320260512,0.0,0.0010438317381245923
2009-07-07,0.0007186662522207232,0.0007186662522207232,0.0,0.000717124887876375
2009-07-08,0.0012894166400627682,0.0012894166400627682,0.0,0.0012879523191852203
2009-07-09,-0.0006143227547433794,-0.0006143227547433794,0.0,-0.0006158761456048931
2009-07-10,0.0008317075602248813,0.0008317075602248813,0.0,0.0008302394128804873
2009-07-13,-0.0006997191114767043,-0.0006997191114767043,0.0,-0.0007011919745979925
2009-07-14,-0.0002503535055179418,-0.0002503535055179418,0.0,-0.0002518223984580395
2009-07-15,-0.0017204149598678553,-0.0017204149598678553,0.0,-0.0017218824319554093
2009-07-16,0.0007160498057374731,0.0007160498057374731,0.0,0.0007145111316475441
2009-07-17,-0.0007596172689408043,-0.0007596172689408043,0.0,-0.0007609978192889693
2009-07-20,-0.00017117064369398527,-0.00017117064369398527,0.0,-0.00017270905305943082
2009-07-21,0.0011171362923807493,0.0011171362923807493,0.0,0.0011155989104329597
2009-07-22,-0.00035960659404843387,-0.00035960659404843387,0.0,-0.0003611506739015793
2009-07-23,-0.0013566337495299896,-0.0013566337495299896,0.0,-0.001358175672549262
2009-07-24,0.00025244243669053645,0.00025244243669053645,0.0,0.0002509893864985215
2009-07-27,-0.0005116977307376702,-0.0005116977307376702,0.0,-0.0005132330217035924
2009-07-28,0.00045257899628370346,0.00045257899628370346,0.0,0.00045104677932428623
2009-07-29,0.0009401988639432535,0.0009401988639432535,0.0,0.0009386639293610327
2009-07-30,-0.000635101611962563,-0.000635101611962563,0.0,-0.000636561104007549
2009-07-31,0.00014190072215924943,0.00014190072215924943,0.0,0.0001404448419224637
2009-08-03,-0.0017208679041471608,-0.0016966942486242864,0.04834731104594739,-0.0017225199219497932
2009-08-04,-0.000404931962363797,-0.000404931962363797,0.0,-0.0004064959976671478
2009-08-05,-0.0004784202367349444,-0.0004784202367349444,0.0,-0.0004799820120798906
2009-08-06,0.00019809793488057004,0.00019809793488057004,0.0,0.00019662544780305405
2009-08-07,-0.00026408674929911946,-0.00026408674929911946,0.0,-0.000265646959174443
2009-08-10,0.0005197447761271512,0.0005197447761271512,0.0,0.0005180994445454044
2009-08-11,0.0007174614557650116,0.0007174614557650116,0.0,0.0007158998197717673
2009-08-12,-0.0005319564404945298,-0.0005319564404945298,0.0,-0.000533435098070534
2009-08-13,0.0006664426686917579,0.0006664426686917579,0.0,0.0006649668146207105
2009-08-14,0.0008862060265970584,0.0008862060265970584,0.0,0.0008846396411819551
2009-08-17,0.00027699132667891035,0.00027699132667891035,0.0,0.0002754200037366211
2009-08-18,-0.00039640131136520207,-0.00039640131136520207,0.0,-0.00039797417714678806
2009-08-19,0.00013949971866789035,0.00013949971866789035,0.0,0.00013801632043343993
2009-08-20,0.0006453000156783073,0.0006453000156783073,0.0,0.00064381588341036
2009-08-21,-0.0006973432199058882,-0.0006973432199058882,0.0,-0.0006988307454879456
2009-08-24,0.0003763511644616635,0.0003763511644616635,0.0,0.0003748673084221571
2009-08-25,0.0004895334268508744,0.0004895334268508744,0.0,0.00048804759113046844
2009-08-26,0.00037302717211229464,0.00037302717211229464,0.0,0.00037171386961031813
2009-08-27,-0.00045917147097684907,-0.00045917147097684907,0.0,-0.0004604865033358575
2009-08-28,0.0002955635435699655,0.0002955635435699655,0.0,0.00029425064152731263
2009-08-31,0.0006308853254997082,0.0006308853254997082,0.0,0.0006295710526014035
2009-09-01,5.355861874400958e-05,0.00010202186081098574,0.09692648413387149,5.1894720263336205e-05
2009-09-02,0.0011300926972603875,0.0011300926972603875,0.0,0.0011284277833484462
2009-09-03,0.0004173197629302461,0.0004173197629302461,0.0,0.00041553122107187057
2009-09-04,0.0004389108042066603,0.0004389108042066603,0.0,0.000437239877339853
2009-09-08,0.00020636168874821337,0.00020636168874821337,0.0,0.00020468905762392126
2009-09-09,4.707535431469623e-05,4.707535431469623e-05,0.0,4.540192206888201e-05
2009-09-10,0.0010259379293611204,0.0010259379293611204,0.0,0.0010242643143715787
2009-09-11,0.0011519949244562788,0.0011519949244562788,0.0,0.0011503173309184145
2009-09-14,-0.000524629311310254,-0.000524629311310254,0.0,-0.0005263113671001883
2009-09-15,-0.0002733850422029782,-0.0002733850422029782,0.0,-0.00027494506316244545
2009-09-16,0.0004915051128215886,0.0004915051128215886,0.0,0.0004903058537006947
2009-09-17,0.00038885027528201555,0.00038885027528201555,0.0,0.0003876496558545944
2009-09-18,-0.0004619763191787696,-0.0004619763191787696,0.0,-0.000462937675342416
2009-09-21,0.00021963319541895565,0.00021963319541895565,0.0,0.00021831273723682922
2009-09-22,0.0004161641055251408,0.0004161641055251408,0.0,0.0004148429787899716
2009-09-23,0.0004533741149388426,0.0004533741149388426,0.0,0.00045205172194682055
2009-09-24,-0.00017485202065103955,-0.00017485202065103955,0.0,-0.00017605544959842915
2009-09-25,0.0004054436991989263,0.0004054436991989263,0.0,0.0004042407537713228
2009-09-28,0.0004289771910908069,0.0004289771910908069,0.0,0.00042765271832565535
2009-09-29,-0.00033999285901908927,-0.00033999285901908927,0.0,-0.00034155968585886483
2009-09-30,-7.814167041197972e-05,-7.814167041197972e-05,0.0,-7.982770678438637e-05
2009-10-01,-0.002129844747852272,-0.0020550808143477983,0.14952786700909798,-0.0021315592363844705
2009-10-02,-0.00025345383480590566,-0.00025345383480590566,0.0,-0.0002551632748006315
2009-10-05,0.0017106621624638496,0.0017106621624638496,0.0,0.001709295068588232
2009-10-06,0.0012947304797867876,0.0012947304797867876,0.0,0.0012933602991538032
2009-10-07,0.0015330446405481535,0.0015330446405481535,0.0,0.0015315005624635775
2009-10-08,0.00032942541313185636,0.00032942541313185636,0.0,0.0003283939589012322
2009-10-09,-0.0017463591690264346,-0.0017463591690264346,0.0,-0.0017475630507768451
2009-10-12,0.0005378792462296111,0.0005378792462296111,0.0,0.0005366781178753777
2009-10-13,0.00041377172482959246,0.00041377172482959246,0.0,0.00041256974888425723
2009-10-14,0.0007156639701109135,0.0007156639701109135,0.0,0.0007144613424130129
2009-10-15,-0.0013197529660997631,-0.0013197529660997631,0.0,-0.001320956720269648
2009-10-16,-0.00041777389049602043,-0.00041777389049602043,0.0,-0.0004189755645984049
2009-10-19,0.0016577431277124965,0.0016577431277124965,0.0,0.0016563705387156737
2009-10-20,-0.0002471544464691666,-0.0002471544464691666,0.0,-0.0002485300177986671
2009-10-21,-0.0009417261259643261,-0.0009417261259643261,0.0,-0.0009429293617225778
2009-10-22,0.0004820263136278147,0.0004820263136278147,0.0,0.00048099624085078645
2009-10-23,-0.001700399987210277,-0.001700399987210277,0.0,-0.001701602498103566
2009-10-26,-0.0016590608674199592,-0.0016590608674199592,0.0,-0.001660432099130904
2009-10-27,0.0004161636052275597,0.0004161636052275597,0.0,0.00041479537039163753
2009-10-28,-0.0018082912892488645,-0.0018082912892488645,0.0,-0.0018094891522333328
2009-10-29,0.0016304753502172087,0.0016304753502172087,0.0,0.0016294510637634143
2009-10-30,-0.00034157584687855014,-0.00034157584687855014,0.0,-0.0003424312592647081
2009-11-02,0.0007846421841526396,0.0008717981966590571,0.1743120250126925,0.0007834137472452256
2009-11-03,0.00065516856859138,0.00065516856859138,0.0,0.0006539414903461613
2009-11-04,0.0012843972685507854,0.0012843972685507854,0.0,0.0012833740737738578
2009-11-05,0.0016130465765782365,0.0016130465765782365,0.0,0.0016122270346482876
2009-11-06,0.0008375898160815076,0.0008375898160815076,0.0,0.0008363586485301012
2009-11-09,0.0038213099820521013,0.0038213099820521013,0.0,0.003819872497293011
2009-11-10,-0.0005465356570231172,-0.0005465356570231172,0.0,-0.0005479782439602949
2009-11-11,0.0015041014656675955,0.0015041014656675955,0.0,0.0015026596088588624
2009-11-12,-0.002998743744674459,-0.002998743744674459,0.0,-0.0030001876078261363
2009-11-13,0.002664242324200039,0.002664242324200039,0.0,0.002663008166155229
2009-11-16,0.0041135044486420025,0.0041135044486420025,0.0,0.004112061042500335
2009-11-17,2.7439088619241048e-05,2.7439088619241048e-05,0.0,2.6197197820070678e-05
2009-11-18,-0.0005964986295621255,-0.0005964986295621255,0.0,-0.0005973265775975419
2009-11-19,-0.0014348367069054735,-0.0014348367069054735,0.0,-0.0014352504543113315
2009-11-20,-0.000615431421832624,-0.000615431421832624,0.0,-0.0006158446233559037
2009-11-23,0.0021385977640397957,0.0021385977640397957,0.0,0.00213756534594315
2009-11-24,0.0003734545244706844,0.0003734545244706844,0.0,0.00037242007539498733
2009-11-25,0.0028234645501556965,0.0028234645501556965,0.0,0.0028224297465508884
2009-11-27,-0.0032170774209429043,-0.0032170774209429043,0.0,-0.0032176999068063423
2009-11-30,0.0018426101198150135,0.0018426101198150135,0.0,0.0018413688144207259
2009-12-01,0.0024850395760667165,0.0025320878394885504,0.0940965268438784,0.0024836530717545287
2009-12-02,0.00019385033215280068,0.00019385033215280068,0.0,0.00019269734506701565
2009-12-03,-0.001476742662217645,-0.001476742662217645,0.0,-0.0014781264400232097
2009-12-04,-0.003372094648265045,-0.003372094648265045,0.0,-0.003373476951322549
2009-12-07,-0.0003293724728578029,-0.0003293724728578029,0.0,-0.0003302917556067225
2009-12-08,-0.0017443388342384125,-0.0017443388342384125,0.0,-0.0017450281312254687
2009-12-09,-0.0004884349494097551,-0.0004884349494097551,0.0,-0.0004891233706428521
2009-12-10,-0.00010723002800672177,-0.00010723002800672177,0.0,-0.00010768881193477257
2009-12-11,-0.0011511277267511888,-0.0011511277267511888,0.0,-0.0011518158487758138
2009-12-14,0.0022108784477326004,0.0022108784477326004,0.0,0.0022099617236200912
2009-12-15,-0.0021445965317209437,-0.0021445965317209437,0.0,-0.002145744285980012
2009-12-16,0.0015906563806979968,0.0015906563806979968,0.0,0.0015897396153203716
2009-12-17,-0.0030463080479113946,-0.0030463080479113946,0.0,-0.003047225878187832
2009-12-18,0.0003962276617734961,0.0003962276617734961,0.0,0.0003950829309873426
2009-12-21,-0.0015527179370786737,-0.0015527179370786737,0.0,-0.0015545500382729398
2009-12-22,-0.00041726815878162515,-0.00041726815878162515,0.0,-0.0004190981722072701
2009-12-23,0.001705526022514281,0.001705526022514281,0.0,0.0017039252518944513
2009-12-24,0.0009343017663792086,0.0009343017663792086,0.0,0.0009331569273661409
2009-12-28,-7.582911898129652e-05,-7.582911898129652e-05,0.0,-7.834948832587594e-05
2009-12-29,-0.000473397549932808,-0.000473397549932808,0.0,-0.0004756886676157497
2009-12-30,-9.628068498024334e-05,-9.628068498024334e-05,0.0,-9.742584665759345e-05
2009-12-31,-0.0012553344422518986,-0.0012553344422518986,0.0,-0.001256708539324
2010-01-04,0.004994660045696042,0.00516456681222488,0.3398135330575557,0.0049936379157165195
2010-01-05,0.0010215028306381768,0.0010215028306381768,0.0,0.0010206094330266005
2010-01-06,0.00101929076395324,0.00101929076395324,0.0,0.0010185233463415547
2010-01-07,-0.00023690247909857742,-0.00023690247909857742,0.0,-0.0002375433629303208
2010-01-08,0.0013355314471463764,0.0013355314471463764,0.0,0.0013348908816076701
2010-01-11,0.00025140053000982654,0.00025140053000982654,0.0,0.0002508866439986039
2010-01-12,-0.00253848239307064,-0.00253848239307064,0.0,-0.002539125087821443
2010-01-13,0.0010272331122846978,0.0010272331122846978,0.0,0.0010264659752255146
2010-01-14,0.00010925365192981928,0.00010925365192981928,0.0,0.00010861299099435614
2010-01-15,-0.0021326464630982978,-0.0021326464630982978,0.0,-0.002133415432335899
2010-01-19,0.0023199083139657795,0.0023199083139657795,0.0,0.0023191427898655876
2010-01-20,-0.0038545081517638025,-0.0038545081517638025,0.0,-0.0038551492043234856
2010-01-21,-0.0037601566041887136,-0.0037601566041887136,0.0,-0.0037609196309528544
2010-01-22,-0.0032557869621857582,-0.0032557869621857582,0.0,-0.0032565438823343755
2010-01-25,0.0008371299206304528,0.0008371299206304528,0.0,0.0008363783052560184
2010-01-26,-0.0014469690094522925,-0.0014469690094522925,0.0,-0.0014478474840193452
2010-01-27,-0.0004386588540258307,-0.0004386588540258307,0.0,-0.0004396596795707417
2010-01-28,-0.0018047169844906952,-0.0018047169844906952,0.0,-0.001805716856070337
2010-01-29,-0.0017414520838830994,-0.0017414520838830994,0.0,-0.0017424480235917806
2010-02-01,0.0031023904739244657,0.003232678278817236,0.26057560978567096,0.0031001985782982055
2010-02-02,0.0027155760929968853,0.0027155760929968853,0.0,0.0027133839626358497
2010-02-03,-0.0014880615979933065,-0.0014880615979933065,0.0,-0.0014902585384908565
2010-02-04,-0.007093788304819548,-0.007093788304819548,0.0,-0.007095763175490843
2010-02-05,-0.0006533994505587559,-0.0006533994505587559,0.0,-0.0006555810773496634
2010-02-08,-0.0020374150154289783,-0.0020374150154289783,0.0,-0.00204003156580469
2010-02-09,0.002929749814964744,0.002929749814964744,0.0,0.0029271376444899477
2010-02-10,-0.0018917796724584601,-0.0018917796724584601,0.0,-0.0018941799185303336
2010-02-11,0.0028306848523695916,0.0028306848523695916,0.0,0.0028282883303745346
2010-02-12,-0.0005847250022643635,-0.0005847250022643635,0.0,-0.0005869087101111804
2010-02-16,0.0049250956137438795,0.0049250956137438795,0.0,0.004922912949976297
2010-02-17,-4.090420777647097e-07,-4.090420777647097e-07,0.0,-2.600456947796453e-06
2010-02-18,0.0015951908102100898,0.0015951908102100898,0.0,0.0015929993960668604
2010-02-19,-0.00015836741045183178,-0.00015836741045183178,0.0,-0.00016078107888217426
2010-02-22,3.611469474096296e-05,3.611469474096296e-05,0.0,3.370133539946655e-05
2010-02-23,-0.0025220796248478505,-0.0025220796248478505,0.0,-0.002524712457383913
2010-02-24,0.0018036173786026843,0.0018036173786026843,0.0,0.00180098992933333
2010-02-25,-0.00021002490386379247,-0.00021002490386379247,0.0,-0.0002128754702831594
2010-02-26,0.0023444315273168925,0.0023444315273168925,0.0,0.0023415814457712287
2010-03-01,0.0019217100197024273,0.001975414612001014,0.10740918459715298,0.001918546352607728
2010-03-02,0.0021897266111214897,0.0021897266111214897,0.0,0.0021863215606528256
2010-03-03,0.0012998191498863054,0.0012998191498863054,0.0,0.0012964094006883578
2010-03-04,-0.0007972787342097609,-0.0007972787342097609,0.0,-0.0008006912689472065
2010-03-05,0.003138305548932907,0.003138305548932907,0.0,0.0031346510938016054
2010-03-08,0.00014959167513262095,0.00014959167513262095,0.0,0.00014568592135845763
2010-03-09,0.0007214768791006243,0.0007214768791006243,0.0,0.0007175707598609678
2010-03-10,0.0006515649375953281,0.0006515649375953281,0.0,0.0006479012995330726
2010-03-11,0.0005450242258939753,0.0005450242258939753,0.0,0.0005411147556477345
2010-03-12,0.0007311811114534272,0.0007311811114534272,0.0,0.0007275147371685622
2010-03-15,-0.001221060436662147,-0.001221060436662147,0.0,-0.001225217553817109
2010-03-16,0.0036895062828219416,0.0036895062828219416,0.0,0.003685596680874629
2010-03-17,0.0016767145837537356,0.0016767145837537356,0.0,0.0016730409245698484
2010-03-18,-0.0016102979843817256,-0.0016102979843817256,0.0,-0.0016142206228396438
2010-03-19,-0.0030411949792857884,-0.0030411949792857884,0.0,-0.0030451137039439386
2010-03-22,0.001965188262041284,0.001965188262041284,0.0,0.001961521408408478
2010-03-23,0.0008304768618181413,0.0008304768618181413,0.0,0.0008270502812575185
2010-03-24,-0.004754029706894647,-0.004754029706894647,0.0,-0.004757458054052624
2010-03-25,-0.0013552899423673326,-0.0013552899423673326,0.0,-0.0013587081284071373
2010-03-26,0.0018689200133941153,0.0018689200133941153,0.0,0.00186550472804099
2010-03-29,0.0027159332532677993,0.0027159332532677993,0.0,0.002712269741247923
2010-03-30,0.00034474803551431954,0.00034474803551431954,0.0,0.00034083367647700405
2010-03-31,-3.3506784529735434e-05,-3.3506784529735434e-05,0.0,-3.7421982686593685e-05
2010-04-01,0.0027732149930086436,0.002827785853058984,0.10914172010048014,0.002769395838962509
2010-04-05,0.0003097484365248704,0.0003097484365248704,0.0,0.00030545897780376833
2010-04-06,0.0016612502431452292,0.0016612502431452292,0.0,0.0016571982532111713
2010-04-07,-7.028434379630077e-05,-7.028434379630077e-05,0.0,-7.434080178541623e-05
2010-04-08,0.00021913012146024258,0.00021913012146024258,0.0,0.00021507385251934085
2010-04-09,0.0020972776570378215,0.0020972776570378215,0.0,0.0020934594375368117
2010-04-12,2.5194137674322548e-05,2.5194137674322548e-05,0.0,2.137062110057784e-05
2010-04-13,0.0009567798993326271,0.0009567798993326271,0.0,0.0009529563191279096
2010-04-14,0.002714912589377061,0.002714912589377061,0.0,0.0027110865950138335
2010-04-15,6.435967299189826e-05,6.435967299189826e-05,0.0,6.052684687629495e-05
2010-04-16,-0.004522714219680091,-0.004522714219680091,0.0,-0.00452654720773868
2010-04-19,-0.001233611759678177,-0.001233611759678177,0.0,-0.0012374333158975822
2010-04-20,0.002506168113718177,0.002506168113718177,0.0,0.00250234967948902
2010-04-21,0.000865237840135924,0.000865237840135924,0.0,0.0008616521267792253
2010-04-22,-0.00027927904410485205,-0.00027927904410485205,0.0,-0.00028310598737612175
2010-04-23,0.002011835477893742,0.002011835477893742,0.0,0.002008009239234477
2010-04-26,-7.973017053997111e-05,-7.973017053997111e-05,0.0,-8.356147480398092e-05
2010-04-27,-0.005750598615100855,-0.005750598615100855,0.0,-0.005754429718596094
2010-04-28,0.0007737594928620695,0.0007737594928620695,0.0,0.0007699429537193598
2010-04-29,0.0049892800419231165,0.0049892800419231165,0.0,0.00498522288853883
2010-04-30,-0.0018153307340665892,-0.0018153307340665892,0.0,-0.0018191617951016058
2010-05-03,0.0017865665534144703,0.001839022249986666,0.10491139314480645,0.0017820515702948415
2010-05-04,-0.007466202053638238,-0.007466202053638238,0.0,-0.0074704526008238445
2010-05-05,-0.003417479324969941,-0.003417479324969941,0.0,-0.0034214494127551313
2010-05-06,-0.00681764786036998,-0.00681764786036998,0.0,-0.006820554273116107
2010-05-07,-0.002035597061553762,-0.002035597061553762,0.0,-0.0020390200795063957
2010-05-10,0.009909008895188975,0.009909008895188975,0.0,0.009904800307453464
2010-05-11,-0.00029018042524919796,-0.00029018042524919796,0.0,-0.0002944100162718352
2010-05-12,0.0033546878134596003,0.0033546878134596003,0.0,0.003350458837686373
2010-05-13,-0.0023196916500672904,-0.0023196916500672904,0.0,-0.0023239277147710435
2010-05-14,-0.0038728392299692826,-0.0038728392299692826,0.0,-0.003877070381438817
2010-05-17,-0.0014995605182430705,-0.0014995605182430705,0.0,-0.0015037834349346045
2010-05-18,-0.0022644802744099524,-0.0022644802744099524,0.0,-0.0022689637305256223
2010-05-19,-0.002544133192431075,-0.002544133192431075,0.0,-0.002548611513360332
2010-05-20,-0.008207508735606273,-0.008207508735606273,0.0,-0.008211981272461717
2010-05-21,0.004027514565968948,0.004027514565968948,0.0,0.004023060843259951
2010-05-24,-0.0016075227623939536,-0.0016075227623939536,0.0,-0.0016119856803768874
2010-05-25,-0.0012372453188069787,-0.0012372453188069787,0.0,-0.0012417045607232085
2010-05-26,-0.0009934760252535701,-0.0009934760252535701,0.0,-0.0009979324343448884
2010-05-27,0.007553202232294831,0.007553202232294831,0.0,0.00754874810015082
2010-05-28,-0.0013870554435067017,-0.0013870554435067017,0.0,-0.0013912637386131143
2010-06-01,-0.0026717926709960427,-0.0025346446800439404,0.27429598190412485,-0.002675025003310224
2010-06-02,0.0016762776816610092,0.0016762776816610092,0.0,0.0016730453093964446
2010-06-03,-0.0003436928719519061,-0.0003436928719519061,0.0,-0.00034652576162744946
2010-06-04,-0.00017027731787289113,-0.00017027731787289113,0.0,-0.00017310927146585388
2010-06-07,-0.0001008121150543051,-0.0001008121150543051,0.0,-0.00010323910626545627
2010-06-08,0.0002027058357880751,0.0002027058357880751,0.0,0.00020027907998822978
2010-06-09,-0.00019601699049920374,-0.00019601699049920374,0.0,-0.00019803968137606736
2010-06-10,0.0003671585475535366,0.0003671585475535366,0.0,0.00036513623811486334
2010-06-11,0.001997009692668028,0.001997009692668028,0.0,0.001995391273750738
2010-06-14,-0.0005755471409719659,-0.0005755471409719659,0.0,-0.0005769659713557126
2010-06-15,0.0016175052742228857,0.0016175052742228857,0.0,0.0016156820699149738
2010-06-16,0.0004644707901155787,0.0004644707901155787,0.0,0.00046244187066741735
2010-06-17,0.0014538428118142654,0.0014538428118142654,0.0,0.0014520159739994732
2010-06-18,0.0002552117999432557,0.0002552117999432557,0.0,0.00025297590267353624
2010-06-21,5.439392483097549e-07,5.439392483097549e-07,0.0,-1.8958140500208163e-06
2010-06-22,-0.0003090064531979797,-0.0003090064531979797,0.0,-0.00031164952063953886
2010-06-23,0.00044615231803235567,0.00044615231803235567,0.0,0.00044351002818709246
2010-06-24,-0.0020492607533638685,-0.0020492607533638685,0.0,-0.002051904165424132
2010-06-25,0.0016322513871747102,0.0016322513871747102,0.0,0.001629613140241801
2010-06-28,0.0005958327006700959,0.0005958327006700959,0.0,0.000592377314289675
2010-06-29,-0.002214315555134183,-0.002214315555134183,0.0,-0.00221736615444624
2010-06-30,-0.000713584968966785,-0.000713584968966785,0.0,-0.0007172379604774989
2010-07-01,-0.0021382297141396833,-0.002070059571528726,0.13634028522179198,-0.002142241587103152
2010-07-02,-0.0006104401045469166,-0.0006104401045469166,0.0,-0.0006144498837164168
2010-07-06,0.0005215391684401105,0.0005215391684401105,0.0,0.0005175310606091712
2010-07-07,0.0015709565306347706,0.0015709565306347706,0.0,0.0015671828506148501
2010-07-08,2.333472614313159e-05,2.333472614313159e-05,0.0,1.9793113911590242e-05
2010-07-09,0.0005786130073739404,0.0005786130073739404,0.0,0.0005748352276567601
2010-07-12,-0.0002026856830237289,-0.0002026856830237289,0.0,-0.00020646494974140825
2010-07-13,0.0005283396007997876,0.0005283396007997876,0.0,0.0005247970266853081
2010-07-14,0.0010351469855771622,0.0010351469855771622,0.0,0.0010316031389386248
2010-07-15,-3.280357454626959e-05,-3.280357454626959e-05,0.0,-3.63499117936953e-05
2010-07-16,-0.0018366230154704954,-0.0018366230154704954,0.0,-0.001840169273788498
2010-07-19,-0.00026729923873647365,-0.00026729923873647365,0.0,-0.00027131331392258126
2010-07-20,0.0018100885954330792,0.0018100885954330792,0.0,0.0018063113297945366
2010-07-21,0.0007649384651622348,0.0007649384651622348,0.0,0.000761156552494678
2010-07-22,0.0013434856966338948,0.0013434856966338948,0.0,0.0013397018216457042
2010-07-23,-6.6801919221815e-06,-6.6801919221815e-06,0.0,-1.046750877227068e-05
2010-07-26,0.0004472044123120522,0.0004472044123120522,0.0,0.0004434171125759909
2010-07-27,-0.001617905543901621,-0.001617905543901621,0.0,-0.0016214572110140005
2010-07-28,0.0006868588142761034,0.0006868588142761034,0.0,0.0006833110375862913
2010-07-29,0.00024434553956043104,0.00024434553956043104,0.0,0.0002407961123806399
2010-07-30,0.0016928283829660273,0.0016928283829660273,0.0,0.0016892783687786329
2010-08-02,0.0010055208481243305,0.0010602591231481107,0.10947655004789833,0.0010013435173967069
2010-08-03,0.0008475870754252046,0.0008475870754252046,0.0,0.0008434124634673516
2010-08-04,-0.0005556153837280586,-0.0005556153837280586,0.0,-0.0005597918372830981
2010-08-05,0.0008649247495777779,0.0008649247495777779,0.0,0.000861010456763051
2010-08-06,0.0008691907964220036,0.0008691907964220036,0.0,0.0008652747423377702
2010-08-09,0.00014484877084641745,0.00014484877084641745,0.0,0.00014093094834270576
2010-08-10,0.0003230607154576237,0.0003230607154576237,0.0,0.0003191425982933027
2010-08-11,-0.0017265866605518099,-0.0017265866605518099,0.0,-0.0017305054346946017
2010-08-12,-0.0010567748515071251,-0.0010567748515071251,0.0,-0.0010609511255034215
2010-08-13,0.0008233764908855967,0.0008233764908855967,0.0,0.0008194633890729789
2010-08-16,0.0027661485771548477,0.0027661485771548477,0.0,0.002761972812327402
2010-08-17,0.00018836210079831162,0.00018836210079831162,0.0,0.00018391898047399806
2010-08-18,0.00025136837318484595,0.00025136837318484595,0.0,0.00024718620469180657
2010-08-19,-0.0003338974824356189,-0.0003338974824356189,0.0,-0.0003380801955165466
2010-08-20,-0.0005367729376463126,-0.0005367729376463126,0.0,-0.0005406935527581834
2010-08-23,-0.00013815293765540027,-0.00013815293765540027,0.0,-0.00014233376317991718
2010-08-24,0.0008106310695168428,0.0008106310695168428,0.0,0.0008064505436018987
2010-08-25,7.108875536410153e-05,7.108875536410153e-05,0.0,6.690647287335252e-05
2010-08-26,0.00041001832785592107,0.00041001832785592107,0.0,0.000405835891332202
2010-08-27,-0.0012505957184162364,-0.0012505957184162364,0.0,-0.001254517585205245
2010-08-30,0.0012567497368922709,0.0012567497368922709,0.0,0.0012530917009190615
2010-08-31,0.0013518385360198337,0.0013518385360198337,0.0,0.001348178118332607
2010-09-01,0.00016667400269532173,0.00026282863695925585,0.19230926852814226,0.00016255342348516036
2010-09-02,7.812492721237518e-05,7.812492721237518e-05,0.0,7.368615599813429e-05
2010-09-03,-0.0008156730506022614,-0.0008156730506022614,0.0,-0.0008201119090583818
2010-09-07,0.0021849226146581913,0.0021849226146581913,0.0,0.002180484667805371
2010-09-08,-0.0005425386174349178,-0.0005425386174349178,0.0,-0.0005469790008525618
2010-09-09,-0.0017561165680519686,-0.0017561165680519686,0.0,-0.0017605563461172355
2010-09-10,9.012150040788036e-05,9.012150040788036e-05,0.0,8.568368522500063e-05
2010-09-13,0.0025618902671404875,0.0025618902671404875,0.0,0.002557135357240943
2010-09-14,0.0015454953692330964,0.0015454953692330964,0.0,0.0015407373993833727
2010-09-15,-0.001128704258750668,-0.001128704258750668,0.0,-0.0011334640717087043
2010-09-16,-0.0006936175906990805,-0.0006936175906990805,0.0,-0.0006986932871048894
2010-09-17,0.0005281599418291982,0.0005281599418291982,0.0,0.0005230851293654057
2010-09-20,0.0018484273915255756,0.0018484273915255756,0.0,0.0018430346885087731
2010-09-21,0.0024847393592186684,0.0024847393592186684,0.0,0.002479344159287338
2010-09-22,-0.00027511376789346453,-0.00027511376789346453,0.0,-0.00028019475431891234
2010-09-23,-0.00019788895041672472,-0.00019788895041672472,0.0,-0.00020296958784139587
2010-09-24,0.00012469799184211539,0.00012469799184211539,0.0,0.00011993512964910498
2010-09-27,0.0013350182235545294,0.0013350182235545294,0.0,0.0013299376790157382
2010-09-28,0.0016674580864197708,0.0016674580864197708,0.0,0.0016623758504524311
2010-09-29,-0.0005572357122172189,-0.0005572357122172189,0.0,-0.0005623200572877259
2010-09-30,0.00027964763578269825,0.00027964763578269825,0.0,0.0002745639959310398
2010-10-01,0.00010124121242949258,0.00016931858955815393,0.13615475425729479,9.614551217311609e-05
2010-10-04,-0.0004143955760039786,-0.0004143955760039786,0.0,-0.00041853753619218697
2010-10-05,0.004117850556480729,0.004117850556480729,0.0,0.004114027597709755
2010-10-06,0.0015230885144386086,0.0015230885144386086,0.0,0.0015189428043049795
2010-10-07,-0.0006706206137756521,-0.0006706206137756521,0.0,-0.0006747678644820176
2010-10-08,0.0028922974708061044,0.0028922974708061044,0.0,0.002888469865945617
2010-10-11,0.00043135498062563116,0.00043135498062563116,0.0,0.00042752468128513994
2010-10-12,-0.0006492141618753555,-0.0006492141618753555,0.0,-0.0006533640879802075
2010-10-13,0.0025857204744459406,0.0025857204744459406,0.0,0.002581571203696433
2010-10-14,-0.0008650081475872762,-0.0008650081475872762,0.0,-0.0008694793967231329
2010-10-15,-0.0011511869615067338,-0.0011511869615067338,0.0,-0.0011556572718966801
2010-10-18,0.0016114674974716525,0.0016114674974716525,0.0,0.0016066792192966492
2010-10-19,-0.00295566445988249,-0.00295566445988249,0.0,-0.00296013526754846
2010-10-20,0.0023606138067391313,0.0023606138067391313,0.0,0.002356146214728344
2010-10-21,-0.0019694406251620222,-0.0019694406251620222,0.0,-0.001973591482655881
2010-10-22,0.0007058269939888007,0.0007058269939888007,0.0,0.000701678125357259
2010-10-25,0.001947207200466039,0.001947207200466039,0.0,0.0019427384210176967
2010-10-26,-0.0013575003077020975,-0.0013575003077020975,0.0,-0.0013619711992160718
2010-10-27,-0.0023768985886053473,-0.0023768985886053473,0.0,-0.0023813680056860077
2010-10-28,0.0020847914870365525,0.0020847914870365525,0.0,0.0020806437169827285
2010-10-29,0.0017195135968799402,0.0017195135968799402,0.0,0.0017156829445937921
2010-11-01,6.212022012563878e-06,8.162175683490425e-05,0.1508194696446578,1.5870780579391215e-06
2010-11-02,0.0022550131584948563,0.0022550131584948563,0.0,0.0022503959046645803
2010-11-03,8.65118513473373e-05,8.65118513473373e-05,0.0,8.18933792280732e-05
2010-11-04,0.006404089933052637,0.006404089933052637,0.0,0.006399471414198693
2010-11-05,-0.0007648466591333447,-0.0007648466591333447,0.0,-0.0007694686155347048
2010-11-08,0.0005463062398585183,0.0005463062398585183,0.0,0.0005416846943210211
2010-11-09,-0.005159779627370131,-0.005159779627370131,0.0,-0.005164401466214704
2010-11-10,0.0010772808824377478,0.0010772808824377478,0.0,0.0010726618282020084
2010-11-11,-0.0019488051564315878,-0.0019488051564315878,0.0,-0.0019534247914242435
2010-11-12,-0.005322207576357152,-0.005322207576357152,0.0,-0.005326826158706973
2010-11-15,-0.0036193202615049103,-0.0036193202615049103,0.0,-0.0036242910069392434
2010-11-16,-0.002524006784974775,-0.002524006784974775,0.0,-0.0025293303076147863
2010-11-17,0.0009472501028275904,0.0009472501028275904,0.0,0.0009422829668719758
2010-11-18,0.0043134788096979015,0.0043134788096979015,0.0,0.004308156281688621
2010-11-19,0.00035764688050088367,0.00035764688050088367,0.0,0.00035267666284957526
2010-11-22,0.0013860882163230226,0.0013860882163230226,0.0,0.0013807627589079447
2010-11-23,-0.0022021490337835736,-0.0022021490337835736,0.0,-0.0022074753589671754
2010-11-24,4.625886781761679e-05,4.625886781761679e-05,0.0,4.057892811333705e-05
2010-11-26,-0.0013826221941748429,-0.0013826221941748429,0.0,-0.0013883021648372078
2010-11-29,0.0010739831645343312,0.0010739831645343312,0.0,0.0010675942399430494
2010-11-30,0.0006515336077197453,0.0006515336077197453,0.0,0.000645498859477027
2010-12-01,0.0007236573655962086,0.0008823697986337642,0.3174248660753728,0.0007196725202060442
2010-12-02,0.0009580455442841362,0.0009580455442841362,0.0,0.0009540632390722532
2010-12-03,0.0008632040165732491,0.0008632040165732491,0.0,0.000859717517262735
2010-12-06,0.0016912284978611858,0.0016912284978611858,0.0,0.001687491050945678
2010-12-07,-0.0028252249335191104,-0.0028252249335191104,0.0,-0.0028287167076329056
2010-12-08,-0.0022320900507292185,-0.0022320900507292185,0.0,-0.0022358249724586275
2010-12-09,0.00023423671713884708,0.00023423671713884708,0.0,0.00023075542012324847
2010-12-10,-0.0003054482938378289,-0.0003054482938378289,0.0,-0.0003086813778379193
2010-12-13,0.0009209870765090056,0.0009209870765090056,0.0,0.0009172572738531883
2010-12-14,-0.0011728157055411748,-0.0011728157055411748,0.0,-0.0011765475532793852
2010-12-15,-0.0016675584494083573,-0.0016675584494083573,0.0,-0.0016710390737854797
2010-12-16,0.0014197784772038702,0.0014197784772038702,0.0,0.0014165496871415997
2010-12-17,0.0020774338408127146,0.0020774338408127146,0.0,0.002074699472434739
2010-12-20,0.0006675351414568986,0.0006675351414568986,0.0,0.0006640507335762969
2010-12-21,0.0014857596582360522,0.0014857596582360522,0.0,0.0014822738687138887
2010-12-22,0.00012264029931174925,0.00012264029931174925,0.0,0.00011915143917690372
2010-12-23,-0.0009069933372224392,-0.0009069933372224392,0.0,-0.0009104824507863491
2010-12-27,0.0007869094474819427,0.0007869094474819427,0.0,0.0007826749446657721
2010-12-28,-0.000861742173057567,-0.000861742173057567,0.0,-0.0008654802415352412
2010-12-29,0.002667749807176989,0.002667749807176989,0.0,0.0026645118030002527
2010-12-30,-0.0005793439645285225,-0.0005793439645285225,0.0,-0.0005823376087376431
2010-12-31,0.0013391444904797822,0.0013391444904797822,0.0,0.0013361518712955826
2011-01-03,0.00099222136663224,0.001058027797868899,0.1316128624730374,0.0009883130842587356
2011-01-04,-0.0012913240025075323,-0.0012913240025075323,0.0,-0.00129497245663441
2011-01-05,-0.001594222366258391,-0.001594222366258391,0.0,-0.0015978683545151814
2011-01-06,-0.00012926101004273605,-0.00012926101004273605,0.0,-0.00013316415910083476
2011-01-07,0.000559699475306985,0.000559699475306985,0.0,0.000556056783444786
2011-01-10,0.0008474955436619247,0.0008474955436619247,0.0,0.0008435915130632361
2011-01-11,0.0007315339833233736,0.0007315339833233736,0.0,0.0007276282182268676
2011-01-12,0.0016898837512024922,0.0016898837512024922,0.0,0.0016859764900313662
2011-01-13,-6.112880525466213e-05,-6.112880525466213e-05,0.0,-6.503951661006541e-05
2011-01-14,-0.00014895507368273275,-0.00014895507368273275,0.0,-0.0001528656602256832
2011-01-18,0.0005786500759759061,0.0005786500759759061,0.0,0.0005744791081231013
2011-01-19,-0.001176395728695212,-0.001176395728695212,0.0,-0.0011805679562569575
2011-01-20,-0.0034870553598606024,-0.0034870553598606024,0.0,-0.0034912250234175168
2011-01-21,0.00021811172620500585,0.00021811172620500585,0.0,0.00021394968942947651
2011-01-24,0.0007778612696434095,0.0007778612696434095,0.0,0.0007736987559245759
2011-01-25,0.0009803538699766357,0.0009803538699766357,0.0,0.000976189656636366
2011-01-26,0.0007849910939474736,0.0007849910939474736,0.0,0.000780824740638778
2011-01-27,-0.00010303394450894565,-0.00010303394450894565,0.0,-0.00010694150590099135
2011-01-28,-0.0014687260953594183,-0.0014687260953594183,0.0,-0.0014726334460439289
2011-01-31,0.0010796626186118097,0.0010796626186118097,0.0,0.0010757582759345582
2011-02-01,0.0025142854179005525,0.002581100065511377,0.13362929522162248,0.0025107020072233383
2011-02-02,-0.0004324403771908125,-0.0004324403771908125,0.0,-0.000436262576042019
2011-02-03,-0.00043145318501935925,-0.00043145318501935925,0.0,-0.00043479665241792794
2011-02-04,-0.0009283435560261122,-0.0009283435560261122,0.0,-0.0009319248194983898
2011-02-07,0.0005869487767096171,0.0005869487767096171,0.0,0.0005831311124800012
2011-02-08,0.0005690446621464673,0.0005690446621464673,0.0,0.0005654642097306494
2011-02-09,-0.00036657775571657947,-0.00036657775571657947,0.0,-0.0003699207703392838
2011-02-10,-0.0010501119723436148,-0.0010501119723436148,0.0,-0.00105297671799246
2011-02-11,0.0014997452033091996,0.0014997452033091996,0.0,0.0014968824519841157
2011-02-14,0.0010017566051316873,0.0010017566051316873,0.0,0.0009986522102167518
2011-02-15,-0.0006321630444937609,-0.0006321630444937609,0.0,-0.0006352694952931002
2011-02-16,0.0013895170883866381,0.0013895170883866381,0.0,0.0013866507936757151
2011-02-17,0.0022169322117071566,0.0022169322117071566,0.0,0.0022147805179282094
2011-02-18,0.0009526022339954032,0.0009526022339954032,0.0,0.0009502079736926481
2011-02-22,-0.003007580289613454,-0.003007580289613454,0.0,-0.003010455199532263
2011-02-23,0.00016459809962809935,0.00016459809962809935,0.0,0.00016172888211816354
2011-02-24,-0.00015510297249421434,-0.00015510297249421434,0.0,-0.00015821162890155503
2011-02-25,0.004020598292979738,0.004020598292979738,0.0,0.004017489954594256
2011-02-28,0.0018662661291841687,0.0018662661291841687,0.0,0.0018626701109054845
2011-03-01,-0.001933777694081984,-0.0018676217146343932,0.1323119588953132,-0.0019375979943733162
2011-03-02,0.00013398716843560088,0.00013398716843560088,0.0,0.00013044431546155576
2011-03-03,0.0019185704952164873,0.0019185704952164873,0.0,0.001915027425764639
2011-03-04,0.0009017355840079677,0.0009017355840079677,0.0,0.0008984622025232665
2011-03-07,-0.002376725221648668,-0.002376725221648668,0.0,-0.0023797270506343542
2011-03-08,0.0007897509878722619,0.0007897509878722619,0.0,0.0007867524066772417
2011-03-09,0.00021481014766044915,0.00021481014766044915,0.0,0.00021208318444528677
2011-03-10,-0.004843906644705576,-0.004843906644705576,0.0,-0.004846088428545374
2011-03-11,0.0007884640695152711,0.0007884640695152711,0.0,0.0007862871182079826
2011-03-14,-0.002100509701304598,-0.002100509701304598,0.0,-0.0021029596557673373
2011-03-15,-0.004788717348111815,-0.004788717348111815,0.0,-0.004791436896819567
2011-03-16,-0.0025978851990745566,-0.0025978851990745566,0.0,-0.0026005987393129034
2011-03-17,0.0053313524877727225,0.0053313524877727225,0.0,0.005329184270055931
2011-03-18,0.002140773428473741,0.002140773428473741,0.0,0.0021388715681468673
2011-03-21,0.0036998714714393532,0.0036998714714393532,0.0,0.0036971518550650644
2011-03-22,1.6955755972158926e-05,1.6955755972158926e-05,0.0,1.4231536828911763e-05
2011-03-23,0.00027882481230490086,0.00027882481230490086,0.0,0.00027637299609210446
2011-03-24,0.0011251278034050127,0.0011251278034050127,0.0,0.0011226756751035287
2011-03-25,-0.0006759537654732473,-0.0006759537654732473,0.0,-0.0006784071517152415
2011-03-28,-0.0013869744712312615,-0.0013869744712312615,0.0,-0.0013899721301028896
2011-03-29,0.0004898976715628223,0.0004898976715628223,0.0,0.00048717425368995456
2011-03-30,0.0027323779766890155,0.0027323779766890155,0.0,0.0027296539492724574
2011-03-31,0.0008352631364956231,0.0008352631364956231,0.0,0.0008328084604307663
2011-04-01,0.0015444474271795183,0.001623439653073211,0.15798445178740755,0.0015426467959682398
2011-04-04,0.0018249459417731817,0.0018249459417731817,0.0,0.001823400784099815
2011-04-05,-0.00034033753032536307,-0.00034033753032536307,0.0,-0.00034214199052958025
2011-04-06,-0.00038433593785081044,-0.00038433593785081044,0.0,-0.0003858823339950452
2011-04-07,6.731257815917324e-05,6.731257815917324e-05,0.0,6.62818613118681e-05
2011-04-08,0.00102966840604779,0.00102966840604779,0.0,0.001028637651737853
2011-04-11,-0.0015412216632424425,-0.0015412216632424425,0.0,-0.0015425108217169815
2011-04-12,-0.0005731323785975739,-0.0005731323785975739,0.0,-0.0005744204643182392
2011-04-13,0.0015941979542675178,0.0015941979542675178,0.0,0.001592652730385782
2011-04-14,0.0007959577334077927,0.0007959577334077927,0.0,0.0007941534203170218
2011-04-15,0.002758914141582025,0.002758914141582025,0.0,0.002757109054270755
2011-04-18,-0.0014282493156009268,-0.0014282493156009268,0.0,-0.0014300570790983125
2011-04-19,0.0020474222462447678,0.0020474222462447678,0.0,0.002045873923878829
2011-04-20,0.0030648811093330064,0.0030648811093330064,0.0,0.0030633310857050536
2011-04-21,0.0018482407210962393,0.0018482407210962393,0.0,0.0018466881585519253
2011-04-25,0.0003266083091022498,0.0003266083091022498,0.0,0.0003247952031880626
2011-04-26,0.0013003501576203114,0.0013003501576203114,0.0,0.0012985367367391487
2011-04-27,0.00182155982009502,0.00182155982009502,0.0,0.0018200043858770645
2011-04-28,0.0009726775448752889,0.0009726775448752889,0.0,0.0009716395880656109
2011-04-29,0.0015261851263796977,0.0015261851263796977,0.0,0.001525146635753921
2011-05-02,-0.002303916335981371,-0.0022515391821126274,0.10475430773775075,-0.002305329352104225
2011-05-03,-0.0019278097591243215,-0.0019278097591243215,0.0,-0.0019286577552756826
2011-05-04,-0.002395702036811276,-0.002395702036811276,0.0,-0.0023965493714510067
2011-05-05,-0.005805881204981711,-0.005805881204981711,0.0,-0.005806445545382156
2011-05-06,0.0006159333123096911,0.0006159333123096911,0.0,0.0006153703110329418
2011-05-09,0.0034639428336089573,0.0034639428336089573,0.0,0.0034630981187279246
2011-05-10,0.0009234763910614951,0.0009234763910614951,0.0,0.0009226304826174866
2011-05-11,-0.004655310883220687,-0.004655310883220687,0.0,-0.004656157109571295
2011-05-12,-4.895047929176499e-05,-4.895047929176499e-05,0.0,-4.951355680185422e-05
2011-05-13,-0.0018714730140381164,-0.0018714730140381164,0.0,-0.0018723176133724124
2011-05-16,-0.0006981895533900717,-0.0006981895533900717,0.0,-0.0006993148211519638
2011-05-17,0.0008752309696782312,0.0008752309696782312,0.0,0.0008741060247289137
2011-05-18,0.0018357697948401253,0.0018357697948401253,0.0,0.001834363108259754
2011-05-19,3.576849199316001e-05,3.576849199316001e-05,0.0,3.4360747307574644e-05
2011-05-20,-0.0011149179860532321,-0.0011149179860532321,0.0,-0.0011163257513544058
2011-05-23,-0.0032483217429930544,-0.0032483217429930544,0.0,-0.0032500102893785647
2011-05-24,0.0018513375275523991,0.0018513375275523991,0.0,0.0018496512376541352
2011-05-25,0.0014600181569306425,0.0014600181569306425,0.0,0.0014583305833541771
2011-05-26,0.002515316532470502,0.002515316532470502,0.0,0.0025139093787653172
2011-05-27,0.002666358229127752,0.002666358229127752,0.0,0.002664949627793386
2011-05-31,0.0025030767997069603,0.0025030767997069603,0.0,0.002501384641533617
2011-06-01,-0.0037555003451211766,-0.0036530495269666563,0.2049016363087353,-0.0037572386360718215
2011-06-02,-0.000733958923459288,-0.000733958923459288,0.0,-0.0007353482552403054
2011-06-03,0.00022677326898423722,0.00022677326898423722,0.0,0.00022538408261164953
2011-06-06,-0.003406568132533816,-0.003406568132533816,0.0,-0.0034083046716458618
2011-06-07,0.0023108907976003845,0.0023108907976003845,0.0,0.0023091551047962995
2011-06-08,-0.001242085440874785,-0.001242085440874785,0.0,-0.0012434744533425545
2011-06-09,-0.00016589849073911367,-0.00016589849073911367,0.0,-0.0001676344480759198
2011-06-10,-0.005032265942071956,-0.005032265942071956,0.0,-0.005034001858230961
2011-06-13,-0.0006371342302209371,-0.0006371342302209371,0.0,-0.0006388688909996528
2011-06-14,0.0021416366558086875,0.0021416366558086875,0.0,0.0021399021540747633
2011-06-15,-0.0037390116491222702,-0.0037390116491222702,0.0,-0.003740746684320294
2011-06-16,-0.0018141455640011683,-0.0018141455640011683,0.0,-0.0018158796643466778
2011-06-17,0.002248270133364594,0.002248270133364594,0.0,0.0022468832166154516
2011-06-20,0.0010233527222149874,0.0010233527222149874,0.0,0.0010223121975216581
2011-06-21,0.004258878972753122,0.004258878972753122,0.0,0.004257838294763396
2011-06-22,-0.002372452450785323,-0.002372452450785323,0.0,-0.002373146659623062
2011-06-23,-0.00041163037450697715,-0.00041163037450697715,0.0,-0.000411977360684669
2011-06-24,-0.0019461956703216154,-0.0019461956703216154,0.0,-0.00194688960162943
2011-06-27,0.0004044147613060378,0.0004044147613060378,0.0,0.0004037210244502968
2011-06-28,0.0015579529474720744,0.0015579529474720744,0.0,0.0015569122816029575
2011-06-29,0.002927921687698287,0.002927921687698287,0.0,0.002927227755095959
2011-06-30,0.001539762212852569,0.001539762212852569,0.0,0.0015387208772770359
2011-07-01,0.0027166027342040433,0.0028020413107558984,0.1708771531036116,0.002716005248848406
2011-07-05,0.0018519584264833355,0.0018519584264833355,0.0,0.001851360859782233
2011-07-06,0.00029481310408141503,0.00029481310408141503,0.0,0.0002945141394967082
2011-07-07,0.0024676025901002596,0.0024676025901002596,0.0,0.0024667056098196987
2011-07-08,1.0839901887216286e-05,1.0839901887216286e-05,0.0,9.942199158103926e-06
2011-07-11,-0.0041491177930922385,-0.0041491177930922385,0.0,-0.004150015498994952
2011-07-12,0.0002836904219540859,0.0002836904219540859,0.0,0.0002827939358508744
2011-07-13,0.004219505409706947,0.004219505409706947,0.0,0.0042192065532130375
2011-07-14,-0.0032957502214867596,-0.0032957502214867596,0.0,-0.0032960494896240537
2011-07-15,0.0022810396951262746,0.0022810396951262746,0.0,0.0022804418040267413
2011-07-18,-0.0019290363865486215,-0.0019290363865486215,0.0,-0.0019296347231675403
2011-07-19,0.0036617404729890612,0.0036617404729890612,0.0,0.0036608435343052142
2011-07-20,0.0006335964901158508,0.0006335964901158508,0.0,0.0006329978170355019
2011-07-21,0.0019812594834078823,0.0019812594834078823,0.0,0.001979762492059581
2011-07-22,0.001944179145835001,0.001944179145835001,0.0,0.0019426811912530175
2011-07-25,-0.0016094087379896482,-0.0016094087379896482,0.0,-0.0016109076359437928
2011-07-26,0.002091032966468065,0.002091032966468065,0.0,0.00208893560439925
2011-07-27,-0.00561079400045017,-0.00561079400045017,0.0,-0.005613192608303471
2011-07-28,0.00031181556668680166,0.00031181556668680166,0.0,0.0003097206160174058
2011-07-29,0.0026411713867038333,0.0026411713867038333,0.0,0.0026381782959621937
2011-08-01,-0.0002878296467290209,-0.00022925484355484915,0.11714960634851317,-0.0002907358878099706
2011-08-02,-0.0010140138734685555,-0.0010140138734685555,0.0,-0.00101575147380222
2011-08-03,-0.00018428139402582033,-0.00018428139402582033,0.0,-0.00018486037646034748
2011-08-04,-0.009520583195601784,-0.009520583195601784,0.0,-0.009521162138469635
2011-08-05,-0.0018820399977714786,-0.0018820399977714786,0.0,-0.0018823284373088117
2011-08-08,-0.009014301342601838,-0.009014301342601838,0.0,-0.009015742518432717
2011-08-09,0.010601722120183954,0.010601722120183954,0.0,0.010600860377992759
2011-08-10,-0.0020331947722657118,-0.0020331947722657118,0.0,-0.002033771566116886
2011-08-11,0.0023159286047453875,0.0023159286047453875,0.0,0.002315064076684659
2011-08-12,0.001706158620224496,0.001706158620224496,0.0,0.0017055817660984066
2011-08-15,0.004307506503976599,0.004307506503976599,0.0,0.004306929280591022
2011-08-16,-0.00017665843454572894,-0.00017665843454572894,0.0,-0.00017752566202004227
2011-08-17,0.002374735689391061,0.002374735689391061,0.0,0.002374446632604524
2011-08-18,-0.006468240638662137,-0.006468240638662137,0.0,-0.0064685299507643325
2011-08-19,-0.0004265304031186856,-0.0004265304031186856,0.0,-0.00042710762742447146
2011-08-22,0.0007959609821150959,0.0007959609821150959,0.0,0.000795672416138137
2011-08-23,0.0015496136477137767,0.0015496136477137767,0.0,0.0015493249956350773
2011-08-24,-0.004275620769696009,-0.004275620769696009,0.0,-0.0042761984085883985
2011-08-25,-0.0009399090355575179,-0.0009399090355575179,0.0,-0.0009401973912282989
2011-08-26,0.0051874648744256735,0.0051874648744256735,0.0,0.005187176620802483
2011-08-29,0.0026290169195077873,0.0026290169195077873,0.0,0.0026284392916500155
2011-08-30,0.002747525678066687,0.002747525678066687,0.0,0.002747236580918413
2011-08-31,0.0009897608590325735,0.0009897608590325735,0.0,0.0009891820743857694
2011-09-01,-0.00033149177154556675,-0.0002089635236575127,0.24505649577622743,-0.0003319234311656123
2011-09-02,0.00023715214700059661,0.00023715214700059661,0.0,0.00023672054716074228
2011-09-06,-0.0021470932379069607,-0.0021470932379069607,0.0,-0.0021475249235876188
2011-09-07,0.0010254041105126621,0.0010254041105126621,0.0,0.0010249732036771036
2011-09-08,-0.00034047303007356255,-0.00034047303007356255,0.0,-0.00034090430848724904
2011-09-09,-0.00245765431702083,-0.00245765431702083,0.0,-0.0024578698945176515
2011-09-12,-0.0011252084428525766,-0.0011252084428525766,0.0,-0.001125423573807268
2011-09-13,0.0007093009800769323,0.0007093009800769323,0.0,0.0007090860537966626
2011-09-14,0.0005372220518429227,0.0005372220518429227,0.0,0.0005370069966328813
2011-09-15,0.00017878846697994,0.00017878846697994,0.0,0.000178573314171378
2011-09-16,0.00014796107981185358,0.00014796107981185358,0.0,0.0001477458945281342
2011-09-19,-0.001126058566468191,-0.001126058566468191,0.0,-0.0011262737786236017
2011-09-20,0.00017134841780874766,0.00017134841780874766,0.0,0.00017113341039102988
2011-09-21,-0.002725593464072862,-0.002725593464072862,0.0,-0.0027258085026394653
2011-09-22,-0.0038674078666119938,-0.0038674078666119938,0.0,-0.0038674078666119938
2011-09-23,-0.0025089060671044106,-0.0025089060671044106,0.0,-0.0025091199011376187
2011-09-26,0.0002208302586768074,0.0002208302586768074,0.0,0.00022040351113618843
2011-09-27,0.0015834787957931251,0.0015834787957931251,0.0,0.0015832653815200898
2011-09-28,-0.0032141765663737942,-0.0032141765663737942,0.0,-0.003214603974856798
2011-09-29,0.0013282574303439265,0.0013282574303439265,0.0,0.0013278312028241997
2011-09-30,-0.0031795322633545453,-0.0031795322633545453,0.0,-0.0031799589782595928
2011-10-03,0.00045133999381774537,0.0005415562943094088,0.18043260098375402,0.00045095494993824785
2011-10-04,-0.0006440188612781839,-0.0006440188612781839,0.0,-0.0006442115013814134
2011-10-05,6.904902354309961e-05,6.904902354309961e-05,0.0,6.904902354309961e-05
2011-10-06,-0.0003041221747925871,-0.0003041221747925871,0.0,-0.0003043146974188006
2011-10-07,-0.0008155962649170068,-0.0008155962649170068,0.0,-0.0008157887253913156
2011-10-10,-0.00032577164480829257,-0.00032577164480829257,0.0,-0.00032596393846728
2011-10-11,0.00026054275765052815,0.00026054275765052815,0.0,0.0002601583036372615
2011-10-12,-0.0005783751035707274,-0.0005783751035707274,0.0,-0.0005787596641694815
2011-10-13,0.0005753228031963875,0.0005753228031963875,0.0,0.0005749384793421444
2011-10-14,4.706026333867186e-05,4.706026333867186e-05,0.0,4.6675704124714335e-05
2011-10-17,0.0005734442110925109,0.0005734442110925109,0.0,0.0005726750541624928
2011-10-18,0.00012992098527719875,0.00012992098527719875,0.0,0.0001291513594557462
2011-10-19,-0.00017533153216198194,-0.00017533153216198194,0.0,-0.0001759088311926521
2011-10-20,7.340905511243889e-05,7.340905511243889e-05,0.0,7.283186360991272e-05
2011-10-21,0.00016506424839901612,0.00016506424839901612,0.0,0.00016467942405243549
2011-10-24,0.0002877296898531334,0.0002877296898531334,0.0,0.00028734479803505967
2011-10-25,0.0012856198935569108,0.0012856198935569108,0.0,0.0012854273888587427
2011-10-26,-0.0008605948014528408,-0.0008605948014528408,0.0,-0.000860980335532144
2011-10-27,-0.0006263418922829445,-0.0006263418922829445,0.0,-0.0006267270748366036
2011-10-28,0.0006358104622192773,0.0006358104622192773,0.0,0.000635617998943005
2011-10-31,0.00037046951152652774,0.00037046951152652774,0.0,0.000370276918397243
2011-11-01,0.0009901218225216724,0.0010282352506465475,0.07622685624948579,0.0009899203769327006
2011-11-02,0.0006669684380660179,0.0006669684380660179,0.0,0.0006667669605588653
2011-11-03,0.0004557043344179945,0.0004557043344179945,0.0,0.0004555027267068069
2011-11-04,4.744973507597727e-05,4.744973507597727e-05,0.0,4.724803844376589e-05
2011-11-07,0.0005319046988736531,0.0005319046988736531,0.0,0.0005317029929830728
2011-11-08,-0.0004043297813156599,-0.0004043297813156599,0.0,-0.000404531590936048
2011-11-09,-0.0011809136548199817,-0.0011809136548199817,0.0,-0.001181115385557789
2011-11-10,-0.0002531123070514951,-0.0002531123070514951,0.0,-0.00025331380712696327
2011-11-11,0.0005278312004133312,0.0005278312004133312,0.0,0.0005276297497896226
2011-11-14,-2.415867943295069e-05,-2.415867943295069e-05,0.0,-2.436023312715649e-05
2011-11-15,-4.522505037007907e-05,-4.522505037007907e-05,0.0,-4.542659934666443e-05
2011-11-16,-0.0007193988390212791,-0.0007193988390212791,0.0,-0.0007196003791660791
2011-11-17,-0.0011795929216957823,-0.0011795929216957823,0.0,-0.0011799957208071359
2011-11-18,-7.30304066399734e-05,-7.30304066399734e-05,0.0,-7.323157540046686e-05
2011-11-21,-0.0009354156628880173,-0.0009354156628880173,0.0,-0.0009358179718291495
2011-11-22,0.0003990733351091347,0.0003990733351091347,0.0,0.0003986713925780465
2011-11-23,-0.0009008910114292057,-0.0009008910114292057,0.0,-0.0009012931102182583
2011-11-25,-0.0009379311952077973,-0.0009379311952077973,0.0,-0.0009383329409330965
2011-11-28,0.0014033762995244725,0.0014033762995244725,0.0,0.0014027742328241403
2011-11-29,3.138426044935194e-05,3.138426044935194e-05,0.0,3.0982332913993704e-05
2011-11-30,0.0012668472431383027,0.0012668472431383027,0.0,0.0012666462732238441
2011-12-01,-0.0001266704237422589,1.6514843392823053e-06,0.2566438161631346,-0.00012696257767663596
2011-12-02,0.0008000295838441751,0.0008000295838441751,0.0,0.0007994450278703775
2011-12-05,0.0004516146312874003,0.0004516146312874003,0.0,0.0004513222697263425
2011-12-06,-0.0004305030238135332,-0.0004305030238135332,0.0,-0.00043079543253069137
2011-12-07,0.0006746633970458049,0.0006746633970458049,0.0,0.0006740786695536016
2011-12-08,-0.00069848057508759,-0.00069848057508759,0.0,-0.000698773009262628
2011-12-09,-0.00028468025106509476,-0.00028468025106509476,0.0,-0.0002849726122739266
2011-12-12,-0.0005208106872295337,-0.0005208106872295337,0.0,-0.0005211030186910059
2011-12-13,-8.955253612186187e-05,-8.955253612186187e-05,0.0,-8.984481313341758e-05
2011-12-14,-0.0004990120861096958,-0.0004990120861096958,0.0,-0.00049930435375784
2011-12-15,-4.883427774837745e-05,-4.883427774837745e-05,0.0,-4.883427774837745e-05
2011-12-16,0.0014276055008710653,0.0014276055008710653,0.0,0.0014276055008710653
2011-12-19,0.0001651602406422814,0.0001651602406422814,0.0,0.00016486788116844135
2011-12-20,0.00043485937523723983,0.00043485937523723983,0.0,0.00043456699851263195
2011-12-21,-0.0009574070161819659,-0.0009574070161819659,0.0,-0.0009576994383073151
2011-12-22,0.00036171748267221915,0.00036171748267221915,0.0,0.00036142516059908515
2011-12-23,-0.00013399845066186522,-0.00013399845066186522,0.0,-0.00013429081052201018
2011-12-27,3.134252370795565e-05,3.134252370795565e-05,0.0,3.075783198785786e-05
2011-12-28,-8.794231370001793e-05,-8.794231370001793e-05,0.0,-8.823466283461655e-05
2011-12-29,0.00045613726324233994,0.00045613726324233994,0.0,0.0004555525833505273
2011-12-30,0.0008660888134157663,0.0008660888134157663,0.0,0.0008655040382479972
2012-01-03,-4.430248261999559e-05,7.119071053152126e-05,0.2309863863030589,-4.49979775142762e-05
2012-01-04,-0.00015245706899547073,-0.00015245706899547073,0.0,-0.00015315235277495558
2012-01-05,0.00020718116517493002,0.00020718116517493002,0.0,0.00020648589639447854
2012-01-06,0.0007365835996533399,0.0007365835996533399,0.0,0.0007358883104942103
2012-01-09,-0.0001267497710062404,-0.0001267497710062404,0.0,-0.0001270974517849249
2012-01-10,-3.714071893201609e-05,-3.714071893201609e-05,0.0,-3.7836068029667635e-05
2012-01-11,0.0009117604637642884,0.0009117604637642884,0.0,0.0009110651183177682
2012-01-12,-3.7823271306969275e-05,-3.7823271306969275e-05,0.0,-3.886642380067178e-05
2012-01-13,0.0008992500939739578,0.0008992500939739578,0.0,0.0008982069470527302
2012-01-17,0.0005263764262120052,0.0005263764262120052,0.0,0.0005253331469239493
2012-01-18,-0.0004442707015273051,-0.0004442707015273051,0.0,-0.00044531405825557776
2012-01-19,-0.0008493547080220543,-0.0008493547080220543,0.0,-0.0008510935269193128
2012-01-20,-0.0006696574203050032,-0.0006696574203050032,0.0,-0.0006713960306715667
2012-01-23,-0.0003414472688160197,-0.0003414472688160197,0.0,-0.00034283802549151194
2012-01-24,5.928933378829271e-05,5.928933378829271e-05,0.0,5.7898644245446074e-05
2012-01-25,0.001562695489567334,0.001562695489567334,0.0,0.0015613047883681812
2012-01-26,0.0014467023833142356,0.0014467023833142356,0.0,0.0014449636233813106
2012-01-27,0.0007545033484357422,0.0007545033484357422,0.0,0.0007524164111638731
2012-01-30,0.0003914132101634493,0.0003914132101634493,0.0,0.0003896739110467793
2012-01-31,0.0008637955064749736,0.0008637955064749736,0.0,0.0008617082325853286
2012-02-01,-0.0004925645528434108,-0.00031996623101226973,0.34519664366234837,-0.0004954315959507183
2012-02-02,0.0006562407127650438,0.0006562407127650438,0.0,0.0006524165469336127
2012-02-03,-0.0016936123618349619,-0.0016936123618349619,0.0,-0.001697436101676484
2012-02-06,0.0004884873424844116,0.0004884873424844116,0.0,0.00048466250139191357
2012-02-07,-0.0010250226119056238,-0.0010250226119056238,0.0,-0.0010288471355202134
2012-02-08,2.0218951617634318e-05,2.0218951617634318e-05,0.0,1.5915612326183233e-05
2012-02-09,-0.0014887092997688534,-0.0014887092997688534,0.0,-0.0014930126242621363
2012-02-10,0.0006753344974055331,0.0006753344974055331,0.0,0.0006710300817074983
2012-02-13,0.00024249076825388904,0.00024249076825388904,0.0,0.00023723042033980425
2012-02-14,-2.1836118762830203e-05,-2.1836118762830203e-05,0.0,-2.7574443350856187e-05
2012-02-15,5.153208050390212e-05,5.153208050390212e-05,0.0,4.627193008666717e-05
2012-02-16,-0.0009014257246426904,-0.0009014257246426904,0.0,-0.000906207637637907
2012-02-17,-0.0009490830751751611,-0.0009490830751751611,0.0,-0.0009533874575742913
2012-02-21,-0.000699778552739061,-0.000699778552739061,0.0,-0.0007036052893559895
2012-02-22,0.0015296776861468686,0.0015296776861468686,0.0,0.0015253720937006903
2012-02-23,0.0007857263488533217,0.0007857263488533217,0.0,0.000781421877725984
2012-02-24,-0.0004224240714549854,-0.0004224240714549854,0.0,-0.0004272061776868596
2012-02-27,0.0010207894685136942,0.0010207894685136942,0.0,0.0010150505283121568
2012-02-28,0.0007539743099782559,0.0007539743099782559,0.0,0.0007491926900856776
2012-02-29,-0.00206714958439147,-0.00206714958439147,0.0,-0.002070974390069549
2012-03-01,-0.0004322880278805341,-0.00033748377049169775,0.1896085147776167,-0.00043588509476848663
2012-03-02,0.00033772048185287673,0.00033772048185287673,0.0,0.00033457020147399137
2012-03-05,-0.0012668304267744457,-0.0012668304267744457,0.0,-0.0012704306034825588
2012-03-06,-0.0008034032359381937,-0.0008034032359381937,0.0,-0.0008070039524596598
2012-03-07,0.00046224217781998256,0.00046224217781998256,0.0,0.0004586411186824158
2012-03-08,0.00015071189834547916,0.00015071189834547916,0.0,0.00014711103624276767
2012-03-09,0.0005116525159833962,0.0005116525159833962,0.0,0.0005076016183795339
2012-03-12,-0.00019472126957675862,-0.00019472126957675862,0.0,-0.00019877192198453937
2012-03-13,-0.0004034999179183263,-0.0004034999179183263,0.0,-0.00040710058079924054
2012-03-14,-0.0044665934252594575,-0.0044665934252594575,0.0,-0.004470644364482995
2012-03-15,0.00048427920687288406,0.00048427920687288406,0.0,0.00048067645966218085
2012-03-16,0.0006457963787278587,0.0006457963787278587,0.0,0.0006417435212618208
2012-03-19,-0.0011024126357195296,-0.0011024126357195296,0.0,-0.0011069154654546995
2012-03-20,-0.0006034559915324422,-0.0006034559915324422,0.0,-0.0006079594112410865
2012-03-21,0.0014288523834586897,0.0014288523834586897,0.0,0.0014247990148913317
2012-03-22,-0.00026310670127382974,-0.00026310670127382974,0.0,-0.00026670908432163427
2012-03-23,0.0011086159169593213,0.0011086159169593213,0.0,0.0011050134213301446
2012-03-26,0.001207119022185621,0.001207119022185621,0.0,0.0012030667476762575
2012-03-27,0.0014656386945364197,0.0014656386945364197,0.0,0.0014615869997655214
2012-03-28,-0.0009748214620682871,-0.0009748214620682871,0.0,-0.0009788724539726084
2012-03-29,0.001070430078440765,0.001070430078440765,0.0,0.0010672789430025659
2012-03-30,-0.0013805255258085847,-0.0013805255258085847,0.0,-0.0013836762620208574
2012-04-02,0.0015127991232490867,0.0016205066717813743,0.21541509706477563,0.0015096365191284208
2012-04-03,-0.0028492649673104165,-0.0028492649673104165,0.0,-0.002852423805401954
2012-04-04,-0.0001009178674610256,-0.0001009178674610256,0.0,-0.00010407666050531277
2012-04-05,0.0009579342580747774,0.0009579342580747774,0.0,0.0009547754666261759
2012-04-09,0.0015740523992846533,0.0015740523992846533,0.0,0.0015704987418813658
2012-04-10,0.00012648760932854053,0.00012648760932854053,0.0,0.0001229339239964646
2012-04-11,0.00019226859600696145,0.00019226859600696145,0.0,0.00018871490843086944
2012-04-12,0.0007240189245454332,0.0007240189245454332,0.0,0.0007204652335589606
2012-04-13,0.0008255234123428767,0.0008255234123428767,0.0,0.0008219697085233484
2012-04-16,8.422856997358785e-05,8.422856997358785e-05,0.0,8.106970913833737e-05
2012-04-17,0.0012865423527770314,0.0012865423527770314,0.0,0.001283383490615938
2012-04-18,0.0001304751943638216,0.0001304751943638216,0.0,0.00012771117227558756
2012-04-19,-0.0006689443502537751,-0.0006689443502537751,0.0,-0.0006717083741365512
2012-04-20,0.0003691603673894317,0.0003691603673894317,0.0,0.00036600149347397226
2012-04-23,-0.00023405446503932392,-0.00023405446503932392,0.0,-0.00023721334475925964
2012-04-24,-0.00036424439344295845,-0.00036424439344295845,0.0,-0.000367798128986754
2012-04-25,0.001632672673561375,0.001632672673561375,0.0,0.001629118944464514
2012-04-26,0.0014201112849896447,0.0014201112849896447,0.0,0.0014165575270424383
2012-04-27,0.0001966430138291564,0.0001966430138291564,0.0,0.00019308923082328312
2012-04-30,-0.0002914236827228356,-0.0002914236827228356,0.0,-0.0002953723343618003
2012-05-01,-0.00036132442643699303,-0.0002658725366447845,0.1909037795842305,-0.00036432875360653994
2012-05-02,0.0015895855211667254,0.0015895855211667254,0.0,0.0015869162849948863
2012-05-03,-0.00037602378740830833,-0.00037602378740830833,0.0,-0.0003790275804069151
2012-05-04,0.0006755865029988151,0.0006755865029988151,0.0,0.000673250385630274
2012-05-07,0.000353091355179469,0.000353091355179469,0.0,0.00034975361868388744
2012-05-08,0.0008458249313629818,0.0008458249313629818,0.0,0.0008428207682204393
2012-05-09,-3.307008060782213e-05,-3.307008060782213e-05,0.0,-3.6074723152117066e-05
2012-05-10,-0.0003662443718979169,-0.0003662443718979169,0.0,-0.000369582842786823
2012-05-11,0.0011859821993207564,0.0011859821993207564,0.0,0.0011826439591708655
2012-05-14,0.0007741228387363464,0.0007741228387363464,0.0,0.0007707838522863802
2012-05-15,-0.00016742616489728857,-0.00016742616489728857,0.0,-0.0001704316907804536
2012-05-16,-0.0007638690578255503,-0.0007638690578255503,0.0,-0.0007672084257370863
2012-05-17,-0.0012956635406482508,-0.0012956635406482508,0.0,-0.0012990024278059543
2012-05-18,-0.0009233607358681839,-0.0009233607358681839,0.0,-0.0009260311923899095
2012-05-21,0.0010001637324241752,0.0010001637324241752,0.0,0.0009971599930191203
2012-05-22,0.00016351745678711005,0.00016351745678711005,0.0,0.00016051315016724744
2012-05-23,0.0015750728407573078,0.0015750728407573078,0.0,0.0015720684414182672
2012-05-24,-0.0004264001513593074,-0.0004264001513593074,0.0,-0.00042973936363361817
2012-05-25,0.0004533683128777888,0.0004533683128777888,0.0,0.00045036326333501266
2012-05-29,0.0006982428037363153,0.0006982428037363153,0.0,0.0006952374975315969
2012-05-30,0.0019513679291727204,0.0019513679291727204,0.0,0.0019490301615573433
2012-05-31,0.0014372954758949952,0.0014372954758949952,0.0,0.0014349568513301223
2012-06-01,0.001082609832963266,0.0011881623175866718,0.2111049692467771,0.0010806872619698637
2012-06-04,-0.0018695323477002646,-0.0018695323477002646,0.0,-0.0018717295903640028
2012-06-05,6.206129857977416e-05,6.206129857977416e-05,0.0,5.986588654554736e-05
2012-06-06,-0.0025711423340738504,-0.0025711423340738504,0.0,-0.002573612240974221
2012-06-07,3.764552311480429e-05,3.764552311480429e-05,0.0,3.517845568411488e-05
2012-06-08,0.0012874627465200295,0.0012874627465200295,0.0,0.0012849956375166522
2012-06-11,0.0005032876776505102,0.0005032876776505102,0.0,0.0005008191487049515
2012-06-12,-0.001303249133633111,-0.001303249133633111,0.0,-0.001305992560013253
2012-06-13,0.0007395689500517832,0.0007395689500517832,0.0,0.0007368271220101676
2012-06-14,-0.0004148620344099907,-0.0004148620344099907,0.0,-0.00041787904224761205
2012-06-15,0.001464356239545106,0.001464356239545106,0.0,0.001461888236356351
2012-06-18,0.0002225404860543012,0.0002225404860543012,0.0,0.00021979646757214538
2012-06-19,-0.001856989082422933,-0.001856989082422933,0.0,-0.001859458944200083
2012-06-20,0.00042432320849838945,0.00042432320849838945,0.0,0.00042185539612446933
2012-06-21,0.0012223260211059461,0.0012223260211059461,0.0,0.0012198577406406822
2012-06-22,-0.0009492252359492026,-0.0009492252359492026,0.0,-0.0009516948631749215
2012-06-25,0.000786455882626047,0.000786455882626047,0.0,0.0007837130155434039
2012-06-26,-0.0007131649696821007,-0.0007131649696821007,0.0,-0.0007159087997201467
2012-06-27,0.0002798962033419006,0.0002798962033419006,0.0,0.00027742754276316136
2012-06-28,0.0008388117632673886,0.0008388117632673886,0.0,0.0008363427941144438
2012-06-29,-0.0030592239712406988,-0.0030592239712406988,0.0,-0.0030616938643745263
2012-07-02,0.0015052961826929057,0.0016800220904582552,0.3494518155306214,0.0015012962485963666
2012-07-03,-0.0006947140810691366,-0.0006947140810691366,0.0,-0.000698311689728817
2012-07-05,0.001623020415269405,0.001623020415269405,0.0,0.0016198225247271824
2012-07-06,0.0017624962107498643,0.0017624962107498643,0.0,0.0017592983579422707
2012-07-09,1.7118026088169813e-05,1.7118026088169813e-05,0.0,1.3520487698083472e-05
2012-07-10,0.00043215725379175396,0.00043215725379175396,0.0,0.00042855971584860854
2012-07-11,5.8632841759553855e-05,5.8632841759553855e-05,0.0,5.463558990992593e-05
2012-07-12,0.0011388659302691284,0.0011388659302691284,0.0,0.001134868680119629
2012-07-13,0.00019739304223453935,0.00019739304223453935,0.0,0.00019339582507023714
2012-07-16,0.0003253409486720926,0.0003253409486720926,0.0,0.0003213437372237955
2012-07-17,-0.00037582519723222685,-0.00037582519723222685,0.0,-0.000379822399262534
2012-07-18,0.0007628858119776982,0.0007628858119776982,0.0,0.0007592883203552705
2012-07-19,-1.4322833659541345e-05,-1.4322833659541345e-05,0.0,-1.792030541399424e-05
2012-07-20,0.0010701319602919313,0.0010701319602919313,0.0,0.0010665344881644607
2012-07-23,0.00027978626781877125,0.00027978626781877125,0.0,0.0002757891074996363
2012-07-24,0.0004864267347750584,0.0004864267347750584,0.0,0.00048242958254126125
2012-07-25,-0.00035081695526828494,-0.00035081695526828494,0.0,-0.00035481409345202743
2012-07-26,-0.00046265629273367637,-0.00046265629273367637,0.0,-0.0004670531558860846
2012-07-27,-0.0019117379942777957,-0.0019117379942777957,0.0,-0.0019161348721419796
2012-07-30,0.0011466408442242226,0.0011466408442242226,0.0,0.0011422439054532018
2012-07-31,0.0010126020101148825,0.0010126020101148825,0.0,0.0010082051078333177
2012-08-01,-0.0003165965257351244,-0.0002897353539286218,0.053722343612969396,-0.00032057602957769716
2012-08-02,0.0005823687834698443,0.0005823687834698443,0.0,0.0005787867543288433
2012-08-03,-0.0018333374780205025,-0.0018333374780205025,0.0,-0.001836919500991656
2012-08-06,0.00019026918654851954,0.00019026918654851954,0.0,0.00018628913940414406
2012-08-07,-0.0016817221343942146,-0.0016817221343942146,0.0,-0.0016861001837852314
2012-08-08,-0.0009538707923533174,-0.0009538707923533174,0.0,-0.0009582488635930573
2012-08-09,-9.875370808709594e-05,-9.875370808709594e-05,0.0,-0.00010313179173123785
2012-08-10,0.0007667275020539766,0.0007667275020539766,0.0,0.0007627474248462588
2012-08-13,-0.00014310321442234653,-0.00014310321442234653,0.0,-0.00014748128938675263
2012-08-14,-0.0014691463769588298,-0.0014691463769588298,0.0,-0.001473524453783214
2012-08-15,-0.0018016821314325027,-0.0018016821314325027,0.0,-0.0018052642099351248
2012-08-16,-0.0008406348838321254,-0.0008406348838321254,0.0,-0.0008442169815571711
2012-08-17,0.0006799249420876841,0.0006799249420876841,0.0,0.0006763428353862297
2012-08-20,-6.87928498117607e-05,-6.87928498117607e-05,0.0,-7.317097135694573e-05
2012-08-21,-0.0002989628973230074,-0.0002989628973230074,0.0,-0.0003033410197654629
2012-08-22,0.001987083398626188,0.001987083398626188,0.0,0.0019827052722831704
2012-08-23,0.0003234808082410723,0.0003234808082410723,0.0,0.0003191027077720739
2012-08-24,0.0005440117645783005,0.0005440117645783005,0.0,0.0005400316770707703
2012-08-27,0.0007751552331474176,0.0007751552331474176,0.0,0.0007707771439666272
2012-08-28,0.00017900302708029336,0.00017900302708029336,0.0,0.00017502295516758898
2012-08-29,-0.00036056345095814013,-0.00036056345095814013,0.0,-0.0003653395347153023
2012-08-30,0.0002454893566978811,0.0002454893566978811,0.0,0.000241509282638353
2012-08-31,0.0016176564317162967,0.0016176564317162967,0.0,0.0016140743676736164
2012-09-04,-0.0004612660666670765,-0.00023136881231433648,0.4597945087053655,-0.00046420580654878596
2012-09-05,-0.0001042095390988429,-0.0001042095390988429,0.0,-0.00010744440013442163
2012-09-06,-0.00020966232938424145,-0.00020966232938424145,0.0,-0.00021289707262801396
2012-09-07,-5.4302652622517655e-05,-5.4302652622517655e-05,0.0,-5.7537158827687915e-05
2012-09-10,-0.0003269070086178161,-0.0003269070086178161,0.0,-0.0003298474129893749
2012-09-11,-4.363039811516867e-05,-4.363039811516867e-05,0.0,-4.6570466365610175e-05
2012-09-12,-0.0008131082668227929,-0.0008131082668227929,0.0,-0.0008160482902111249
2012-09-13,0.002111029794532149,0.002111029794532149,0.0,0.0021080906078869643
2012-09-14,-0.0013183124940263635,-0.0013183124940263635,0.0,-0.0013215479839330687
2012-09-17,0.000845664762105125,0.000845664762105125,0.0,0.000842430763316075
2012-09-18,0.0003611416102466958,0.0003611416102466958,0.0,0.00035820074252321515
2012-09-19,0.00011949396812549473,0.00011949396812549473,0.0,0.00011625860564189235
2012-09-20,-0.0006580724383988823,-0.0006580724383988823,0.0,-0.0006613079358607086
2012-09-21,0.00026293839706004185,0.00026293839706004185,0.0,0.0002597036434344311
2012-09-24,0.00041727015949666324,0.00041727015949666324,0.0,0.00041403510874314073
2012-09-25,-0.0008018636942737078,-0.0008018636942737078,0.0,-0.0008050992163577772
2012-09-26,0.0005688071919480731,0.0005688071919480731,0.0,0.0005655725763418497
2012-09-27,0.0007630527928244035,0.0007630527928244035,0.0,0.0007604057633417345
2012-09-28,-0.00026253392496955463,-0.00026253392496955463,0.0,-0.0002654758519808378
2012-10-01,-0.0002689704910058266,-9.194332540174432e-05,0.3540543312081404,-0.00027261208985512414
2012-10-02,0.0006051016795443065,0.0006051016795443065,0.0,0.0006014618741862893
2012-10-03,0.0002423994315361444,0.0002423994315361444,0.0,0.00023875966752801473
2012-10-04,0.0010614897843783666,0.0010614897843783666,0.0,0.0010574456205476189
2012-10-05,-0.0012966688956668193,-0.0012966688956668193,0.0,-0.0013011173873393295
2012-10-08,-0.0001621057337954923,-0.0001621057337954923,0.0,-0.00016655433376657448
2012-10-09,-0.0016274239653154554,-0.0016274239653154554,0.0,-0.0016314681594176794
2012-10-10,-0.0002924788710692017,-0.0002924788710692017,0.0,-0.00029652318895967563
2012-10-11,0.0011744684253309767,0.0011744684253309767,0.0,0.001170424085186904
2012-10-12,-0.00029469269302795364,-0.00029469269302795364,0.0,-0.0002991413690048526
2012-10-15,0.001265433904204638,0.001265433904204638,0.0,0.0012609852035851664
2012-10-16,0.000796467060015349,0.000796467060015349,0.0,0.000792827300522228
2012-10-17,-0.0005543115939120602,-0.0005543115939120602,0.0,-0.0005587601223836324
2012-10-18,-0.0005440930143641998,-0.0005440930143641998,0.0,-0.0005481371732315037
2012-10-19,-0.002108395158851084,-0.002108395158851084,0.0,-0.0021124393590401963
2012-10-22,-0.0004430471869482089,-0.0004430471869482089,0.0,-0.0004470915476002847
2012-10-23,-0.0014268277677897956,-0.0014268277677897956,0.0,-0.0014312766016142567
2012-10-24,-0.0009821599024877337,-0.0009821599024877337,0.0,-0.0009866088559861372
2012-10-25,-0.00018652438850941255,-0.00018652438850941255,0.0,-0.00019097342446661433
2012-10-26,0.0007264321512585603,0.0007264321512585603,0.0,0.0007215786404002963
2012-10-31,0.0017119489030641422,0.0017119489030641422,0.0,0.0017074999123999324
2012-11-01,0.0005118521874303283,0.0006211732430563277,0.21864211125240451,0.0005087580504177468
2012-11-02,-0.0002770079406624326,-0.0002770079406624326,0.0,-0.00028010466004153807
2012-11-05,0.0005096527903643011,0.0005096527903643011,0.0,0.0005058680718877468
2012-11-06,-0.0008554887533356315,-0.0008554887533356315,0.0,-0.0008589296752523869
2012-11-07,-0.00010464967043966045,-0.00010464967043966045,0.0,-0.00010809014084351235
2012-11-08,-0.0008307251171530972,-0.0008307251171530972,0.0,-0.0008341655323187923
2012-11-09,-0.00037350181030482155,-0.00037350181030482155,0.0,-0.0003765977889857812
2012-11-12,0.00037513508159947584,0.00037513508159947584,0.0,0.0003720392805662627
2012-11-13,-0.00040102816699427724,-0.00040102816699427724,0.0,-0.0004048121418053531
2012-11-14,-0.0013961825098360858,-0.0013961825098360858,0.0,-0.0013996222749981667
2012-11-15,-0.00031997219432655655,-0.00031997219432655655,0.0,-0.0003227234153374493
2012-11-16,0.0008810126052003486,0.0008810126052003486,0.0,0.0008789492910775895
2012-11-19,0.0019877856311754094,0.0019877856311754094,0.0,0.0019846902405957993
2012-11-20,-0.0007284073676673275,-0.0007284073676673275,0.0,-0.0007311596654129778
2012-11-21,0.0001571343443247386,0.0001571343443247386,0.0,0.00015369435693594433
2012-11-23,0.0007576313183577099,0.0007576313183577099,0.0,0.0007541912479731345
2012-11-26,0.0005527269258458478,0.0005527269258458478,0.0,0.0005492864555957982
2012-11-27,5.8777571465107314e-05,5.8777571465107314e-05,0.0,5.53368096559382e-05
2012-11-28,0.0007134340265049222,0.0007134340265049222,0.0,0.0007099932336928673
2012-11-29,0.000979001996397999,0.000979001996397999,0.0,0.0009759049444307388
2012-11-30,0.00035043402131229584,0.00035043402131229584,0.0,0.00034768067382013267
2012-12-03,-0.00014061501382067743,-6.0699929442797895e-06,0.26909004175264933,-0.0001439918989927713
2012-12-04,0.00024750044483545786,0.00024750044483545786,0.0,0.0002441238906345748
2012-12-05,0.0010101086295655204,0.0010101086295655204,0.0,0.0010067319289549183
2012-12-06,0.00120631587652964,0.00120631587652964,0.0,0.0012029385789888508
2012-12-07,-0.00046298756010276776,-0.00046298756010276776,0.0,-0.0004660277687085566
2012-12-10,0.000681897530101061,0.000681897530101061,0.0,0.0006788575675574317
2012-12-11,0.00014277654762118175,0.00014277654762118175,0.0,0.00014007403677491855
2012-12-12,-0.0006883709731639875,-0.0006883709731639875,0.0,-0.000690735729124297
2012-12-13,-0.0016868726330798722,-0.0016868726330798722,0.0,-0.001688899322896071
2012-12-14,0.0004279646205893606,0.0004279646205893606,0.0,0.0004266138931156259
2012-12-17,0.00035161632387348263,0.00035161632387348263,0.0,0.00034992778802876446
2012-12-18,0.000685372539713125,0.000685372539713125,0.0,0.0006833461720216981
2012-12-19,0.0005369011214062525,0.0005369011214062525,0.0,0.0005352122792832615
2012-12-20,0.0013538672951693975,0.0013538672951693975,0.0,0.0013518404944773694
2012-12-21,-0.000546060404530313,-0.000546060404530313,0.0,-0.0005480876840484632
2012-12-24,-0.0006079531683179651,-0.0006079531683179651,0.0,-0.0006099802546038522
2012-12-26,0.000248001072456816,0.000248001072456816,0.0,0.00024496076592531223
2012-12-27,0.0012741812357845994,0.0012741812357845994,0.0,0.0012714786240355497
2012-12-28,-0.0008096802656069046,-0.0008096802656069046,0.0,-0.000810018167155198
2012-12-31,0.0013965652747216506,0.0013965652747216506,0.0,0.001394876005720874
2013-01-02,0.0040211081502170565,0.004127831448802466,0.21344659717096517,0.004018089803847261
2013-01-03,-0.003146999099364889,-0.003146999099364889,0.0,-0.0031500089425772156
2013-01-04,0.0009245321254860439,0.0009245321254860439,0.0,0.0009218989677945392
2013-01-07,-0.00032871164221748295,-0.00032871164221748295,0.0,-0.0003313449334914022
2013-01-08,-0.0009535116018672962,-0.0009535116018672962,0.0,-0.0009561448456312025
2013-01-09,0.0016921236276894458,0.0016921236276894458,0.0,0.0016898666798458627
2013-01-10,0.0019535261906709067,0.0019535261906709067,0.0,0.0019512690333507762
2013-01-11,0.0007060193514736302,0.0007060193514736302,0.0,0.0007033857196738679
2013-01-14,0.0003305515860028141,0.0003305515860028141,0.0,0.00032754160486245823
2013-01-15,-0.0001330608887252227,-0.0001330608887252227,0.0,-0.00013644717870597782
2013-01-16,-0.0007616138909382064,-0.0007616138909382064,0.0,-0.0007646239045762254
2013-01-17,0.0015012800788043457,0.0015012800788043457,0.0,0.0014986464266391476
2013-01-18,0.0009707022028604406,0.0009707022028604406,0.0,0.000967692067759001
2013-01-22,1.7801171398934557e-05,1.7801171398934557e-05,0.0,1.4790876802795896e-05
2013-01-23,-0.00017569721769084,-0.00017569721769084,0.0,-0.00017870751521181178
2013-01-24,0.00047226153056723064,0.00047226153056723064,0.0,0.000469251261919378
2013-01-25,-0.000516196333554042,-0.000516196333554042,0.0,-0.0005192066797741354
2013-01-28,-0.0012854219952178614,-0.0012854219952178614,0.0,-0.0012880559739318937
2013-01-29,0.0007472301442892348,0.0007472301442892348,0.0,0.0007445963506555885
2013-01-30,-0.0008237938633327557,-0.0008237938633327557,0.0,-0.000826427764475361
2013-01-31,0.0001120478560656668,0.0001120478560656668,0.0,0.00010941407354547108
2013-02-01,0.0017820135962169914,0.0019023789987011597,0.24073080496882282,0.0017802369738906686
2013-02-04,-0.0014099567535439395,-0.0014099567535439395,0.0,-0.001412023874055429
2013-02-05,0.0008873835090985605,0.0008873835090985605,0.0,0.0008853173919978487
2013-02-06,0.0007031228429634773,0.0007031228429634773,0.0,0.0007010560949067166
2013-02-07,-0.001000112403181208,-0.001000112403181208,0.0,-0.0010021796508279345
2013-02-08,0.0010186020152467279,0.0010186020152467279,0.0,0.0010165354789213998
2013-02-11,0.00043815182469919556,0.00043815182469919556,0.0,0.00043549391890762904
2013-02-12,0.000334158718649169,0.000334158718649169,0.0,0.0003315004127712282
2013-02-13,-0.000283917494856345,-0.000283917494856345,0.0,-0.0002868715069718149
2013-02-14,-4.160035085110092e-05,-4.160035085110092e-05,0.0,-4.484944733105281e-05
2013-02-15,5.390505953384306e-05,5.390505953384306e-05,0.0,5.095137766771493e-05
2013-02-19,0.0009431375430355438,0.0009431375430355438,0.0,0.000939593059171044
2013-02-20,-0.0014583491622506273,-0.0014583491622506273,0.0,-0.0014618947932285953
2013-02-21,-0.001382586939680519,-0.001382586939680519,0.0,-0.001386426115535738
2013-02-22,0.0021063251872033284,0.0021063251872033284,0.0,0.0021024878382725374
2013-02-25,-0.0027212666897982185,-0.0027212666897982185,0.0,-0.0027248114218036594
2013-02-26,0.0012705175935170399,0.0012705175935170399,0.0,0.0012663859476821173
2013-02-27,0.0017604597549270018,0.0017604597549270018,0.0,0.0017572120421370991
2013-02-28,0.000264743799194056,0.000264743799194056,0.0,0.00026149412278214375
2013-03-01,0.0009230912331288366,0.001222353645446539,0.5985248246353726,0.0009184194824009986
2013-03-04,0.0001633821198629981,0.0001633821198629981,0.0,0.00015870737887592966
2013-03-05,0.0006942317521907437,0.0006942317521907437,0.0,0.0006908319773528085
2013-03-06,-0.0003095109731692247,-0.0003095109731692247,0.0,-0.00031376049645055564
2013-03-07,-0.001404301229304239,-0.001404301229304239,0.0,-0.0014085508396684619
2013-03-08,0.00025824137507513,0.00025824137507513,0.0,0.0002539913690461419
2013-03-11,-3.7740117390661077e-05,-3.7740117390661077e-05,0.0,-4.1990050678394386e-05
2013-03-12,-0.00037895989565739363,-0.00037895989565739363,0.0,-0.0003832098395761387
2013-03-13,0.0003246883573158055,0.0003246883573158055,0.0,0.00032086331167823797
2013-03-14,0.001048751747887211,0.001048751747887211,0.0,0.0010445017886452253
2013-03-15,0.0004341601020678709,0.0004341601020678709,0.0,0.0004303354043665264
2013-03-18,0.0002669240027672881,0.0002669240027672881,0.0,0.0002639493233752895
2013-03-19,0.00012268008271587583,0.00012268008271587583,0.0,0.00011970545586761908
2013-03-20,0.000261768017330688,0.000261768017330688,0.0,0.0002587934146289292
2013-03-21,-0.0007817250669840403,-0.0007817250669840403,0.0,-0.0007846996181768124
2013-03-22,0.00043357545963385036,0.00043357545963385036,0.0,0.0004306007544980261
2013-03-25,-0.00046298569489944263,-0.00046298569489944263,0.0,-0.0004663852603736807
2013-03-26,0.0011160844189546104,0.0011160844189546104,0.0,0.0011131097079874026
2013-03-27,0.0006914756767448793,0.0006914756767448793,0.0,0.0006876513306357922
2013-03-28,0.0007049298608663435,0.0007049298608663435,0.0,0.0007019555053768709
2013-04-01,-0.0008076571555871714,-0.0006192471869281846,0.37681993731791485,-0.0008121945860131621
2013-04-02,0.0008887616357298178,0.0008887616357298178,0.0,0.0008847865682200008
2013-04-03,0.00014579130042724486,0.00014579130042724486,0.0,0.00014238501098478854
2013-04-04,0.004436732367056662,0.004436732367056662,0.0,0.004432758537081135
2013-04-05,0.001242296121555686,0.001242296121555686,0.0,0.0012383275747038516
2013-04-08,0.0005604565485761714,0.0005604565485761714,0.0,0.000556489479176706
2013-04-09,-0.00038487398743958234,-0.00038487398743958234,0.0,-0.00038827376163376714
2013-04-10,0.0012932706581711972,0.0012932706581711972,0.0,0.0012893037972974957
2013-04-11,0.0011633104025192686,0.0011633104025192686,0.0,0.0011593450774656142
2013-04-12,0.002245979282721189,0.002245979282721189,0.0,0.0022425816154302307
2013-04-15,-0.0007002803518474376,-0.0007002803518474376,0.0,-0.0007036757407350184
2013-04-16,0.0011247899450468335,0.0011247899450468335,0.0,0.0011213938452714783
2013-04-17,-0.0007229602411065184,-0.0007229602411065184,0.0,-0.0007263552003371649
2013-04-18,-0.0016211170785237483,-0.0016211170785237483,0.0,-0.0016239468225634642
2013-04-19,0.0023489311049558204,0.0023489311049558204,0.0,0.0023460999878459465
2013-04-22,0.0007306614324911198,0.0007306614324911198,0.0,0.0007278323002404003
2013-04-23,0.002149579082452391,0.002149579082452391,0.0,0.0021467505671636396
2013-04-24,0.00047662194869713126,0.00047662194869713126,0.0,0.00047322990377400884
2013-04-25,-0.000575381479115955,-0.000575381479115955,0.0,-0.0005782077818191247
2013-04-26,0.0008693458375701457,0.0008693458375701457,0.0,0.0008665190500156908
2013-04-29,0.00026537598238030036,0.00026537598238030036,0.0,0.00026254992675300685
2013-04-30,0.0005890939591528532,0.0005890939591528532,0.0,0.0005862681268939239
2013-05-01,1.464977374432408e-05,0.00012407253533108786,0.2188455231734841,1.1419283968274863e-05
2013-05-02,0.0014487389809065832,0.0014487389809065832,0.0,0.0014460488191823566
2013-05-03,-0.0011718778151761367,-0.0011718778151761367,0.0,-0.0011745669555200268
2013-05-06,0.0003092368575046134,0.0003092368575046134,0.0,0.00030708488350242546
2013-05-07,0.0004164632066621099,0.0004164632066621099,0.0,0.0004143114072234636
2013-05-08,0.001060221387171545,0.001060221387171545,0.0,0.0010580698227276172
2013-05-09,-0.0009365883149359266,-0.0009365883149359266,0.0,-0.0009387392817699046
2013-05-10,-0.0011802673275629338,-0.0011802673275629338,0.0,-0.0011824188228141046
2013-05-13,-0.0009501054646390283,-0.0009501054646390283,0.0,-0.0009527956670607616
2013-05-14,0.0003762536703963981,0.0003762536703963981,0.0,0.0003735627964905523
2013-05-15,0.0020648694422629177,0.0020648694422629177,0.0,0.002062716955791128
2013-05-16,0.0007588631269470625,0.0007588631269470625,0.0,0.0007572496355643645
2013-05-17,0.0002340990245499608,0.0002340990245499608,0.0,0.0002319481303959809
2013-05-20,-0.0003727423865759194,-0.0003727423865759194,0.0,-0.00037543083938640533
2013-05-21,0.0018465709183070889,0.0018465709183070889,0.0,0.001844419945954714
2013-05-22,-0.004818469556921667,-0.004818469556921667,0.0,-0.004820619490334475
2013-05-23,-0.0023711349894511846,-0.0023711349894511846,0.0,-0.0023738258114053942
2013-05-24,-0.0012145503920096834,-0.0012145503920096834,0.0,-0.0012167043932945325
2013-05-28,-0.0033463827792515888,-0.0033463827792515888,0.0,-0.003349076142260542
2013-05-29,-0.002204280213999543,-0.002204280213999543,0.0,-0.0022069759583526055
2013-05-30,-6.8974373725883e-06,-6.8974373725883e-06,0.0,-9.055290510532218e-06
2013-05-31,-0.004112130094260924,-0.004112130094260924,0.0,-0.004114287951334238
2013-06-03,-0.0006713284044536083,-0.0003567167616033151,0.6292232857007013,-0.0006730561345892191
2013-06-04,-0.0006204951499415579,-0.0006204951499415579,0.0,-0.0006218794653643474
2013-06-05,-0.0037677433152726314,-0.0037677433152726314,0.0,-0.003769473552013454
2013-06-06,0.0016052086008186972,0.0016052086008186972,0.0,0.0016034793242889708
2013-06-07,0.001722818139224147,0.001722818139224147,0.0,0.0017214343912543483
2013-06-10,-0.0004119926230526927,-0.0004119926230526927,0.0,-0.0004137227456183606
2013-06-11,-0.003613111880117481,-0.003613111880117481,0.0,-0.0036148418979920706
2013-06-12,-0.0016188309050270133,-0.0016188309050270133,0.0,-0.001620560001447644
2013-06-13,0.004796564377860468,0.004796564377860468,0.0,0.004794835694960616
2013-06-14,-0.0016711667111726225,-0.0016711667111726225,0.0,-0.0016728966134775154
2013-06-17,0.0017643692480551199,0.0017643692480551199,0.0,0.0017626397713132347
2013-06-18,0.0018269873535503578,0.0018269873535503578,0.0,0.001825257428302746
2013-06-19,-0.005899164265782408,-0.005899164265782408,0.0,-0.00590089465460643
2013-06-20,-0.006560203132475739,-0.006560203132475739,0.0,-0.006561932015574151
2013-06-21,-0.0004955913556516922,-0.0004955913556516922,0.0,-0.0004973185532410838
2013-06-24,-0.0039943653020980685,-0.0039943653020980685,0.0,-0.0039964377863311905
2013-06-25,0.0033015793992026143,0.0033015793992026143,0.0,0.0032995081520452913
2013-06-26,0.0031796170420390624,0.0031796170420390624,0.0,0.003177544775730163
2013-06-27,0.0037705692468443797,0.0037705692468443797,0.0,0.003768496002142899
2013-06-28,-0.0009071505582891604,-0.0009071505582891604,0.0,-0.0009085334920066859
2013-07-01,0.0011286148028628595,0.001399265027310248,0.5413004488951737,0.0011280351996135684
2013-07-02,0.0002657269145491803,0.0002657269145491803,0.0,0.0002652925210772484
2013-07-03,-0.00010424757682003793,-0.00010424757682003793,0.0,-0.00010497190070351535
2013-07-05,0.001690467448274946,0.001690467448274946,0.0,0.0016898880942442544
2013-07-08,0.0006283643439282116,0.0006283643439282116,0.0,0.0006276380251060931
2013-07-09,0.0006392041973781737,0.0006392041973781737,0.0,0.0006386225104280971
2013-07-10,0.0005007348505665643,0.0005007348505665643,0.0,0.0005001525212340042
2013-07-11,0.002593102798365887,0.002593102798365887,0.0,0.002592519966060551
2013-07-12,-6.0119456103513436e-05,-6.0119456103513436e-05,0.0,-6.070488636418999e-05
2013-07-15,0.0009524716241793296,0.0009524716241793296,0.0,0.0009518862541542337
2013-07-16,-0.0007992314278021384,-0.0007992314278021384,0.0,-0.0007996711703734299
2013-07-17,0.0012953589685822386,0.0012953589685822386,0.0,0.0012949198265007798
2013-07-18,0.0010195882793759825,0.0010195882793759825,0.0,0.0010191481653062209
2013-07-19,-0.0004807563103288448,-0.0004807563103288448,0.0,-0.00048119718867977785
2013-07-22,-0.0003373170046802043,-0.0003373170046802043,0.0,-0.0003379043617518125
2013-07-23,0.0001086479267260465,0.0001086479267260465,0.0,0.00010835441689629427
2013-07-24,-0.0005080503109294865,-0.0005080503109294865,0.0,-0.0005084906571741783
2013-07-25,0.00016874538186462118,0.00016874538186462118,0.0,0.00016845207189980702
2013-07-26,-0.000594129709504565,-0.000594129709504565,0.0,-0.0005945698010757254
2013-07-29,-0.0010392005917007063,-0.0010392005917007063,0.0,-0.001039640237181035
2013-07-30,0.0002983618900624929,0.0002983618900624929,0.0,0.0002977767375226044
2013-07-31,-0.00010896777378743838,-0.00010896777378743838,0.0,-0.00010955322524122629
2013-08-01,0.0024116331523160728,0.0025009297097744465,0.17859311491706392,0.0024112244210626062
2013-08-02,0.0005770030384444347,0.0005770030384444347,0.0,0.0005765944554730008
2013-08-05,-0.0002288749762630049,-0.0002288749762630049,0.0,-0.0002293865546423165
2013-08-06,-0.0007090894152537164,-0.0007090894152537164,0.0,-0.0007094984082718198
2013-08-07,-0.0015314595735279601,-0.0015314595735279601,0.0,-0.0015319697696518175
2013-08-08,-9.343033769881881e-05,-9.343033769881881e-05,0.0,-9.393827309493648e-05
2013-08-09,-0.00044284695417462494,-0.00044284695417462494,0.0,-0.0004433547516367768
2013-08-12,-0.0006332219301472541,-0.0006332219301472541,0.0,-0.0006338305022086103
2013-08-13,0.0014769761753985478,0.0014769761753985478,0.0,0.0014763687263584003
2013-08-14,-0.0010465746459967784,-0.0010465746459967784,0.0,-0.001047083033162787
2013-08-15,-0.0026398659231281485,-0.0026398659231281485,0.0,-0.002640372764204181
2013-08-16,-9.405031047093892e-05,-9.405031047093892e-05,0.0,-9.455324138794827e-05
2013-08-19,-0.0011526550364420185,-0.0011526550364420185,0.0,-0.001153258386358366
2013-08-20,0.0012031247164778769,0.0012031247164778769,0.0,0.0012027238507515824
2013-08-21,-0.0007284654325797613,-0.0007284654325797613,0.0,-0.0007288677240210516
2013-08-22,0.002000379470782798,0.002000379470782798,0.0,0.0020000784001030004
2013-08-23,-0.0002596771931998587,-0.0002596771931998587,0.0,-0.0002599800394763141
2013-08-26,-0.0015027084437319038,-0.0015027084437319038,0.0,-0.0015031119313576907
2013-08-27,-0.002798120010324978,-0.002798120010324978,0.0,-0.002798622142851627
2013-08-28,0.00042755971253094494,0.00042755971253094494,0.0,0.00042726092807544223
2013-08-29,0.0009004736969766558,0.0009004736969766558,0.0,0.0009002742532806382
2013-08-30,-0.0008941372090930377,-0.0008941372090930377,0.0,-0.0008944371765167856
2013-09-03,0.0010302379748221568,0.0011174568473941715,0.17443774514424346,0.0010301369710124266
2013-09-04,0.0017919091471236825,0.0017919091471236825,0.0,0.0017918083431091671
2013-09-05,0.00042075323061219194,0.00042075323061219194,0.0,0.00042065118729990456
2013-09-06,-0.00036924350411726703,-0.00036924350411726703,0.0,-0.0003693458383032505
2013-09-09,0.0018589679957321525,0.0018589679957321525,0.0,0.0018588659169046253
2013-09-10,0.0015667687759886029,0.0015667687759886029,0.0,0.0015666654139363974
2013-09-11,-0.0003226162239833297,-0.0003226162239833297,0.0,-0.0003227206658665362
2013-09-12,-0.00043869300927279475,-0.00043869300927279475,0.0,-0.00043874511900353146
2013-09-13,0.00036681808060801124,0.00036681808060801124,0.0,0.0003667661221679976
2013-09-16,0.0011781276611941838,0.0011781276611941838,0.0,0.0011780234914000596
2013-09-17,0.0005826617173920745,0.0005826617173920745,0.0,0.0005826092268246253
2013-09-18,0.00041153765562129685,0.00041153765562129685,0.0,0.0004114849645399563
2013-09-19,0.00025153349613860065,0.00025153349613860065,0.0,0.00025148066349129044
2013-09-20,-9.109973852639008e-05,-9.109973852639008e-05,0.0,-9.11526576776406e-05
2013-09-23,-0.0006469510410992418,-0.0006469510410992418,0.0,-0.0006470568167364959
2013-09-24,-0.0006366346000657996,-0.0006366346000657996,0.0,-0.0006367399303934117
2013-09-25,-0.0005349696538359261,-0.0005349696538359261,0.0,-0.000535074545675757
2013-09-26,0.0008027961215169022,0.0008027961215169022,0.0,0.0008027961215169022
2013-09-27,-0.0006100280564658167,-0.0006100280564658167,0.0,-0.0006101331324284891
2013-09-30,-0.0004387839991051301,-0.0004387839991051301,0.0,-0.0004388886547614379
2013-10-01,0.0018081080491401114,0.0019232306115788411,0.23024512487729556,0.0018078658093267936
2013-10-02,-0.0009001694629535706,-0.0009001694629535706,0.0,-0.0009004124424579358
2013-10-03,-0.0016179516168798314,-0.0016179516168798314,0.0,-0.0016183153419202403
2013-10-04,0.0009229200369651469,0.0009229200369651469,0.0,0.0009225576517358474
2013-10-07,-0.00270902813472651,-0.00270902813472651,0.0,-0.002709391283512848
2013-10-08,-0.002086856825861516,-0.002086856825861516,0.0,-0.0020874583282698704
2013-10-09,0.001065009000925432,0.001065009000925432,0.0,0.0010644103898904936
2013-10-10,0.004042025798036475,0.004042025798036475,0.0,0.004041425712984421
2013-10-11,0.0017820823840752897,0.0017820823840752897,0.0,0.001781113333093143
2013-10-14,0.0009721452936830577,0.0009721452936830577,0.0,0.000971172319217173
2013-10-15,-0.0015285908836961681,-0.0015285908836961681,0.0,-0.0015302973309040315
2013-10-16,0.001987682404685831,0.001987682404685831,0.0,0.0019864677229084198
2013-10-17,0.0006401821359935944,0.0006401821359935944,0.0,0.0006395720639201199
2013-10-18,0.001333797181372276,0.001333797181372276,0.0,0.0013333084204473886
2013-10-21,-0.00011285653353543257,-0.00011285653353543257,0.0,-0.00011334675773904203
2013-10-22,0.00034255662659177233,0.00034255662659177233,0.0,0.00034206652621448803
2013-10-23,-0.001451760304584493,-0.001451760304584493,0.0,-0.0014522507806866154
2013-10-24,0.0007018510127583255,0.0007018510127583255,0.0,0.0007014843516637883
2013-10-25,0.00022914368879045632,0.00022914368879045632,0.0,0.00022865403694449072
2013-10-28,0.0003560923582182074,0.0003560923582182074,0.0,0.00035560245491035196
2013-10-29,0.0009202742512546269,0.0009202742512546269,0.0,0.0009197839573107327
2013-10-30,-0.0007157710367388104,-0.0007157710367388104,0.0,-0.0007162623393023855
2013-10-31,-0.00022173442655648579,-0.00022173442655648579,0.0,-0.00022222494407379001
2013-11-01,0.00029337507490412307,0.0003601754326298945,0.13360071545156618,0.0002927557126259113
2013-11-04,0.0010209127186053824,0.0010209127186053824,0.0,0.0010201381218858396
2013-11-05,-0.00124507140322494,-0.00124507140322494,0.0,-0.0012458472335099505
2013-11-06,0.0009183576604083754,0.0009183576604083754,0.0,0.0009175833364144714
2013-11-07,-0.0031117772648685538,-0.0031117772648685538,0.0,-0.003112552698874913
2013-11-08,0.0022800390220245603,0.0022800390220245603,0.0,0.0022791130287255217
2013-11-11,0.00030260620878697075,0.00030260620878697075,0.0,0.00030167690567096175
2013-11-12,0.00023837967408280036,0.00023837967408280036,0.0,0.0002371400177345317
2013-11-13,0.0013358758745662946,0.0013358758745662946,0.0,0.001334635757075959
2013-11-14,0.0009338316190390383,0.0009338316190390383,0.0,0.000932588920763556
2013-11-15,0.0015809490646752078,0.0015809490646752078,0.0,0.0015797045640089753
2013-11-18,-0.0003356243740380016,-0.0003356243740380016,0.0,-0.0003370278646869441
2013-11-19,-0.0003814664323836814,-0.0003814664323836814,0.0,-0.00038271333264310156
2013-11-20,-0.0003111167393455849,-0.0003111167393455849,0.0,-0.0003123629039704315
2013-11-21,0.002003600257492133,0.002003600257492133,0.0,0.0020025103885820956
2013-11-22,0.0007549912003319559,0.0007549912003319559,0.0,0.0007538979562896922
2013-11-25,-0.0006705182013941879,-0.0006705182013941879,0.0,-0.0006717690755552521
2013-11-26,0.000455655369428154,0.000455655369428154,0.0,0.00045456198395292
2013-11-27,0.001244453704805748,0.001244453704805748,0.0,0.0012433595521776745
2013-11-29,0.0001810435879860961,0.0001810435879860961,0.0,0.00018010394922824072
2013-12-02,-5.0644688944334604e-05,5.4820060189975095e-05,0.21092949826851526,-5.151409318569605e-05
2013-12-03,-0.0011135819071748099,-0.0011135819071748099,0.0,-0.0011146255557591802
2013-12-04,-0.0005003665170995042,-0.0005003665170995042,0.0,-0.0005014086748263702
2013-12-05,0.00026445466535385265,0.00026445466535385265,0.0,0.0002634131778503622
2013-12-06,0.0021837793065047073,0.0021837793065047073,0.0,0.002182737464867133
2013-12-09,0.0003214722128030978,0.0003214722128030978,0.0,0.00032025332661739497
2013-12-10,-0.0014737490756957516,-0.0014737490756957516,0.0,-0.0014749684628607331
2013-12-11,-0.002670515585978528,-0.002670515585978528,0.0,-0.0026717326730770633
2013-12-12,0.000703624632962141,0.000703624632962141,0.0,0.0007024117248724975
2013-12-13,-0.00025311209583689376,-0.00025311209583689376,0.0,-0.0002543261042331942
2013-12-16,0.0008884871504810654,0.0008884871504810654,0.0,0.0008872735379939199
2013-12-17,-0.0003410861960458922,-0.0003410861960458922,0.0,-0.00034230119704012894
2013-12-18,0.004001394033471994,0.004001394033471994,0.0,0.0040001795657012215
2013-12-19,-0.0004634451295684183,-0.0004634451295684183,0.0,-0.00046449144236224756
2013-12-20,-3.228993468162855e-06,-3.228993468162855e-06,0.0,-4.448969772124407e-06
2013-12-23,0.001799805936458343,0.001799805936458343,0.0,0.0017985859651845283
2013-12-24,0.00041259315296549026,0.00041259315296549026,0.0,0.000411370382979421
2013-12-26,0.0010385384115036977,0.0010385384115036977,0.0,0.0010373150001966654
2013-12-27,0.0006178826323781639,0.0006178826323781639,0.0,0.0006166576084765875
2013-12-30,0.0010847767690753685,0.0010847767690753685,0.0,0.0010835507863465824
2013-12-31,0.0012461422091818442,0.0012461422091818442,0.0,0.00124491454492592
2014-01-02,-0.0029914687799527107,-0.002899765530196219,0.18340649951299376,-0.0029922780278519847
2014-01-03,-0.0011787504530487158,-0.0011787504530487158,0.0,-0.0011795600758632374
2014-01-06,-0.0011952929899795572,-0.0011952929899795572,0.0,-0.0011958696329174728
2014-01-07,0.0017923269388890883,0.0017923269388890883,0.0,0.0017918669720340587
2014-01-08,0.0006899428410449548,0.0006899428410449548,0.0,0.0006893653613044197
2014-01-09,0.0002715940102600012,0.0002715940102600012,0.0,0.0002711312505979223
2014-01-10,-0.0004153678430061092,-0.0004153678430061092,0.0,-0.0004159466742536125
2014-01-13,-0.0029984198347597912,-0.0029984198347597912,0.0,-0.002998766783133964
2014-01-14,0.0028741439486121845,0.0028741439486121845,0.0,0.0028736847332560857
2014-01-15,0.0015943663085580262,0.0015943663085580262,0.0,0.0015939038602117914
2014-01-16,-0.0006460550962809064,-0.0006460550962809064,0.0,-0.0006465193352004212
2014-01-17,-0.0007859277136058607,-0.0007859277136058607,0.0,-0.0007865071047184854
2014-01-21,0.0016887744766773682,0.0016887744766773682,0.0,0.0016883118476986403
2014-01-22,0.00040617271602227945,0.00040617271602227945,0.0,0.0004057081909272683
2014-01-23,-0.002797677473765914,-0.002797677473765914,0.0,-0.002798142454716946
2014-01-24,-0.004844462655836601,-0.004844462655836601,0.0,-0.004844924488087423
2014-01-27,-0.0006244446709832152,-0.0006244446709832152,0.0,-0.0006250151127515077
2014-01-28,0.0012182911308016298,0.0012182911308016298,0.0,0.001217721572353121
2014-01-29,-0.0025035688914677445,-0.0025035688914677445,0.0,-0.0025040259152339962
2014-01-30,0.002550730366155607,0.002550730366155607,0.0,0.0025505032726877773
2014-01-31,-0.0028344187270209487,-0.0028344187270209487,0.0,-0.0028346472619469824
2014-02-03,-0.004448637401493816,-0.004285607747361642,0.3260593082642026,-0.004449481792953605
2014-02-04,0.0002945599915544772,0.0002945599915544772,0.0,0.00029354977528762294
2014-02-05,-0.0010784611023394453,-0.0010784611023394453,0.0,-0.0010796401589034158
2014-02-06,0.0019352708647766281,0.0019352708647766281,0.0,0.0019340935342327457
2014-02-07,0.00144848434527578,0.00144848434527578,0.0,0.0014471352917212082
2014-02-10,0.0004894253392198067,0.0004894253392198067,0.0,0.000488242606961092
2014-02-11,0.0008937907541550771,0.0008937907541550771,0.0,0.0008929453880604177
2014-02-12,-0.0003692726617683384,-0.0003692726617683384,0.0,-0.00037011904476805165
2014-02-13,0.000333865415880652,0.000333865415880652,0.0,0.0003333578382565954
2014-02-14,-0.0006125814172638355,-0.0006125814172638355,0.0,-0.0006129199542932861
2014-02-18,-0.00017223475672423216,-0.00017223475672423216,0.0,-0.00017308040188504972
2014-02-19,-0.0019285764247479742,-0.0019285764247479742,0.0,-0.001929590963597053
2014-02-20,0.00035058258418541044,0.00035058258418541044,0.0,0.0003497393354153385
2014-02-21,0.00024838677444138924,0.00024838677444138924,0.0,0.0002475431258394589
2014-02-24,0.0001173905911653339,0.0001173905911653339,0.0,0.00011654665935400236
2014-02-25,6.671266580871027e-05,6.671266580871027e-05,0.0,6.586860016490402e-05
2014-02-26,0.0009885109324105912,0.0009885109324105912,0.0,0.0009876667907153273
2014-02-27,0.00013701821317169127,0.00013701821317169127,0.0,0.0001363419991954163
2014-02-28,-0.00011720527725389562,-0.00011720527725389562,0.0,-0.00011805070074735695
2014-03-03,-0.0024305515815011836,-0.00230952943845264,0.2420442860970679,-0.0024316280671833005
2014-03-04,0.002974259599187512,0.002974259599187512,0.0,0.0029731796080413094
2014-03-05,-0.0003194059455480236,-0.0003194059455480236,0.0,-0.00032070515231574055
2014-03-06,0.0005184099197410585,0.0005184099197410585,0.0,0.0005173275354566074
2014-03-07,-0.000568093265422065,-0.000568093265422065,0.0,-0.000569392687239579
2014-03-10,-0.00033298358597999567,-0.00033298358597999567,0.0,-0.0003340659251950322
2014-03-11,-0.00107260966374223,-0.00107260966374223,0.0,-0.0010736917025767196
2014-03-12,-2.432035370714125e-05,-2.432035370714125e-05,0.0,-2.5401423914204876e-05
2014-03-13,-0.0023141868073052185,-0.0023141868073052185,0.0,-0.002315267855549088
2014-03-14,-0.0006488240116502286,-0.0006488240116502286,0.0,-0.0006499029651535703
2014-03-17,0.001536867515413709,0.001536867515413709,0.0,0.0015355734764252067
2014-03-18,0.0017009274373418481,0.0017009274373418481,0.0,0.0016998476816192823
2014-03-19,-0.0020760900227472234,-0.0020760900227472234,0.0,-0.002077387572403722
2014-03-20,4.868936875346286e-05,4.868936875346286e-05,0.0,4.739407301789382e-05
2014-03-21,-0.0007360820681291402,-0.0007360820681291402,0.0,-0.0007373774167220724
2014-03-24,-0.0003406545086643842,-0.0003406545086643842,0.0,-0.00034194905757520326
2014-03-25,0.0008080710165199179,0.0008080710165199179,0.0,0.0008069925342728649
2014-03-26,-0.0008083081168871464,-0.0008083081168871464,0.0,-0.0008093873303685734
2014-03-27,-0.0003463811806337924,-0.0003463811806337924,0.0,-0.000347243965786419
2014-03-28,0.0010396465853419468,0.0010396465853419468,0.0,0.0010387840512351358
2014-03-31,0.0017160623182586043,0.0017160623182586043,0.0,0.001714983209725748
2014-04-01,0.001264238662361139,0.001388115842605453,0.24775436048874064,0.0012636780536824505
2014-04-02,-0.0001395803795781747,-0.0001395803795781747,0.0,-0.0001398609641210093
2014-04-03,-0.0006158509109859267,-0.0006158509109859267,0.0,-0.000616131423904782
2014-04-04,-0.0017835151438226893,-0.0017835151438226893,0.0,-0.0017839354388842223
2014-04-07,-0.000903409797524346,-0.000903409797524346,0.0,-0.0009038287165019055
2014-04-08,0.0006696336006095649,0.0006696336006095649,0.0,0.0006692153792946262
2014-04-09,0.0023473201111054998,0.0023473201111054998,0.0,0.002346761793643237
2014-04-10,-0.0034885363631808053,-0.0034885363631808053,0.0,-0.0034890970903418642
2014-04-11,-0.001719070246448462,-0.001719070246448462,0.0,-0.001719627379830276
2014-04-14,0.0009962699171981448,0.0009962699171981448,0.0,0.0009957145577974397
2014-04-15,0.0005749986628464931,0.0005749986628464931,0.0,0.0005744422763760699
2014-04-16,0.0015522479180964943,0.0015522479180964943,0.0,0.0015516909391919062
2014-04-17,0.00040216109306667747,0.00040216109306667747,0.0,0.00040174216126007286
2014-04-21,0.00042070924731318904,0.00042070924731318904,0.0,0.0004201502580238518
2014-04-22,0.000900626610863986,0.000900626610863986,0.0,0.0009002070445680616
2014-04-23,-0.0004613788690206455,-0.0004613788690206455,0.0,-0.0004616590423360761
2014-04-24,3.58122644028569e-05,3.58122644028569e-05,0.0,3.567229625364801e-05
2014-04-25,-0.0016518438517783007,-0.0016518438517783007,0.0,-0.0016522637838208582
2014-04-28,0.0006545287922332665,0.0006545287922332665,0.0,0.0006541101351152987
2014-04-29,0.0009357042949553751,0.0009357042949553751,0.0,0.0009354248536451511
2014-04-30,0.0007124737038586293,0.0007124737038586293,0.0,0.0007120538208459471
2014-05-01,0.0002060890668360571,0.0002621773964663898,0.11217665926066223,0.00020564410593714987
2014-05-02,-0.0004316519450729972,-0.0004316519450729972,0.0,-0.00043194838125891656
2014-05-05,0.00010610505883845711,0.00010610505883845711,0.0,0.00010566072663408096
2014-05-06,-0.0007636986027368398,-0.0007636986027368398,0.0,-0.000764143014102468
2014-05-07,0.0007694475477402207,0.0007694475477402207,0.0,0.0007690037065787209
2014-05-08,-0.0006390385930764575,-0.0006390385930764575,0.0,-0.0006394830082927445
2014-05-09,-0.0002283701611459632,-0.0002283701611459632,0.0,-0.0002288140992956309
2014-05-12,0.0014423968515091534,0.0014423968515091534,0.0,0.0014419530838854415
2014-05-13,-3.7662597258014685e-05,-3.7662597258014685e-05,0.0,-3.8107440380516267e-05
2014-05-14,-0.0009237654322410416,-0.0009237654322410416,0.0,-0.0009242102472800075
2014-05-15,-0.0009070950217565654,-0.0009070950217565654,0.0,-0.0009075391473426427
2014-05-16,0.0008007943361068026,0.0008007943361068026,0.0,0.0008003508881463139
2014-05-19,0.000747124985147174,0.000747124985147174,0.0,0.0007466809394493744
2014-05-20,-0.0010963584259966463,-0.0010963584259966463,0.0,-0.0010968030289549733
2014-05-21,0.000985221283177573,0.000985221283177573,0.0,0.0009846295707557073
2014-05-22,0.00023216807746706536,0.00023216807746706536,0.0,0.00023172355821801104
2014-05-23,0.0004803533858970255,0.0004803533858970255,0.0,0.00047976046270203345
2014-05-27,0.001308670331816142,0.001308670331816142,0.0,0.0013080769311974542
2014-05-28,-0.0007665480768076494,-0.0007665480768076494,0.0,-0.0007671427764150993
2014-05-29,0.0009058263335279815,0.0009058263335279815,0.0,0.0009052323953813666
2014-05-30,0.0002866427875152233,0.0002866427875152233,0.0,0.0002860479503681834
2014-06-02,-0.0012020906044253321,-0.000985237783953652,0.43370564094316705,-0.0012033087933493814
2014-06-03,-0.0007211025952787997,-0.0007211025952787997,0.0,-0.000722320353729645
2014-06-04,8.237480033912448e-05,8.237480033912448e-05,0.0,8.115730855909093e-05
2014-06-05,0.002270603113619263,0.002270603113619263,0.0,0.0022693855913787295
2014-06-06,0.001109826582556206,0.001109826582556206,0.0,0.0011086082225956662
2014-06-09,-0.0005141907711392335,-0.0005141907711392335,0.0,-0.000515409540107071
2014-06-10,-0.0009263347313737125,-0.0009263347313737125,0.0,-0.0009275533107479909
2014-06-11,-0.0002726059023263616,-0.0002726059023263616,0.0,-0.0002738241398237555
2014-06-12,0.0001761640279651644,0.0001761640279651644,0.0,0.0001749458911042539
2014-06-13,0.00027477540319886806,0.00027477540319886806,0.0,0.00027355720131586693
2014-06-16,0.0001177884008669583,0.0001177884008669583,0.0,0.00011657009759229701
2014-06-17,-0.0010179426432265215,-0.0010179426432265215,0.0,-0.001019160989959785
2014-06-18,0.00294174003587111,0.00294174003587111,0.0,0.002940826557789349
2014-06-19,-0.000532100223357812,-0.000532100223357812,0.0,-0.0005327097503898935
2014-06-20,0.0006283715716322025,0.0006283715716322025,0.0,0.0006277621426245745
2014-06-23,-0.0005144037859886597,-0.0005144037859886597,0.0,-0.0005153181030306597
2014-06-24,-0.0001286783225310506,-0.0001286783225310506,0.0,-0.0001295924974426267
2014-06-25,0.001061532059753345,0.001061532059753345,0.0,0.0010606179204003298
2014-06-26,0.00011503630165776713,0.00011503630165776713,0.0,0.00011381705848127698
2014-06-27,0.0007046047740963957,0.0007046047740963957,0.0,0.0007036903099626218
2014-06-30,-0.0001212515297429606,-0.0001212515297429606,0.0,-0.00012247107437796334
2014-07-01,0.00029673691859666285,0.0005121303679003208,0.4307868986074115,0.0002958256374526745
2014-07-02,-0.0010746861992136925,-0.0010746861992136925,0.0,-0.001075597246505959
2014-07-03,-0.0002745848569644105,-0.0002745848569644105,0.0,-0.0002750404437606087
2014-07-07,-0.001229033925278955,-0.001229033925278955,0.0,-0.0012308563370214364
2014-07-08,-0.000525278590429612,-0.000525278590429612,0.0,-0.0005266456162219232
2014-07-09,0.000952163569143627,0.000952163569143627,0.0,0.0009507964505648511
2014-07-10,-0.001896010644610313,-0.001896010644610313,0.0,-0.0018969219449745287
2014-07-11,0.0006614966639686415,0.0006614966639686415,0.0,0.0006605851401158511
2014-07-14,0.0012428752933544285,0.0012428752933544285,0.0,0.0012415081244568792
2014-07-15,-0.002335659853158978,-0.002335659853158978,0.0,-0.0023365711528677475
2014-07-16,0.0007590534787105252,0.0007590534787105252,0.0,0.0007581419035705943
2014-07-17,-0.0018898021719340186,-0.0018898021719340186,0.0,-0.0018907136576309562
2014-07-18,0.002452546012877699,0.002452546012877699,0.0,0.002451634304074478
2014-07-21,8.83198962484677e-05,8.83198962484677e-05,0.0,8.695276629511856e-05
2014-07-22,0.0013496204731544559,0.0013496204731544559,0.0,0.0013482533588017708
2014-07-23,0.001484197425146494,0.001484197425146494,0.0,0.0014828305488669806
2014-07-24,-0.0007847346443011771,-0.0007847346443011771,0.0,-0.0007861012591561382
2014-07-25,-0.00011411391060422993,-0.00011411391060422993,0.0,-0.00011548066378985607
2014-07-28,-0.00020786633910774288,-0.00020786633910774288,0.0,-0.00020968870351251506
2014-07-29,-0.001136897334736875,-0.001136897334736875,0.0,-0.001137808541375164
2014-07-30,-0.0031328553205490772,-0.0031328553205490772,0.0,-0.0031346780014277448
2014-07-31,-0.0062966669240772655,-0.0062966669240772655,0.0,-0.006298034489531308
2014-08-01,0.0008777816142788719,0.0011085351436281865,0.46150705869857706,0.0008768176081233291
2014-08-04,0.00205027128943458,0.00205027128943458,0.0,0.0020489857475406805
2014-08-05,-0.002691021736852539,-0.002691021736852539,0.0,-0.002691986356340476
2014-08-06,-0.0001574221645425089,-0.0001574221645425089,0.0,-0.00015838617460517355
2014-08-07,-0.0004498474545675535,-0.0004498474545675535,0.0,-0.000450811428973817
2014-08-08,0.0016386184025638517,0.0016386184025638517,0.0,0.0016376545300946955
2014-08-11,0.00242567683600714,0.00242567683600714,0.0,0.0024243911784354965
2014-08-12,-0.0010007599182354499,-0.0010007599182354499,0.0,-0.0010017247088544455
2014-08-13,0.0028555517270407726,0.0028555517270407726,0.0,0.0028542656409932176
2014-08-14,0.0013823610152634558,0.0013823610152634558,0.0,0.0013810740715285165
2014-08-15,0.0014680503666311129,0.0014680503666311129,0.0,0.0014670848478575452
2014-08-18,0.0015706780376294471,0.0015706780376294471,0.0,0.0015697121890911724
2014-08-19,0.0004773794610910542,0.0004773794610910542,0.0,0.0004764132602883535
2014-08-20,-0.0007895149879465491,-0.0007895149879465491,0.0,-0.0007908033983679871
2014-08-21,0.0007516135795309076,0.0007516135795309076,0.0,0.0007509694924029443
2014-08-22,-0.0007101002690325098,-0.0007101002690325098,0.0,-0.0007110665682189352
2014-08-25,0.0014278404180338988,0.0014278404180338988,0.0,0.0014265522315203593
2014-08-26,0.000855983432249019,0.000855983432249019,0.0,0.000855016972504129
2014-08-27,0.0007846396341371076,0.0007846396341371076,0.0,0.0007833507656900972
2014-08-28,-0.0004913903258837449,-0.0004913903258837449,0.0,-0.0004923571527031633
2014-08-29,0.0009468291860832423,0.0009468291860832423,0.0,0.0009458624692169911
2014-09-02,-0.00047507227271903485,-0.00031063044638091064,0.3288836526764315,-0.0004762332332979358
2014-09-03,0.000751724861556502,0.000751724861556502,0.0,0.0007505633481215884
2014-09-04,-0.0024006912761781463,-0.0024006912761781463,0.0,-0.002401852811368729
2014-09-05,0.0011883793341400661,0.0011883793341400661,0.0,0.0011872178685950869
2014-09-08,-0.001521991694460545,-0.001521991694460545,0.0,-0.001522766027780351
2014-09-09,-0.0035900559028824164,-0.0035900559028824164,0.0,-0.0035908302067563713
2014-09-10,-0.00043666301492395476,-0.00043666301492395476,0.0,-0.00043743724909113535
2014-09-11,-0.00011559469795618948,-0.00011559469795618948,0.0,-0.00011636892364114354
2014-09-12,-0.004482194047129684,-0.004482194047129684,0.0,-0.004482968270568939
2014-09-15,-0.0011239826223073957,-0.0011239826223073957,0.0,-0.0011247567582774243
2014-09-16,0.0022056499159577303,0.0022056499159577303,0.0,0.002204875801946706
2014-09-17,-0.0011277327933846282,-0.0011277327933846282,0.0,-0.0011285069503921205
2014-09-18,0.0010598817173927966,0.0010598817173927966,0.0,0.001059107582393906
2014-09-19,0.001020759271605609,0.001020759271605609,0.0,0.0010199851159441843
2014-09-22,-0.0021252314559374597,-0.0021252314559374597,0.0,-0.0021256185437079442
2014-09-23,-0.0011883392224300016,-0.0011883392224300016,0.0,-0.0011887262894617018
2014-09-24,0.0011126101449296932,0.0011126101449296932,0.0,0.001111836034086382
2014-09-25,-0.0034365676044297855,-0.0034365676044297855,0.0,-0.003436954670709534
2014-09-26,0.0016036114000106405,0.0016036114000106405,0.0,0.0016032243673844105
2014-09-29,-0.0019238453732463023,-0.0019238453732463023,0.0,-0.0019246194698560744
2014-09-30,0.0005645531265900949,0.0005645531265900949,0.0,0.000563779067672062
2014-10-01,-0.0007591149686420051,-0.00048824413540182743,0.5417416664804461,-0.0007595870828417224
2014-10-02,-0.0011727458996809714,-0.0011727458996809714,0.0,-0.0011729817673419639
2014-10-03,0.00501170688775554,0.00501170688775554,0.0,0.005011471209078703
2014-10-06,-0.0021304269322753866,-0.0021304269322753866,0.0,-0.0021308998968145717
2014-10-07,-0.001307222316125456,-0.001307222316125456,0.0,-0.0013076945960073954
2014-10-08,0.0035442828450633623,0.0035442828450633623,0.0,0.00354404691544895
2014-10-09,-0.0032886737418604817,-0.0032886737418604817,0.0,-0.0032889102397210303
2014-10-10,-0.0013836106133028325,-0.0013836106133028325,0.0,-0.0013838465821586988
2014-10-13,-0.0017684212647882669,-0.0017684212647882669,0.0,-0.001768657010772949
2014-10-14,0.002750934789882864,0.002750934789882864,0.0,0.0027504638686352916
2014-10-15,-0.0015119234068419196,-0.0015119234068419196,0.0,-0.0015123952134618263
2014-10-16,-0.0008437926860858092,-0.0008437926860858092,0.0,-0.0008444996650048273
2014-10-17,0.0023032916775684864,0.0023032916775684864,0.0,0.0023028206304998044
2014-10-20,0.0022113851730860556,0.0022113851730860556,0.0,0.002210913384674428
2014-10-21,0.0027622691785835762,0.0027622691785835762,0.0,0.0027617966799807557
2014-10-22,3.53400499484291e-05,3.53400499484291e-05,0.0,3.486666668049316e-05
2014-10-23,0.0009391048543556657,0.0009391048543556657,0.0,0.0009388681570627626
2014-10-24,0.0012231128296498195,0.0012231128296498195,0.0,0.0012228759821209239
2014-10-27,-0.0006182936372884917,-0.0006182936372884917,0.0,-0.0006187677232101776
2014-10-28,0.0012462500999084192,0.0012462500999084192,0.0,0.0012457762116939014
2014-10-29,0.00018225441919295093,0.00018225441919295093,0.0,0.00018154298985898157
2014-10-30,0.002693351813572331,0.002693351813572331,0.0,0.002693114641363509
2014-10-31,0.00540498954213775,0.00540498954213775,0.0,0.005404751941081761
2014-11-03,0.001682128407308081,0.0017678072848015258,0.17135775498682598,0.0016816857453165268
2014-11-04,-4.745790148708018e-05,-4.745790148708018e-05,0.0,-4.812139913485619e-05
2014-11-05,0.0014898309877213745,0.0014898309877213745,0.0,0.001489167515084081
2014-11-06,-0.0002639600508383966,-0.0002639600508383966,0.0,-0.00026462430745391897
2014-11-07,4.914327798477558e-05,4.914327798477558e-05,0.0,4.847916030687291e-05
2014-11-10,0.0006315787220567692,0.0006315787220567692,0.0,0.0006311359596943597
2014-11-11,-0.0005368423030136515,-0.0005368423030136515,0.0,-0.00053728528684985
2014-11-12,0.00027609792910410214,0.00027609792910410214,0.0,0.0002756551336218772
2014-11-13,0.0008655807049302577,0.0008655807049302577,0.0,0.0008651378126043462
2014-11-14,-0.001382427810456055,-0.001382427810456055,0.0,-0.0013828710061291568
2014-11-17,-0.000189204715569935,-0.000189204715569935,0.0,-0.00018986878135520384
2014-11-18,0.0004605278180709327,0.0004605278180709327,0.0,0.0004600851739595396
2014-11-19,-0.0008623612526208468,-0.0008623612526208468,0.0,-0.0008625826554635095
2014-11-20,0.00024077572251046675,0.00024077572251046675,0.0,0.00024033321964150566
2014-11-21,0.0022552119547245564,0.0022552119547245564,0.0,0.002254990661026304
2014-11-24,0.0011056211667306304,0.0011056211667306304,0.0,0.0011051777893932402
2014-11-25,0.0006667997109761625,0.0006667997109761625,0.0,0.0006663559467967257
2014-11-26,0.0015052431393591803,0.0015052431393591803,0.0,0.0015047991420309137
2014-11-28,0.004453329431362896,0.004453329431362896,0.0,0.004452884908512188
2014-12-01,-0.004884692622414422,-0.0048231294017442305,0.12312644134050627,-0.004885429716498152
2014-12-02,0.0009643760023063663,0.0009643760023063663,0.0,0.0009636396339303252
2014-12-03,0.0010011620619234662,0.0010011620619234662,0.0,0.0010009164599618673
2014-12-04,0.0009148382467289995,0.0009148382467289995,0.0,0.0009143467403103161
2014-12-05,-0.0002843408746907583,-0.0002843408746907583,0.0,-0.00028483265727002963
2014-12-08,0.0006679754417118211,0.0006679754417118211,0.0,0.0006672378966297416
2014-12-09,-0.0005553406075243794,-0.0005553406075243794,0.0,-0.0005563244040936831
2014-12-10,-0.00113072386515356,-0.00113072386515356,0.0,-0.0011314614610777355
2014-12-11,0.001088978909392413,0.001088978909392413,0.0,0.001088241826130442
2014-12-12,-0.000266273080589019,-0.000266273080589019,0.0,-0.0002667647982291692
2014-12-15,-0.0005290187243703892,-0.0005290187243703892,0.0,-0.0005300019988145214
2014-12-16,-0.00018409617045367366,-0.00018409617045367366,0.0,-0.00018483338650367146
2014-12-17,0.003362615942987812,0.003362615942987812,0.0,0.0033618788103966348
2014-12-18,0.0012486785701621983,0.0012486785701621983,0.0,0.0012476937009585575
2014-12-19,0.0012067948492855418,0.0012067948492855418,0.0,0.0012058092287756336
2014-12-22,0.002741138515707231,0.002741138515707231,0.0,0.0027399055835318196
2014-12-23,-0.002775455081549527,-0.002775455081549527,0.0,-0.002776196072954831
2014-12-24,0.0008729503105033842,0.0008729503105033842,0.0,0.0008727037303672552
2014-12-26,0.0007692148144406996,0.0007692148144406996,0.0,0.0007689681032623171
2014-12-29,0.0021000967784354785,0.0021000967784354785,0.0,0.002099356298756348
2014-12-30,-0.0011446529932063187,-0.0011446529932063187,0.0,-0.0011453944159411649
2014-12-31,-1.6921991577323325e-05,-1.6921991577323325e-05,0.0,-1.790986909122501e-05
2015-01-02,0.0034321020990037976,0.0035224663157464864,0.1807284334851724,0.003431707681976164
2015-01-05,0.0016040454531736081,0.0016040454531736081,0.0,0.0016034546258189438
2015-01-06,0.0016238893103599494,0.0016238893103599494,0.0,0.0016232975226816992
2015-01-07,0.0021663412235961577,0.0021663412235961577,0.0,0.002165748465290224
2015-01-08,0.00042669843220943804,0.00042669843220943804,0.0,0.00042610438184165797
2015-01-09,0.00039542075153842227,0.00039542075153842227,0.0,0.0003950245483696238
2015-01-12,0.0013529476497746717,0.0013529476497746717,0.0,0.0013523531093760954
2015-01-13,0.00019755723435910255,0.00019755723435910255,0.0,0.00019696188877996426
2015-01-14,0.00018732804889198817,0.00018732804889198817,0.0,0.0001865340980542905
2015-01-15,0.0030535408476537462,0.0030535408476537462,0.0,0.0030529452730837132
2015-01-16,-0.0015611201830904031,-0.0015611201830904031,0.0,-0.0015617175686867917
2015-01-20,0.001789711369419189,0.001789711369419189,0.0,0.0017891149111561762
2015-01-21,-0.0014051538150526843,-0.0014051538150526843,0.0,-0.0014057513345370556
2015-01-22,0.003164725270548008,0.003164725270548008,0.0,0.0031641285854314295
2015-01-23,0.002833404729585487,0.002833404729585487,0.0,0.002833005690669586
2015-01-26,0.00015027045285687102,0.00015027045285687102,0.0,0.00014967022207887682
2015-01-27,-0.0020134343319745396,-0.0020134343319745396,0.0,-0.002013834544948615
2015-01-28,0.0023941185213243177,0.0023941185213243177,0.0,0.002393719102109638
2015-01-29,0.00040530169963060025,0.00040530169963060025,0.0,0.00040470115843428494
2015-01-30,-0.0004169085365359759,-0.0004169085365359759,0.0,-0.00041730905667004397
2015-02-02,-0.0005602552042419662,-0.00047002467130230485,0.18046106587950675,-0.0005607237789023255
2015-02-03,-0.003096237321429496,-0.003096237321429496,0.0,-0.0030967067613948116
2015-02-04,0.0018612308307859315,0.0018612308307859315,0.0,0.0018609966142789872
2015-02-05,-0.0012896207245736147,-0.0012896207245736147,0.0,-0.0012900897617683415
2015-02-06,-0.0035413513682952535,-0.0035413513682952535,0.0,-0.0035418199863209866
2015-02-09,-0.0013785295766475247,-0.0013785295766475247,0.0,-0.0013787633080873836
2015-02-10,0.0012053353883143547,0.0012053353883143547,0.0,0.0012051018820147016
2015-02-11,0.0008138684164735732,0.0008138684164735732,0.0,0.0008136347135566226
2015-02-12,-0.00042073899141459314,-0.00042073899141459314,0.0,-0.00042120666255304024
2015-02-13,-0.001040356322254965,-0.001040356322254965,0.0,-0.001040590089219148
2015-02-17,-0.001616651744235309,-0.001616651744235309,0.0,-0.0016171189385325952
2015-02-18,0.002383274308034977,0.002383274308034977,0.0,0.0023828076423587515
2015-02-19,-0.0006401382268828026,-0.0006401382268828026,0.0,-0.0006406056700013995
2015-02-20,0.001356319173674958,0.001356319173674958,0.0,0.0013558519395081218
2015-02-23,0.0018454614256737667,0.0018454614256737667,0.0,0.0018449937493814643
2015-02-24,0.0015088626292449892,0.0015088626292449892,0.0,0.001508394352487454
2015-02-25,-0.0005536596320832032,-0.0005536596320832032,0.0,-0.0005541283990458097
2015-02-26,0.00025412699904858727,0.00025412699904858727,0.0,0.00025342411856673817
2015-02-27,0.000756254782313448,0.000756254782313448,0.0,0.0007557861127390467
2015-03-02,-0.00041741364184622043,-0.0002959079647000262,0.2430113542924818,-0.00041771811519067886
2015-03-03,-0.001166212275206191,-0.001166212275206191,0.0,-0.001166516814614949
2015-03-04,-0.00023379545216195563,-0.00023379545216195563,0.0,-0.00023394743632948765
2015-03-05,0.001141535378086811,0.001141535378086811,0.0,0.0011412315242640512
2015-03-06,-0.001919059100637055,-0.001919059100637055,0.0,-0.001919211306789956
2015-03-09,0.0012264277380193978,0.0012264277380193978,0.0,0.0012261242663963942
2015-03-10,0.0005893728819983401,0.0005893728819983401,0.0,0.0005890688099423927
2015-03-11,0.0021023356213871747,0.0021023356213871747,0.0,0.0021018790807415463
2015-03-12,0.0011392502390585868,0.0011392502390585868,0.0,0.0011387921586711726
2015-03-13,0.0013012367342877251,0.0013012367342877251,0.0,0.0013007778204677056
2015-03-16,0.0010272490036589144,0.0010272490036589144,0.0,0.0010264825627943055
2015-03-17,0.0009840486490804157,0.0009840486490804157,0.0,0.000983280958632587
2015-03-18,0.0008577812947427876,0.0008577812947427876,0.0,0.0008573199629605205
2015-03-19,0.0008850359280381248,0.0008850359280381248,0.0,0.0008845739713454596
2015-03-20,-0.00016741222536609257,-0.00016741222536609257,0.0,-0.00016756642566224546
2015-03-23,-0.0017339678342431775,-0.0017339678342431775,0.0,-0.0017344303132560085
2015-03-24,0.0007865841307488353,0.0007865841307488353,0.0,0.0007862766544178279
2015-03-25,-0.0031011237306902695,-0.0031011237306902695,0.0,-0.0031017394475853846
2015-03-26,-0.0019068980775474031,-0.0019068980775474031,0.0,-0.0019073575984359064
2015-03-27,0.0023419033759779495,0.0023419033759779495,0.0,0.0023412925434869876
2015-03-30,0.002626397949192061,0.002626397949192061,0.0,0.002625784835247769
2015-03-31,0.00021859729213113965,0.00021859729213113965,0.0,0.00021813554274633276
2015-04-01,-0.0002344397758969885,-0.00016102362331593678,0.14683230516218485,-0.0002349379559402591
2015-04-02,-0.0008820688314989944,-0.0008820688314989944,0.0,-0.0008824005144712656
2015-04-06,0.0001089380683181318,0.0001089380683181318,0.0,0.00010844115563047358
2015-04-07,0.00081970268545839,0.00081970268545839,0.0,0.000819371359968459
2015-04-08,0.0025644433493055008,0.0025644433493055008,0.0,0.0025639457930822463
2015-04-09,0.0007693878701870993,0.0007693878701870993,0.0,0.0007688885415550852
2015-04-10,-0.00011096001406851741,-0.00011096001406851741,0.0,-0.00011129325405768177
2015-04-13,0.0006586795466145823,0.0006586795466145823,0.0,0.0006581797632701237
2015-04-14,-0.00044541823082133725,-0.00044541823082133725,0.0,-0.00044575172281483287
2015-04-15,-0.000661026618617,-0.000661026618617,0.0,-0.0006613599055560419
2015-04-16,-0.0006961932903460921,-0.0006961932903460921,0.0,-0.0006965262727710801
2015-04-17,-0.001415481393821083,-0.001415481393821083,0.0,-0.001415647724564746
2015-04-20,0.0015226979619373804,0.0015226979619373804,0.0,0.0015221999498764827
2015-04-21,0.000981194467446267,0.000981194467446267,0.0,0.000980695402574763
2015-04-22,-0.0002121022531382799,-0.0002121022531382799,0.0,-0.00021260199575374604
2015-04-23,-0.0010690773673485143,-0.0010690773673485143,0.0,-0.001069576963426752
2015-04-24,0.0006689015350327399,0.0006689015350327399,0.0,0.0006684026783492639
2015-04-27,-0.00033349556598882835,-0.00033349556598882835,0.0,-0.00033382844532188293
2015-04-28,-0.001783669666810761,-0.001783669666810761,0.0,-0.0017840023924273127
2015-04-29,-0.003319683562276965,-0.003319683562276965,0.0,-0.0033198495132815906
2015-04-30,-0.0022624613583118736,-0.0022624613583118736,0.0,-0.0022626265403337953
2015-05-01,0.0013648290735903679,0.0014126610162483733,0.09566388531639396,0.0013646551869512613
2015-05-04,0.00010930337939640822,0.00010930337939640822,0.0,0.00010895522120908632
2015-05-05,-0.003823625428263755,-0.003823625428263755,0.0,-0.0038237995317016785
2015-05-06,-0.002943254146305141,-0.002943254146305141,0.0,-0.002943600643432861
2015-05-07,0.00254375102620763,0.00254375102620763,0.0,0.002543578437629717
2015-05-08,0.002879982066821718,0.002879982066821718,0.0,0.0028798089092884477
2015-05-11,-0.002531933285404353,-0.002531933285404353,0.0,-0.0025322808850900855
2015-05-12,-0.0013121866923830883,-0.0013121866923830883,0.0,-0.0013127063935540883
2015-05-13,-0.0014850190034444433,-0.0014850190034444433,0.0,-0.0014853648833327534
2015-05-14,0.0013369074579852036,0.0013369074579852036,0.0,0.001336734851009665
2015-05-15,0.0018362793993407234,0.0018362793993407234,0.0,0.0018359335866715177
2015-05-18,-0.00014719742064506214,-0.00014719742064506214,0.0,-0.00014754405416288253
2015-05-19,0.0017077219040586566,0.0017077219040586566,0.0,0.0017073753363503132
2015-05-20,0.0007072940325343335,0.0007072940325343335,0.0,0.0007069467026340243
2015-05-21,0.0005349306843889234,0.0005349306843889234,0.0,0.0005345830390316306
2015-05-22,0.0015146021257774755,0.0015146021257774755,0.0,0.001514254241965746
2015-05-26,0.0020854674091386194,0.0020854674091386194,0.0,0.0020851188511883233
2015-05-27,0.0022004694515240786,0.0022004694515240786,0.0,0.0022002947094015
2015-05-28,-0.0013247300834221543,-0.0013247300834221543,0.0,-0.0013249053131592129
2015-05-29,-0.0013653637997921297,-0.0013653637997921297,0.0,-0.0013655387355853553
2015-06-01,0.0003287675519105804,0.0003833690722432337,0.10920304066535581,0.00032849196879451774
2015-06-02,-0.003342324725400303,-0.003342324725400303,0.0,-0.0033424623735812758
2015-06-03,-0.0003815789041832218,-0.0003815789041832218,0.0,-0.0003818524622263075
2015-06-04,0.00013735180038443318,0.00013735180038443318,0.0,0.00013707844087352506
2015-06-05,-5.1688153171358664e-05,-5.1688153171358664e-05,0.0,-5.209829961741614e-05
2015-06-08,-0.002040240952124961,-0.002040240952124961,0.0,-0.002040514356198407
2015-06-09,-0.00177391969475571,-0.00177391969475571,0.0,-0.001774192035230495
2015-06-10,-0.0004343585313361098,-0.0004343585313361098,0.0,-0.00043462994540488303
2015-06-11,0.0027860390140093116,0.0027860390140093116,0.0,0.0027859034204431995
2015-06-12,-0.00019618037899427065,-0.00019618037899427065,0.0,-0.00019645301768653648
2015-06-15,-0.0001890133922500814,-0.0001890133922500814,0.0,-0.00018928592870993974
2015-06-16,0.0005816363041202255,0.0005816363041202255,0.0,0.0005815000851484008
2015-06-17,-0.000581561557575383,-0.000581561557575383,0.0,-0.0005816979280372534
2015-06-18,0.0005173830138907043,0.0005173830138907043,0.0,0.0005172467949875522
2015-06-19,0.0008026335948712049,0.0008026335948712049,0.0,0.0008024972412044041
2015-06-22,-0.00020326076350085653,-0.00020326076350085653,0.0,-0.00020339732606335168
2015-06-23,0.0007847590720722053,0.0007847590720722053,0.0,0.0007846225624216875
2015-06-24,-0.0003987661021210842,-0.0003987661021210842,0.0,-0.0003989028158965566
2015-06-25,-0.0010070785627821488,-0.0010070785627821488,0.0,-0.0010072151727925458
2015-06-26,-0.0014429562352249459,-0.0014429562352249459,0.0,-0.0014430925829138272
2015-06-29,-0.0023020247619873757,-0.0023020247619873757,0.0,-0.002302296704563012
2015-06-30,-0.0006378096405760258,-0.0006378096405760258,0.0,-0.0006379450099856874
2015-07-01,0.0019080532741828637,0.0019999440263156476,0.1837815042654375,0.001907929484996122
2015-07-02,0.0003925177748191899,0.0003925177748191899,0.0,0.0003923939598961246
2015-07-06,0.0015664731355797823,0.0015664731355797823,0.0,0.0015662252914948169
2015-07-07,0.0013703171781176415,0.0013703171781176415,0.0,0.0013700684803783563
2015-07-08,-0.0022352008648928168,-0.0022352008648928168,0.0,-0.002235450308368738
2015-07-09,-0.00037618101187109065,-0.00037618101187109065,0.0,-0.0003765533483784451
2015-07-10,0.0003323070857383925,0.0003323070857383925,0.0,0.0003321830761974191
2015-07-13,0.0017157560150202755,0.0017157560150202755,0.0,0.0017155078146812777
2015-07-14,0.0006135562018121377,0.0006135562018121377,0.0,0.000613431634514168
2015-07-15,0.0015642785591609698,0.0015642785591609698,0.0,0.0015640290906785985
2015-07-16,0.0018749117188521236,0.0018749117188521236,0.0,0.0018746614004465471
2015-07-17,0.001217639420652894,0.001217639420652894,0.0,0.0012172624178537349
2015-07-20,0.0012895259662497605,0.0012895259662497605,0.0,0.0012890219767673578
2015-07-21,-0.0008249186496464,-0.0008249186496464,0.0,-0.0008252976881281973
2015-07-22,0.0008850002011855373,0.0008850002011855373,0.0,0.0008844957097734485
2015-07-23,0.00019663820161319734,0.00019663820161319734,0.0,0.0001962591149742144
2015-07-24,-8.859283679762964e-05,-8.859283679762964e-05,0.0,-8.909849834135987e-05
2015-07-27,-6.950054170395958e-06,-6.950054170395958e-06,0.0,-7.582011307496164e-06
2015-07-28,6.036749604931835e-05,6.036749604931835e-05,0.0,5.9735548309937144e-05
2015-07-29,0.00045335944914470794,0.00045335944914470794,0.0,0.00045260101391015304
2015-07-30,0.0006810422197560673,0.0006810422197560673,0.0,0.0006801565208572483
2015-07-31,0.0011319874099704474,0.0011319874099704474,0.0,0.001130973710990522
2015-08-03,0.0013710222557099527,0.001429128728802187,0.11621294618460061,0.001369984664421721
2015-08-04,-0.0010525811561801213,-0.0010525811561801213,0.0,-0.001053619834268726
2015-08-05,0.0004929629956376136,0.0004929629956376136,0.0,0.0004919265681524482
2015-08-06,-0.00041426316133508223,-0.00041426316133508223,0.0,-0.0004147819018387377
2015-08-07,-0.00010128437023970704,-0.00010128437023970704,0.0,-0.00010206181672176738
2015-08-10,-0.0016926016276695988,-0.0016926016276695988,0.0,-0.0016941561957806465
2015-08-11,0.0009985122393825208,0.0009985122393825208,0.0,0.0009972212975795764
2015-08-12,-0.0008231791046831027,-0.0008231791046831027,0.0,-0.0008244727171483239
2015-08-13,0.0002664550968198842,0.0002664550968198842,0.0,0.0002651636878775549
2015-08-14,0.0008539093714057255,0.0008539093714057255,0.0,0.0008527464615955294
2015-08-17,0.0014053154507198684,0.0014053154507198684,0.0,0.0014040210454840491
2015-08-18,-0.0001706717699575533,-0.0001706717699575533,0.0,-0.00017158048025203956
2015-08-19,-0.00035105679186153704,-0.00035105679186153704,0.0,-0.0003517056427493782
2015-08-20,-0.0036427805887850884,-0.0036427805887850884,0.0,-0.0036430399415712804
2015-08-21,-0.002254852202900892,-0.002254852202900892,0.0,-0.0022552383019106
2015-08-24,-0.004332238566347346,-0.004332238566347346,0.0,-0.0043330071286654765
2015-08-25,-0.0006418931203548972,-0.0006418931203548972,0.0,-0.0006427815914655093
2015-08-26,0.004778973519813379,0.004778973519813379,0.0,0.004778213013300194
2015-08-27,0.00039253969934627264,0.00039253969934627264,0.0,0.0003917714855978688
2015-08-28,-0.0008740434630598592,-0.0008740434630598592,0.0,-0.0008748123096237959
2015-08-31,-0.0031403451931492077,-0.0031403451931492077,0.0,-0.0031413684415235233
2015-09-01,-0.0010858355555141141,-0.0009611867433574339,0.24929762431327515,-0.0010860139739775837
2015-09-02,0.0004398097636251208,0.0004398097636251208,0.0,0.00043963007492422805
2015-09-03,8.251857392216344e-05,8.251857392216344e-05,0.0,8.239848521571924e-05
2015-09-04,0.0005963127959405234,0.0005963127959405234,0.0,0.0005961926516572824
2015-09-08,-0.0007351463193311369,-0.0007351463193311369,0.0,-0.0007355079563244645
2015-09-09,0.0007726709617019711,0.0007726709617019711,0.0,0.0007724908859975056
2015-09-10,-0.0006016213249345759,-0.0006016213249345759,0.0,-0.000601741895473787
2015-09-11,0.00030314818090859674,0.00030314818090859674,0.0,0.0003029078501965771
2015-09-14,-0.00017785641630518878,-0.00017785641630518878,0.0,-0.0001782777094152635
2015-09-15,-1.849221145933111e-05,-1.849221145933111e-05,0.0,-1.891308537893203e-05
2015-09-16,-0.0015859640312786416,-0.0015859640312786416,0.0,-0.0015863247429938677
2015-09-17,0.00011210800415217825,0.00011210800415217825,0.0,0.00011204842038607008
2015-09-18,0.0020576618886660736,0.0020576618886660736,0.0,0.0020577215102354296
2015-09-21,-0.00020809982198333188,-0.00020809982198333188,0.0,-0.00020816013597937263
2015-09-22,0.0014703361338692655,0.0014703361338692655,0.0,0.0014703963778227678
2015-09-23,0.0007765758912801068,0.0007765758912801068,0.0,0.0007765151531653296
2015-09-24,-0.0012433280977689476,-0.0012433280977689476,0.0,-0.0012433890966784785
2015-09-25,-0.00035139657349003706,-0.00035139657349003706,0.0,-0.00035133599264280236
2015-09-28,0.001490109529108219,0.001490109529108219,0.0,0.0014900490664577007
2015-09-29,-0.00036385312951769944,-0.00036385312951769944,0.0,-0.0003639140926397937
2015-09-30,0.00022041364761515858,0.00022041364761515858,0.0,0.0002204744884882324
2015-10-01,0.00018596736483900145,0.00027194026528865045,0.17194580089941897,0.00018619660568649506
2015-10-02,-0.0001303448692949738,-0.0001303448692949738,0.0,-0.0001303448692949738
2015-10-05,-0.0011320734073755334,-0.0011320734073755334,0.0,-0.0011321883141117623
2015-10-06,-0.0017401363275894033,-0.0017401363275894033,0.0,-0.0017401363275894033
2015-10-07,-2.1933873268431547e-05,-2.1933873268431547e-05,0.0,-2.1933873268431547e-05
2015-10-08,-0.0007958841464195121,-0.0007958841464195121,0.0,-0.0007957700573881483
2015-10-09,-0.0005528347784343746,-0.0005528347784343746,0.0,-0.0005529486422611107
2015-10-12,0.0011050401407279864,0.0011050401407279864,0.0,0.0011049264334187755
2015-10-13,0.0002889215538981471,0.0002889215538981471,0.0,0.0002888075340774226
2015-10-14,-0.0002252232981977409,-0.0002252232981977409,0.0,-0.0002252232981977409
2015-10-15,0.0004995720968492545,0.0004995720968492545,0.0,0.0004994580590338559
2015-10-16,0.0003281633545908491,0.0003281633545908491,0.0,0.0003280491755732061
2015-10-19,0.0011192451188593022,0.0011192451188593022,0.0,0.0011190165753765054
2015-10-20,-0.0007481022340725119,-0.0007481022340725119,0.0,-0.0007483314093417841
2015-10-21,0.0011531070734780435,0.0011531070734780435,0.0,0.0011529926971441825
2015-10-22,0.0011870864545631132,0.0011870864545631132,0.0,0.0011870864545631132
2015-10-23,0.00037960320612695497,0.00037960320612695497,0.0,0.00037948816996602404
2015-10-26,0.0001744431947026115,0.0001744431947026115,0.0,0.00017421290852573487
2015-10-27,0.000547480713309012,0.000547480713309012,0.0,0.0005471351366567224
2015-10-28,-0.0006939652466620982,-0.0006939652466620982,0.0,-0.0006944266319492768
2015-10-29,-0.0006613995907660541,-0.0006613995907660541,0.0,-0.0006622056467121894
2015-10-30,-0.000588485205682221,-0.000588485205682221,0.0,-0.0005894049210959618
2015-11-02,0.00011783449262559031,0.00019400857740436983,0.15234816955750252,0.00011711308496487012
2015-11-03,-0.0009412878319818851,-0.0009412878319818851,0.0,-0.0009418302022858768
2015-11-04,0.001184850399157833,0.001184850399157833,0.0,0.001184399867459088
2015-11-05,0.00046581761910768904,0.00046581761910768904,0.0,0.0004653652724783792
2015-11-06,0.0004393101528843424,0.0004393101528843424,0.0,0.00043858525716055437
2015-11-09,0.0001554576309443778,0.0001554576309443778,0.0,0.00015418718093737507
2015-11-10,0.0006257629781374341,0.0006257629781374341,0.0,0.0006245826560856038
2015-11-11,-0.000367002499666258,-0.000367002499666258,0.0,-0.0003681853097017055
2015-11-12,-0.00015521073544566555,-0.00015521073544566555,0.0,-0.0001564829588748579
2015-11-13,0.0008087628670836455,0.0008087628670836455,0.0,0.0008075821341844186
2015-11-16,0.0005457731220379625,0.0005457731220379625,0.0,0.000544407028704346
2015-11-17,0.0006322056858483194,0.0006322056858483194,0.0,0.0006309283304769394
2015-11-18,0.00026418644984382844,0.00026418644984382844,0.0,0.00026308925695953106
2015-11-19,-0.0007713482895757018,-0.0007713482895757018,0.0,-0.00077235493697186
2015-11-20,0.00044453003209143915,0.00044453003209143915,0.0,0.0004435259772157721
2015-11-23,4.780777261981228e-05,4.780777261981228e-05,0.0,4.652798388947203e-05
2015-11-24,-0.000526902768053672,-0.000526902768053672,0.0,-0.0005283656173513363
2015-11-25,0.0005395028186263584,0.0005395028186263584,0.0,0.000537768744076302
2015-11-27,0.0011060349341331932,0.0011060349341331932,0.0,0.0011044805928146816
2015-11-30,0.0004473528566981688,0.0004473528566981688,0.0,0.00044533393330759344
2015-12-01,-0.00021483218071560728,-0.00014109516521076948,0.14747403100973883,-0.000215874375186308
2015-12-02,0.0006481032887180049,0.0006481032887180049,0.0,0.0006470605068894925
2015-12-03,-0.0044289610687487935,-0.0044289610687487935,0.0,-0.004430008572547388
2015-12-04,0.001444016819904581,0.001444016819904581,0.0,0.0014429533906189541
2015-12-07,0.002098101736806024,0.002098101736806024,0.0,0.002096685371258582
2015-12-08,-3.769975181200369e-05,-3.769975181200369e-05,0.0,-3.90381086295656e-05
2015-12-09,-0.001635301224474195,-0.001635301224474195,0.0,-0.0016365896721291994
2015-12-10,0.0008880892857416889,0.0008880892857416889,0.0,0.0008869136011436748
2015-12-11,0.00039642500970571426,0.00039642500970571426,0.0,0.0003953405087974073
2015-12-14,0.00014869477771051187,0.00014869477771051187,0.0,0.00014740951423015754
2015-12-15,0.00043532176071159334,0.00043532176071159334,0.0,0.0004340846392489185
2015-12-16,0.0008474812228038697,0.0008474812228038697,0.0,0.0008461410508684656
2015-12-17,0.0014726881124091928,0.0014726881124091928,0.0,0.0014715397227552187
2015-12-18,-0.0012451725448719975,-0.0012451725448719975,0.0,-0.0012461309068187512
2015-12-21,0.00018972168947439805,0.00018972168947439805,0.0,0.0001885214913477266
2015-12-22,-0.00013318506354298432,-0.00013318506354298432,0.0,-0.00013423661841513386
2015-12-23,-0.0007019085157812244,-0.0007019085157812244,0.0,-0.0007029090728467855
2015-12-24,-0.0002748562278174216,-0.0002748562278174216,0.0,-0.00027585191306042764
2015-12-28,0.000704727216937151,0.000704727216937151,0.0,0.0007035843733984586
2015-12-29,-0.0003456363521920913,-0.0003456363521920913,0.0,-0.0003467848184095055
2015-12-30,0.00034523219099069635,0.00034523219099069635,0.0,0.0003441861101402491
2015-12-31,-0.0003699728611165076,-0.0003699728611165076,0.0,-0.0003707717912318256
2016-01-04,0.00024787339624010585,0.00031814572306743116,0.14054465365414207,0.00024641240342609304
2016-01-05,0.0008088379375212895,0.0008088379375212895,0.0,0.0008075030505979385
2016-01-06,0.000542390409424609,0.000542390409424609,0.0,0.0005409831760626745
2016-01-07,-0.0008487833762005348,-0.0008487833762005348,0.0,-0.0008501271742725988
2016-01-08,7.390020369868466e-06,7.390020369868466e-06,0.0,6.051822833983485e-06
2016-01-11,0.00188995282372173,0.00188995282372173,0.0,0.0018885476651096984
2016-01-12,0.0003956821848736247,0.0003956821848736247,0.0,0.00039426395703843066
2016-01-13,-0.0005315023177961953,-0.0005315023177961953,0.0,-0.0005329909456349731
2016-01-14,0.0005401715904003179,0.0005401715904003179,0.0,0.0005384843439212923
2016-01-15,0.0002086345135223766,0.0002086345135223766,0.0,0.00020707815732354473
2016-01-19,0.0003503952786056974,0.0003503952786056974,0.0,0.0003486341342815844
2016-01-20,0.00024277028144714663,0.00024277028144714663,0.0,0.00024100614008045685
2016-01-21,-0.0007997781777658863,-0.0007997781777658863,0.0,-0.0008016802579936486
2016-01-22,-0.0001601751520412531,-0.0001601751520412531,0.0,-0.00016220519755974955
2016-01-25,0.0003356446868947316,0.0003356446868947316,0.0,0.00033354860786112377
2016-01-26,-0.000509445323617852,-0.000509445323617852,0.0,-0.0005115448269267473
2016-01-27,-0.000992814609165893,-0.000992814609165893,0.0,-0.0009949764705912052
2016-01-28,-0.00040739720284888037,-0.00040739720284888037,0.0,-0.0004096830549228654
2016-01-29,0.0010654446422568853,0.0010654446422568853,0.0,0.0010632975506483036
2016-02-01,-0.00010983646562212623,-3.083990264629577e-05,0.15799312595162224,-0.00011144811043683492
2016-02-02,0.001637166338307905,0.001637166338307905,0.0,0.0016356028393261768
2016-02-03,-0.0024441569958342235,-0.0024441569958342235,0.0,-0.0024456934332311975
2016-02-04,-0.0003698984386303339,-0.0003698984386303339,0.0,-0.0003712237532648231
2016-02-05,0.00035399873343955335,0.00035399873343955335,0.0,0.0003526771867347476
2016-02-08,0.0007862793463115914,0.0007862793463115914,0.0,0.0007848171102863912
2016-02-09,0.0008747586733939272,0.0008747586733939272,0.0,0.0008733795510273265
2016-02-10,-0.00039783541731475136,-0.00039783541731475136,0.0,-0.00039927001641908464
2016-02-11,-0.000258822097452982,-0.000258822097452982,0.0,-0.00026011395794025855
2016-02-12,-0.0010905321432385096,-0.0010905321432385096,0.0,-0.0010918675087141607
2016-02-16,0.0006446171581520055,0.0006446171581520055,0.0,0.0006432472341703662
2016-02-17,-0.0011680665112735467,-0.0011680665112735467,0.0,-0.001169443221817735
2016-02-18,2.443787721517765e-05,2.443787721517765e-05,0.0,2.3073478516266773e-05
2016-02-19,8.479908139635839e-05,8.479908139635839e-05,0.0,8.343442511964034e-05
2016-02-22,-0.0008166689575875852,-0.0008166689575875852,0.0,-0.0008181710625790127
2016-02-23,0.00038636130719127415,0.00038636130719127415,0.0,0.0003849139088871173
2016-02-24,-0.00019948963430249655,-0.00019948963430249655,0.0,-0.00020098674487137037
2016-02-25,-1.8404252395298748e-05,-1.8404252395298748e-05,0.0,-1.9853751935664783e-05
2016-02-26,0.0002679739508333334,0.0002679739508333334,0.0,0.0002665246583246146
2016-02-29,-0.0009813454853005998,-0.0009813454853005998,0.0,-0.0009828431760408008
2016-03-01,-0.0019869228655099436,-0.0019032409646099202,0.16736380179983773,-0.0019897789070986984
2016-03-02,-0.0005727614845455475,-0.0005727614845455475,0.0,-0.0005757723097472248
2016-03-03,-0.000852268809532819,-0.000852268809532819,0.0,-0.0008545866369490504
2016-03-04,-0.0021062385158772123,-0.0021062385158772123,0.0,-0.002108634761345137
2016-03-07,-0.0007529779956250149,-0.0007529779956250149,0.0,-0.0007556955397843329
2016-03-08,0.001617079523824838,0.001617079523824838,0.0,0.0016146235653707475
2016-03-09,-0.0011611526744589318,-0.0011611526744589318,0.0,-0.0011637084392074467
2016-03-10,-0.0007503423623341776,-0.0007503423623341776,0.0,-0.0007529720887338232
2016-03-11,-0.0017813502799208791,-0.0017813502799208791,0.0,-0.0017840573392687083
2016-03-14,0.0005259290822090534,0.0005259290822090534,0.0,0.0005230717758796335
2016-03-15,0.001238708801563071,0.001238708801563071,0.0,0.0012358459050456196
2016-03-16,-0.00047829047241698674,-0.00047829047241698674,0.0,-0.00048091275026400696
2016-03-17,-0.0014362459970596042,-0.0014362459970596042,0.0,-0.0014386947627756097
2016-03-18,9.414625297132773e-05,9.414625297132773e-05,0.0,9.171051716726756e-05
2016-03-21,-0.00031109572150334053,-0.00031109572150334053,0.0,-0.00031370035201913767
2016-03-22,-0.0004338742276763785,-0.0004338742276763785,0.0,-0.0004363919175750178
2016-03-23,0.0021545529690318865,0.0021545529690318865,0.0,0.002152039353709718
2016-03-24,0.0003538804155061026,0.0003538804155061026,0.0,0.0003514310701468847
2016-03-28,-0.0003912654109102798,-0.0003912654109102798,0.0,-0.000393717960793479
2016-03-29,0.0006154003499017069,0.0006154003499017069,0.0,0.0006134580352449256
2016-03-30,1.8869715359359773e-05,1.8869715359359773e-05,0.0,1.717690371970762e-05
2016-03-31,0.0006129307438107467,0.0006129307438107467,0.0,0.0006111531678838358
2016-04-01,0.00148634917313073,0.0015882596278866679,0.20382090951159687,0.001483755298578288
2016-04-04,0.0007415605439813344,0.0007415605439813344,0.0,0.0007389689975994672
2016-04-05,0.0006023977506808276,0.0006023977506808276,0.0,0.0005998013614674437
2016-04-06,-0.0005026147029818517,-0.0005026147029818517,0.0,-0.0005052150238425067
2016-04-07,0.0008615717736890627,0.0008615717736890627,0.0,0.0008589747348749316
2016-04-08,-0.0008656288541103452,-0.0008656288541103452,0.0,-0.000868231514097997
2016-04-11,-0.00026518615633108755,-0.00026518615633108755,0.0,-0.0002677831637825124
2016-04-12,-0.0010898288276109946,-0.0010898288276109946,0.0,-0.0010923112648857276
2016-04-13,-0.0005167548701598967,-0.0005167548701598967,0.0,-0.0005193430192816844
2016-04-14,-0.00023817007385917854,-0.00023817007385917854,0.0,-0.0002406424610243473
2016-04-15,0.0007799211145651519,0.0007799211145651519,0.0,0.0007774502181689555
2016-04-18,-0.00014351168967086103,-0.00014351168967086103,0.0,-0.00014598746399351544
2016-04-19,-0.000747280986277965,-0.000747280986277965,0.0,-0.0007496433685028526
2016-04-20,-0.0015951766848245619,-0.0015951766848245619,0.0,-0.001597759165249591
2016-04-21,-3.910426896014396e-05,-3.910426896014396e-05,0.0,-4.167629306577708e-05
2016-04-22,-0.00023423521676513293,-0.00023423521676513293,0.0,-0.00023680698453382246
2016-04-25,-4.5383557136680075e-05,-4.5383557136680075e-05,0.0,-4.817728751322493e-05
2016-04-26,-0.0006766457330730224,-0.0006766457330730224,0.0,-0.0006793274037139046
2016-04-27,0.0005178804166294793,0.0005178804166294793,0.0,0.000515203378827468
2016-04-28,0.0009980624113965497,0.0009980624113965497,0.0,0.0009956052114355384
2016-04-29,0.00019836034412024084,0.00019836034412024084,0.0,0.00019589688959731707
2016-05-02,0.00010253942465809907,0.0001557938358112132,0.10650882230615259,9.959911777054995e-05
2016-05-03,0.001359419802112516,0.001359419802112516,0.0,0.0013566112791029818
2016-05-04,8.842378103035564e-05,8.842378103035564e-05,0.0,8.587595038037391e-05
2016-05-05,0.0004500827193902879,0.0004500827193902879,0.0,0.00044740032780147366
2016-05-06,-0.00022553593940888295,-0.00022553593940888295,0.0,-0.00022808645695520416
2016-05-09,0.0003567559331036918,0.0003567559331036918,0.0,0.0003535356484007834
2016-05-10,-0.000662132429360196,-0.000662132429360196,0.0,-0.00066535496208099
2016-05-11,-0.0002291622337947663,-0.0002291622337947663,0.0,-0.0002326487879444642
2016-05-12,-0.0007992601145172529,-0.0007992601145172529,0.0,-0.0008028791409380086
2016-05-13,0.0006503360294787264,0.0006503360294787264,0.0,0.0006465888507398182
2016-05-16,-0.0009830683970385445,-0.0009830683970385445,0.0,-0.000986820361695538
2016-05-17,-0.0005718767592396423,-0.0005718767592396423,0.0,-0.0005756214822332772
2016-05-18,-0.0018853410407650983,-0.0018853410407650983,0.0,-0.001889348727818991
2016-05-19,0.0001908473911347297,0.0001908473911347297,0.0,0.00018685462088341542
2016-05-20,7.054125196881422e-05,7.054125196881422e-05,0.0,6.628068669291161e-05
2016-05-23,0.0004146904804895879,0.0004146904804895879,0.0,0.0004100298362471386
2016-05-24,-0.0006861550724032162,-0.0006861550724032162,0.0,-0.0006908195419245652
2016-05-25,-0.0003282974864077248,-0.0003282974864077248,0.0,-0.0003326894430128272
2016-05-26,0.0005782743920961231,0.0005782743920961231,0.0,0.0005742843026403735
2016-05-27,-0.0006302830447618701,-0.0006302830447618701,0.0,-0.0006344108638803054
2016-05-31,9.902318726151549e-05,9.902318726151549e-05,0.0,9.450155568792252e-05
2016-06-01,3.671866828658388e-05,8.099174939069087e-05,0.08854616220848167,3.229414850045175e-05
2016-06-02,0.0008038128805152311,0.0008038128805152311,0.0,0.0007996920494730958
2016-06-03,0.0023586433390991868,0.0023586433390991868,0.0,0.0023543695206425636
2016-06-06,-0.0011666764680693387,-0.0011666764680693387,0.0,-0.001170819349045327
2016-06-07,0.00010114651137649311,0.00010114651137649311,0.0,9.701176956640081e-05
2016-06-08,0.000262210099364113,0.000262210099364113,0.0,0.00025866543018627543
2016-06-09,0.0005743351039952937,0.0005743351039952937,0.0,0.0005706411075808782
2016-06-10,0.0009495155066112648,0.0009495155066112648,0.0,0.0009458179360725203
2016-06-13,0.0005005576967285208,0.0005005576967285208,0.0,0.0004965579449925446
2016-06-14,-0.00024731684134982057,-0.00024731684134982057,0.0,-0.00025131995241592093
2016-06-15,0.0011500708126304104,0.0011500708126304104,0.0,0.0011462175636454573
2016-06-16,0.0010048394500707936,0.0010048394500707936,0.0,0.001000830287834996
2016-06-17,-0.0011880980811509456,-0.0011880980811509456,0.0,-0.0011919652374165048
2016-06-20,-0.0009652815170408946,-0.0009652815170408946,0.0,-0.0009694378839470982
2016-06-21,-0.0007062585723854875,-0.0007062585723854875,0.0,-0.000710260017835836
2016-06-22,0.0006013511426827822,0.0006013511426827822,0.0,0.0005973544415841544
2016-06-23,-0.0011716778818756657,-0.0011716778818756657,0.0,-0.0011761231466512637
2016-06-24,0.003567054783909507,0.003567054783909507,0.0,0.003563209804767022
2016-06-27,0.001324717816213905,0.001324717816213905,0.0,0.0013207010627936382
2016-06-28,0.0003769865528202576,0.0003769865528202576,0.0,0.0003731100356130944
2016-06-29,-0.0007239897373249038,-0.0007239897373249038,0.0,-0.0007278686817659726
2016-06-30,0.0008199614801795985,0.0008199614801795985,0.0,0.0008160872005352127
2016-07-01,0.001279847095044806,0.001397404983827455,0.2351157775652206,0.001273530076566942
2016-07-05,0.0023040864347971812,0.0023040864347971812,0.0,0.002297544672354325
2016-07-06,0.00046282634935490563,0.00046282634935490563,0.0,0.00045650809245465125
2016-07-07,-3.513750612360589e-06,-3.513750612360589e-06,0.0,-1.0302210840240998e-05
2016-07-08,0.0019452747244499413,0.0019452747244499413,0.0,0.0019389544493324067
2016-07-11,-0.0016942569090035997,-0.0016942569090035997,0.0,-0.0017015233159845948
2016-07-12,-0.002729755317459337,-0.002729755317459337,0.0,-0.0027365449299368576
2016-07-13,0.0017969057242355202,0.0017969057242355202,0.0,0.0017896616684451546
2016-07-14,-0.0017562709789937792,-0.0017562709789937792,0.0,-0.0017635241063906461
2016-07-15,-0.001123216540009686,-0.001123216540009686,0.0,-0.0011304607853436243
2016-07-18,0.0002275122861570278,0.0002275122861570278,0.0,0.00022004022581514747
2016-07-19,0.0008199979667553592,0.0008199979667553592,0.0,0.0008127582566599072
2016-07-20,-0.000896446553413921,-0.000896446553413921,0.0,-0.0009039240836577076
2016-07-21,0.0013107602418322983,0.0013107602418322983,0.0,0.001303520922461269
2016-07-22,-9.601546525661586e-05,-9.601546525661586e-05,0.0,-0.00010349515155804301
2016-07-25,-0.00040026090205069753,-0.00040026090205069753,0.0,-0.0004077400872255657
2016-07-26,0.0003735860412155123,0.0003735860412155123,0.0,0.0003663426051575382
2016-07-27,0.001896881389558347,0.001896881389558347,0.0,0.001889636064551359
2016-07-28,0.00020559085777427377,0.00020559085777427377,0.0,0.0001997401335984312
2016-07-29,0.0024615840517343557,0.0024615840517343557,0.0,0.0024552643661348386
2016-08-01,-0.001338213475747474,-0.0012923856636323228,0.09165562423061212,-0.001345081498580023
2016-08-02,-0.0013355709575082475,-0.0013355709575082475,0.0,-0.0013424463352323896
2016-08-03,-0.00015417469319511934,-0.00015417469319511934,0.0,-0.00016080700717740391
2016-08-04,0.0012323098855830938,0.0012323098855830938,0.0,0.0012261519496072188
2016-08-05,-0.001995667598275741,-0.001995667598275741,0.0,-0.0020020676943615233
2016-08-08,-0.00016585895407572604,-0.00016585895407572604,0.0,-0.0001731973075797147
2016-08-09,0.0019439165257637558,0.0019439165257637558,0.0,0.0019370523846363595
2016-08-10,0.0011845768020684044,0.0011845768020684044,0.0,0.0011779406565031658
2016-08-11,-0.001812139625542608,-0.001812139625542608,0.0,-0.0018187810657762811
2016-08-12,0.0008954128078295653,0.0008954128078295653,0.0,0.0008887794819679776
2016-08-15,-0.0007585713316737852,-0.0007585713316737852,0.0,-0.0007659198061012491
2016-08-16,-0.0008149837996749287,-0.0008149837996749287,0.0,-0.0008213808088915056
2016-08-17,0.0006582891749404851,0.0006582891749404851,0.0,0.0006511852995668133
2016-08-18,0.0006918303796359382,0.0006918303796359382,0.0,0.0006849602470919105
2016-08-19,-0.0016302040680483687,-0.0016302040680483687,0.0,-0.0016370774069478192
2016-08-22,0.0006611516184915622,0.0006611516184915622,0.0,0.0006542858472688442
2016-08-23,0.0002281496745277778,0.0002281496745277778,0.0,0.00022104397966230156
2016-08-24,-0.0007380063909437906,-0.0007380063909437906,0.0,-0.0007453500734491483
2016-08-25,-0.00041961888072572506,-0.00041961888072572506,0.0,-0.00042743245129478116
2016-08-26,-0.0018229939340691503,-0.0018229939340691503,0.0,-0.0018308052874204043
2016-08-29,0.0023271504302848633,0.0023271504302848633,0.0,0.0023193487270154866
2016-08-30,-0.000802895725283026,-0.000802895725283026,0.0,-0.0008107097188029884
2016-08-31,-1.7053038726011494e-05,-1.7053038726011494e-05,0.0,-2.4862788550034935e-05
2016-09-01,0.0006643610439969194,0.0007532389758511115,0.1777558637084706,0.000656288244713061
2016-09-02,0.0010174943606411357,0.0010174943606411357,0.0,0.0010096524818167312
2016-09-06,0.00304842700861907,0.00304842700861907,0.0,0.00304058019332167
2016-09-07,-3.9737437947939824e-05,-3.9737437947939824e-05,0.0,-4.8090345543065104e-05
2016-09-08,-0.002615392552711593,-0.002615392552711593,0.0,-0.0026237452560817142
2016-09-09,-0.006292878340952046,-0.006292878340952046,0.0,-0.006301217567631141
2016-09-12,0.002015106962850899,0.002015106962850899,0.0,0.002006067432826314
2016-09-13,-0.004279345226528952,-0.004279345226528952,0.0,-0.004288151486617556
2016-09-14,0.0007817213058958217,0.0007817213058958217,0.0,0.0007736704876285127
2016-09-15,0.0017244272884842093,0.0017244272884842093,0.0,0.0017173488643323907
2016-09-16,-0.00019960705266619527,-0.00019960705266619527,0.0,-0.00020669310204085318
2016-09-19,0.00045348475823714374,0.00045348475823714374,0.0,0.00044615527559033305
2016-09-20,0.0003983174137702772,0.0003983174137702772,0.0,0.0003909858572445308
2016-09-21,0.004039552404795144,0.004039552404795144,0.0,0.0040341745947107535
2016-09-22,0.0023780688161623154,0.0023780688161623154,0.0,0.0023736577544986354
2016-09-23,-0.0006344455805242788,-0.0006344455805242788,0.0,-0.0006388631231733707
2016-09-26,-0.0006916151091742595,-0.0006916151091742595,0.0,-0.0006977481820737907
2016-09-27,0.0011322691274060492,0.0011322691274060492,0.0,0.0011258934577925447
2016-09-28,0.0007626230394996991,0.0007626230394996991,0.0,0.000755997522237849
2016-09-29,-0.0018543897520699737,-0.0018543897520699737,0.0,-0.0018607728802159662
2016-09-30,-0.00022721516164625477,-0.00022721516164625477,0.0,-0.00023408142805311257
2016-10-03,-0.0011892611460643243,-0.0011282635615785797,0.12199516897153558,-0.001197990215302054
2016-10-04,-0.004223028720800381,-0.004223028720800381,0.0,-0.00423203148760453
2016-10-05,6.6077694847122e-05,6.6077694847122e-05,0.0,5.736456913967389e-05
2016-10-06,-0.0007928366771687845,-0.0007928366771687845,0.0,-0.0008015500661974106
2016-10-07,0.0004136500486007222,0.0004136500486007222,0.0,0.00040493982155195444
2016-10-10,0.0007136333440111997,0.0007136333440111997,0.0,0.0007049214679313659
2016-10-11,-0.003159128705483738,-0.003159128705483738,0.0,-0.0031686604293642913
2016-10-12,0.00011598337851093099,0.00011598337851093099,0.0,0.00010619352265779183
2016-10-13,0.0001820796523932522,0.0001820796523932522,0.0,0.00017419295961858527
2016-10-14,-0.0010970223369887178,-0.0010970223369887178,0.0,-0.001105453644309147
2016-10-17,0.0009651362216749337,0.0009651362216749337,0.0,0.0009558936431679606
2016-10-18,0.0024401324685818793,0.0024401324685818793,0.0,0.002430885792697551
2016-10-19,0.0009333578673362819,0.0009333578673362819,0.0,0.0009241008573603626
2016-10-20,-0.00039593449290686866,-0.00039593449290686866,0.0,-0.00040519545201735005
2016-10-21,0.00026356001198579726,0.00026356001198579726,0.0,0.0002545730606380542
2016-10-24,0.00015217870979400416,0.00015217870979400416,0.0,0.00014319067595145907
2016-10-25,7.465278831109146e-06,7.465278831109146e-06,0.0,-1.7957635446658438e-06
2016-10-26,-0.0023020597980965007,-0.0023020597980965007,0.0,-0.002311048487529519
2016-10-27,-0.0025396705891715943,-0.0025396705891715943,0.0,-0.002547561413683408
2016-10-28,-0.00040640883913645176,-0.00040640883913645176,0.0,-0.00041429045398580223
2016-10-31,0.0012013175097904671,0.0012013175097904671,0.0,0.0011920787243989751
2016-11-01,-0.0005891362926985222,-0.0005040779216742841,0.1701167420482485,-0.0005986961008757855
2016-11-02,-0.00019026819386636085,-0.00019026819386636085,0.0,-0.000200100180212425
2016-11-03,-0.0008179651477436822,-0.0008179651477436822,0.0,-0.0008280693737141005
2016-11-04,0.0006955314481673636,0.0006955314481673636,0.0,0.0006854309701637034
2016-11-07,0.0016113879142369836,0.0016113879142369836,0.0,0.0016001919636148502
2016-11-08,-0.0007268721918044507,-0.0007268721918044507,0.0,-0.0007386228473998462
2016-11-09,-0.00501589462574048,-0.00501589462574048,0.0,-0.005027914597960564
2016-11-10,-0.003336306152283086,-0.003336306152283086,0.0,-0.0033491163723620406
2016-11-11,-0.002109506202438882,-0.002109506202438882,0.0,-0.0021222968713476066
2016-11-14,-0.0021286879995713326,-0.0021286879995713326,0.0,-0.002143369428583005
2016-11-15,0.0018256440803845475,0.0018256440803845475,0.0,0.0018120634916697822
2016-11-16,-3.321289391822191e-05,-3.321289391822191e-05,0.0,-4.571753176682668e-05
2016-11-17,-0.0015176033810162526,-0.0015176033810162526,0.0,-0.001529292320500721
2016-11-18,-0.0016725202534593198,-0.0016725202534593198,0.0,-0.0016842010241075694
2016-11-21,0.0013690909635861725,0.0013690909635861725,0.0,0.0013566049023922137
2016-11-22,0.0014348296811348416,0.0014348296811348416,0.0,0.0014217925188530134
2016-11-23,-0.002143238022310867,-0.002143238022310867,0.0,-0.0021568273701310517
2016-11-25,-0.00024760891724806555,-0.00024760891724806555,0.0,-0.00026064180014422864
2016-11-28,0.0016815497218878317,0.0016815497218878317,0.0,0.0016685183286628304
2016-11-29,0.000410314495146169,0.000410314495146169,0.0,0.0003972730023212883
2016-11-30,-0.0023386557558812138,-0.0023386557558812138,0.0,-0.0023516997120959786
2016-12-01,-0.002901446180974321,-0.002757436842939276,0.2880186760699819,-0.002909320768419398
2016-12-02,0.0010506734153481467,0.0010506734153481467,0.0,0.0010426219470983723
2016-12-05,0.0007115856520802932,0.0007115856520802932,0.0,0.0007033546632289625
2016-12-06,0.0006329243997511558,0.0006329243997511558,0.0,0.000624685437239657
2016-12-07,0.0018230834290819953,0.0018230834290819953,0.0,0.0018145008053540442
2016-12-08,9.062257149539121e-05,9.062257149539121e-05,0.0,8.21874401650948e-05
2016-12-09,-0.000696115781614326,-0.000696115781614326,0.0,-0.0007050581163979753
2016-12-12,-0.0007103313098889563,-0.0007103313098889563,0.0,-0.0007189280943768644
2016-12-13,0.0006367622420642149,0.0006367622420642149,0.0,0.0006276685262052499
2016-12-14,-0.003079857599975644,-0.003079857599975644,0.0,-0.0030889591652067134
2016-12-15,-0.0006312890898680923,-0.0006312890898680923,0.0,-0.0006396812033106976
2016-12-16,-0.00014061996998704362,-0.00014061996998704362,0.0,-0.00014900485113645854
2016-12-19,0.0008905042774765004,0.0008905042774765004,0.0,0.0008817856767536573
2016-12-20,0.0003999287152767206,0.0003999287152767206,0.0,0.00039119951246123285
2016-12-21,6.022890487633603e-05,6.022890487633603e-05,0.0,5.1662903340322644e-05
2016-12-22,-4.5421111818488846e-05,-4.5421111818488846e-05,0.0,-5.381984171172067e-05
2016-12-23,0.0006603475594395558,0.0006603475594395558,0.0,0.0006517813851000836
2016-12-27,9.767419541950595e-05,9.767419541950595e-05,0.0,8.910031864184064e-05
2016-12-28,0.0003511865415910531,0.0003511865415910531,0.0,0.0003424433880636689
2016-12-29,0.0010756582991864327,0.0010756582991864327,0.0,0.0010679202780069696
2016-12-30,-0.00014130130959189025,-0.00014130130959189025,0.0,-0.00014972448414721833
2017-01-03,0.0008481040528873773,0.0009391637182911694,0.18211933080764287,0.0008360260910794725
2017-01-04,0.0019579439579731073,0.0019579439579731073,0.0,0.0019460951329445249
2017-01-05,0.0013096041036344541,0.0013096041036344541,0.0,0.0012979663017332762
2017-01-06,-0.0009926248590140796,-0.0009926248590140796,0.0,-0.001004502321911988
2017-01-09,-1.4255377866478902e-05,-1.4255377866478902e-05,0.0,-2.5667648434098242e-05
2017-01-10,0.0002598074883124468,0.0002598074883124468,0.0,0.00024816709489696337
2017-01-11,0.001334056142979767,0.001334056142979767,0.0,0.0013224135163971613
2017-01-12,0.00026982028303512706,0.00026982028303512706,0.0,0.00025816620489178463
2017-01-13,-0.0002404919584934051,-0.0002404919584934051,0.0,-0.0002523769088923371
2017-01-17,0.0003824143809545433,0.0003824143809545433,0.0,0.00037007450283638366
2017-01-18,-0.0012935239882663208,-0.0012935239882663208,0.0,-0.0013054101795015231
2017-01-19,-0.001094363356739847,-0.001094363356739847,0.0,-0.0011060098539362078
2017-01-20,0.0011192488465263661,0.0011192488465263661,0.0,0.001108068118218385
2017-01-23,0.0013772216607641496,0.0013772216607641496,0.0,0.0013655749602900203
2017-01-24,0.00016287058384611974,0.00016287058384611974,0.0,0.00015144066575213097
2017-01-25,0.0002684485374329082,0.0002684485374329082,0.0,0.00025724587535689295
2017-01-26,7.39996037977253e-05,7.39996037977253e-05,0.0,6.25660589235861e-05
2017-01-27,7.676378227738923e-05,7.676378227738923e-05,0.0,6.510093194104203e-05
2017-01-30,-0.0012347906183278745,-0.0012347906183278745,0.0,-0.001246454126881927
2017-01-31,0.0006919726326539699,0.0006919726326539699,0.0,0.0006800912366238188
2017-02-01,-0.00018187143422510044,-2.457557976054403e-05,0.31459170892910776,-0.00019159977864689575
2017-02-02,0.00039228335076213483,0.00039228335076213483,0.0,0.0003823622628567879
2017-02-03,0.0012720300445892008,0.0012720300445892008,0.0,0.0012622995215416219
2017-02-06,-8.089531964194929e-05,-8.089531964194929e-05,0.0,-9.122328959714287e-05
2017-02-07,-0.0004455968471178684,-0.0004455968471178684,0.0,-0.00045592395111762314
2017-02-08,0.0014472336857362933,0.0014472336857362933,0.0,0.0014369113538177018
2017-02-09,0.0007464970292347939,0.0007464970292347939,0.0,0.0007361592206896387
2017-02-10,0.0017691906904779842,0.0017691906904779842,0.0,0.0017586497013935354
2017-02-13,0.00038355837264170134,0.00038355837264170134,0.0,0.00037338927452461367
2017-02-14,6.624577608005389e-05,6.624577608005389e-05,0.0,5.56813917546913e-05
2017-02-15,0.0014276175800460589,0.0014276175800460589,0.0,0.0014172481261356458
2017-02-16,-7.030395011742296e-05,-7.030395011742296e-05,0.0,-8.049266713797918e-05
2017-02-17,0.0001916215318154002,0.0001916215318154002,0.0,0.00018143354925585732
2017-02-21,0.0018743315359013302,0.0018743315359013302,0.0,0.0018639455906356074
2017-02-22,0.0001110272920012978,0.0001110272920012978,0.0,0.00010081776731859628
2017-02-23,0.0003091910096157946,0.0003091910096157946,0.0,0.00029917668682845274
2017-02-24,-0.00018468437935481585,-0.00018468437935481585,0.0,-0.00019470186226360273
2017-02-27,-0.0002770908409853723,-0.0002770908409853723,0.0,-0.0002869100517428918
2017-02-28,-0.0010904990743171306,-0.0010904990743171306,0.0,-0.0011009044932621921
2017-03-01,0.002355376346306004,0.002480671599826012,0.2505905070401512,0.0023407175028556057
2017-03-02,-0.004805487790024099,-0.004805487790024099,0.0,-0.00482109652954054
2017-03-03,0.0013076919391297182,0.0013076919391297182,0.0,0.0012911914080715754
2017-03-06,-0.0015553971290716007,-0.0015553971290716007,0.0,-0.0015726201848475206
2017-03-07,-0.002162174097687486,-0.002162174097687486,0.0,-0.0021798502198135975
2017-03-08,-0.003851513975767995,-0.003851513975767995,0.0,-0.003868457912347055
2017-03-09,-0.0022325369575429965,-0.0022325369575429965,0.0,-0.002249435937523176
2017-03-10,0.0013789304074138808,0.0013789304074138808,0.0,0.001361823199602321
2017-03-13,0.001162948339389791,0.001162948339389791,0.0,0.0011446519532796716
2017-03-14,-0.001955734327045655,-0.001955734327045655,0.0,-0.0019738106567980056
2017-03-15,0.007187060545632118,0.007187060545632118,0.0,0.007170180869487589
2017-03-16,-0.00020997059371263838,-0.00020997059371263838,0.0,-0.00022693369957530872
2017-03-17,0.0003006100097033837,0.0003006100097033837,0.0,0.0002836493417590157
2017-03-20,0.0006485668245712617,0.0006485668245712617,0.0,0.0006308958274813391
2017-03-21,-0.004805218186845206,-0.004805218186845206,0.0,-0.004823132738397699
2017-03-22,0.0013414615034905708,0.0013414615034905708,0.0,0.0013236060719724638
2017-03-23,-6.615776573615229e-05,-6.615776573615229e-05,0.0,-8.379452278474463e-05
2017-03-24,0.0014148834823646261,0.0014148834823646261,0.0,0.0013967772354131801
2017-03-27,-0.00012229722911549779,-0.00012229722911549779,0.0,-0.00014042106550105475
2017-03-28,0.0023914226799006677,0.0023914226799006677,0.0,0.0023733003640658773
2017-03-29,0.0017787085935838665,0.0017787085935838665,0.0,0.001760556615552473
2017-03-30,0.00026770159386280135,0.00026770159386280135,0.0,0.00024952759265428896
2017-03-31,-0.00034613983646303303,-0.00034613983646303303,0.0,-0.00036384501329738653
2017-04-03,0.00020537396452380285,0.00030816782615383786,0.20558772326002545,0.00019144474548723006
2017-04-04,0.0005150900364430111,0.0005150900364430111,0.0,0.0005011702012316969
2017-04-05,-0.0013978942212078405,-0.0013978942212078405,0.0,-0.0014120013970430666
2017-04-06,0.0003542521884076777,0.0003542521884076777,0.0,0.000340347415170778
2017-04-07,-1.9674321437901376e-05,-1.9674321437901376e-05,0.0,-3.4120162852001285e-05
2017-04-10,0.00022104692479563148,0.00022104692479563148,0.0,0.0002066014315651578
2017-04-11,0.0003066242318932044,0.0003066242318932044,0.0,0.0002921748275793939
2017-04-12,-0.000749604906052137,-0.000749604906052137,0.0,-0.0007638812792789946
2017-04-13,-0.0015014956075324326,-0.0015014956075324326,0.0,-0.0015157588755938607
2017-04-17,0.0024744355326076217,0.0024744355326076217,0.0,0.0024598426298556783
2017-04-18,-0.0016434284720304726,-0.0016434284720304726,0.0,-0.00165788717086342
2017-04-19,-0.0013073997128104642,-0.0013073997128104642,0.0,-0.0013216511580871736
2017-04-20,0.00234195783180291,0.00234195783180291,0.0,0.002328085002458986
2017-04-21,-0.0006629536343026876,-0.0006629536343026876,0.0,-0.0006768663697777882
2017-04-24,0.002849726713894496,0.002849726713894496,0.0,0.002835468835447128
2017-04-25,0.0014758203235449852,0.0014758203235449852,0.0,0.0014613339055905975
2017-04-26,-0.00032035832318055846,-0.00032035832318055846,0.0,-0.0003350499263593067
2017-04-27,0.00011140239800622176,0.00011140239800622176,0.0,9.707470672266414e-05
2017-04-28,-0.0007573796605523375,-0.0007573796605523375,0.0,-0.000771530171670742
2017-05-01,0.0009097035772693829,0.0009769842417688412,0.13456132899922238,0.0008953953254017334
2017-05-02,0.0005633994944447274,0.0005633994944447274,0.0,0.0005492688336744588
2017-05-03,-0.0009218288853990453,-0.0009218288853990453,0.0,-0.00093649342196628
2017-05-04,-0.0012662620636616495,-0.0012662620636616495,0.0,-0.0012809093749139768
2017-05-05,0.0017735211782172744,0.0017735211782172744,0.0,0.001758201195515259
2017-05-08,-0.0004084131368012889,-0.0004084131368012889,0.0,-0.00042411679020853613
2017-05-09,0.0009461630949565425,0.0009461630949565425,0.0,0.0009304676174935681
2017-05-10,0.0011799652316475395,0.0011799652316475395,0.0,0.0011644254354826727
2017-05-11,-0.00023863991104289273,-0.00023863991104289273,0.0,-0.0002538532839489952
2017-05-12,0.00047524795914122286,0.00047524795914122286,0.0,0.00046021400895028303
2017-05-15,0.0015734053744718146,0.0015734053744718146,0.0,0.0015578375981609171
2017-05-16,0.00016007059585265715,0.00016007059585265715,0.0,0.000144471794098399
2017-05-17,-0.004750348112950276,-0.004750348112950276,0.0,-0.004765950070576797
2017-05-18,-0.0004977626831147441,-0.0004977626831147441,0.0,-0.0005136190293465028
2017-05-19,0.0024116151116335693,0.0024116151116335693,0.0,0.002395942987204774
2017-05-22,0.0008632871058920077,0.0008632871058920077,0.0,0.0008472174228305944
2017-05-23,0.0007273668977876291,0.0007273668977876291,0.0,0.0007114544479504404
2017-05-24,0.0008769860813866437,0.0008769860813866437,0.0,0.0008608839269729134
2017-05-25,0.0011528718943425442,0.0011528718943425442,0.0,0.0011367518600223666
2017-05-26,0.0004152241519652655,0.0004152241519652655,0.0,0.0003990806400723048
2017-05-30,-0.00018659748058835746,-0.00018659748058835746,0.0,-0.0002027494447726637
2017-05-31,-0.0005596636687171808,-0.0005596636687171808,0.0,-0.0005765139279543181
2017-06-01,0.002539815833189074,0.002624824430215611,0.17001719405294197,0.0025201747004101518
2017-06-02,0.0031209129965614757,0.0031209129965614757,0.0,0.0031012575132055784
2017-06-05,-0.001226888125436143,-0.001226888125436143,0.0,-0.0012463956363954068
2017-06-06,3.9389041220472265e-05,3.9389041220472265e-05,0.0,1.969876887451149e-05
2017-06-07,-0.00011981658246795757,-0.00011981658246795757,0.0,-0.00013991780884913883
2017-06-08,0.00021616988945649673,0.00021616988945649673,0.0,0.0001958658228365584
2017-06-09,-0.002339678639081355,-0.002339678639081355,0.0,-0.002359986808075161
2017-06-12,-0.000523566340144499,-0.000523566340144499,0.0,-0.0005434206367128748
2017-06-13,0.0017742936100997309,0.0017742936100997309,0.0,0.0017540399111143972
2017-06-14,0.00019914786928287853,0.00019914786928287853,0.0,0.00017886046172331806
2017-06-15,-0.002403298615694105,-0.002403298615694105,0.0,-0.0024237947674906144
2017-06-16,0.00021300950218328119,0.00021300950218328119,0.0,0.0001923550727898504
2017-06-19,0.0023242505493503707,0.0023242505493503707,0.0,0.00230359198314224
2017-06-20,-0.0019442377140561629,-0.0019442377140561629,0.0,-0.001964736328254153
2017-06-21,0.00024059910491636138,0.00024059910491636138,0.0,0.00022075169879032773
2017-06-22,0.0011517065819295347,0.0011517065819295347,0.0,0.001132468667002963
2017-06-23,0.0009998418975805112,0.0009998418975805112,0.0,0.0009803783228016557
2017-06-26,0.000694140951780442,0.000694140951780442,0.0,0.0006740439488830947
2017-06-27,-0.0031088749146207517,-0.0031088749146207517,0.0,-0.003129190157157551
2017-06-28,0.002754054571301179,0.002754054571301179,0.0,0.0027335938826247167
2017-06-29,-0.003776785059130816,-0.003776785059130816,0.0,-0.0037977088100663047
2017-06-30,5.301315836869769e-05,5.301315836869769e-05,0.0,3.236794084442503e-05
2017-07-03,-7.158383751004749e-05,0.00017947993691858066,0.5021275488573524,-7.599664600395416e-05
2017-07-05,0.0002044958443268019,0.0002044958443268019,0.0,0.00020014524702214638
2017-07-06,-0.002434699162477849,-0.002434699162477849,0.0,-0.0024390149156328826
2017-07-07,0.0016517325446210318,0.0016517325446210318,0.0,0.0016474636000623289
2017-07-10,0.0003605553374668169,0.0003605553374668169,0.0,0.00035622603247155595
2017-07-11,0.0008669721331087121,0.0008669721331087121,0.0,0.000862629656832419
2017-07-12,0.003113362327666458,0.003113362327666458,0.0,0.003108988207864382
2017-07-13,0.0008781681218199555,0.0008781681218199555,0.0,0.0008736807204165211
2017-07-14,0.001413785593282313,0.001413785593282313,0.0,0.0014093101441793594
2017-07-17,-0.0002897860179816858,-0.0002897860179816858,0.0,-0.00029444541828064586
2017-07-18,0.00021510186208706372,0.00021510186208706372,0.0,0.0002104531890850814
2017-07-19,0.001361267396336574,0.001361267396336574,0.0,0.0013564333668293885
2017-07-20,0.000510321180200668,0.000510321180200668,0.0,0.0005052556097524869
2017-07-21,-0.0005692748598769004,-0.0005692748598769004,0.0,-0.0005744057259506667
2017-07-24,0.0004774655363271041,0.0004774655363271041,0.0,0.0004723127080936788
2017-07-25,0.0006379467033927888,0.0006379467033927888,0.0,0.0006327295803814633
2017-07-26,0.00031144795984960894,0.00031144795984960894,0.0,0.0003064308134687813
2017-07-27,-0.0009058691033828614,-0.0009058691033828614,0.0,-0.0009108077839479821
2017-07-28,-0.00038602839097245933,-0.00038602839097245933,0.0,-0.00039079736059394345
2017-07-31,-4.760423421013016e-06,-4.760423421013016e-06,0.0,-9.470136329654738e-06
2017-08-01,0.0011488141114375239,0.001216981726140709,0.13633522940644677,0.001142836832489992
2017-08-02,0.00017037135912412182,0.00017037135912412182,0.0,0.00016443322749083548
2017-08-03,-0.0011054987310494813,-0.0011054987310494813,0.0,-0.0011114430163611125
2017-08-04,0.0009508376346178959,0.0009508376346178959,0.0,0.0009449333232346226
2017-08-07,0.0006498179720868524,0.0006498179720868524,0.0,0.0006441594373366153
2017-08-08,-0.0012467225801964243,-0.0012467225801964243,0.0,-0.0012525722069282545
2017-08-09,-0.0021062545396144383,-0.0021062545396144383,0.0,-0.002112059952042037
2017-08-10,-0.005902650463209369,-0.005902650463209369,0.0,-0.005908325919343643
2017-08-11,0.00041849331739118867,0.00041849331739118867,0.0,0.00041313299868379856
2017-08-14,0.003317074402763298,0.003317074402763298,0.0,0.0033116995604450493
2017-08-15,0.0005354199357954226,0.0005354199357954226,0.0,0.0005298760043144532
2017-08-16,0.0006902676403097718,0.0006902676403097718,0.0,0.000684814086486234
2017-08-17,-0.004760306933402569,-0.004760306933402569,0.0,-0.004765674554795851
2017-08-18,0.0010442371877654733,0.0010442371877654733,0.0,0.001038923629981276
2017-08-21,0.00016598585320992676,0.00016598585320992676,0.0,0.0001606899375917982
2017-08-22,0.0030043115183762126,0.0030043115183762126,0.0,0.0029990099618686598
2017-08-23,-0.00021527290344847128,-0.00021527290344847128,0.0,-0.00022062167384450618
2017-08-24,0.00023478115532915567,0.00023478115532915567,0.0,0.00022933059557131902
2017-08-25,0.0013154118406593085,0.0013154118406593085,0.0,0.0013098986598152234
2017-08-28,-0.00036262734864678237,-0.00036262734864678237,0.0,-0.0003679657963538264
2017-08-29,-0.00017397709418653928,-0.00017397709418653928,0.0,-0.00017952316134880596
2017-08-30,0.0007977558783118788,0.0007977558783118788,0.0,0.0007922158201978731
2017-08-31,0.0016626694070631665,0.0016626694070631665,0.0,0.0016572120662864097
2017-09-01,0.0001365649576827721,0.00029665360187891565,0.3201772883923717,0.00012256692620347517
2017-09-05,-0.002237326296614217,-0.002237326296614217,0.0,-0.0022514606483825536
2017-09-06,0.0013861466185236537,0.0013861466185236537,0.0,0.0013715129721348048
2017-09-07,0.0013342748809546112,0.0013342748809546112,0.0,0.0013198832635864634
2017-09-08,-0.0009884402535879078,-0.0009884402535879078,0.0,-0.0010027270903124475
2017-09-11,0.0030078964185829005,0.0030078964185829005,0.0,0.002993355868111914
2017-09-12,0.000685667120336575,0.000685667120336575,0.0,0.0006713275795013355
2017-09-13,-0.0007789696123203793,-0.0007789696123203793,0.0,-0.0007933270619174641
2017-09-14,0.0003030332869922159,0.0003030332869922159,0.0,0.0002885556392750551
2017-09-15,0.0011112462877407303,0.0011112462877407303,0.0,0.0010967606437715263
2017-09-18,0.0007559357391886401,0.0007559357391886401,0.0,0.0007412798832069934
2017-09-19,0.0009118893459776345,0.0009118893459776345,0.0,0.0008973545017228878
2017-09-20,-0.0005518372862893806,-0.0005518372862893806,0.0,-0.0005662547782009537
2017-09-21,-0.0006303807626697466,-0.0006303807626697466,0.0,-0.0006447838664799289
2017-09-22,-3.907862207430668e-05,-3.907862207430668e-05,0.0,-5.332423388329993e-05
2017-09-25,-0.001923958666894765,-0.001923958666894765,0.0,-0.001938626376113519
2017-09-26,0.00022422463993998498,0.00022422463993998498,0.0,0.00020946766819643687
2017-09-27,0.0005712529459285243,0.0005712529459285243,0.0,0.0005564899417209481
2017-09-28,0.00032323613686058295,0.00032323613686058295,0.0,0.0003085985189570244
2017-09-29,0.0016170634485159763,0.0016170634485159763,0.0,0.001602417224897099
2017-10-02,0.00048470803880173996,0.0006519420919477437,0.33446810629193147,0.00047800716297408287
2017-10-03,0.002680923445739669,0.002680923445739669,0.0,0.002673849831707961
2017-10-04,-0.0003660554572539887,-0.0003660554572539887,0.0,-0.0003732898132857619
2017-10-05,0.001591678503663374,0.001591678503663374,0.0,0.001584525030016062
2017-10-06,-0.0009546607578163613,-0.0009546607578163613,0.0,-0.000961869078072926
2017-10-09,-0.0006013420453246932,-0.0006013420453246932,0.0,-0.0006085174381156017
2017-10-10,0.001998438406779268,0.001998438406779268,0.0,0.0019912156281000075
2017-10-11,0.0005862516887553681,0.0005862516887553681,0.0,0.000578821831983941
2017-10-12,-0.000611259873068426,-0.000611259873068426,0.0,-0.0006186414998114198
2017-10-13,0.0014043745355010184,0.0014043745355010184,0.0,0.0013970143640688307
2017-10-16,0.0006802046442904164,0.0006802046442904164,0.0,0.0006726567548525787
2017-10-17,-0.0003098757304893507,-0.0003098757304893507,0.0,-0.0003173089521362562
2017-10-18,0.0011062368064482797,0.0011062368064482797,0.0,0.0010988144422127246
2017-10-19,-0.0015389689348068725,-0.0015389689348068725,0.0,-0.001546499746220559
2017-10-20,0.0015805365739025579,0.0015805365739025579,0.0,0.0015729909868429297
2017-10-23,-0.0018766999695397635,-0.0018766999695397635,0.0,-0.001884232163403892
2017-10-24,0.0012200097185177672,0.0012200097185177672,0.0,0.0012124056885423724
2017-10-25,-0.001292219713205478,-0.001292219713205478,0.0,-0.0012998676669953974
2017-10-26,-0.000599681594441237,-0.000599681594441237,0.0,-0.0006072138610915192
2017-10-27,0.003237774947882688,0.003237774947882688,0.0,0.0032303330224502224
2017-10-30,-0.0016872360363209271,-0.0016872360363209271,0.0,-0.0016949321882256327
2017-10-31,0.001539786489370698,0.001539786489370698,0.0,0.0015319428661767283
2017-11-01,0.00019267539527079158,0.00028394445176971317,0.18253811299770686,0.000177906913733508
2017-11-02,0.000652218136548699,0.000652218136548699,0.0,0.0006376584739587976
2017-11-03,0.00035147136357216446,0.00035147136357216446,0.0,0.00033676466445688456
2017-11-06,0.0011115238307035646,0.0011115238307035646,0.0,0.0010966792488314836
2017-11-07,-0.0006534343716911861,-0.0006534343716911861,0.0,-0.000668695550410073
2017-11-08,0.0007897908027643119,0.0007897908027643119,0.0,0.0007744237814379912
2017-11-09,-0.002167306173073924,-0.002167306173073924,0.0,-0.0021828261729272954
2017-11-10,-0.0006616075692020829,-0.0006616075692020829,0.0,-0.0006769294981551126
2017-11-13,-0.00048497014071735567,-0.00048497014071735567,0.0,-0.0005003968734178013
2017-11-14,-0.0016733425744180908,-0.0016733425744180908,0.0,-0.0016890059370289914
2017-11-15,-0.001720348565664609,-0.001720348565664609,0.0,-0.001735829841258429
2017-11-16,0.005109070093758605,0.005109070093758605,0.0,0.005093395459021243
2017-11-17,-0.0005176185217509177,-0.0005176185217509177,0.0,-0.0005335923954305693
2017-11-20,0.0012263642913779016,0.0012263642913779016,0.0,0.0012101547655314106
2017-11-21,0.003761723565894437,0.003761723565894437,0.0,0.0037454716792618176
2017-11-22,0.00046802602549944616,0.00046802602549944616,0.0,0.0004517726684416718
2017-11-24,0.0015000526757047439,0.0015000526757047439,0.0,0.0014839114510483485
2017-11-27,-0.002309326223779329,-0.002309326223779329,0.0,-0.0023253896548601468
2017-11-28,0.002493288136841132,0.002493288136841132,0.0,0.0024769186801084516
2017-11-29,-0.002273821795853559,-0.002273821795853559,0.0,-0.002290148313300146
2017-11-30,0.0009448662448590106,0.0009448662448590106,0.0,0.0009288732615088273
2017-12-01,-0.0006256264049623317,-0.00044470816546271497,0.3618364789993738,-0.0006564933830430677
2017-12-04,-0.0017462117362827545,-0.0017462117362827545,0.0,-0.0017778612051556003
2017-12-05,-0.0007921016983311047,-0.0007921016983311047,0.0,-0.0008237176789311839
2017-12-06,-0.0012262861956904292,-0.0012262861956904292,0.0,-0.001257886973583288
2017-12-07,0.0003820724657186414,0.0003820724657186414,0.0,0.0003507419496550088
2017-12-08,0.0020715211510615728,0.0020715211510615728,0.0,0.002040430107383253
2017-12-11,0.0013633805105877084,0.0013633805105877084,0.0,0.0013310150548424254
2017-12-12,-0.00022732062904062822,-0.00022732062904062822,0.0,-0.0002599600645329606
2017-12-13,0.0027119661696841657,0.0027119661696841657,0.0,0.0026803201606486003
2017-12-14,-0.0019681622914855534,-0.0019681622914855534,0.0,-0.002000355365900279
2017-12-15,0.0018345770305521203,0.0018345770305521203,0.0,0.0018026695472307865
2017-12-18,0.003259785575145946,0.003259785575145946,0.0,0.003226109450526569
2017-12-19,-0.003457520561358285,-0.003457520561358285,0.0,-0.0034910145156752436
2017-12-20,-0.0008946973748197307,-0.0008946973748197307,0.0,-0.0009283692573805381
2017-12-21,0.0019484222956300812,0.0019484222956300812,0.0,0.0019155109496289432
2017-12-22,0.0012760744348503383,0.0012760744348503383,0.0,0.001243619944328755
2017-12-26,0.0006805746795430778,0.0006805746795430778,0.0,0.0006446242207306602
2017-12-27,0.001584249765317125,0.001584249765317125,0.0,0.001549028729802731
2017-12-28,0.0011276919108369476,0.0011276919108369476,0.0,0.0010936788100121724
2017-12-29,0.0005372359355542144,0.0005372359355542144,0.0,0.0005031999098201045
2018-01-02,0.003257633631021717,0.0033613166471762046,0.20736603230908282,0.0032247943563527134
2018-01-03,0.002928572052360634,0.002928572052360634,0.0,0.0028964895347729364
2018-01-04,0.0025709547952796896,0.0025709547952796896,0.0,0.002538804894676797
2018-01-05,0.0016717244036519308,0.0016717244036519308,0.0,0.0016399789375437515
2018-01-08,8.665652209693953e-05,8.665652209693953e-05,0.0,5.348133964048822e-05
2018-01-09,-0.0020106325587583296,-0.0020106325587583296,0.0,-0.002043577775040251
2018-01-10,-0.00020475329548119703,-0.00020475329548119703,0.0,-0.00023718800711080375
2018-01-11,0.004057626053750374,0.004057626053750374,0.0,0.004024964434469334
2018-01-12,0.004180481013543513,0.004180481013543513,0.0,0.004147725270978194
2018-01-16,6.680401206993203e-05,6.680401206993203e-05,0.0,3.3485709864160063e-05
2018-01-17,0.002181675730235755,0.002181675730235755,0.0,0.0021485888691323103
2018-01-18,-0.0016668230333909406,-0.0016668230333909406,0.0,-0.001700193897594212
2018-01-19,0.001909668007715526,0.001909668007715526,0.0,0.0018765692605999783
2018-01-22,0.00275967244772346,0.00275967244772346,0.0,0.00272629598272552
2018-01-23,0.0034475693274635955,0.0034475693274635955,0.0,0.0034143623992115455
2018-01-24,0.0016722148786965096,0.0016722148786965096,0.0,0.00163916285149469
2018-01-25,-0.00023502866326241545,-0.00023502866326241545,0.0,-0.0002678842381691836
2018-01-26,0.003788042909197875,0.003788042909197875,0.0,0.0037554273152521824
2018-01-29,-0.005181877270571178,-0.005181877270571178,0.0,-0.005215518962988677
2018-01-30,-0.004939775933681556,-0.004939775933681556,0.0,-0.004973062863622798
2018-01-31,0.001992962260028097,0.001992962260028097,0.0,0.0019593226006182096
2018-02-01,-0.0012970987171484483,-0.0010413423100188446,0.5115128142592675,-0.0013029898476623314
2018-02-02,-0.008364887429530787,-0.008364887429530787,0.0,-0.008370799986438835
2018-02-05,-0.013000203854378278,-0.013000203854378278,0.0,-0.0130057900394245
2018-02-06,0.0058159865241431685,0.0058159865241431685,0.0,0.005811072790035047
2018-02-07,-0.0060141116350487245,-0.0060141116350487245,0.0,-0.006019445734257429
2018-02-08,-0.011003716390809659,-0.011003716390809659,0.0,-0.011008715412198937
2018-02-09,0.0017703430203586112,0.0017703430203586112,0.0,0.0017659638950977942
2018-02-12,0.005607630101354566,0.005607630101354566,0.0,0.0056029172403559546
2018-02-13,0.0007622610356436965,0.0007622610356436965,0.0,0.000757343475958736
2018-02-14,0.00715741217124366,0.00715741217124366,0.0,0.007152482503700475
2018-02-15,0.005341466920083304,0.005341466920083304,0.0,0.005336132356315445
2018-02-16,0.0006597059337409839,0.0006597059337409839,0.0,0.0006539624397643395
2018-02-20,-0.003928772133842795,-0.003928772133842795,0.0,-0.003934735240184243
2018-02-21,-0.0026127465075502787,-0.0026127465075502787,0.0,-0.002618406566240653
2018-02-22,0.0014743161613410827,0.0014743161613410827,0.0,0.0014688436685194076
2018-02-23,0.005165922269548595,0.005165922269548595,0.0,0.00516036377927754
2018-02-26,0.0036349325604199123,0.0036349325604199123,0.0,0.003628928741363747
2018-02-27,-0.006770565131327677,-0.006770565131327677,0.0,-0.006776746653289371
2018-02-28,-0.0038670081577092397,-0.0038670081577092397,0.0,-0.0038727529455764905
2018-03-01,-0.0032318554324405335,-0.003009198285382597,0.44531429411562695,-0.0032193245808800545
2018-03-02,0.0019238104967476133,0.0019238104967476133,0.0,0.0019366426304508496
2018-03-05,0.0006964108095115495,0.0006964108095115495,0.0,0.0007094863512434578
2018-03-06,0.0013573842753329401,0.0013573842753329401,0.0,0.0013702486665227982
2018-03-07,-0.00011681219815284916,-0.00011681219815284916,0.0,-0.00010405400109042635
2018-03-08,-0.0006808708840708722,-0.0006808708840708722,0.0,-0.0006681809250091865
2018-03-09,0.0024582904750649615,0.0024582904750649615,0.0,0.002471033421072397
2018-03-12,0.00020470545868911394,0.00020470545868911394,0.0,0.00021756371290217774
2018-03-13,-0.0010832392537430957,-0.0010832392537430957,0.0,-0.0010702443946889269
2018-03-14,7.253953515995448e-05,7.253953515995448e-05,0.0,8.585250161859069e-05
2018-03-15,-0.0005734805934460852,-0.0005734805934460852,0.0,-0.0005600966529711145
2018-03-16,0.00019698699713166512,0.00019698699713166512,0.0,0.00021049542866931404
2018-03-19,-0.0012844591146172757,-0.0012844591146172757,0.0,-0.0012708128251379626
2018-03-20,0.00015314593933513088,0.00015314593933513088,0.0,0.00016697782064876355
2018-03-21,0.0011281479703650898,0.0011281479703650898,0.0,0.0011414234761542965
2018-03-22,-0.0036682613035197154,-0.0036682613035197154,0.0,-0.003655231423978682
2018-03-23,-0.0020187052554080376,-0.0020187052554080376,0.0,-0.002005222801212811
2018-03-26,0.004237406701782964,0.004237406701782964,0.0,0.004251452723501402
2018-03-27,-0.002802590049655329,-0.002802590049655329,0.0,-0.002789053584173302
2018-03-28,-0.001365425666905562,-0.001365425666905562,0.0,-0.001351973620351784
2018-03-29,0.002142761619958966,0.002142761619958966,0.0,0.0021563242973895776
2018-04-02,-0.0028960259163498536,-0.0028165774013297895,0.15889703003995742,-0.002887815649167819
2018-04-03,0.0011043486929156465,0.0011043486929156465,0.0,0.0011126357435927126
2018-04-04,0.0009339730012731806,0.0009339730012731806,0.0,0.000941984858710994
2018-04-05,-0.00014255317569755732,-0.00014255317569755732,0.0,-0.00013456372605335901
2018-04-06,-0.0018527742001188674,-0.0018527742001188674,0.0,-0.001844726711747192
2018-04-09,0.000979915136515519,0.000979915136515519,0.0,0.000988247271371658
2018-04-10,0.0029856351807349135,0.0029856351807349135,0.0,0.0029937964986921934
2018-04-11,0.0004480440470080449,0.0004480440470080449,0.0,0.00045593267350182623
2018-04-12,0.00020745062510929557,0.00020745062510929557,0.0,0.00021539791745240692
2018-04-13,-0.0003766211442010059,-0.0003766211442010059,0.0,-0.0003686435432782086
2018-04-16,0.0004365361910017018,0.0004365361910017018,0.0,0.0004446815032206623
2018-04-17,0.0009870826826272605,0.0009870826826272605,0.0,0.0009952400525715208
2018-04-18,0.00077263618385226,0.00077263618385226,0.0,0.0007807618973743143
2018-04-19,-0.0012782313715559157,-0.0012782313715559157,0.0,-0.0012701211559011548
2018-04-20,-0.0015778924564656682,-0.0015778924564656682,0.0,-0.0015697268239391053
2018-04-23,-0.0006465591212969635,-0.0006465591212969635,0.0,-0.0006379895096093086
2018-04-24,-0.0012745162815225308,-0.0012745162815225308,0.0,-0.0012658938858676199
2018-04-25,-0.0008138619858800711,-0.0008138619858800711,0.0,-0.000805230262246643
2018-04-26,0.001054433057870341,0.001054433057870341,0.0,0.0010629872723328323
2018-04-27,0.000171804790415786,0.000171804790415786,0.0,0.00018022785461796478
2018-04-30,-0.0007907974798578854,-0.0007907974798578854,0.0,-0.0007821045301104435
2018-05-01,-0.0009160374883968592,-0.0007919679327902385,0.24813911121293658,-0.0008928819423048289
2018-05-02,-0.0009272192783145172,-0.0009272192783145172,0.0,-0.000904187855161805
2018-05-03,-7.498147307627434e-05,-7.498147307627434e-05,0.0,-5.1989747035267026e-05
2018-05-04,0.0012528135260356787,0.0012528135260356787,0.0,0.0012758123323805702
2018-05-07,-7.062948307268169e-05,-7.062948307268169e-05,0.0,-4.736748436044296e-05
2018-05-08,-7.494576254707397e-06,-7.494576254707397e-06,0.0,1.590134671990566e-05
2018-05-09,0.001144978417672915,0.001144978417672915,0.0,0.0011685022189008134
2018-05-10,0.0016856790036561264,0.0016856790036561264,0.0,0.001709218498041523
2018-05-11,-3.489493029473767e-05,-3.489493029473767e-05,0.0,-1.1267907647517511e-05
2018-05-14,0.000499101726791018,0.000499101726791018,0.0,0.0005229835650650444
2018-05-15,-0.0011904782423330929,-0.0011904782423330929,0.0,-0.0011667713627187808
2018-05-16,0.0007861856506572451,0.0007861856506572451,0.0,0.0008098841230179805
2018-05-17,-0.0006837104513939263,-0.0006837104513939263,0.0,-0.000660089201666144
2018-05-18,-0.0010281520217504392,-0.0010281520217504392,0.0,-0.0010045895714179524
2018-05-21,0.000943624173584956,0.000943624173584956,0.0,0.0009676668700875109
2018-05-22,-0.0001379946742986471,-0.0001379946742986471,0.0,-0.00011404572287264583
2018-05-23,-0.0012135557676081765,-0.0012135557676081765,0.0,-0.0011898453436547
2018-05-24,-0.0009125967809089364,-0.0009125967809089364,0.0,-0.0008888936576267664
2018-05-25,-0.0021230192967384154,-0.0021230192967384154,0.0,-0.002099353972894015
2018-05-29,-0.004159152662324028,-0.004159152662324028,0.0,-0.004134766565715146
2018-05-30,0.0029925144064648634,0.0029925144064648634,0.0,0.003017317248788509
2018-05-31,-0.0002886956429116738,-0.0002886956429116738,0.0,-0.0002643207227436599
2018-06-01,0.0010051238993447065,0.001110152220604288,0.2100566425192502,0.0010213478542929263
2018-06-04,0.0012130591717633976,0.0012130591717633976,0.0,0.0012295038417849853
2018-06-05,-0.00023662252393841232,-0.00023662252393841232,0.0,-0.00022028960889247938
2018-06-06,0.0013296917300882338,0.0013296917300882338,0.0,0.001346046449514105
2018-06-07,-0.0008898216158368388,-0.0008898216158368388,0.0,-0.0008736742487699012
2018-06-08,0.00020200347863452706,0.00020200347863452706,0.0,0.00021814696099975832
2018-06-11,0.0005046727876840684,0.0005046727876840684,0.0,0.0005209684981791934
2018-06-12,1.0059403906081954e-05,1.0059403906081954e-05,0.0,2.6138513541056924e-05
2018-06-13,-7.07560140691399e-05,-7.07560140691399e-05,0.0,-5.459275081992497e-05
2018-06-14,-0.0007214185999752099,-0.0007214185999752099,0.0,-0.0007052488578406544
2018-06-15,-0.001534130126763955,-0.001534130126763955,0.0,-0.0015178942791146987
2018-06-18,-0.00011885041095338611,-0.00011885041095338611,0.0,-0.000102387578023327
2018-06-19,-0.001344433285548674,-0.001344433285548674,0.0,-0.0013279594865942947
2018-06-20,0.0007021343114330669,0.0007021343114330669,0.0,0.0007186454242224442
2018-06-21,-0.0015757660543109786,-0.0015757660543109786,0.0,-0.0015593194279603536
2018-06-22,0.0017013623477679651,0.0017013623477679651,0.0,0.0017178666022252698
2018-06-25,-0.0023948846020560577,-0.0023948846020560577,0.0,-0.00237844926328752
2018-06-26,0.000875177143734529,0.000875177143734529,0.0,0.0008918329379042453
2018-06-27,-0.0016683080643498105,-0.0016683080643498105,0.0,-0.0016518200005170625
2018-06-28,0.0009098183118376735,0.0009098183118376735,0.0,0.0009264592610049418
2018-06-29,0.0010685425616137056,0.0010685425616137056,0.0,0.0010851002099559234
2018-07-02,-0.0009498525662852142,-0.0008704659275247106,0.15877327752106848,-0.0009379497309616282
2018-07-03,-0.00042249765646207305,-0.00042249765646207305,0.0,-0.0004107349121257035
2018-07-05,0.0010462614926718405,0.0010462614926718405,0.0,0.0010579400960828876
2018-07-06,0.0014941871799485362,0.0014941871799485362,0.0,0.0015058342931484954
2018-07-09,0.002026115044256649,0.002026115044256649,0.0,0.0020377498467304654
2018-07-10,-5.2250040445955825e-05,-5.2250040445955825e-05,0.0,-4.079522944878769e-05
2018-07-11,-0.0032192722974060395,-0.0032192722974060395,0.0,-0.00320793037734448
2018-07-12,0.0014583567375268114,0.0014583567375268114,0.0,0.0014700428777483787
2018-07-13,0.0003810202203859969,0.0003810202203859969,0.0,0.000392577236035656
2018-07-16,-0.0013655808427628369,-0.0013655808427628369,0.0,-0.0013538199565691904
2018-07-17,0.0008348466038992086,0.0008348466038992086,0.0,0.0008467310148544288
2018-07-18,0.0003398686415210239,0.0003398686415210239,0.0,0.0003515583163221958
2018-07-19,-0.00047485310802353187,-0.00047485310802353187,0.0,-0.00046319383007299204
2018-07-20,0.0005432944061751765,0.0005432944061751765,0.0,0.0005549364708700679
2018-07-23,0.0004285880684193888,0.0004285880684193888,0.0,0.0004402412486709152
2018-07-24,0.0008904177742212749,0.0008904177742212749,0.0,0.000902151160909027
2018-07-25,0.0018643384619014824,0.0018643384619014824,0.0,0.0018759326573266647
2018-07-26,-0.0004965908309544353,-0.0004965908309544353,0.0,-0.00048527969516825773
2018-07-27,-0.0011642371696410914,-0.0011642371696410914,0.0,-0.0011528237364928217
2018-07-30,-0.000535188880009918,-0.000535188880009918,0.0,-0.0005233776750346682
2018-07-31,0.0002672854191698715,0.0002672854191698715,0.0,0.00027902764695864356
2018-08-01,-0.000569002506494054,-0.0004505282940018285,0.23694842498437743,-0.0005457759315118237
2018-08-02,0.0006814955081895224,0.0006814955081895224,0.0,0.00070461684104873
2018-08-03,-9.413874444885728e-05,-9.413874444885728e-05,0.0,-7.120309218294406e-05
2018-08-06,0.00013290865557213927,0.00013290865557213927,0.0,0.0001564361918869521
2018-08-07,0.0011570038242845193,0.0011570038242845193,0.0,0.0011805175816283983
2018-08-08,-0.0009457238795558265,-0.0009457238795558265,0.0,-0.0009223299330548576
2018-08-09,-0.00020376768523422406,-0.00020376768523422406,0.0,-0.0001802757137896162
2018-08-10,-0.0013344723988675256,-0.0013344723988675256,0.0,-0.001311075703922183
2018-08-13,-0.00022169593014176314,-0.00022169593014176314,0.0,-0.0001979272144010642
2018-08-14,0.0009094117475727526,0.0009094117475727526,0.0,0.0009333207979356615
2018-08-15,-0.002196502343617901,-0.002196502343617901,0.0,-0.00217280530301792
2018-08-16,0.0009546628375247668,0.0009546628375247668,0.0,0.000978589373283185
2018-08-17,-1.7862297327142507e-05,-1.7862297327142507e-05,0.0,5.7298407511292105e-06
2018-08-20,5.1539192958305335e-05,5.1539192958305335e-05,0.0,7.536794322265378e-05
2018-08-21,0.0008226910033732882,0.0008226910033732882,0.0,0.0008466317305377257
2018-08-22,0.0008409151238466528,0.0008409151238466528,0.0,0.0008648865611707788
2018-08-23,0.00011358764956681533,0.00011358764956681533,0.0,0.00013735409340681647
2018-08-24,0.0005949724060101413,0.0005949724060101413,0.0,0.00061884340031055
2018-08-27,0.00128995270080412,0.00128995270080412,0.0,0.0013141095452390702
2018-08-28,0.0007062445465553235,0.0007062445465553235,0.0,0.0007303794126573219
2018-08-29,0.0011377975430895138,0.0011377975430895138,0.0,0.0011618568439850203
2018-08-30,-0.0011119500147259709,-0.0011119500147259709,0.0,-0.0010882413839378192
2018-08-31,0.00011565550864789387,0.00011565550864789387,0.0,0.0001394819720235565
2018-09-04,-0.0009326364268035237,-0.000733815050444897,0.3976427527173489,-0.0008845068743602333
2018-09-05,-0.0013387766046389915,-0.0013387766046389915,0.0,-0.0012903005628581933
2018-09-06,-0.0013517850830677691,-0.0013517850830677691,0.0,-0.0013033640211397885
2018-09-07,0.0007141913365233954,0.0007141913365233954,0.0,0.0007630227364885
2018-09-10,2.542922641834977e-05,2.542922641834977e-05,0.0,7.439838415729385e-05
2018-09-11,0.002028144389073505,0.002028144389073505,0.0,0.0020771101724572924
2018-09-12,-0.00043293499660901347,-0.00043293499660901347,0.0,-0.0003840070026084601
2018-09-13,0.000662004380753034,0.000662004380753034,0.0,0.0007107589395998114
2018-09-14,0.0010759737141472492,0.0010759737141472492,0.0,0.0011248712744228217
2018-09-17,-0.0012440204904156094,-0.0012440204904156094,0.0,-0.0011950359327645114
2018-09-18,0.0022342635639456265,0.0022342635639456265,0.0,0.0022834144156142974
2018-09-19,0.0002053823581218417,0.0002053823581218417,0.0,0.00025400585505542926
2018-09-20,0.00034589728171474654,0.00034589728171474654,0.0,0.0003947227471773948
2018-09-21,0.0003271346124813501,0.0003271346124813501,0.0,0.00037614297980356314
2018-09-24,0.00017565635478100639,0.00017565635478100639,0.0,0.00022553614920472716
2018-09-25,6.403998630499785e-05,6.403998630499785e-05,0.0,0.00011366713104505244
2018-09-26,-0.0008069073500942547,-0.0008069073500942547,0.0,-0.0007575175539372924
2018-09-27,0.0013719654806025883,0.0013719654806025883,0.0,0.0014210060581191144
2018-09-28,-0.0001297764595856732,-0.0001297764595856732,0.0,-8.069111649873403e-05
2018-10-01,0.001441695443409774,0.0014851236251807176,0.08685636354202429,0.001494396981895025
2018-10-02,-0.0021320484784786986,-0.0021320484784786986,0.0,-0.002079448347552732
2018-10-03,0.001986398944330059,0.001986398944330059,0.0,0.0020392971419431524
2018-10-04,-0.002092935753038372,-0.002092935753038372,0.0,-0.0020405549880765958
2018-10-05,-0.0012227323068427776,-0.0012227323068427776,0.0,-0.001170060247090721
2018-10-08,0.00010604087191978806,0.00010604087191978806,0.0,0.00015888331988891567
2018-10-09,-0.0005038561833790034,-0.0005038561833790034,0.0,-0.00045030152435781103
2018-10-10,-0.005664640988259584,-0.005664640988259584,0.0,-0.005610529820170686
2018-10-11,-0.00515130613365733,-0.00515130613365733,0.0,-0.005096628861533023
2018-10-12,0.0022854843073856212,0.0022854843073856212,0.0,0.0023411504767174686
2018-10-15,-0.001430668798740875,-0.001430668798740875,0.0,-0.001374338749516986
2018-10-16,0.0039457938205944565,0.0039457938205944565,0.0,0.004002084559236513
2018-10-17,-0.00013423612077656522,-0.00013423612077656522,0.0,-7.82725633309609e-05
2018-10-18,-0.0033288926023831156,-0.0033288926023831156,0.0,-0.003272909438070175
2018-10-19,0.0006863126681961873,0.0006863126681961873,0.0,0.0007425349119942891
2018-10-22,0.00023152220797562073,0.00023152220797562073,0.0,0.0002886376970027935
2018-10-23,-0.0031539118498566943,-0.0031539118498566943,0.0,-0.003097078886257182
2018-10-24,-0.006337955595047573,-0.006337955595047573,0.0,-0.006280655305905541
2018-10-25,0.004124816989746316,0.004124816989746316,0.0,0.004183062384754919
2018-10-26,-0.003956334535832218,-0.003956334535832218,0.0,-0.0038989533720535977
2018-10-29,-0.0009193315356118559,-0.0009193315356118559,0.0,-0.0008608545798666572
2018-10-30,0.0032248902805942503,0.0032248902805942503,0.0,0.0032832501832339143
2018-10-31,0.00195827940881399,0.00195827940881399,0.0,0.0020161595986862386
2018-11-01,-0.0016134051450155118,-0.0013737179324806448,0.4793744250694401,-0.0015466282914218521
2018-11-02,0.0011531926426386896,0.0011531926426386896,0.0,0.001220478002657354
2018-11-05,-0.0002637736308906957,-0.0002637736308906957,0.0,-0.00019549273392913526
2018-11-06,0.0002844075523973366,0.0002844075523973366,0.0,0.00035243625857618783
2018-11-07,0.00015024223965154349,0.00015024223965154349,0.0,0.00021851984017624777
2018-11-08,0.0009297798294749526,0.0009297798294749526,0.0,0.0009974449512503267
2018-11-09,-0.00038887867728043535,-0.00038887867728043535,0.0,-0.000321067638477226
2018-11-12,-0.0006134215332240789,-0.0006134215332240789,0.0,-0.0005455484528150531
2018-11-13,-0.0009454071204462178,-0.0009454071204462178,0.0,-0.0008765533745191144
2018-11-14,-0.0007817305356351278,-0.0007817305356351278,0.0,-0.0007130186631494978
2018-11-15,-2.683340086717667e-05,-2.683340086717667e-05,0.0,4.1709121503861785e-05
2018-11-16,-0.0016837604457697886,-0.0016837604457697886,0.0,-0.001615509074160695
2018-11-19,-0.0009757948763307045,-0.0009757948763307045,0.0,-0.0009063839026358824
2018-11-20,-0.00015382369627392478,-0.00015382369627392478,0.0,-8.42542275237164e-05
2018-11-21,-6.612062710464883e-05,-6.612062710464883e-05,0.0,4.0686549756252115e-06
2018-11-23,-0.00013058233059504154,-0.00013058233059504154,0.0,-6.03822145898694e-05
2018-11-26,0.0005436982399866785,0.0005436982399866785,0.0,0.0006142173036114783
2018-11-27,0.0005724670591580328,0.0005724670591580328,0.0,0.0006425995253210667
2018-11-28,-0.0007660469411311377,-0.0007660469411311377,0.0,-0.0006963049562488429
2018-11-29,-0.00044368559999119483,-0.00044368559999119483,0.0,-0.0003747105752569662
2018-11-30,0.00016114710803893928,0.00016114710803893928,0.0,0.00023019361495973186
2018-12-03,8.412017716041831e-05,0.00022502683129044243,0.28181330826022905,0.00013800842629676125
2018-12-04,-0.0016176781538803642,-0.0016176781538803642,0.0,-0.0015628591372277858
2018-12-06,-0.00047000328033830474,-0.00047000328033830474,0.0,-0.0004154051085785302
2018-12-07,-0.0018740147554374698,-0.0018740147554374698,0.0,-0.0018195785169814905
2018-12-10,0.0007433205573688095,0.0007433205573688095,0.0,0.0007984997361816816
2018-12-11,0.0007769434336382108,0.0007769434336382108,0.0,0.0008320117714948843
2018-12-12,-0.00044330553703519904,-0.00044330553703519904,0.0,-0.00038788922910505886
2018-12-13,-0.000682040972247222,-0.000682040972247222,0.0,-0.0006267901709829886
2018-12-14,0.0002590751179181172,0.0002590751179181172,0.0,0.0003141955116550191
2018-12-17,-0.0014993799707174738,-0.0014993799707174738,0.0,-0.0014445306251726444
2018-12-18,-0.0005414643104517669,-0.0005414643104517669,0.0,-0.0004868586871511784
2018-12-19,-0.0006028320048071523,-0.0006028320048071523,0.0,-0.000547912793653616
2018-12-20,-0.0007670522869900331,-0.0007670522869900331,0.0,-0.000712277777522419
2018-12-21,0.0004755942585328299,0.0004755942585328299,0.0,0.0005304820961255893
2018-12-24,-0.0017084579754775842,-0.0017084579754775842,0.0,-0.001652000528282119
2018-12-26,0.001746110459492689,0.001746110459492689,0.0,0.0018023575081982345
2018-12-27,-0.001054772767850376,-0.001054772767850376,0.0,-0.0009994918003507955
2018-12-28,-0.0017593960872130943,-0.0017593960872130943,0.0,-0.0017041927724018575
2018-12-31,-0.0007235325766007383,-0.0007235325766007383,0.0,-0.0006668875005191632
2019-01-02,-0.0007500451929729479,-0.0005106845534296189,0.47872127908664003,-0.0007250959433183112
2019-01-03,-0.0007728494161346466,-0.0007728494161346466,0.0,-0.0007478994576958823
2019-01-04,-0.0011189109531369867,-0.0011189109531369867,0.0,-0.0010937631544263259
2019-01-07,-0.0010173903800301254,-0.0010173903800301254,0.0,-0.000991682373968421
2019-01-08,-0.0006142620453514214,-0.0006142620453514214,0.0,-0.0005884304604354735
2019-01-09,-0.0017807766704556194,-0.0017807766704556194,0.0,-0.0017549779222002756
2019-01-10,0.000688484665790412,0.000688484665790412,0.0,0.0007142825492092214
2019-01-11,0.0001082457027796746,0.0001082457027796746,0.0,0.00013396085815655946
2019-01-14,0.0007640512950009004,0.0007640512950009004,0.0,0.0007899694294792164
2019-01-15,-0.00015120783083388822,-0.00015120783083388822,0.0,-0.00012538219525587996
2019-01-16,-0.00041148348395636525,-0.00041148348395636525,0.0,-0.0003858549060269189
2019-01-17,-0.0002866237349213874,-0.0002866237349213874,0.0,-0.00026105361937030924
2019-01-18,-0.000377092515050359,-0.000377092515050359,0.0,-0.00035159613987566273
2019-01-22,0.0007415727283881512,0.0007415727283881512,0.0,0.0007673305018955864
2019-01-23,-0.00033494441570358635,-0.00033494441570358635,0.0,-0.00030949141819773437
2019-01-24,-9.050372986219024e-05,-9.050372986219024e-05,0.0,-6.544290895915434e-05
2019-01-25,-0.0012107432192494105,-0.0012107432192494105,0.0,-0.0011854556642510463
2019-01-28,0.0004253723046014901,0.0004253723046014901,0.0,0.0004511291114191627
2019-01-29,-0.000521914847144922,-0.000521914847144922,0.0,-0.000496208980143594
2019-01-30,-0.0016674336651630872,-0.0016674336651630872,0.0,-0.0016416652644020953
2019-01-31,-0.0005405265414890614,-0.0005405265414890614,0.0,-0.0005146675935910675
2019-02-01,-0.00030716878981273954,-0.00010488253420115612,0.4045725112230455,-0.0003125293577704931
2019-02-04,-8.381445328775605e-06,-8.381445328775605e-06,0.0,-1.3783145166292256e-05
2019-02-05,0.00036951941793850196,0.00036951941793850196,0.0,0.0003641184610881381
2019-02-06,0.00045657905317764147,0.00045657905317764147,0.0,0.00045114535176401225
2019-02-07,0.001034858092021862,0.001034858092021862,0.0,0.0010293839498140406
2019-02-08,0.0004922809749829948,0.0004922809749829948,0.0,0.000486691782552162
2019-02-11,0.0004565251999071318,0.0004565251999071318,0.0,0.0004508449518483517
2019-02-12,-0.0007759366902186926,-0.0007759366902186926,0.0,-0.0007816101290780535
2019-02-13,0.000406133936488251,0.000406133936488251,0.0,0.00040050588345866603
2019-02-14,0.0003912500096243665,0.0003912500096243665,0.0,0.0003856094386671027
2019-02-15,-0.0008039904462301406,-0.0008039904462301406,0.0,-0.0008096657481152851
2019-02-19,-0.0004751751149523198,-0.0004751751149523198,0.0,-0.00048084962694709894
2019-02-20,-2.8742729597852623e-05,-2.8742729597852623e-05,0.0,-3.435110608779807e-05
2019-02-21,-5.3499678728252675e-05,-5.3499678728252675e-05,0.0,-5.9105478941378985e-05
2019-02-22,8.439131582660409e-05,8.439131582660409e-05,0.0,7.87669736496194e-05
2019-02-25,7.427120835634682e-05,7.427120835634682e-05,0.0,6.86159016733192e-05
2019-02-26,-0.00018772788428533804,-0.00018772788428533804,0.0,-0.00019334310929547332
2019-02-27,-4.2958252731373214e-05,-4.2958252731373214e-05,0.0,-4.855664987063642e-05
2019-02-28,0.00040051242580729784,0.00040051242580729784,0.0,0.00039491787959826955
2019-03-01,7.074909999182921e-05,0.00015187613696165947,0.16225407393948055,5.540317480003168e-05
2019-03-04,0.0007281379700654345,0.0007281379700654345,0.0,0.0007126309857595437
2019-03-05,3.447084119345689e-05,3.447084119345689e-05,0.0,1.8905555146373393e-05
2019-03-06,0.0002875551210601568,0.0002875551210601568,0.0,0.0002719870750405536
2019-03-07,0.0016986699476706502,0.0016986699476706502,0.0,0.0016831435778375244
2019-03-08,-0.0006315772582936585,-0.0006315772582936585,0.0,-0.0006473040588565635
2019-03-11,0.0003989456835475913,0.0003989456835475913,0.0,0.0003832693830307574
2019-03-12,-5.6268443298646e-05,-5.6268443298646e-05,0.0,-7.197663024088665e-05
2019-03-13,-0.00048590778915047483,-0.00048590778915047483,0.0,-0.0005015463179500943
2019-03-14,0.000305291017087983,0.000305291017087983,0.0,0.000289691185140811
2019-03-15,-0.00035988891700733383,-0.00035988891700733383,0.0,-0.00037551305438067673
2019-03-18,-0.0004263980064216355,-0.0004263980064216355,0.0,-0.00044192850015326837
2019-03-19,-0.00020523175352904488,-0.00020523175352904488,0.0,-0.00022085809405226277
2019-03-20,-2.0935747960804107e-06,-2.0935747960804107e-06,0.0,-1.7768263086662905e-05
2019-03-21,0.0008830299455493407,0.0008830299455493407,0.0,0.0008672906547485852
2019-03-22,0.0008542416571259981,0.0008542416571259981,0.0,0.0008385613055345657
2019-03-25,3.0098651807142218e-05,3.0098651807142218e-05,0.0,1.4350057987509437e-05
2019-03-26,0.0007403478017071752,0.0007403478017071752,0.0,0.0007245968034891765
2019-03-27,0.0006889597738213293,0.0006889597738213293,0.0,0.0006732808815892475
2019-03-28,0.001115807401039337,0.001115807401039337,0.0,0.0011001398367652593
2019-03-29,0.00034652087638464835,0.00034652087638464835,0.0,0.00033096410730666567
2019-04-01,-0.0011408845568856574,-0.0010139629054457533,0.25384330287972623,-0.0011757485207687117
2019-04-02,0.0005975133003606192,0.0005975133003606192,0.0,0.0005627902117715868
2019-04-03,-0.0011382709217760967,-0.0011382709217760967,0.0,-0.0011733227571920524
2019-04-04,0.00025384674061434964,0.00025384674061434964,0.0,0.00021886303932812826
2019-04-05,0.0009822906568672796,0.0009822906568672796,0.0,0.0009472917647885125
2019-04-08,-0.0010452701293971467,-0.0010452701293971467,0.0,-0.0010801810618095626
2019-04-09,-5.1331683145749984e-05,-5.1331683145749984e-05,0.0,-8.603389899091323e-05
2019-04-10,0.001138660317647977,0.001138660317647977,0.0,0.0011038147382612035
2019-04-11,0.0004138607520860482,0.0004138607520860482,0.0,0.00037894738702151794
2019-04-12,-0.0007365481482622949,-0.0007365481482622949,0.0,-0.0007716329389994047
2019-04-15,-0.0001278992893370967,-0.0001278992893370967,0.0,-0.00016279342011334282
2019-04-16,-0.0006186392550425746,-0.0006186392550425746,0.0,-0.0006535257684017605
2019-04-17,-0.00033961004224236646,-0.00033961004224236646,0.0,-0.00037460611500231625
2019-04-18,0.0011199935125469906,0.0011199935125469906,0.0,0.0010853104547535514
2019-04-22,-0.0006914486242749485,-0.0006914486242749485,0.0,-0.0007264913400929657
2019-04-23,0.0021140680556395175,0.0021140680556395175,0.0,0.002078920266939372
2019-04-24,0.0019622283039333333,0.0019622283039333333,0.0,0.0019271007255451862
2019-04-25,4.934211137452849e-07,4.934211137452849e-07,0.0,-3.46036330878693e-05
2019-04-26,0.0010368735668166984,0.0010368735668166984,0.0,0.0010019239500691742
2019-04-29,-0.0009679176130537037,-0.0009679176130537037,0.0,-0.001003223893532661
2019-04-30,0.00019712941373661863,0.00019712941373661863,0.0,0.0001620282977334013
2019-05-01,-0.0006901187947550014,-0.0005642785860482391,0.25168041741357106,-0.000742748693612882
2019-05-02,-0.00047148798010210324,-0.00047148798010210324,0.0,-0.0005247398139240932
2019-05-03,0.0012575550966498206,0.0012575550966498206,0.0,0.0012049858923984444
2019-05-06,0.000495858107613989,0.000495858107613989,0.0,0.0004430152090872557
2019-05-07,-0.001263012636895433,-0.001263012636895433,0.0,-0.0013156551632483302
2019-05-08,-0.0003982875002979114,-0.0003982875002979114,0.0,-0.0004508771635332268
2019-05-09,9.129257860296391e-05,9.129257860296391e-05,0.0,3.8719592246023985e-05
2019-05-10,0.0008005100735135606,0.0008005100735135606,0.0,0.000747933264952181
2019-05-13,-0.0016885041841817605,-0.0016885041841817605,0.0,-0.0017406723780614486
2019-05-14,0.0004201840275035451,0.0004201840275035451,0.0,0.0003680859956359923
2019-05-15,0.0014235206294277436,0.0014235206294277436,0.0,0.0013711843167631623
2019-05-16,0.0003350808585624865,0.0003350808585624865,0.0,0.0002831274104025037
2019-05-17,0.00043712421462771545,0.00043712421462771545,0.0,0.0003853780694621382
2019-05-20,-0.002109486169912911,-0.002109486169912911,0.0,-0.002161250277839109
2019-05-21,0.001186618312965848,0.001186618312965848,0.0,0.0011349410734762823
2019-05-22,0.0009013401610018512,0.0009013401610018512,0.0,0.000849835166080349
2019-05-23,-9.461878166527882e-07,-9.461878166527882e-07,0.0,-5.2266854402680785e-05
2019-05-24,-0.0009242354390137653,-0.0009242354390137653,0.0,-0.000975113647842188
2019-05-28,0.0003340138936445136,0.0003340138936445136,0.0,0.0002827309564429131
2019-05-29,-0.00026873227920265474,-0.00026873227920265474,0.0,-0.0003200288331279947
2019-05-30,0.001258794409502828,0.001258794409502828,0.0,0.0012072877553128754
2019-05-31,0.00019519611237850398,0.00019519611237850398,0.0,0.0001443018094915751
2019-06-03,0.0006448900299242943,0.0007723043245650985,0.25482858928148505,0.00059616931470642
2019-06-04,-0.000833236623675071,-0.000833236623675071,0.0,-0.0008819687478782769
2019-06-05,0.001772336985141898,0.001772336985141898,0.0,0.0017236403344802935
2019-06-06,-0.0008693801064744155,-0.0008693801064744155,0.0,-0.0009177279735854541
2019-06-07,0.0011476388748035138,0.0011476388748035138,0.0,0.00110038712144135
2019-06-10,-0.0012789719833683488,-0.0012789719833683488,0.0,-0.001326483114724292
2019-06-11,-0.00018198004169378557,-0.00018198004169378557,0.0,-0.00022901445086996353
2019-06-12,0.001344568226451237,0.001344568226451237,0.0,0.0012981767900157196
2019-06-13,0.0006564410600307102,0.0006564410600307102,0.0,0.0006110556310289109
2019-06-14,0.00041930470616979854,0.00041930470616979854,0.0,0.00037368113902275593
2019-06-17,-8.075953187158813e-05,-8.075953187158813e-05,0.0,-0.00012703657593484587
2019-06-18,0.0011641530216044416,0.0011641530216044416,0.0,0.0011180914919452724
2019-06-19,0.0016485388801836809,0.0016485388801836809,0.0,0.0016032806997782752
2019-06-20,-0.0002688536311095113,-0.0002688536311095113,0.0,-0.0003133253034111283
2019-06-21,-0.00203670570828951,-0.00203670570828951,0.0,-0.0020807415691446837
2019-06-24,0.00046217306339424447,0.00046217306339424447,0.0,0.0004180026157514884
2019-06-25,-0.0007416285975431203,-0.0007416285975431203,0.0,-0.0007856043270828022
2019-06-26,-0.0015218537233946394,-0.0015218537233946394,0.0,-0.0015664380449726958
2019-06-27,0.0016066712957989449,0.0016066712957989449,0.0,0.001562358059483844
2019-06-28,0.0007875725392645361,0.0007875725392645361,0.0,0.0007434096690807381
2019-07-01,-0.0005363369922782857,-0.00042806198875466883,0.21655000704711205,-0.000594465276925058
2019-07-02,0.002248175074613057,0.002248175074613057,0.0,0.0021903642639042728
2019-07-03,0.0013823076806807055,0.0013823076806807055,0.0,0.001324165994449353
2019-07-05,-0.0025380385554768514,-0.0025380385554768514,0.0,-0.002596757004277091
2019-07-08,-0.0005810878185070756,-0.0005810878185070756,0.0,-0.0006405426360215027
2019-07-09,-0.0002605242865139079,-0.0002605242865139079,0.0,-0.0003199626824768593
2019-07-10,0.0010667067707947897,0.0010667067707947897,0.0,0.0010088892513419026
2019-07-11,-0.0024216346174952275,-0.0024216346174952275,0.0,-0.0024786742750973322
2019-07-12,0.0004096938168791642,0.0004096938168791642,0.0,0.0003532574037675507
2019-07-15,0.0010696953730893188,0.0010696953730893188,0.0,0.0010129791477119002
2019-07-16,-0.0007367230877752817,-0.0007367230877752817,0.0,-0.0007931992448731835
2019-07-17,0.0016807808805734403,0.0016807808805734403,0.0,0.0016245933641565844
2019-07-18,0.0013531752804696318,0.0013531752804696318,0.0,0.0012990953166691775
2019-07-19,-0.0017700616487712484,-0.0017700616487712484,0.0,-0.0018244455449861246
2019-07-22,0.0008248392954937067,0.0008248392954937067,0.0,0.0007699631013190228
2019-07-23,0.00012994758000584028,0.00012994758000584028,0.0,7.558810749332855e-05
2019-07-24,0.001140360646021632,0.001140360646021632,0.0,0.0010851904527110284
2019-07-25,-0.0015648100815481847,-0.0015648100815481847,0.0,-0.0016202793627252405
2019-07-26,0.0009770663829216097,0.0009770663829216097,0.0,0.0009211001474319423
2019-07-29,-0.0001915673175688637,-0.0001915673175688637,0.0,-0.00024729029859147506
2019-07-30,-2.438580136876478e-05,-2.438580136876478e-05,0.0,-7.929621416628217e-05
2019-07-31,0.0002876703706509165,0.0002876703706509165,0.0,0.00023276059292314847
2019-08-01,0.00394247901902256,0.004032111495283264,0.1792649525218805,0.0038922225488234115
2019-08-02,5.4614257128271504e-05,5.4614257128271504e-05,0.0,4.559938894002436e-06
2019-08-05,-0.00015058720838534434,-0.00015058720838534434,0.0,-0.00020014756707304192
2019-08-06,0.002884126434438139,0.002884126434438139,0.0,0.0028343227852870834
2019-08-07,0.0009407812598860588,0.0009407812598860588,0.0,0.0008916360797610233
2019-08-08,0.0016613315023035202,0.0016613315023035202,0.0,0.0016121586645351902
2019-08-09,-0.001497971580680768,-0.001497971580680768,0.0,-0.0015466959903937191
2019-08-12,0.002346315950409572,0.002346315950409572,0.0,0.00229763512710751
2019-08-13,-9.48416232120497e-05,-9.48416232120497e-05,0.0,-0.00014359055735295884
2019-08-14,0.0009962478357816718,0.0009962478357816718,0.0,0.0009484964750595937
2019-08-15,0.003112192335721131,0.003112192335721131,0.0,0.0030656569328974094
2019-08-16,0.00021729335722819876,0.00021729335722819876,0.0,0.00017166935033170679
2019-08-19,-0.0015052561153126032,-0.0015052561153126032,0.0,-0.0015526313916972238
2019-08-20,0.0012353394411250829,0.0012353394411250829,0.0,0.0011880064079353007
2019-08-21,0.00011671828480319668,0.00011671828480319668,0.0,6.860271567740375e-05
2019-08-22,-0.0011216015411770197,-0.0011216015411770197,0.0,-0.0011704683951371717
2019-08-23,0.0010863662168330013,0.0010863662168330013,0.0,0.0010382792909886171
2019-08-26,0.0004563235462271553,0.0004563235462271553,0.0,0.00040745774621829556
2019-08-27,0.0020020014767592187,0.0020020014767592187,0.0,0.0019536212547273503
2019-08-28,0.0006827414796213294,0.0006827414796213294,0.0,0.0006340544297664368
2019-08-29,0.00020458399661360538,0.00020458399661360538,0.0,0.00015587736960737938
2019-08-30,0.000670218683860524,0.000670218683860524,0.0,0.0006215061917461199
2019-09-03,0.0007705730862170856,0.0008299976507044615,0.11884912897432355,0.0007253858719688159
2019-09-04,0.0003791217185900031,0.0003791217185900031,0.0,0.00033419066296892634
2019-09-05,-0.003794108132309182,-0.003794108132309182,0.0,-0.0038390511849523017
2019-09-06,0.0003188571302306098,0.0003188571302306098,0.0,0.0002742668376588765
2019-09-09,-0.0030696710322505316,-0.0030696710322505316,0.0,-0.0031142713975543658
2019-09-10,-0.0033298706949458357,-0.0033298706949458357,0.0,-0.0033741420034594134
2019-09-11,0.00047462752810267794,0.00047462752810267794,0.0,0.0004302303000387656
2019-09-12,-0.0011336660350490524,-0.0011336660350490524,0.0,-0.0011778470317859834
2019-09-13,-0.004340457856448654,-0.004340457856448654,0.0,-0.0043848341005903214
2019-09-16,0.001766548455325312,0.001766548455325312,0.0,0.001721619689717971
2019-09-17,0.0014513139903038486,0.0014513139903038486,0.0,0.0014063279974308287
2019-09-18,5.222249263914236e-06,5.222249263914236e-06,0.0,-3.8886938116736955e-05
2019-09-19,0.0002076321990045482,0.0002076321990045482,0.0,0.00016398472420084618
2019-09-20,0.0029949201073986575,0.0029949201073986575,0.0,0.002951728071065224
2019-09-23,0.0010067397367352626,0.0010067397367352626,0.0,0.0009627606863068607
2019-09-24,0.001369657744199726,0.001369657744199726,0.0,0.0013261103660399192
2019-09-25,-0.0024678231068675505,-0.0024678231068675505,0.0,-0.0025107173798544474
2019-09-26,0.0010804942829683029,0.0010804942829683029,0.0,0.0010390642273273407
2019-09-27,-0.0003217274669811143,-0.0003217274669811143,0.0,-0.0003624945786093783
2019-09-30,0.0003959864561784432,0.0003959864561784432,0.0,0.00035337607630391243
2019-10-01,-0.00016873537963990604,-0.00011346311314908153,0.11054453298152059,-0.00020858072631931013
2019-10-02,0.00013962122294319812,0.00013962122294319812,0.0,0.00010034436696002327
2019-10-03,0.002124564896708536,0.002124564896708536,0.0,0.0020870795352174666
2019-10-04,0.0013020639482859142,0.0013020639482859142,0.0,0.0012642927332900886
2019-10-07,-0.0016695172193573748,-0.0016695172193573748,0.0,-0.0017080011661149558
2019-10-08,0.0001842737904160785,0.0001842737904160785,0.0,0.00014651325991122402
2019-10-09,-0.00038259073584367975,-0.00038259073584367975,0.0,-0.0004199069984846365
2019-10-10,-0.0023303762322717247,-0.0023303762322717247,0.0,-0.00236745683426069
2019-10-11,-0.0016820162648382153,-0.0016820162648382153,0.0,-0.0017190305398558712
2019-10-14,0.0012858815462053474,0.0012858815462053474,0.0,0.0012489152252519373
2019-10-15,-0.0013639376940571823,-0.0013639376940571823,0.0,-0.001400716368038212
2019-10-16,0.00024177401878633376,0.00024177401878633376,0.0,0.00020525802242264926
2019-10-17,-0.00014396547185235864,-0.00014396547185235864,0.0,-0.00018048827650834847
2019-10-18,0.00014851781675395692,0.00014851781675395692,0.0,0.00011199906671123172
2019-10-21,-0.00046992432710024623,-0.00046992432710024623,0.0,-0.0005066713264153832
2019-10-22,0.0010480664364491687,0.0010480664364491687,0.0,0.0010117807291564662
2019-10-23,0.00010053959520028855,0.00010053959520028855,0.0,6.422457276425406e-05
2019-10-24,0.0006706218330094771,0.0006706218330094771,0.0,0.0006338556303692308
2019-10-25,-0.00029006141325671475,-0.00029006141325671475,0.0,-0.0003266222907351752
2019-10-28,-0.0014819536468264616,-0.0014819536468264616,0.0,-0.0015182821151248091
2019-10-29,-0.0003968151067030856,-0.0003968151067030856,0.0,-0.00043265409481690875
2019-10-30,0.001479176128993842,0.001479176128993842,0.0,0.0014435720434603674
2019-10-31,0.0018136659421381651,0.0018136659421381651,0.0,0.0017798146959172147
2019-11-01,2.9677318283072296e-05,0.0001344524730619856,0.20955030955801693,-1.1073134773080493e-05
2019-11-04,-0.0006380460026809143,-0.0006380460026809143,0.0,-0.0006790793760694802
2019-11-05,-0.0023772736384939375,-0.0023772736384939375,0.0,-0.002419115637963475
2019-11-06,0.0011889787014069952,0.0011889787014069952,0.0,0.0011471816734356026
2019-11-07,-0.002570833246950399,-0.002570833246950399,0.0,-0.0026126527404273297
2019-11-08,-0.0009367217022279162,-0.0009367217022279162,0.0,-0.0009782194834253427
2019-11-11,-1.869125705122876e-05,-1.869125705122876e-05,0.0,-6.017139291803049e-05
2019-11-12,-0.00022322128708740507,-0.00022322128708740507,0.0,-0.0002657926441113771
2019-11-13,0.0006182052548726613,0.0006182052548726613,0.0,0.0005761839457273668
2019-11-14,0.0015992121674475168,0.0015992121674475168,0.0,0.0015571790641775226
2019-11-15,0.000529074920291972,0.000529074920291972,0.0,0.00048701135595341895
2019-11-18,0.0007507889786662059,0.0007507889786662059,0.0,0.0007087153420773374
2019-11-19,0.0007825688695648481,0.0007825688695648481,0.0,0.0007404809505729973
2019-11-20,0.0001267954400270277,0.0001267954400270277,0.0,8.469264571818474e-05
2019-11-21,-0.0015416703516961672,-0.0015416703516961672,0.0,-0.0015840489662840396
2019-11-22,0.0007018137114862544,0.0007018137114862544,0.0,0.0006594646335426028
2019-11-25,0.0014176629370719063,0.0014176629370719063,0.0,0.001374480502973777
2019-11-26,0.0012470851066548327,0.0012470851066548327,0.0,0.0012041485260493592
2019-11-27,2.272432337746544e-05,2.272432337746544e-05,0.0,-2.0783647028084865e-05
2019-11-29,-0.0011697405805543015,-0.0011697405805543015,0.0,-0.0012124280825570888
2019-12-02,-0.0028600072773887764,-0.0027676943424363998,0.18462586990484744,-0.002910667710573175
2019-12-03,0.0025067915054828305,0.0025067915054828305,0.0,0.002457028675762742
2019-12-04,0.0005501724006449216,0.0005501724006449216,0.0,0.0005010278333274145
2019-12-05,-0.0005354608090970547,-0.0005354608090970547,0.0,-0.0005842881601113739
2019-12-06,0.0009030386855746197,0.0009030386855746197,0.0,0.0008545405983429722
2019-12-09,-0.0005088490946510982,-0.0005088490946510982,0.0,-0.0005576805164527291
2019-12-10,-0.00040166380096573473,-0.00040166380096573473,0.0,-0.00045113627618096805
2019-12-11,0.0018888368502949504,0.0018888368502949504,0.0,0.0018390455723357165
2019-12-12,-0.0011050026880422559,-0.0011050026880422559,0.0,-0.001154491848445079
2019-12-13,0.002464350781754776,0.002464350781754776,0.0,0.0024145506614624878
2019-12-16,3.6320396185729464e-05,3.6320396185729464e-05,0.0,-1.3507529832562933e-05
2019-12-17,0.00035701761780138064,0.00035701761780138064,0.0,0.00030751284261038275
2019-12-18,0.00042768928154934827,0.00042768928154934827,0.0,0.0003781805057938786
2019-12-19,0.0011640347904975368,0.0011640347904975368,0.0,0.0011141976062347496
2019-12-20,0.0005591407033023188,0.0005591407033023188,0.0,0.0005089667078581914
2019-12-23,0.00014124166519158265,0.00014124166519158265,0.0,9.073759196195753e-05
2019-12-24,0.0008341283802382193,0.0008341283802382193,0.0,0.0007839464513635804
2019-12-26,0.0017318377516255534,0.0017318377516255534,0.0,0.001681646383280243
2019-12-27,-0.00036160937733098475,-0.00036160937733098475,0.0,-0.00041149636875085794
2019-12-30,-0.0007897350948469217,-0.0007897350948469217,0.0,-0.0008396180260516504
2019-12-31,-0.0003826602977781146,-0.0003826602977781146,0.0,-0.0004318866396619891
2020-01-02,0.003999202775473609,0.004144512566225389,0.29061958150322703,0.003938649390695939
2020-01-03,-0.00013647692164897585,-0.00013647692164897585,0.0,-0.000196055665242025
2020-01-06,-7.478498028146152e-05,-7.478498028146152e-05,0.0,-0.00013596321655125697
2020-01-07,-0.001000498366032887,-0.001000498366032887,0.0,-0.0010608769210414325
2020-01-08,-0.00015857733754909287,-0.00015857733754909287,0.0,-0.00021895635116477374
2020-01-09,0.0018172566273451096,0.0018172566273451096,0.0,0.0017568775410294272
2020-01-10,0.0005888919454242192,0.0005888919454242192,0.0,0.0005285136907211192
2020-01-13,0.0017312248577756595,0.0017312248577756595,0.0,0.0016696473097792504
2020-01-14,4.765546478791016e-05,4.765546478791016e-05,0.0,-1.3921277096928808e-05
2020-01-15,0.0005176325347862054,0.0005176325347862054,0.0,0.00045605581509016
2020-01-16,0.002073736040475671,0.002073736040475671,0.0,0.002012959256199041
2020-01-17,0.0009924462201731377,0.0009924462201731377,0.0,0.0009312705454305864
2020-01-21,-0.0017158745490913896,-0.0017158745490913896,0.0,-0.001777049766384138
2020-01-22,0.0006629731658975846,0.0006629731658975846,0.0,0.0006021969995443451
2020-01-23,0.0002918323177099058,0.0002918323177099058,0.0,0.00023105645526497605
2020-01-24,-0.001835977923786758,-0.001835977923786758,0.0,-0.001896353812173718
2020-01-27,-0.005593670434760778,-0.005593670434760778,0.0,-0.005654447006386408
2020-01-28,0.0030128866090546325,0.0030128866090546325,0.0,0.0029513077291526304
2020-01-29,0.0010917510065988623,0.0010917510065988623,0.0,0.0010305733855302515
2020-01-30,-0.00019381034291654498,-0.00019381034291654498,0.0,-0.0002553873091198645
2020-01-31,-0.004808518828964714,-0.004808518828964714,0.0,-0.004869296183440495
2020-02-03,0.001436671124647626,0.0016251189477747285,0.3768956462543382,0.0013800063416948307
2020-02-04,0.0014491849783369037,0.0014491849783369037,0.0,0.0013925461937800893
2020-02-05,0.0009953663051665007,0.0009953663051665007,0.0,0.0009387210487601327
2020-02-06,0.0015234816817844,0.0015234816817844,0.0,0.0014668319846368992
2020-02-07,0.0005596237578224805,0.0005596237578224805,0.0,0.0005033351733764509
2020-02-10,0.0025423708726866057,0.0025423708726866057,0.0,0.0024853439820513553
2020-02-11,-0.0002995031597246012,-0.0002995031597246012,0.0,-0.0003561734252129597
2020-02-12,0.0007965884393204004,0.0007965884393204004,0.0,0.0007395515241801312
2020-02-13,0.0004229941694757766,0.0004229941694757766,0.0,0.0003655856925491948
2020-02-14,0.001077026224312938,0.001077026224312938,0.0,0.001019983861531928
2020-02-18,0.0007759323032734411,0.0007759323032734411,0.0,0.0007188851361268483
2020-02-19,0.0007814529466652065,0.0007814529466652065,0.0,0.000724402320947186
2020-02-20,0.0011811610360492608,0.0011811610360492608,0.0,0.0011241069298724043
2020-02-21,-0.0006579654792285838,-0.0006579654792285838,0.0,-0.0007142885900749117
2020-02-24,-0.004025412837895814,-0.004025412837895814,0.0,-0.004080628739565009
2020-02-25,-0.005176410877859028,-0.005176410877859028,0.0,-0.005231609368333393
2020-02-26,-0.0001483581241475962,-0.0001483581241475962,0.0,-0.00020353410849240975
2020-02-27,-0.008259866005778438,-0.008259866005778438,0.0,-0.008312098660234277
2020-02-28,0.0009832446570803288,0.0009832446570803288,0.0,0.0009372953885096252
2020-03-02,0.0011904366471851002,0.0013448971137750565,0.3089209331795133,0.0011596155161125185
2020-03-03,0.0038896706185020946,0.0038896706185020946,0.0,0.0038636489494942735
2020-03-04,0.002339903427715173,0.002339903427715173,0.0,0.0023200052298530402
2020-03-05,0.0008449581545049156,0.0008449581545049156,0.0,0.0008278459201782327
2020-03-06,0.0033798205420443317,0.0033798205420443317,0.0,0.0033671923443831255
2020-03-09,-0.004307672284570185,-0.004307672284570185,0.0,-0.004316664861300905
2020-03-10,-0.007182201849916803,-0.007182201849916803,0.0,-0.007194264081105851
2020-03-11,-0.009657715526708022,-0.009657715526708022,0.0,-0.009669182226758527
2020-03-12,-0.008854833098945414,-0.008854833098945414,0.0,-0.008864024693832392
2020-03-13,0.00835401144783754,0.00835401144783754,0.0,0.008346519586046939
2020-03-16,-0.005356781043152403,-0.005356781043152403,0.0,-0.005363464206644626
2020-03-17,-0.0060041621727173755,-0.0060041621727173755,0.0,-0.00600944089903462
2020-03-18,-0.010612763895336164,-0.010612763895336164,0.0,-0.0106133181131435
2020-03-19,-0.0002574119574477729,-0.0002574119574477729,0.0,-0.0002585152564573627
2020-03-20,0.008897176735913837,0.008897176735913837,0.0,0.00889579776792701
2020-03-23,0.009107606163421877,0.009107606163421877,0.0,0.00910705244153724
2020-03-24,0.004248044719552757,0.004248044719552757,0.0,0.004247766775882493
2020-03-25,0.005431837533367068,0.005431837533367068,0.0,0.005432951319562685
2020-03-26,0.004275131807045529,0.004275131807045529,0.0,0.0042765272374939885
2020-03-27,0.00034654567756819965,0.00034654567756819965,0.0,0.0003457069156741486
2020-03-30,0.0018197112755973244,0.0018197112755973244,0.0,0.0018163557406497399
2020-03-31,-0.0022587848583015546,-0.0022587848583015546,0.0,-0.0022618631069971197
2020-04-01,0.0006657857694196689,0.0009567050678458422,0.5818385968523415,0.0006650553116391339
2020-04-02,-0.000408377395719306,-0.000408377395719306,0.0,-0.00040910834831455194
2020-04-03,-0.000462335810343828,-0.000462335810343828,0.0,-0.0004631466904940041
2020-04-06,-9.0343264389392e-05,-9.0343264389392e-05,0.0,-9.155739395135998e-05
2020-04-07,-0.0005825644491419535,-0.0005825644491419535,0.0,-0.0005836972371658671
2020-04-08,-0.00044538222263323934,-0.00044538222263323934,0.0,-0.00044715826687951585
2020-04-09,0.0008346562398706681,0.0008346562398706681,0.0,0.000832641528930621
2020-04-13,0.0002444287196829986,0.0002444287196829986,0.0,0.00024232656335061614
2020-04-14,0.0002882437220199652,0.0002882437220199652,0.0,0.0002866251344061877
2020-04-15,0.0015043450012002246,0.0015043450012002246,0.0,0.0015032107154673107
2020-04-16,0.00037656095294402725,0.00037656095294402725,0.0,0.0003754200260864993
2020-04-17,-0.0008158919917047314,-0.0008158919917047314,0.0,-0.0008168713533692173
2020-04-20,0.0010532841816810468,0.0010532841816810468,0.0,0.0010523079086832007
2020-04-21,0.0019513590440007889,0.0019513590440007889,0.0,0.0019504604758646537
2020-04-22,0.0001035803301407956,0.0001035803301407956,0.0,0.00010259270900978663
2020-04-23,4.8666495047866576e-05,4.8666495047866576e-05,0.0,4.776081735180805e-05
2020-04-24,0.0005322798894640268,0.0005322798894640268,0.0,0.0005312916937787688
2020-04-27,-6.993013710099305e-05,-6.993013710099305e-05,0.0,-7.092034038709562e-05
2020-04-28,4.585265714740494e-05,4.585265714740494e-05,0.0,4.4945212594687396e-05
2020-04-29,-0.0006550883121503315,-0.0006550883121503315,0.0,-0.0006559134058659605
2020-04-30,-0.0007655707442175697,-0.0007655707442175697,0.0,-0.0007663114742040776
2020-05-01,0.00014889749210822423,0.00016506696984763813,0.0323389554786943,0.0001477812885867543
2020-05-04,-2.154125172360022e-05,-2.154125172360022e-05,0.0,-2.2750635570073788e-05
2020-05-05,-0.0004281258593910042,-0.0004281258593910042,0.0,-0.0004293351581617821
2020-05-06,-6.340310653307757e-05,-6.340310653307757e-05,0.0,-6.45178208649507e-05
2020-05-07,0.0006458282201657894,0.0006458282201657894,0.0,0.0006448066106812828
2020-05-08,-0.0006970333145912555,-0.0006970333145912555,0.0,-0.0006981501517527835
2020-05-11,-4.545052317150855e-05,-4.545052317150855e-05,0.0,-4.6564817827273944e-05
2020-05-12,0.00028764817665893894,0.00028764817665893894,0.0,0.0002864412037246264
2020-05-13,0.0005865132355644675,0.0005865132355644675,0.0,0.000585305126241275
2020-05-14,3.120821941804408e-05,3.120821941804408e-05,0.0,3.00909039813735e-05
2020-05-15,-8.545831413631078e-06,-8.545831413631078e-06,0.0,-9.663260587895462e-06
2020-05-18,-0.0012955070385985978,-0.0012955070385985978,0.0,-0.0012967175531299324
2020-05-19,0.0003007650001651818,0.0003007650001651818,0.0,0.0002995596072100204
2020-05-20,-0.00016832994795124012,-0.00016832994795124012,0.0,-0.00016944371560334757
2020-05-21,-0.00032143066774592555,-0.00032143066774592555,0.0,-0.0003225438212039159
2020-05-22,0.0006053286025846649,0.0006053286025846649,0.0,0.0006042166223243443
2020-05-26,-0.0008853868228664297,-0.0008853868228664297,0.0,-0.0008866867092484109
2020-05-27,0.00038260250423749476,0.00038260250423749476,0.0,0.00038121380945582836
2020-05-28,-5.593365348832702e-05,-5.593365348832702e-05,0.0,-5.732409367995267e-05
2020-05-29,-1.8629999876118575e-07,-1.8629999876118575e-07,0.0,-1.4838060093440108e-06
2020-06-01,5.6220925946703915e-05,8.346727505892382e-05,0.05449269822439032,5.474203684413902e-05
2020-06-02,-0.00016875789996584345,-0.00016875789996584345,0.0,-0.00017034304458576812
2020-06-03,-0.0007301241559917182,-0.0007301241559917182,0.0,-0.0007318141906476073
2020-06-04,-0.0005700785876333603,-0.0005700785876333603,0.0,-0.0005716598036301324
2020-06-05,-0.0004254432161419075,-0.0004254432161419075,0.0,-0.000427021938809742
2020-06-08,0.0005699332005395519,0.0005699332005395519,0.0,0.0005681460912559271
2020-06-09,0.00016785989194523232,0.00016785989194523232,0.0,0.0001658593775547613
2020-06-10,0.0008779273980497049,0.0008779273980497049,0.0,0.0008761366323309689
2020-06-11,-0.0004082941374974336,-0.0004082941374974336,0.0,-0.00041008924976402623
2020-06-12,0.00017733066516600893,0.00017733066516600893,0.0,0.00017564305103940354
2020-06-15,4.802126783998162e-06,4.802126783998162e-06,0.0,2.9026310827949436e-06
2020-06-16,-3.5244686390489832e-06,-3.5244686390489832e-06,0.0,-5.318460581619444e-06
2020-06-17,0.00024367765746391434,0.00024367765746391434,0.0,0.00024188368297471438
2020-06-18,0.000131375480122653,0.000131375480122653,0.0,0.0001296858980982423
2020-06-19,0.00015048916203208584,0.00015048916203208584,0.0,0.00014890460505922844
2020-06-22,-3.109166335835134e-06,-3.109166335835134e-06,0.0,-4.800061465568276e-06
2020-06-23,0.00024136096672577878,0.00024136096672577878,0.0,0.0002396700860795551
2020-06-24,3.9933176969819684e-05,3.9933176969819684e-05,0.0,3.834692255146388e-05
2020-06-25,0.0001554405214192478,0.0001554405214192478,0.0,0.00015374833073690416
2020-06-26,0.0003974470322409829,0.0003974470322409829,0.0,0.0003959657320895478
2020-06-29,-0.00015232283997990148,-0.00015232283997990148,0.0,-0.00015380575878872496
2020-06-30,-2.236738006711203e-05,-2.236738006711203e-05,0.0,-2.4061435334219782e-05
2020-07-01,-0.0006302518873769758,-0.00039499885976035376,0.4705060552335097,-0.0006341549639940594
2020-07-02,0.0007990707060583357,0.0007990707060583357,0.0,0.0007951661177143872
2020-07-06,0.0005740554913455931,0.0005740554913455931,0.0,0.0005698705914918503
2020-07-07,0.00037825128139323816,0.00037825128139323816,0.0,0.0003740653674893858
2020-07-08,-5.5220112300635726e-05,-5.5220112300635726e-05,0.0,-5.940669412027271e-05
2020-07-09,0.0009162265622448817,0.0009162265622448817,0.0,0.000912598275845806
2020-07-10,-0.0002881452915034499,-0.0002881452915034499,0.0,-0.000291774978852163
2020-07-13,0.00024269078166483382,0.00024269078166483382,0.0,0.00023878236221150124
2020-07-14,0.0005194824783090191,0.0005194824783090191,0.0,0.0005152944578435656
2020-07-15,-0.00024767534887171205,-0.00024767534887171205,0.0,-0.00025214354785189886
2020-07-16,-0.0002215872430887389,-0.0002215872430887389,0.0,-0.00022465880951634927
2020-07-17,0.00033625388746805207,0.00033625388746805207,0.0,0.00033318260772993415
2020-07-20,0.000865065135408738,0.000865065135408738,0.0,0.0008614349272013322
2020-07-21,0.0006412453349096126,0.0006412453349096126,0.0,0.0006376138055740199
2020-07-22,0.0005573215869518755,0.0005573215869518755,0.0,0.0005536890789334554
2020-07-23,8.172798573302664e-05,8.172798573302664e-05,0.0,7.837411667963558e-05
2020-07-24,-0.0001431224874738346,-0.0001431224874738346,0.0,-0.0001461969729170847
2020-07-27,0.00043903945185785886,0.00043903945185785886,0.0,0.00043596515115406156
2020-07-28,0.0006558761845500971,0.0006558761845500971,0.0,0.0006528013173922395
2020-07-29,0.00044359872708210624,0.00044359872708210624,0.0,0.0004405230142594403
2020-07-30,-0.00011564221599513758,-0.00011564221599513758,0.0,-0.00011815917606547632
2020-07-31,0.0005074192927272403,0.0005074192927272403,0.0,0.0005049024546120789
2020-08-03,0.0005780174725893428,0.0007895443286367598,0.42305371209486586,0.000573787243810856
2020-08-04,0.0024005007402967404,0.0024005007402967404,0.0,0.002396692227466494
2020-08-05,6.27668492896305e-05,6.27668492896305e-05,0.0,5.853579920939587e-05
2020-08-06,0.0017252475105193898,0.0017252475105193898,0.0,0.0017210164769330038
2020-08-07,-0.001745226056221072,-0.001745226056221072,0.0,-0.0017494566372283867
2020-08-10,-0.0004986930962042058,-0.0004986930962042058,0.0,-0.0005033472397946701
2020-08-11,-0.004056145757525331,-0.004056145757525331,0.0,-0.004060800045342054
2020-08-12,-8.392436108117796e-05,-8.392436108117796e-05,0.0,-8.857982674706262e-05
2020-08-13,-1.6085814798616482e-05,-1.6085814798616482e-05,0.0,-2.031807846990273e-05
2020-08-14,-0.0005528261316485317,-0.0005528261316485317,0.0,-0.0005570583995666975
2020-08-17,0.0017727979429871255,0.0017727979429871255,0.0,0.0017685655290344173
2020-08-18,0.0016251780805156546,0.0016251780805156546,0.0,0.0016213693286844042
2020-08-19,-0.002543472992164064,-0.002543472992164064,0.0,-0.0025481276626539997
2020-08-20,0.001331388281373469,0.001331388281373469,0.0,0.0013267328724381128
2020-08-21,9.825438047128543e-05,9.825438047128543e-05,0.0,9.402254146408445e-05
2020-08-24,2.5326325976848807e-05,2.5326325976848807e-05,0.0,2.0248150243216018e-05
2020-08-25,-0.0003463359996004334,-0.0003463359996004334,0.0,-0.0003509909866806328
2020-08-26,0.001080005391763228,0.001080005391763228,0.0,0.001075350304242764
2020-08-27,-0.0020518858257351225,-0.0020518858257351225,0.0,-0.0020565406003831186
2020-08-28,0.001963795955600034,0.001963795955600034,0.0,0.0019595638007892757
2020-08-31,0.0010220785562000678,0.0010220785562000678,0.0,0.0010174237548630702
2020-09-01,0.0010647721126373355,0.0012313743845522307,0.33320454382967624,0.0010585443085578562
2020-09-02,0.0008372905300686462,0.0008372905300686462,0.0,0.0008310665541332257
2020-09-03,-0.002655230677054643,-0.002655230677054643,0.0,-0.0026609348671040836
2020-09-04,-0.0015735429848925397,-0.0015735429848925397,0.0,-0.0015792507400559496
2020-09-08,-0.0010443393511604393,-0.0010443393511604393,0.0,-0.0010510873808210056
2020-09-09,0.0014318604489629294,0.0014318604489629294,0.0,0.0014256299648117755
2020-09-10,-0.0007943698849859349,-0.0007943698849859349,0.0,-0.0008005982693429572
2020-09-11,0.000631538397448006,0.000631538397448006,0.0,0.0006258279764218349
2020-09-14,0.0010838498328171742,0.0010838498328171742,0.0,0.0010781402608896814
2020-09-15,0.0003951303813423124,0.0003951303813423124,0.0,0.00038942226506515217
2020-09-16,-0.0007495324857812458,-0.0007495324857812458,0.0,-0.0007557589430307831
2020-09-17,-0.0006887000894830742,-0.0006887000894830742,0.0,-0.000693370756335028
2020-09-18,-0.0007966140577392311,-0.0007966140577392311,0.0,-0.0008018045293161118
2020-09-21,-0.0017540103850262057,-0.0017540103850262057,0.0,-0.0017592018310150454
2020-09-22,0.0003603482561138627,0.0003603482561138627,0.0,0.0003551546608636894
2020-09-23,-0.002386203500654438,-0.002386203500654438,0.0,-0.002391915969900035
2020-09-24,-3.841209185084793e-05,-3.841209185084793e-05,0.0,-4.360817556211244e-05
2020-09-25,0.000625731575077948,0.000625731575077948,0.0,0.0006205354442013628
2020-09-28,0.0018888063062914018,0.0018888063062914018,0.0,0.0018830914069521366
2020-09-29,0.0007336325191626969,0.0007336325191626969,0.0,0.0007289587744921704
2020-09-30,-0.0005883989104545906,-0.0005883989104545906,0.0,-0.0005935910621973014
2020-10-01,0.0011732761699077,0.0014003828919033623,0.45421344399123753,0.001167139479077907
2020-10-02,-0.00031479769899311894,-0.00031479769899311894,0.0,-0.00032093038178771974
2020-10-05,-0.0012171202571267248,-0.0012171202571267248,0.0,-0.0012239352452660924
2020-10-06,-0.0007906460977969987,-0.0007906460977969987,0.0,-0.0007974645549764316
2020-10-07,0.00026063610682891536,0.00026063610682891536,0.0,0.0002538153943643032
2020-10-08,0.0009753859898946615,0.0009753859898946615,0.0,0.0009692480176104719
2020-10-09,0.0014343351652099656,0.0014343351652099656,0.0,0.0014275179748179843
2020-10-12,0.0022331531990871234,0.0022331531990871234,0.0,0.0022263400891720667
2020-10-13,-0.0010358761752439216,-0.0010358761752439216,0.0,-0.0010433636234225795
2020-10-14,-0.0005423639108561584,-0.0005423639108561584,0.0,-0.0005505355682234543
2020-10-15,-0.00043283176700115167,-0.00043283176700115167,0.0,-0.0004403241490572909
2020-10-16,-0.00010535987169624228,-0.00010535987169624228,0.0,-0.00011285360793446423
2020-10-19,-0.0009194942933796746,-0.0009194942933796746,0.0,-0.0009269883592875172
2020-10-20,-0.0002973536261259291,-0.0002973536261259291,0.0,-0.0003041690312541209
2020-10-21,0.0005732892479251017,0.0005732892479251017,0.0,0.0005664729959343707
2020-10-22,-0.0016126012887108798,-0.0016126012887108798,0.0,-0.0016187344468904972
2020-10-23,0.0013269204505723664,0.0013269204505723664,0.0,0.0013201012329050563
2020-10-26,-0.00028761628335838285,-0.00028761628335838285,0.0,-0.0002951132670045841
2020-10-27,0.0006274854064363122,0.0006274854064363122,0.0,0.0006206691476253796
2020-10-28,-0.00221325213770307,-0.00221325213770307,0.0,-0.0022200666105531906
2020-10-29,0.00015003388830336917,0.00015003388830336917,0.0,0.00014389518070246046
2020-10-30,-0.001843932937813042,-0.001843932937813042,0.0,-0.0018500712602928767
2020-11-02,0.0011852835725070232,0.001271928124810362,0.17328910460654404,0.0011789275570478176
2020-11-03,0.0003134359778269591,0.0003134359778269591,0.0,0.0003063836356996855
2020-11-04,0.003214971259181798,0.003214971259181798,0.0,0.0032079198834158197
2020-11-05,0.002048121512427281,0.002048121512427281,0.0,0.0020410800170441246
2020-11-06,-0.0004993937737324261,-0.0004993937737324261,0.0,-0.0005064289876090168
2020-11-09,-0.0032128934336094206,-0.0032128934336094206,0.0,-0.0032206338544982114
2020-11-10,-0.0015974667127922615,-0.0015974667127922615,0.0,-0.0016045133495707156
2020-11-11,0.0005118376958370696,0.0005118376958370696,0.0,0.0005047861335762527
2020-11-12,0.0010590641163796821,0.0010590641163796821,0.0,0.001052014131464932
2020-11-13,0.0012197912653544307,0.0012197912653544307,0.0,0.0012134492131991733
2020-11-16,0.0006079320757539364,0.0006079320757539364,0.0,0.0006015933990637634
2020-11-17,4.209658494724877e-05,4.209658494724877e-05,0.0,3.575958953386657e-05
2020-11-18,-0.0005777142622436227,-0.0005777142622436227,0.0,-0.0005840511412409861
2020-11-19,0.001165461567155912,0.001165461567155912,0.0,0.0011605316401640006
2020-11-20,0.0006551943687549411,0.0006551943687549411,0.0,0.0006502669470903628
2020-11-23,-0.0008076047289296007,-0.0008076047289296007,0.0,-0.0008132344593892614
2020-11-24,-0.0001621866265462124,-0.0001621866265462124,0.0,-0.00016852230573520134
2020-11-25,-4.16690226399119e-05,-4.16690226399119e-05,0.0,-4.800515022610744e-05
2020-11-27,0.001344177814699421,0.001344177814699421,0.0,0.001337841571906119
2020-11-30,-0.0006491349910417998,-0.0006491349910417998,0.0,-0.0006547639078241664
2020-12-01,0.00019614902847764348,0.0002817541790058886,0.1712103010563981,0.0001893931890328678
2020-12-02,0.00014460939524640892,0.00014460939524640892,0.0,0.00013785441173883305
2020-12-03,0.00193139677645493,0.00193139677645493,0.0,0.0019253927558307645
2020-12-04,-0.0006637043677560905,-0.0006637043677560905,0.0,-0.0006704527549905562
2020-12-07,0.000957833877484715,0.000957833877484715,0.0,0.0009518334355325397
2020-12-08,0.00010659763718368076,0.00010659763718368076,0.0,9.985018209327919e-05
2020-12-09,-0.0017494891523408551,-0.0017494891523408551,0.0,-0.0017554865892915792
2020-12-10,0.001711051588452417,0.001711051588452417,0.0,0.0017050492043295987
2020-12-11,0.0007356294556439824,0.0007356294556439824,0.0,0.0007296319017355016
2020-12-14,-0.00030377913500034825,-0.00030377913500034825,0.0,-0.0003105240486382972
2020-12-15,0.001514599974634434,0.001514599974634434,0.0,0.0015086036386615974
2020-12-16,0.00034714392890444756,0.00034714392890444756,0.0,0.0003404028516847686
2020-12-17,0.0012288678706888767,0.0012288678706888767,0.0,0.0012228767797757814
2020-12-18,-0.0009420224196745597,-0.0009420224196745597,0.0,-0.0009480100537443687
2020-12-21,-0.0005480210866004587,-0.0005480210866004587,0.0,-0.0005547601589204225
2020-12-22,-0.00019389432045968658,-0.00019389432045968658,0.0,-0.0002006351296670703
2020-12-23,0.0008171221238360005,0.0008171221238360005,0.0,0.000810380699984536
2020-12-24,-0.00012679887570421489,-0.00012679887570421489,0.0,-0.00013353771139724505
2020-12-28,0.0009564926909839677,0.0009564926909839677,0.0,0.0009482558453124273
2020-12-29,0.0004825935616383781,0.0004825935616383781,0.0,0.00047510888355276255
2020-12-30,0.0013375369887400623,0.0013375369887400623,0.0,0.0013315506032196267
2020-12-31,-0.00010942701199190275,-0.00010942701199190275,0.0,-0.00011615747038316022
2021-01-04,-0.00010806163398646706,-4.403111476536381e-06,0.20731704501976528,-0.0001142907154735479
2021-01-05,0.0005822443516394493,0.0005822443516394493,0.0,0.0005760179751122194
2021-01-06,-0.0022880327589881455,-0.0022880327589881455,0.0,-0.0022942575905864505
2021-01-07,3.868502500736781e-05,3.868502500736781e-05,0.0,3.2454108413345085e-05
2021-01-08,-0.0012307721468886035,-0.0012307721468886035,0.0,-0.001236310647969174
2021-01-11,-0.002365872386768997,-0.002365872386768997,0.0,-0.0023714138008545135
2021-01-12,0.001196607507060632,0.001196607507060632,0.0,0.0011903671017560718
2021-01-13,0.0006968612857676248,0.0006968612857676248,0.0,0.0006906240703636008
2021-01-14,0.00022567898928738117,0.00022567898928738117,0.0,0.00021944363027335057
2021-01-15,-0.001012533121883874,-0.001012533121883874,0.0,-0.0010187678798404209
2021-01-19,0.0025005322763054227,0.0025005322763054227,0.0,0.002494294818906384
2021-01-20,0.0018103547852739155,0.0018103547852739155,0.0,0.0018048162896862688
2021-01-21,0.00032325675721578406,0.00032325675721578406,0.0,0.00031703075539905894
2021-01-22,-0.00040112740267683744,-0.00040112740267683744,0.0,-0.0004066608639970915
2021-01-25,0.0013700366343047943,0.0013700366343047943,0.0,0.0013638104254143743
2021-01-26,-0.0003708987490546045,-0.0003708987490546045,0.0,-0.0003757385309481968
2021-01-27,-0.0029819106364046277,-0.0029819106364046277,0.0,-0.0029874426900870347
2021-01-28,0.0008687186122122714,0.0008687186122122714,0.0,0.0008638718958501948
2021-01-29,-0.0019250561063574034,-0.0019250561063574034,0.0,-0.001929208895440234
2021-02-01,0.0017731084248038265,0.001895006298919144,0.24379574823089925,0.0017687454255085648
2021-02-02,-0.00018849369098472568,-0.00018849369098472568,0.0,-0.00019284939300039558
2021-02-03,-6.688030961710112e-05,-6.688030961710112e-05,0.0,-6.936945218881976e-05
2021-02-04,-0.00026729483911513974,-0.00026729483911513974,0.0,-0.00026978404200629684
2021-02-05,0.001375732344280678,0.001375732344280678,0.0,0.001373865261258796
2021-02-08,0.00129024027520952,0.00129024027520952,0.0,0.0012871300194248648
2021-02-09,0.0006426833126556009,0.0006426833126556009,0.0,0.0006401962689114448
2021-02-10,0.0004130471985186457,0.0004130471985186457,0.0,0.00040993911618579737
2021-02-11,0.00032042941168541894,0.00032042941168541894,0.0,0.0003173217934075021
2021-02-12,-0.0003144244692080411,-0.0003144244692080411,0.0,-0.0003169102759229052
2021-02-16,-0.001986801257920723,-0.001986801257920723,0.0,-0.001989287347236441
2021-02-17,-0.00016802054267717192,-0.00016802054267717192,0.0,-0.00017050842126039878
2021-02-18,-0.0012133604656308083,-0.0012133604656308083,0.0,-0.0012152264880738765
2021-02-19,1.190050298593981e-05,1.190050298593981e-05,0.0,9.411378825992328e-06
2021-02-22,-0.0017488383064122592,-0.0017488383064122592,0.0,-0.001750705141483209
2021-02-23,4.56541427540369e-05,4.56541427540369e-05,0.0,4.316344944004659e-05
2021-02-24,-0.0001469392750914622,-0.0001469392750914622,0.0,-0.00014880726414568594
2021-02-25,-0.007690493891364225,-0.007690493891364225,0.0,-0.0076929846761936965
2021-02-26,0.0021234144400357202,0.0021234144400357202,0.0,0.002120916653124427
2021-03-01,0.001453337845232383,0.0018149944309719945,0.7233131714794037,0.0014513699281033807
2021-03-02,-0.000478295162408493,-0.000478295162408493,0.0,-0.0004798681900647657
2021-03-03,-0.002704881052467689,-0.002704881052467689,0.0,-0.002706847328500006
2021-03-04,-0.003620152149780509,-0.003620152149780509,0.0,-0.0036217251318738345
2021-03-05,0.0015442698410776945,0.0015442698410776945,0.0,0.0015426969110114617
2021-03-08,-0.0034899136447648083,-0.0034899136447648083,0.0,-0.0034918798350467074
2021-03-09,0.0038552555653148524,0.0038552555653148524,0.0,0.00385328943784972
2021-03-10,0.0014325039753317892,0.0014325039753317892,0.0,0.0014309310180586861
2021-03-11,0.0027308840389410616,0.0027308840389410616,0.0,0.002729311061149065
2021-03-12,-0.001617227810120525,-0.001617227810120525,0.0,-0.0016188008269226136
2021-03-15,0.0007909025190981911,0.0007909025190981911,0.0,0.0007893295254352757
2021-03-16,-2.1061997220295225e-05,-2.1061997220295225e-05,0.0,-2.184849970536818e-05
2021-03-17,0.0012198804596348367,0.0012198804596348367,0.0,0.0012190939573003246
2021-03-18,-0.004197337012495694,-0.004197337012495694,0.0,-0.0041977302680177705
2021-03-19,0.0009279819558785096,0.0009279819558785096,0.0,0.0009275887154035584
2021-03-22,0.0008052167738119564,0.0008052167738119564,0.0,0.0008040370424161272
2021-03-23,-0.002307714416074802,-0.002307714416074802,0.0,-0.002308107662755054
2021-03-24,-0.0015610025221618473,-0.0015610025221618473,0.0,-0.001561788998966835
2021-03-25,0.0005219393328501631,0.0005219393328501631,0.0,0.0005211528672612982
2021-03-26,0.0025643426184609464,0.0025643426184609464,0.0,0.002563556149123797
2021-03-29,-0.0017008220228535986,-0.0017008220228535986,0.0,-0.0017020017544122402
2021-03-30,-0.0010864346540389036,-0.0010864346540389036,0.0,-0.0010872211295407704
2021-03-31,0.0010407711358775273,0.0010407711358775273,0.0,0.0010395914343306733
2021-04-01,0.0023680172522493326,0.0027066035396332566,0.6771725747676642,0.0023675875809068057
2021-04-05,0.0013986362234150729,0.0013986362234150729,0.0,0.0013979921990774783
2021-04-06,0.000202186533579507,0.000202186533579507,0.0,0.00020175667520785137
2021-04-07,-0.00030440914541807196,-0.00030440914541807196,0.0,-0.00030483907732878774
2021-04-08,0.0017055316462863956,0.0017055316462863956,0.0,0.001705316735707572
2021-04-09,-0.00028599242079174747,-0.00028599242079174747,0.0,-0.00028642286141583313
2021-04-12,-0.0008082106999737215,-0.0008082106999737215,0.0,-0.0008086410366927355
2021-04-13,0.0018122507170295066,0.0018122507170295066,0.0,0.001811605652758735
2021-04-14,0.000950766815088766,0.000950766815088766,0.0,0.0009503361144848435
2021-04-15,0.002323592111137085,0.002323592111137085,0.0,0.0023231610657799464
2021-04-16,0.0004701861751073011,0.0004701861751073011,0.0,0.0004697542891562282
2021-04-19,-0.0006851050309355511,-0.0006851050309355511,0.0,-0.000685537086903512
2021-04-20,-0.0017208868892476525,-0.0017208868892476525,0.0,-0.001721534601349186
2021-04-21,0.0022645905771772057,0.0022645905771772057,0.0,0.0022639438007214176
2021-04-22,-0.0006835008657325448,-0.0006835008657325448,0.0,-0.0006841488706636355
2021-04-23,0.0028551755556083247,0.0028551755556083247,0.0,0.002854527921710411
2021-04-26,0.0010365072127631603,0.0010365072127631603,0.0,0.0010358580333678685
2021-04-27,-9.601322318486538e-05,-9.601322318486538e-05,0.0,-9.622980314232725e-05
2021-04-28,0.0007267343382213465,0.0007267343382213465,0.0,0.000726517775571492
2021-04-29,0.000554468280197451,0.000554468280197451,0.0,0.0005542515866396037
2021-04-30,-0.0024135021178521843,-0.0024135021178521843,0.0,-0.002413718911232074
2021-05-03,0.0015169874465961186,0.0016698130088499408,0.30565112450784043,0.0015163698930680434
2021-05-04,-0.001975150585648011,-0.001975150585648011,0.0,-0.001975458756100728
2021-05-05,0.0017583736295163632,0.0017583736295163632,0.0,0.0017580664198581402
2021-05-06,0.0028445851535781053,0.0028445851535781053,0.0,0.002844277090075994
2021-05-07,0.0033541276167312617,0.0033541276167312617,0.0,0.0033538181758528142
2021-05-10,-0.0029537173497262703,-0.0029537173497262703,0.0,-0.002954028409277332
2021-05-11,-0.0006728531493653822,-0.0006728531493653822,0.0,-0.0006730079643104428
2021-05-12,-0.006039002426179385,-0.006039002426179385,0.0,-0.006039311730175238
2021-05-13,-5.4433308371848454e-05,-5.4433308371848454e-05,0.0,-5.473966962498401e-05
2021-05-14,0.004089490519363359,0.004089490519363359,0.0,0.004089337351999904
2021-05-17,0.0008328980665255337,0.0008328980665255337,0.0,0.0008325897470408372
2021-05-18,0.0005362222846791997,0.0005362222846791997,0.0,0.0005359135612993979
2021-05-19,-0.003032834149667041,-0.003032834149667041,0.0,-0.0030329886413017052
2021-05-20,0.0022172118316654554,0.0022172118316654554,0.0,0.002217058077224687
2021-05-21,-0.00020973834623527754,-0.00020973834623527754,0.0,-0.00020989263842354538
2021-05-24,0.0026046150915133293,0.0026046150915133293,0.0,0.0026043066088951646
2021-05-25,0.00015459178185217581,0.00015459178185217581,0.0,0.0001542820388404991
2021-05-26,0.0004814079506159086,0.0004814079506159086,0.0,0.0004810981328076285
2021-05-27,0.001577668810308186,0.001577668810308186,0.0,0.001577358759690936
2021-05-28,0.0006615076053695379,0.0006615076053695379,0.0,0.0006613521991813573
2021-06-01,0.003048641253174944,0.003233845485242526,0.37040846413533224,0.003048094375300521
2021-06-02,0.0013322051794599776,0.0013322051794599776,0.0,0.001331660450684282
2021-06-03,-0.003255189271418102,-0.003255189271418102,0.0,-0.0032557343313678075
2021-06-04,0.0032526310734779518,0.0032526310734779518,0.0,0.0032520868253812295
2021-06-07,0.0006963572221365677,0.0006963572221365677,0.0,0.0006958121654549121
2021-06-08,0.000278850038232914,0.000278850038232914,0.0,0.0002783048085614159
2021-06-09,-0.0008706386738684957,-0.0008706386738684957,0.0,-0.0008714566222551352
2021-06-10,0.0017200271737174422,0.0017200271737174422,0.0,0.0017192095499505423
2021-06-11,-0.0008989453113816825,-0.0008989453113816825,0.0,-0.0008997635753636953
2021-06-14,3.459209572453936e-05,3.459209572453936e-05,0.0,3.37741666420025e-05
2021-06-15,-0.0008235158069306303,-0.0008235158069306303,0.0,-0.0008243337488999066
2021-06-16,-0.0036309673015928468,-0.0036309673015928468,0.0,-0.003632057481497652
2021-06-17,-0.003505209657175934,-0.003505209657175934,0.0,-0.0035062980254702662
2021-06-18,-0.0031737844080016453,-0.0031737844080016453,0.0,-0.0031751426745976843
2021-06-21,0.003998419094341621,0.003998419094341621,0.0,0.003997062820415829
2021-06-22,0.0006834954685841499,0.0006834954685841499,0.0,0.0006824084491059784
2021-06-23,-0.0002022096532540152,-0.0002022096532540152,0.0,-0.0002035688547354787
2021-06-24,0.001797685870630561,0.001797685870630561,0.0,0.0017963267955406243
2021-06-25,0.0010135827175421497,0.0010135827175421497,0.0,0.0010119504814774826
2021-06-28,0.00014774410933560134,0.00014774410933560134,0.0,0.00014638328085045906
2021-06-29,-0.0005492808945986027,-0.0005492808945986027,0.0,-0.000550369631046779
2021-06-30,-5.457979660283829e-05,-5.457979660283829e-05,0.0,-5.594037465954591e-05
2021-07-01,2.6156991334680413e-05,0.0002870086505606384,0.5217033184519368,2.527889652212761e-05
2021-07-02,0.0015644781281434206,0.0015644781281434206,0.0,0.0015636024719682797
2021-07-06,-0.0040886918130258465,-0.0040886918130258465,0.0,-0.004089569200670478
2021-07-07,-0.0006402391859614553,-0.0006402391859614553,0.0,-0.0006411120299122462
2021-07-08,-0.002885487751589144,-0.002885487751589144,0.0,-0.002886534309998783
2021-07-09,0.00508144075966932,0.00508144075966932,0.0,0.005080398062779509
2021-07-12,0.0014546538692801203,0.0014546538692801203,0.0,0.001453779316967317
2021-07-13,-0.0011940056152411893,-0.0011940056152411893,0.0,-0.001194881779256612
2021-07-14,0.0005103916929625196,0.0005103916929625196,0.0,0.0005093418855385658
2021-07-15,-0.0014689487573436022,-0.0014689487573436022,0.0,-0.001469824162745849
2021-07-16,-0.002109906352751212,-0.002109906352751212,0.0,-0.0021107801271023382
2021-07-19,-0.007709317645533953,-0.007709317645533953,0.0,-0.007710189072191591
2021-07-20,0.0044495461808276016,0.0044495461808276016,0.0,0.004448683398975778
2021-07-21,0.004082137645660122,0.004082137645660122,0.0,0.00408126989643391
2021-07-22,0.0006007193425354718,0.0006007193425354718,0.0,0.000599847054629104
2021-07-23,0.0014625342659255747,0.0014625342659255747,0.0,0.0014616613105169487
2021-07-26,0.0002097356081349755,0.0002097356081349755,0.0,0.0002088610299731771
2021-07-27,-0.0027951399953479728,-0.0027951399953479728,0.0,-0.0027960148061728705
2021-07-28,0.0032174053882165765,0.0032174053882165765,0.0,0.0032165336867768096
2021-07-29,0.0019681506344948474,0.0019681506344948474,0.0,0.0019671003115926725
2021-07-30,-0.00296262664490643,-0.00296262664490643,0.0,-0.0029636795815436334
2021-08-02,-0.00035376341014925483,-0.00019995733640931768,0.30761214747961096,-0.00035465606414646837
2021-08-03,0.0010139424685933207,0.0010139424685933207,0.0,0.001013053591266422
2021-08-04,-0.0018582564908363741,-0.0018582564908363741,0.0,-0.001859146477558551
2021-08-05,0.001838302767150246,0.001838302767150246,0.0,0.0018374148174065414
2021-08-06,-0.000494745069186342,-0.000494745069186342,0.0,-0.0004958130225684804
2021-08-09,-0.0012391237068313243,-0.0012391237068313243,0.0,-0.0012401910102921368
2021-08-10,0.0007047740750336651,0.0007047740750336651,0.0,0.0007038860136438501
2021-08-11,0.0015003027757227727,0.0015003027757227727,0.0,0.0014994139423983818
2021-08-12,-8.739061824969419e-05,-8.739061824969419e-05,0.0,-8.84591872114499e-05
2021-08-13,0.00013370568915571646,0.00013370568915571646,0.0,0.00013263723489398283
2021-08-16,-0.0008837172010752736,-0.0008837172010752736,0.0,-0.0008847858308020122
2021-08-17,-0.0025450771354578183,-0.0025450771354578183,0.0,-0.0025463225159331583
2021-08-18,-0.0021688460481361638,-0.0021688460481361638,0.0,-0.0021700875185908628
2021-08-19,-0.0016360175504175345,-0.0016360175504175345,0.0,-0.0016370788057303626
2021-08-20,9.909024826559865e-05,9.909024826559865e-05,0.0,9.820767099290247e-05
2021-08-23,0.003869245556401113,0.003869245556401113,0.0,0.0038683628699863973
2021-08-24,0.002505689556641544,0.002505689556641544,0.0,0.0025048026249089765
2021-08-25,0.0009556763905860244,0.0009556763905860244,0.0,0.0009546087816759244
2021-08-26,-0.0016708476152743623,-0.0016708476152743623,0.0,-0.0016717383343102736
2021-08-27,0.003647456453125031,0.003647456453125031,0.0,0.003646567564064793
2021-08-30,0.000955465300052305,0.000955465300052305,0.0,0.000954572430677458
2021-08-31,-0.00017542356327815423,-0.00017542356327815423,0.0,-0.00017613869210883644
2021-09-01,0.001468766491151241,0.001530656653410123,0.12378032451748534,0.001467832138344332
2021-09-02,0.001038081691498327,0.001038081691498327,0.0,0.0010371465666621452
2021-09-03,0.0003797575885697846,0.0003797575885697846,0.0,0.00037882137591292535
2021-09-07,-0.0006291859138177758,-0.0006291859138177758,0.0,-0.0006301225242769846
2021-09-08,-0.0006448399744028999,-0.0006448399744028999,0.0,-0.00064577592536452
2021-09-09,-0.0006170273731838094,-0.0006170273731838094,0.0,-0.0006177755928795601
2021-09-10,-0.0012962576875900078,-0.0012962576875900078,0.0,-0.0012971923146395084
2021-09-13,0.0018375966001644706,0.0018375966001644706,0.0,0.0018364766823307961
2021-09-14,-0.001392516544854172,-0.001392516544854172,0.0,-0.0013932646987582181
2021-09-15,0.0020645209279270826,0.0020645209279270826,0.0,0.0020637739441795315
2021-09-16,-0.00023203173763208795,-0.00023203173763208795,0.0,-0.0002327804526591427
2021-09-17,-0.002422044894122677,-0.002422044894122677,0.0,-0.002422793414525876
2021-09-20,-0.0048304958519911345,-0.0048304958519911345,0.0,-0.004831242335896159
2021-09-21,0.0009090877738322511,0.0009090877738322511,0.0,0.0009085309718641853
2021-09-22,0.0025507665048871697,0.0025507665048871697,0.0,0.0025502091273768342
2021-09-23,0.0024264445507244936,0.0024264445507244936,0.0,0.0024258855624359693
2021-09-24,-0.0010176093479139503,-0.0010176093479139503,0.0,-0.0010181698647638835
2021-09-27,0.00022818038107574878,0.00022818038107574878,0.0,0.000227433880883197
2021-09-28,-0.004901971364789093,-0.004901971364789093,0.0,-0.00490271805679226
2021-09-29,0.0007336827039632343,0.0007336827039632343,0.0,0.0007329401529029612
2021-09-30,-0.0019395012850331739,-0.0019395012850331739,0.0,-0.0019402444554179102
2021-10-01,0.002686038802130142,0.002772768550562965,0.17345949686616854,0.002685510658768274
2021-10-04,-0.00252136136636405,-0.00252136136636405,0.0,-0.0025218909241465325
2021-10-05,0.001753744456549855,0.001753744456549855,0.0,0.0017532175724630904
2021-10-06,-0.0008124386923614724,-0.0008124386923614724,0.0,-0.000812967432893819
2021-10-07,0.0025106800163421372,0.0025106800163421372,0.0,0.002510020166570751
2021-10-08,-0.0004130924855137996,-0.0004130924855137996,0.0,-0.0004137556517948255
2021-10-11,-0.0002832601150178915,-0.0002832601150178915,0.0,-0.00028392273539446823
2021-10-12,0.0003681182366592761,0.0003681182366592761,0.0,0.0003673235415307958
2021-10-13,0.0012668031926408307,0.0012668031926408307,0.0,0.0012661404602709752
2021-10-14,0.0035938820085352763,0.0035938820085352763,0.0,0.003593217604336383
2021-10-15,0.0016717426658723333,0.0016717426658723333,0.0,0.0016710735357299493
2021-10-18,-0.0002488306892748371,-0.0002488306892748371,0.0,-0.0002496362790465861
2021-10-19,0.0008142458809572428,0.0008142458809572428,0.0,0.0008135748828942265
2021-10-20,0.0013452342097719505,0.0013452342097719505,0.0,0.0013445621433690103
2021-10-21,-0.001353200695379031,-0.001353200695379031,0.0,-0.0013540092902516693
2021-10-22,-0.00016825195303660223,-0.00016825195303660223,0.0,-0.00016905841731083965
2021-10-25,0.0017919610999070912,0.0017919610999070912,0.0,0.001791154900588132
2021-10-26,0.0007107592230564119,0.0007107592230564119,0.0,0.0007099502068889067
2021-10-27,-0.0019187411639691732,-0.0019187411639691732,0.0,-0.0019195512966112954
2021-10-28,0.0015849943919723497,0.0015849943919723497,0.0,0.0015841872791209181
2021-10-29,-0.0010653835603843254,-0.0010653835603843254,0.0,-0.0010660582299099133
2021-11-01,0.0016298350175911747,0.0017902323308771617,0.3207946265719167,0.001629592324927529
2021-11-02,0.0003596680039079647,0.0003596680039079647,0.0,0.0003594253037602418
2021-11-03,0.0007260244274405192,0.0007260244274405192,0.0,0.000725781101182474
2021-11-04,0.00021381401668740807,0.00021381401668740807,0.0,0.00021361834532343573
2021-11-05,0.0017719891506189356,0.0017719891506189356,0.0,0.001771744189555919
2021-11-08,0.00077505713987569,0.00077505713987569,0.0,0.0007747594950017701
2021-11-09,0.0001752774094752052,0.0001752774094752052,0.0,0.00017507790393802127
2021-11-10,-0.0022523287915692247,-0.0022523287915692247,0.0,-0.0022525784774990393
2021-11-11,0.0015070116860937954,0.0015070116860937954,0.0,0.0015067659155141605
2021-11-12,0.0008583636391894522,0.0008583636391894522,0.0,0.0008581152528284142
2021-11-15,0.00027113600320083364,0.00027113600320083364,0.0,0.00027088612822093405
2021-11-16,0.000339789176434957,0.000339789176434957,0.0,0.00033953883136435893
2021-11-17,-0.001161352366237045,-0.001161352366237045,0.0,-0.001161603300227863
2021-11-18,0.00018271307911987833,0.00018271307911987833,0.0,0.0001824641603171879
2021-11-19,-0.0015694982919074452,-0.0015694982919074452,0.0,-0.0015697475276974476
2021-11-22,-0.0008641227224945869,-0.0008641227224945869,0.0,-0.0008643692310955049
2021-11-23,0.0009571178322056451,0.0009571178322056451,0.0,0.000956823825261516
2021-11-24,0.00037059104230108275,0.00037059104230108275,0.0,0.00037029503981423083
2021-11-26,-0.011369349281013297,-0.011369349281013297,0.0,-0.011369646055877668
2021-11-29,0.002199303001675368,0.002199303001675368,0.0,0.002199030195056502
2021-11-30,-0.005496765463830711,-0.005496765463830711,0.0,-0.005496996657910364
2021-12-01,-0.0008482186941337622,-0.0006452652219117727,0.40590694444367487,-0.0008485376411129474
2021-12-02,0.004244493843158725,0.004244493843158725,0.0,0.004244237399784801
2021-12-03,-0.0011778051492938868,-0.0011778051492938868,0.0,-0.001178121643920822
2021-12-06,0.002898359770699077,0.002898359770699077,0.0,0.0028980457104683596
2021-12-07,0.003986439739068315,0.003986439739068315,0.0,0.003986119705553266
2021-12-08,0.00040928481892255064,0.00040928481892255064,0.0,0.00040890189952969155
2021-12-09,-0.002698620952700792,-0.002698620952700792,0.0,-0.0026989500091331043
2021-12-10,0.001092759050605574,0.001092759050605574,0.0,0.0010924355464461413
2021-12-13,-0.00082121205848662,-0.00082121205848662,0.0,-0.0008214835168203158
2021-12-14,-0.001410691898731109,-0.001410691898731109,0.0,-0.0014109619494447022
2021-12-15,0.0024632053454505254,0.0024632053454505254,0.0,0.002462884190333527
2021-12-16,-0.001345178247625478,-0.001345178247625478,0.0,-0.0013454500945869483
2021-12-17,-0.0008594131057333421,-0.0008594131057333421,0.0,-0.0008596826462704201
2021-12-20,-0.002152573133019753,-0.002152573133019753,0.0,-0.002152948425043919
2021-12-21,0.003962596517385064,0.003962596517385064,0.0,0.003962226408043287
2021-12-22,0.002125427895753873,0.002125427895753873,0.0,0.0021249940531208075
2021-12-23,0.0010775996562584211,0.0010775996562584211,0.0,0.001077160000691417
2021-12-27,0.00272339531939525,0.00272339531939525,0.0,0.00272306336971539
2021-12-28,-0.00039208390480105493,-0.00039208390480105493,0.0,-0.0003924214195693442
2021-12-29,0.00045913824986509866,0.00045913824986509866,0.0,0.0004588576554859066
2021-12-30,7.1975968376492006e-06,7.1975968376492006e-06,0.0,6.9162206604317055e-06
2021-12-31,-0.0008671762771215175,-0.0008671762771215175,0.0,-0.0008675139432409291
2022-01-03,0.0008520745985884925,0.0009244711549600826,0.14479311274325785,0.0008519810332170404
2022-01-04,0.00032702534772144354,0.00032702534772144354,0.0,0.0003269406011677129
2022-01-05,-0.0033792233995774135,-0.0033792233995774135,0.0,-0.003379319875847845
2022-01-06,0.0002929993733955527,0.0002929993733955527,0.0,0.00029290526915693756
2022-01-07,-0.0013224443172872302,-0.0013224443172872302,0.0,-0.0013225395563167955
2022-01-10,-0.0005014530782333493,-0.0005014530782333493,0.0,-0.0005015702217541848
2022-01-11,0.0018321453850362879,0.0018321453850362879,0.0,0.0018320395873747547
2022-01-12,-0.0006413745742726018,-0.0006413745742726018,0.0,-0.0006414888869984355
2022-01-13,-0.0020679694374660107,-0.0020679694374660107,0.0,-0.002068080767431414
2022-01-14,0.0009607560424438333,0.0009607560424438333,0.0,0.0009606458752552383
2022-01-18,-0.0010885970264515876,-0.0010885970264515876,0.0,-0.0010887474280282124
2022-01-19,-0.001464349522212971,-0.001464349522212971,0.0,-0.0014644927359815792
2022-01-20,-0.0012396964977576808,-0.0012396964977576808,0.0,-0.0012398378832639732
2022-01-21,-0.0019192351242991457,-0.0019192351242991457,0.0,-0.0019193604473857508
2022-01-24,0.0004515766144401745,0.0004515766144401745,0.0,0.0004514441533155097
2022-01-25,-0.0008500573394952804,-0.0008500573394952804,0.0,-0.0008501933231542893
2022-01-26,0.0001927660908263018,0.0001927660908263018,0.0,0.00019264321105787465
2022-01-27,0.00016439718202643228,0.00016439718202643228,0.0,0.0001642663302359505
2022-01-28,0.002825807784594625,0.002825807784594625,0.0,0.0028256822565275647
2022-01-31,0.0015189341459702632,0.0015189341459702632,0.0,0.0015187491943838864
2022-02-01,0.0002799146948635478,0.0003957729012689093,0.23171641281086616,0.0002813286949852884
2022-02-02,0.00027112621346003785,0.00027112621346003785,0.0,0.00027253481750590754
2022-02-03,-0.0016062490190708045,-0.0016062490190708045,0.0,-0.0016047726444916029
2022-02-04,0.000929048636185037,0.000929048636185037,0.0,0.0009306829031159755
2022-02-07,-0.0002734656695495552,-0.0002734656695495552,0.0,-0.0002714882870459898
2022-02-08,0.0006027920592019953,0.0006027920592019953,0.0,0.0006047022732691474
2022-02-09,0.0019562752892379187,0.0019562752892379187,0.0,0.001958177897941304
2022-02-10,-0.00021998493579244993,-0.00021998493579244993,0.0,-0.00021713319631876455
2022-02-11,-0.0013128344512549628,-0.0013128344512549628,0.0,-0.0013102571333578536
2022-02-14,0.0007649182619515749,0.0007649182619515749,0.0,0.0007680804326513626
2022-02-15,3.383895141761961e-05,3.383895141761961e-05,0.0,3.670540257788043e-05
2022-02-16,-0.0004108718499239439,-0.0004108718499239439,0.0,-0.0004081458415928706
2022-02-17,-0.0014912804634948928,-0.0014912804634948928,0.0,-0.0014886871523020408
2022-02-18,0.00019321630741431228,0.00019321630741431228,0.0,0.00019569384655814936
2022-02-22,0.0006715995466231028,0.0006715995466231028,0.0,0.0006743567101163384
2022-02-23,-0.000499687308635921,-0.000499687308635921,0.0,-0.000497153530605579
2022-02-24,0.0018323515030638227,0.0018323515030638227,0.0,0.0018346818408894855
2022-02-25,1.4096795902807102e-05,1.4096795902807102e-05,0.0,1.6398920348075706e-05
2022-02-28,0.00011533925340256879,0.00011533925340256879,0.0,0.0001179201798755837
2022-03-01,0.0016839832389252685,0.0018005724469214446,0.23317841599240285,0.0016849518402692694
2022-03-02,0.0030182267179243993,0.0030182267179243993,0.0,0.0030192132380502438
2022-03-03,0.001327689726723369,0.001327689726723369,0.0,0.0013287483147540512
2022-03-04,0.002787617711795587,0.002787617711795587,0.0,0.0027885432426461164
2022-03-07,0.0021464138727194104,0.0021464138727194104,0.0,0.002147434754184558
2022-03-08,0.0018151472488903142,0.0018151472488903142,0.0,0.0018160817309115342
2022-03-09,-0.005322751399589154,-0.005322751399589154,0.0,-0.005321794110788261
2022-03-10,0.00030148398980212043,0.00030148398980212043,0.0,0.00030252709450159386
2022-03-11,0.0019385329907100068,0.0019385329907100068,0.0,0.0019395985584578829
2022-03-14,-0.001408978435116559,-0.001408978435116559,0.0,-0.001407785862371169
2022-03-15,-0.0018050269330236457,-0.0018050269330236457,0.0,-0.0018037803828517558
2022-03-16,-0.001610012376697889,-0.001610012376697889,0.0,-0.0016088141604009062
2022-03-17,0.004007717137620714,0.004007717137620714,0.0,0.004008859151840901
2022-03-18,0.0006594585019001897,0.0006594585019001897,0.0,0.000660559449268562
2022-03-21,0.0035188673953834293,0.0035188673953834293,0.0,0.0035203289192417106
2022-03-22,0.00022160261570580708,0.00022160261570580708,0.0,0.0002228821293076761
2022-03-23,0.002031999764958048,0.002031999764958048,0.0,0.002033249516232472
2022-03-24,0.0002806525271126237,0.0002806525271126237,0.0,0.00028185950834581203
2022-03-25,0.0011996137162522125,0.0011996137162522125,0.0,0.0012008868564367086
2022-03-28,-0.0017734026581489593,-0.0017734026581489593,0.0,-0.0017719916223033517
2022-03-29,-0.0002128285908380434,-0.0002128285908380434,0.0,-0.0002114698054271915
2022-03-30,0.00016235864570202097,0.00016235864570202097,0.0,0.00016369809722971103
2022-03-31,-0.0012259479269154383,-0.0012259479269154383,0.0,-0.0012247093769633347
2022-04-01,0.000480651035408286,0.0005460779857029419,0.13085390058946703,0.0004833262882187843
2022-04-04,0.0010247624520303145,0.0010247624520303145,0.0,0.0010282047727053632
2022-04-05,0.0002678485942499975,0.0002678485942499975,0.0,0.00027115833502109775
2022-04-06,-0.00047580157415250124,-0.00047580157415250124,0.0,-0.00047239802821017986
2022-04-07,0.0002576882292832927,0.0002576882292832927,0.0,0.0002611570639858912
2022-04-08,0.0010945734079415015,0.0010945734079415015,0.0,0.001098085294198252
2022-04-11,-5.201188659642586e-05,-5.201188659642586e-05,0.0,-4.8080111488811266e-05
2022-04-12,0.0005750770227166413,0.0005750770227166413,0.0,0.0005788088897661813
2022-04-13,0.00046109316708276005,0.00046109316708276005,0.0,0.00046485618535517927
2022-04-14,0.0005407601399134432,0.0005407601399134432,0.0,0.0005446576098886226
2022-04-18,0.001267839282874661,0.001267839282874661,0.0,0.0012719168219710827
2022-04-19,0.0007215591825107115,0.0007215591825107115,0.0,0.000725590355639708
2022-04-20,-0.0004637958090586425,-0.0004637958090586425,0.0,-0.0004597910049395647
2022-04-21,0.0002962165026361152,0.0002962165026361152,0.0,0.00030023826379955564
2022-04-22,-0.0016546433126042315,-0.0016546433126042315,0.0,-0.0016506323783366708
2022-04-25,-0.0009814149912812375,-0.0009814149912812375,0.0,-0.0009767973000063567
2022-04-26,-0.0008958627320386769,-0.0008958627320386769,0.0,-0.0008916550708181354
2022-04-27,0.0008146930603285529,0.0008146930603285529,0.0,0.0008188333994034564
2022-04-28,0.0026659864598677085,0.0026659864598677085,0.0,0.0026700468124989094
2022-04-29,-0.0023917707834089086,-0.0023917707834089086,0.0,-0.0023877088126005534
2022-05-02,-0.00026813096136335535,-0.000179343158448253,0.17757560582998036,-0.00026001658833279016
2022-05-03,-0.000772357345095509,-0.000772357345095509,0.0,-0.0007642507742292672
2022-05-04,-0.0013768312659427906,-0.0013768312659427906,0.0,-0.0013688717222749068
2022-05-05,0.002628659835922642,0.002628659835922642,0.0,0.0026363140150397315
2022-05-06,0.0008275112962667919,0.0008275112962667919,0.0,0.0008350580156312643
2022-05-09,-0.0020304122543335357,-0.0020304122543335357,0.0,-0.0020221838196440144
2022-05-10,-0.0002589511957412638,-0.0002589511957412638,0.0,-0.00025090302947459363
2022-05-11,0.0008298619234505811,0.0008298619234505811,0.0,0.0008380118772489803
2022-05-12,0.0005185221498169579,0.0005185221498169579,0.0,0.0005270864871316693
2022-05-13,0.0006496768676669262,0.0006496768676669262,0.0,0.0006587566204047972
2022-05-16,0.0002366837362555163,0.0002366837362555163,0.0,0.0002462690673911865
2022-05-17,-0.000462944538465182,-0.000462944538465182,0.0,-0.00045346099020958564
2022-05-18,-0.0008975733271402442,-0.0008975733271402442,0.0,-0.0008884246750803178
2022-05-19,-0.0018494118840620688,-0.0018494118840620688,0.0,-0.0018400383905611464
2022-05-20,-3.852893499689536e-05,-3.852893499689536e-05,0.0,-2.933470355660247e-05
2022-05-23,-0.00030935388024466715,-0.00030935388024466715,0.0,-0.0002996114455211786
2022-05-24,-0.001694491654313901,-0.001694491654313901,0.0,-0.0016849154689989338
2022-05-25,-0.0001677149490801888,-0.0001677149490801888,0.0,-0.0001580517857967538
2022-05-26,-0.0003628906222938877,-0.0003628906222938877,0.0,-0.00035312673665793197
2022-05-27,-0.00012981645995024937,-0.00012981645995024937,0.0,-0.00012003375981734391
2022-05-31,0.001104042810715411,0.001104042810715411,0.0,0.0011144787141025283
2022-06-01,0.0018018472599266033,0.0018408318161460269,0.0779691124389453,0.0018130028993146438
2022-06-02,-0.0010149001703734228,-0.0010149001703734228,0.0,-0.001003730123113233
2022-06-03,0.0014045503878254983,0.0014045503878254983,0.0,0.0014161747529238757
2022-06-06,0.0011366816813696001,0.0011366816813696001,0.0,0.0011488165682593903
2022-06-07,-0.00019288122776339733,-0.00019288122776339733,0.0,-0.0001807174415653144
2022-06-08,0.001300977955448035,0.001300977955448035,0.0,0.0013132517716060508
2022-06-09,0.001395797800805454,0.001395797800805454,0.0,0.0014080887683171775
2022-06-10,0.001658540621510829,0.001658540621510829,0.0,0.0016715196308453302
2022-06-13,0.0034872517657993374,0.0034872517657993374,0.0,0.003503482667749372
2022-06-14,0.0006048835388621221,0.0006048835388621221,0.0,0.000621673934283832
2022-06-15,-0.0029288972568839444,-0.0029288972568839444,0.0,-0.0029130059920066806
2022-06-16,-0.0012819813951236991,-0.0012819813951236991,0.0,-0.0012672785462437826
2022-06-17,0.0008690048543731343,0.0008690048543731343,0.0,0.0008841894399865824
2022-06-21,0.0003477395403965744,0.0003477395403965744,0.0,0.00036362191995241964
2022-06-22,-0.0016624766225438181,-0.0016624766225438181,0.0,-0.0016474822147292745
2022-06-23,-0.0012818985945215466,-0.0012818985945215466,0.0,-0.0012665828186648417
2022-06-24,-3.109191222450125e-05,-3.109191222450125e-05,0.0,-1.4996782076383902e-05
2022-06-27,0.00045774731261682966,0.00045774731261682966,0.0,0.00047471775710723963
2022-06-28,0.0011794140410819054,0.0011794140410819054,0.0,0.0011963449474875873
2022-06-29,-9.4462211323032e-06,-9.4462211323032e-06,0.0,7.19059979001305e-06
2022-06-30,-0.001553787446707089,-0.001553787446707089,0.0,-0.0015378230188946695
2022-07-01,-0.0013156940654106553,-0.0012558253630994276,0.1197374046225077,-0.0012972409958531942
2022-07-05,8.870258989457369e-05,8.870258989457369e-05,0.0,0.00010952093530970862
2022-07-06,0.0014182238521676105,0.0014182238521676105,0.0,0.001438921923125512
2022-07-07,0.0002349491663378167,0.0002349491663378167,0.0,0.00025595860028501026
2022-07-08,0.000870275654986985,0.000870275654986985,0.0,0.0008914846203027423
2022-07-11,0.0018280646443620263,0.0018280646443620263,0.0,0.0018516224663360646
2022-07-12,-0.0014987509473373128,-0.0014987509473373128,0.0,-0.0014750613224746615
2022-07-13,-0.0002108770977630181,-0.0002108770977630181,0.0,-0.00018514587199694698
2022-07-14,0.00182028467344586,0.00182028467344586,0.0,0.0018460408283585328
2022-07-15,-0.0016518476774235458,-0.0016518476774235458,0.0,-0.001626744797406225
2022-07-18,0.0006496929204047319,0.0006496929204047319,0.0,0.0006766445546743015
2022-07-19,-0.0013482858071732773,-0.0013482858071732773,0.0,-0.0013211942814453145
2022-07-20,0.00020105405027015522,0.00020105405027015522,0.0,0.00022809232331950322
2022-07-21,-0.0029575929604400697,-0.0029575929604400697,0.0,-0.0029310224278865553
2022-07-22,-0.0014714450428613413,-0.0014714450428613413,0.0,-0.0014444009652138064
2022-07-25,0.0009397205618100202,0.0009397205618100202,0.0,0.0009685269479537574
2022-07-26,0.0013585273547285226,0.0013585273547285226,0.0,0.0013864242815790448
2022-07-27,-0.002099916508903732,-0.002099916508903732,0.0,-0.0020734207072785767
2022-07-28,-0.0023928028818003266,-0.0023928028818003266,0.0,-0.0023662791502686528
2022-07-29,-0.0009165786859846037,-0.0009165786859846037,0.0,-0.0008898817520561541
2022-08-01,-0.0017733270848436788,-0.001729726414614552,0.087201340457974,-0.0017496488642523645
2022-08-02,0.0026681392368166357,0.0026681392368166357,0.0,0.0026919001572487645
2022-08-03,-0.0007219466966941201,-0.0007219466966941201,0.0,-0.0006988888820145742
2022-08-04,-0.0015747568615556151,-0.0015747568615556151,0.0,-0.0015518969976792856
2022-08-05,0.0027705410586498225,0.0027705410586498225,0.0,0.002794257225243004
2022-08-08,-0.0006627518003671229,-0.0006627518003671229,0.0,-0.0006385246399915935
2022-08-09,0.0006181032869956304,0.0006181032869956304,0.0,0.0006425087443990261
2022-08-10,-0.0019457373654709897,-0.0019457373654709897,0.0,-0.001921598809225855
2022-08-11,0.0011861139302125068,0.0011861139302125068,0.0,0.0012101165981407173
2022-08-12,-0.0007939303272117559,-0.0007939303272117559,0.0,-0.0007699799006090709
2022-08-15,0.0005030885710120003,0.0005030885710120003,0.0,0.0005280883614860982
2022-08-16,0.0002308501648102812,0.0002308501648102812,0.0,0.0002555952882185183
2022-08-17,0.0012405914016162534,0.0012405914016162534,0.0,0.0012651175190953948
2022-08-18,0.0009134884356052364,0.0009134884356052364,0.0,0.000938044989479614
2022-08-19,0.002069718557071276,0.002069718557071276,0.0,0.0020944390894766227
2022-08-22,0.0018024127513081023,0.0018024127513081023,0.0,0.0018277920985834226
2022-08-23,-0.0002477465560929426,-0.0002477465560929426,0.0,-0.0002228837288546096
2022-08-24,0.0006118947213198389,0.0006118947213198389,0.0,0.0006369740905956963
2022-08-25,-0.0016159746787325346,-0.0016159746787325346,0.0,-0.0015905190591799306
2022-08-26,0.00138500529124852,0.00138500529124852,0.0,0.0014106806717884383
2022-08-29,0.001221804061356746,0.001221804061356746,0.0,0.0012482998415002178
2022-08-30,-0.00016660903432896834,-0.00016660903432896834,0.0,-0.00014037662070502126
2022-08-31,0.00023630490702508666,0.00023630490702508666,0.0,0.0002624695700665476
2022-09-01,0.0013695072047492651,0.0014167475246613659,0.09448063982388885,0.0014043174772659047
2022-09-02,-0.0001898161298747869,-0.0001898161298747869,0.0,-0.00015543149228338431
2022-09-06,0.0028841612316699017,0.0028841612316699017,0.0,0.002919902075676043
2022-09-07,-0.003014734615153558,-0.003014734615153558,0.0,-0.0029791958420206065
2022-09-08,0.0006327244747246219,0.0006327244747246219,0.0,0.0006686074759637565
2022-09-09,-0.0011672134101512466,-0.0011672134101512466,0.0,-0.0011313071316872497
2022-09-12,-0.0008727934076029342,-0.0008727934076029342,0.0,-0.0008353749316546849
2022-09-13,0.004490834033319402,0.004490834033319402,0.0,0.004529607789222686
2022-09-14,-0.0007817602918992472,-0.0007817602918992472,0.0,-0.0007443219765545718
2022-09-15,0.0007917937080419435,0.0007917937080419435,0.0,0.0008291195319958308
2022-09-16,-0.00013248111702157672,-0.00013248111702157672,0.0,-9.552122897100953e-05
2022-09-19,0.00011722996252583329,0.00011722996252583329,0.0,0.00015647762975819308
2022-09-20,0.0019807522878823036,0.0019807522878823036,0.0,0.002019622351451037
2022-09-21,0.0009849166307922541,0.0009849166307922541,0.0,0.0010228630551620864
2022-09-22,0.0015633356871833648,0.0015633356871833648,0.0,0.001600884025311874
2022-09-23,0.002579224022416282,0.002579224022416282,0.0,0.0026156978391546288
2022-09-26,0.003189573067063911,0.003189573067063911,0.0,0.0032277150103171936
2022-09-27,0.0014312571629422344,0.0014312571629422344,0.0,0.0014684056723525704
2022-09-28,-0.004412827645155382,-0.004412827645155382,0.0,-0.004375577451477058
2022-09-29,0.0012057746907638833,0.0012057746907638833,0.0,0.0012434222148562744
2022-09-30,0.0005188335340233774,0.0005188335340233774,0.0,0.0005558204561996829
2022-10-03,-0.003290146876129829,-0.003230033871931437,0.12022600839700887,-0.003238445506851266
2022-10-04,-0.004334124054199084,-0.004334124054199084,0.0,-0.004282322042174807
2022-10-05,0.0028858663513755545,0.0028858663513755545,0.0,0.002938625783014015
2022-10-06,0.002482115992029188,0.002482115992029188,0.0,0.002534186516920376
2022-10-07,0.003333881970382313,0.003333881970382313,0.0,0.0033853419028561445
2022-10-10,0.002242345600869111,0.002242345600869111,0.0,0.0022931980943808033
2022-10-11,0.00018959276026286886,0.00018959276026286886,0.0,0.0002433904384794689
2022-10-12,2.825626640934331e-05,2.825626640934331e-05,0.0,8.247408564495453e-05
2022-10-13,-0.0002887414304234559,-0.0002887414304234559,0.0,-0.00023331088094857063
2022-10-14,0.0024995025815655048,0.0024995025815655048,0.0,0.002555143300225851
2022-10-17,-0.003018946563305369,-0.003018946563305369,0.0,-0.002961237495932904
2022-10-18,-0.0008447135110459802,-0.0008447135110459802,0.0,-0.0007853015662621755
2022-10-19,0.003603156745167091,0.003603156745167091,0.0,0.0036630558120480648
2022-10-20,0.0012467587787952095,0.0012467587787952095,0.0,0.0013058857407392901
2022-10-21,-0.003120287274735456,-0.003120287274735456,0.0,-0.00306157768010878
2022-10-24,0.0012962244689493918,0.0012962244689493918,0.0,0.0013571247478569703
2022-10-25,-0.004120855679732749,-0.004120855679732749,0.0,-0.004060694342305973
2022-10-26,-0.002232402536716971,-0.002232402536716971,0.0,-0.002171801799561574
2022-10-27,0.00028392539935029326,0.00028392539935029326,0.0,0.0003451665806907076
2022-10-28,5.2029182687540754e-05,5.2029182687540754e-05,0.0,0.00011382802677324663
2022-10-31,0.0025308583286767217,0.0025308583286767217,0.0,0.0025937297093835596
2022-11-01,-0.0009960798780369595,-0.0009633043841280609,0.06555098781747813,-0.0009325084330256452
2022-11-02,0.0016620239070992415,0.0016620239070992415,0.0,0.0017249406577984111
2022-11-03,0.0019243760018547995,0.0019243760018547995,0.0,0.001987231982955177
2022-11-04,-0.003770835109779047,-0.003770835109779047,0.0,-0.0037090243303996924
2022-11-07,-0.00042073966388356254,-0.00042073966388356254,0.0,-0.0003565326873931782
2022-11-08,-0.002349002136985523,-0.002349002136985523,0.0,-0.0022850114677588984
2022-11-09,0.0013787276428729456,0.0013787276428729456,0.0,0.0014434094356348013
2022-11-10,-0.011111979122609639,-0.011111979122609639,0.0,-0.011047924167119924
2022-11-11,-0.0026947594808069963,-0.0026947594808069963,0.0,-0.0026281609924554603
2022-11-14,0.0015754696892662512,0.0015754696892662512,0.0,0.0016438370879266382
2022-11-15,-0.002619683174772791,-0.002619683174772791,0.0,-0.0025520099098699056
2022-11-16,-0.0006896125279186593,-0.0006896125279186593,0.0,-0.0006213300079254466
2022-11-17,0.0013134041717310918,0.0013134041717310918,0.0,0.001381681863083431
2022-11-18,0.0010357691636451172,0.0010357691636451172,0.0,0.0011040714942699792
2022-11-21,0.0017079133099215937,0.0017079133099215937,0.0,0.0017772865960172005
2022-11-22,-0.002339376641105284,-0.002339376641105284,0.0,-0.002270733926857498
2022-11-23,-0.0034359477540689687,-0.0034359477540689687,0.0,-0.0033667523412578655
2022-11-25,-6.549894007823465e-05,-6.549894007823465e-05,0.0,4.677339314492895e-06
2022-11-28,0.0015462245651101103,0.0015462245651101103,0.0,0.0016177470615644344
2022-11-29,0.0001708920082428289,0.0001708920082428289,0.0,0.0002415442671151733
2022-11-30,-0.004399485350146559,-0.004399485350146559,0.0,-0.004328874114871412
2022-12-01,-0.0039774714754280405,-0.0038812103458540914,0.19252225914784082,-0.003933216737534159
2022-12-02,-0.0008910152735054355,-0.0008910152735054355,0.0,-0.0008462972260752817
2022-12-05,0.0018265297713209172,0.0018265297713209172,0.0,0.0018719691181763392
2022-12-06,-0.0007150575579857321,-0.0007150575579857321,0.0,-0.0006700099871818717
2022-12-07,-0.0016770157441673428,-0.0016770157441673428,0.0,-0.001632555690373601
2022-12-08,-3.4402619665141465e-05,-3.4402619665141465e-05,0.0,1.0091986647818814e-05
2022-12-09,0.0011771884737594718,0.0011771884737594718,0.0,0.0012219037419004984
2022-12-12,0.00041506508204292025,0.00041506508204292025,0.0,0.00046059354245204625
2022-12-13,-0.0019326169225044598,-0.0019326169225044598,0.0,-0.0018874957369298172
2022-12-14,-8.929294584769654e-05,-8.929294584769654e-05,0.0,-4.407772785073977e-05
2022-12-15,0.0008466352328277971,0.0008466352328277971,0.0,0.0008917625416318395
2022-12-16,4.1190668961244015e-05,4.1190668961244015e-05,0.0,8.59251246254208e-05
2022-12-19,0.001300555399677883,0.001300555399677883,0.0,0.0013461330669617265
2022-12-20,-0.0003620154933106079,-0.0003620154933106079,0.0,-0.0003170351348057341
2022-12-21,-0.00011322460232454645,-0.00011322460232454645,0.0,-6.848493254958874e-05
2022-12-22,0.00040872186155538337,0.00040872186155538337,0.0,0.00045369771054124615
2022-12-23,0.0010026056657839177,0.0010026056657839177,0.0,0.0010473885290351102
2022-12-27,0.0010914706022910892,0.0010914706022910892,0.0,0.001137304878838676
2022-12-28,0.0008180243123985242,0.0008180243123985242,0.0,0.0008636204135262794
2022-12-29,-0.0016678335155585478,-0.0016678335155585478,0.0,-0.0016225201824271653
2022-12-30,0.0004667808900085113,0.0004667808900085113,0.0,0.0005120366584601085
2023-01-03,-0.001115349356866635,-0.0010731844680436087,0.0843297776461694,-0.0010603899339064618
2023-01-04,-0.0017047406508320373,-0.0017047406508320373,0.0,-0.0016497244907755408
2023-01-05,0.001280511101806825,0.001280511101806825,0.0,0.0013371764880826193
2023-01-06,-0.003461136174077839,-0.003461136174077839,0.0,-0.00340477213341793
2023-01-09,-0.0008122520225605223,-0.0008122520225605223,0.0,-0.0007545634838480371
2023-01-10,0.0007535931566331477,0.0007535931566331477,0.0,0.0008117297942010698
2023-01-11,-0.0011976123463243171,-0.0011976123463243171,0.0,-0.001139656047747252
2023-01-12,-0.0025674553850063564,-0.0025674553850063564,0.0,-0.0025101042759240193
2023-01-13,0.0008136118738057974,0.0008136118738057974,0.0,0.0008716990590611859
2023-01-17,0.0005490075476748402,0.0005490075476748402,0.0,0.0006075438641805096
2023-01-18,-0.0014392759311562253,-0.0014392759311562253,0.0,-0.0013811271854837425
2023-01-19,0.0002769784373282125,0.0002769784373282125,0.0,0.0003355995050955437
2023-01-20,0.00036255283729347276,0.00036255283729347276,0.0,0.0004213650605464794
2023-01-23,0.00021275273301335496,0.00021275273301335496,0.0,0.00027160641811096965
2023-01-24,-0.0009637684967233051,-0.0009637684967233051,0.0,-0.0009050943787397754
2023-01-25,-0.0004088573095203385,-0.0004088573095203385,0.0,-0.0003500805378866876
2023-01-26,0.00019717253248385802,0.00019717253248385802,0.0,0.00025591824776224567
2023-01-27,-0.0002287856004546951,-0.0002287856004546951,0.0,-0.0001698290439478396
2023-01-30,0.0011812247776861184,0.0011812247776861184,0.0,0.0012404945814981493
2023-01-31,-0.0010806611317030201,-0.0010806611317030201,0.0,-0.001021804661640579
2023-02-01,-0.0015243939983712318,-0.0014502105214064809,0.14836695392947702,-0.0014872164376850822
2023-02-02,-0.00021686329628334278,-0.00021686329628334278,0.0,-0.00017955254068933473
2023-02-03,0.0012470414748668723,0.0012470414748668723,0.0,0.0012847291863244158
2023-02-06,0.0011616567841978842,0.0011616567841978842,0.0,0.0011992354291093475
2023-02-07,1.7967680496111527e-05,1.7967680496111527e-05,0.0,5.5291380592453484e-05
2023-02-08,-0.00013829888819838487,-0.00013829888819838487,0.0,-0.00010097913133617219
2023-02-09,0.00026196762723151856,0.00026196762723151856,0.0,0.000299724603697943
2023-02-10,0.0007573949583892237,0.0007573949583892237,0.0,0.0007952563187731657
2023-02-13,-0.00020445772385790928,-0.00020445772385790928,0.0,-0.00016660319825556765
2023-02-14,0.0005387264181584417,0.0005387264181584417,0.0,0.0005765456800486485
2023-02-15,0.0003216583192466871,0.0003216583192466871,0.0,0.000359276710054491
2023-02-16,0.00033062748171586165,0.00033062748171586165,0.0,0.0003684966044180496
2023-02-17,-0.0004086009697777948,-0.0004086009697777948,0.0,-0.000370806007778082
2023-02-21,0.001016381687482415,0.001016381687482415,0.0,0.0010544295571143004
2023-02-22,-0.0003690863168945846,-0.0003690863168945846,0.0,-0.00033134738089674363
2023-02-23,-0.0003498742221019757,-0.0003498742221019757,0.0,-0.0003120523425757409
2023-02-24,0.0008996322921444033,0.0008996322921444033,0.0,0.0009376132934715044
2023-02-27,-0.00041332135743910037,-0.00041332135743910037,0.0,-0.00037538276699696725
2023-02-28,-2.982745084012528e-05,-2.982745084012528e-05,0.0,8.044130040855782e-06
2023-03-01,0.000784244817424895,0.0008455469528159121,0.12260427078211807,0.0008403792301192402
2023-03-02,0.0003800615644407035,0.0003800615644407035,0.0,0.00043616749379831696
2023-03-03,-0.0017845272378982369,-0.0017845272378982369,0.0,-0.0017285140847576896
2023-03-06,0.0004530766472212733,0.0004530766472212733,0.0,0.0005097643809521912
2023-03-07,0.0017247701912679325,0.0017247701912679325,0.0,0.0017826541509219295
2023-03-08,0.00023412504690512037,0.00023412504690512037,0.0,0.0002918125378121235
2023-03-09,-0.0008619670676484059,-0.0008619670676484059,0.0,-0.0008045742001016975
2023-03-10,-0.0029183955619364044,-0.0029183955619364044,0.0,-0.002861259634069628
2023-03-13,-0.0032814788908940296,-0.0032814788908940296,0.0,-0.0032251721537660373
2023-03-14,0.0012999562783742036,0.0012999562783742036,0.0,0.0013571839324401443
2023-03-15,-0.0015454096806301054,-0.0015454096806301054,0.0,-0.0014899489302684585
2023-03-16,0.0010174497129196158,0.0010174497129196158,0.0,0.0010730349650440927
2023-03-17,-0.002145718198706681,-0.002145718198706681,0.0,-0.002092916949869262
2023-03-20,4.93250227950881e-06,4.93250227950881e-06,0.0,6.176364049101005e-05
2023-03-21,0.000999461341822494,0.000999461341822494,0.0,0.00105592464473195
2023-03-22,-0.0024687843679469523,-0.0024687843679469523,0.0,-0.002412438796507548
2023-03-23,-0.0009863034963725203,-0.0009863034963725203,0.0,-0.0009301016427811851
2023-03-24,0.00019528392378731496,0.00019528392378731496,0.0,0.00025172030613617016
2023-03-27,0.001940778938876564,0.001940778938876564,0.0,0.001999389943172874
2023-03-28,-0.0003874016684093373,-0.0003874016684093373,0.0,-0.00033061553069391257
2023-03-29,0.00021139865723962536,0.00021139865723962536,0.0,0.00026827816127065996
2023-03-30,-0.0008146481097240921,-0.0008146481097240921,0.0,-0.0007558599376366344
2023-03-31,-0.0008185605397269535,-0.0008185605397269535,0.0,-0.0007610439243478801
2023-04-03,-0.00028764458153096584,-0.0001656601251983636,0.24396891266524992,-0.00025931162906350026
2023-04-04,-0.0004039233569649303,-0.0004039233569649303,0.0,-0.0003756934716591169
2023-04-05,-0.00017916067892764787,-0.00017916067892764787,0.0,-0.0001509628618190901
2023-04-06,-0.00016969570931535394,-0.00016969570931535394,0.0,-0.00014116016151188607
2023-04-10,0.0008573814395897994,0.0008573814395897994,0.0,0.0008869722647488123
2023-04-11,-0.00047839075500699657,-0.00047839075500699657,0.0,-0.0004492907547539981
2023-04-12,-0.0003227498454551059,-0.0003227498454551059,0.0,-0.00029366249757795695
2023-04-13,-0.0002436839790824763,-0.0002436839790824763,0.0,-0.00021404584730211795
2023-04-14,0.0007060695618599233,0.0007060695618599233,0.0,0.0007359427548957879
2023-04-17,0.00035219023699184504,0.00035219023699184504,0.0,0.0003823802301586002
2023-04-18,-0.00027452622249746206,-0.00027452622249746206,0.0,-0.0002445365574815667
2023-04-19,0.0006344840797234408,0.0006344840797234408,0.0,0.0006643580144345425
2023-04-20,-0.0001773520914255533,-0.0001773520914255533,0.0,-0.00014786051745757913
2023-04-21,0.00015698472520608853,0.00015698472520608853,0.0,0.0001865759345713664
2023-04-24,-0.0005686562579864107,-0.0005686562579864107,0.0,-0.0005387446206415807
2023-04-25,-6.580888230456328e-05,-6.580888230456328e-05,0.0,-3.6183686163239836e-05
2023-04-26,0.00044800319088156293,0.00044800319088156293,0.0,0.0004778222308200711
2023-04-27,8.860706048774425e-05,8.860706048774425e-05,0.0,0.00011850219868944497
2023-04-28,-0.00031146975414197975,-0.00031146975414197975,0.0,-0.00028207009531079554
2023-05-01,0.0006236242313868434,0.0006924621407891074,0.13767581880453897,0.000634641328934451
2023-05-02,-0.00019259353607481433,-0.00019259353607481433,0.0,-0.00018167851632326607
2023-05-03,-8.329890162372955e-05,-8.329890162372955e-05,0.0,-7.232138057598506e-05
2023-05-04,-0.000228450982072248,-0.000228450982072248,0.0,-0.00021743411838182227
2023-05-05,0.00020172217909242285,0.00020172217909242285,0.0,0.00021278780486324732
2023-05-08,0.00020850384772796993,0.00020850384772796993,0.0,0.00021963448975945415
2023-05-09,-4.8674438546836285e-05,-4.8674438546836285e-05,0.0,-3.7631770174638474e-05
2023-05-10,-0.00028474932048949686,-0.00028474932048949686,0.0,-0.0002738039355548173
2023-05-11,0.00022299509262446726,0.00022299509262446726,0.0,0.00023391435254174249
2023-05-12,0.00019356197077824433,0.00019356197077824433,0.0,0.00020452049481244238
2023-05-15,0.00019559458147577757,0.00019559458147577757,0.0,0.00020646899082769283
2023-05-16,0.00011971004243038763,0.00011971004243038763,0.0,0.00013056446787608627
2023-05-17,0.00032271087660107334,0.00032271087660107334,0.0,0.00033360399836780767
2023-05-18,0.00042701836164504847,0.00042701836164504847,0.0,0.0004379275763646516
2023-05-19,9.373032020598693e-05,9.373032020598693e-05,0.0,0.00010450572603696855
2023-05-22,0.00021495698172735445,0.00021495698172735445,0.0,0.0002259644144468348
2023-05-23,-0.0006420011680345894,-0.0006420011680345894,0.0,-0.0006311662892556965
2023-05-24,-0.0001666254750780638,-0.0001666254750780638,0.0,-0.0001555880287886953
2023-05-25,0.0006221425534178593,0.0006221425534178593,0.0,0.0006332162940302785
2023-05-26,0.00020753531221173738,0.00020753531221173738,0.0,0.0002183686479484974
2023-05-30,-0.00016681784170002878,-0.00016681784170002878,0.0,-0.00015577834259799712
2023-05-31,-0.00031633451205426155,-0.00031633451205426155,0.0,-0.00030530016859677006
2023-06-01,-0.000508536726359643,-0.0004465915683919963,0.12389031593509182,-0.00047976227668807177
2023-06-02,0.00035055471290013074,0.00035055471290013074,0.0,0.00037938054533371993
2023-06-05,-1.5599099198015942e-05,-1.5599099198015942e-05,0.0,1.2979029407901951e-05
2023-06-06,1.1280228730647934e-05,1.1280228730647934e-05,0.0,3.975209207423475e-05
2023-06-07,-0.00012727348249463866,-0.00012727348249463866,0.0,-9.891417878590495e-05
2023-06-08,-0.0005964039348638206,-0.0005964039348638206,0.0,-0.0005682350268243957
2023-06-09,0.0006979590675173508,0.0006979590675173508,0.0,0.0007262107450344685
2023-06-12,0.0005855794806441939,0.0005855794806441939,0.0,0.0006138349366377039
2023-06-13,6.501641003353598e-05,6.501641003353598e-05,0.0,9.297183828329052e-05
2023-06-14,-0.0001519983793913937,-0.0001519983793913937,0.0,-0.00012411262955195555
2023-06-15,-0.0012079777475220155,-0.0012079777475220155,0.0,-0.0011802212319334453
2023-06-16,-0.0002420343049814866,-0.0002420343049814866,0.0,-0.0002138903065802316
2023-06-20,-1.0106811990095999e-05,-1.0106811990095999e-05,0.0,1.8369909707809987e-05
2023-06-21,-0.0007261183592558451,-0.0007261183592558451,0.0,-0.0006975838815036111
2023-06-22,0.0013327591611742573,0.0013327591611742573,0.0,0.0013614628744558015
2023-06-23,0.00034573317883035415,0.00034573317883035415,0.0,0.0003741266809800427
2023-06-26,-0.00046150408153255995,-0.00046150408153255995,0.0,-0.0004326962326369831
2023-06-27,0.0009650925623796436,0.0009650925623796436,0.0,0.0009937337931301758
2023-06-28,0.00018443220401698213,0.00018443220401698213,0.0,0.00021279249890432479
2023-06-29,0.0006295089679142496,0.0006295089679142496,0.0,0.0006579354618098057
2023-06-30,-0.0004200554137131496,-0.0004200554137131496,0.0,-0.0003919397671329788
2023-07-03,4.574576634563954e-05,0.00015527673489867944,0.21906193710597963,5.0848695638066077e-05
2023-07-05,-0.0007529522481340978,-0.0007529522481340978,0.0,-0.0007478945818584879
2023-07-06,-0.0013735384177546717,-0.0013735384177546717,0.0,-0.0013683011253518016
2023-07-07,0.00019784262106781192,0.00019784262106781192,0.0,0.00020336199927753552
2023-07-10,8.24595469639533e-06,8.24595469639533e-06,0.0,1.3754746384033769e-05
2023-07-11,0.0003795721992292389,0.0003795721992292389,0.0,0.0003850792275989425
2023-07-12,0.000676701935937718,0.000676701935937718,0.0,0.0006821174922173499
2023-07-13,0.0008687900546877625,0.0008687900546877625,0.0,0.0008740613328457873
2023-07-14,-6.261994275513771e-05,-6.261994275513771e-05,0.0,-5.752403011225535e-05
2023-07-17,0.00045372206525251535,0.00045372206525251535,0.0,0.00045884107561839694
2023-07-18,0.0006066763131278297,0.0006066763131278297,0.0,0.0006116887918323899
2023-07-19,2.685126715951114e-05,2.685126715951114e-05,0.0,3.174369368013553e-05
2023-07-20,-0.0010296890016090465,-0.0010296890016090465,0.0,-0.0010248023109715144
2023-07-21,0.0002601113379903097,0.0002601113379903097,0.0,0.0002652279231611966
2023-07-24,-0.00010829104463994099,-0.00010829104463994099,0.0,-0.00010322056898542959
2023-07-25,0.00018605192251208713,0.00018605192251208713,0.0,0.00019114563932272333
2023-07-26,0.0002984588594046045,0.0002984588594046045,0.0,0.0003035126536395333
2023-07-27,-0.0008690041629009215,-0.0008690041629009215,0.0,-0.0008640143921444899
2023-07-28,0.001127908163024438,0.001127908163024438,0.0,0.0011330845091098696
2023-07-31,0.00033856887253835843,0.00033856887253835843,0.0,0.000343503329394512
2023-08-01,-0.00044461502359283145,-0.00035634156397479355,0.17654691923606705,-0.0004251989762519792
2023-08-02,-0.0017228695337692113,-0.0017228695337692113,0.0,-0.00170347378464244
2023-08-03,3.152030857966892e-05,3.152030857966892e-05,0.0,5.131045205133778e-05
2023-08-04,-0.0009992000409539958,-0.0009992000409539958,0.0,-0.0009793795740302863
2023-08-07,0.0004953799645730506,0.0004953799645730506,0.0,0.0005154677947275963
2023-08-08,-0.0011523814016105582,-0.0011523814016105582,0.0,-0.0011323696986948325
2023-08-09,-0.0005854485397795983,-0.0005854485397795983,0.0,-0.000565247622220952
2023-08-10,0.0010001644620754035,0.0010001644620754035,0.0,0.0010204999504243443
2023-08-11,-0.0002554017120575125,-0.0002554017120575125,0.0,-0.0002352958911044143
2023-08-14,-4.561318623730326e-05,-4.561318623730326e-05,0.0,-2.541051219075995e-05
2023-08-15,-0.0008827871532132159,-0.0008827871532132159,0.0,-0.0008625739820305152
2023-08-16,-0.0004320118258867023,-0.0004320118258867023,0.0,-0.0004115953160316859
2023-08-17,-0.0006950294877593466,-0.0006950294877593466,0.0,-0.0006745134265264736
2023-08-18,-0.00023480403681208628,-0.00023480403681208628,0.0,-0.00021416678958228352
2023-08-21,0.0012147755687261785,0.0012147755687261785,0.0,0.0012355452475401266
2023-08-22,-0.00012785117788871592,-0.00012785117788871592,0.0,-0.00010736187748878405
2023-08-23,0.0006401721090227852,0.0006401721090227852,0.0,0.0006606909221121716
2023-08-24,-0.000889651294770033,-0.000889651294770033,0.0,-0.0008692417259843492
2023-08-25,0.0004689671385071925,0.0004689671385071925,0.0,0.0004896989810474558
2023-08-28,0.0008794602931470052,0.0008794602931470052,0.0,0.0009000830879043967
2023-08-29,0.0008361974296728913,0.0008361974296728913,0.0,0.0008565776685217684
2023-08-30,0.0001997043549835098,0.0001997043549835098,0.0,0.00021985297819109234
2023-08-31,-0.0010530666459248605,-0.0010530666459248605,0.0,-0.001032964197072134
2023-09-01,0.0005906328934888183,0.0006299100770092991,0.07855436704085585,0.0006033448135745081
2023-09-05,-0.0004814286416497948,-0.0004814286416497948,0.0,-0.00046860287533689486
2023-09-06,-0.00044936299521980416,-0.00044936299521980416,0.0,-0.00043645367868312663
2023-09-07,-0.0010030547356248976,-0.0010030547356248976,0.0,-0.0009900693863994603
2023-09-08,-7.021434833165419e-05,-7.021434833165419e-05,0.0,-5.6979865574548476e-05
2023-09-11,0.0010518576747045039,0.0010518576747045039,0.0,0.0010651328362938628
2023-09-12,-0.0005019009881098713,-0.0005019009881098713,0.0,-0.0004888616009424155
2023-09-13,-0.00012739142762141498,-0.00012739142762141498,0.0,-0.00011426420430565155
2023-09-14,0.00077622321791182,0.00077622321791182,0.0,0.0007893789603500715
2023-09-15,-0.0002224617904910131,-0.0002224617904910131,0.0,-0.00020945523797732317
2023-09-18,7.514803739283593e-05,7.514803739283593e-05,0.0,8.817991647198069e-05
2023-09-19,0.00010919808191234281,0.00010919808191234281,0.0,0.0001222131481697797
2023-09-20,-0.0004883669946628144,-0.0004883669946628144,0.0,-0.0004753274275968779
2023-09-21,-0.001276692972812965,-0.001276692972812965,0.0,-0.0012635436905762808
2023-09-22,-7.827957418571341e-05,-7.827957418571341e-05,0.0,-6.486831614123478e-05
2023-09-25,0.0002954597372633039,0.0002954597372633039,0.0,0.0003089642987119429
2023-09-26,-0.0014007221497315259,-0.0014007221497315259,0.0,-0.0013873094027058084
2023-09-27,-0.0001494549800199474,-0.0001494549800199474,0.0,-0.0001357261830706202
2023-09-28,0.00032033961673771927,0.00032033961673771927,0.0,0.0003340505957528683
2023-09-29,-0.0004502975576989865,-0.0004502975576989865,0.0,-0.0004366585750427367
2023-10-02,-0.001138041605835971,-0.001085677889177794,0.10472743331634568,-0.0011416468958222962
2023-10-03,-0.0018016103429844277,-0.0018016103429844277,0.0,-0.001805084338592416
2023-10-04,-0.0003465279290569834,-0.0003465279290569834,0.0,-0.00034961923072552133
2023-10-05,0.00044221477221340066,0.00044221477221340066,0.0,0.00043919585532414525
2023-10-06,0.001993912787476626,0.001993912787476626,0.0,0.001990789886395411
2023-10-09,0.00022617616682674146,0.00022617616682674146,0.0,0.0002226362220018241
2023-10-10,0.001445086794917838,0.001445086794917838,0.0,0.0014415129393564392
2023-10-11,0.00019092875457626945,0.00019092875457626945,0.0,0.00018705427719775862
2023-10-12,-0.000767863463350893,-0.000767863463350893,0.0,-0.0007717849820519954
2023-10-13,-0.0004148055273047735,-0.0004148055273047735,0.0,-0.00041856691560642395
2023-10-16,0.0013552925492070766,0.0013552925492070766,0.0,0.001351624569305929
2023-10-17,0.0005907469163848322,0.0005907469163848322,0.0,0.0005867897000338466
2023-10-18,-0.0015879612270188748,-0.0015879612270188748,0.0,-0.0015920338229149789
2023-10-19,-0.0003887217903723039,-0.0003887217903723039,0.0,-0.00039245682437112335
2023-10-20,-0.0013999584953729993,-0.0013999584953729993,0.0,-0.0014035990201517726
2023-10-23,-0.00024485678022401203,-0.00024485678022401203,0.0,-0.0002482133131950332
2023-10-24,0.0005620753945212442,0.0005620753945212442,0.0,0.0005587759577548089
2023-10-25,-0.0009989987040978088,-0.0009989987040978088,0.0,-0.001002421091214283
2023-10-26,-0.0014171073467369455,-0.0014171073467369455,0.0,-0.0014203220456070042
2023-10-27,0.00011444254037296098,0.00011444254037296098,0.0,0.0001115228711246938
2023-10-30,0.0009284272494978207,0.0009284272494978207,0.0,0.0009254782241378537
2023-10-31,0.0006215144256944694,0.0006215144256944694,0.0,0.000618371948164533
2023-11-01,0.00047991674667802187,0.0005499087853848561,0.13998407741383948,0.00048341243557173
2023-11-02,0.0013524247514986598,0.0013524247514986598,0.0,0.001355808375573648
2023-11-03,0.0011390151094385903,0.0011390151094385903,0.0,0.00114210531735144
2023-11-06,0.0002148331816853588,0.0002148331816853588,0.0,0.00021769275726771752
2023-11-07,-0.0006762384800439447,-0.0006762384800439447,0.0,-0.0006734299261237189
2023-11-08,-0.0005897928873577207,-0.0005897928873577207,0.0,-0.0005868406489578012
2023-11-09,0.00016254103662349806,0.00016254103662349806,0.0,0.00016561283699661583
2023-11-10,0.0004912937109331494,0.0004912937109331494,0.0,0.0004943252624951464
2023-11-13,0.00045261414400243893,0.00045261414400243893,0.0,0.000455552840883253
2023-11-14,0.0014325609143508444,0.0014325609143508444,0.0,0.0014353927238649194
2023-11-15,0.0007778436930536703,0.0007778436930536703,0.0,0.0007803728607139661
2023-11-16,-0.0005118167669617701,-0.0005118167669617701,0.0,-0.0005094562944530507
2023-11-17,0.00039985895243366265,0.00039985895243366265,0.0,0.00040232731678576153
2023-11-20,0.0004126605354231039,0.0004126605354231039,0.0,0.00041505372483296364
2023-11-21,-0.00026653771280160665,-0.00026653771280160665,0.0,-0.00026423614901172873
2023-11-22,0.000144036873509501,0.000144036873509501,0.0,0.00014639918276847878
2023-11-24,0.0005904620524064264,0.0005904620524064264,0.0,0.0005927983285613052
2023-11-27,-0.0005782986037984328,-0.0005782986037984328,0.0,-0.0005760873491641031
2023-11-28,0.0003415529924581939,0.0003415529924581939,0.0,0.0003438823440139513
2023-11-29,-0.0006823514077242132,-0.0006823514077242132,0.0,-0.0006801028210972308
2023-11-30,0.00042571195810903184,0.00042571195810903184,0.0,0.0004281043337201562
2023-12-01,0.0003956553303570143,0.00047759898663968237,0.16388731256549255,0.0003819652078915516
2023-12-04,-0.0014291706243853008,-0.0014291706243853008,0.0,-0.0014431601659258837
2023-12-05,-0.00040815635529289906,-0.00040815635529289906,0.0,-0.00042184111472300193
2023-12-06,-0.0002977331142814954,-0.0002977331142814954,0.0,-0.00031133839421905094
2023-12-07,7.589110988526215e-05,7.589110988526215e-05,0.0,6.236962855797078e-05
2023-12-08,0.00019077138133516414,0.00019077138133516414,0.0,0.00017723514675536573
2023-12-11,0.0003623153770093701,0.0003623153770093701,0.0,0.00034869025695435804
2023-12-12,0.0002770060361756421,0.0002770060361756421,0.0,0.0002633102521676228
2023-12-13,0.0015360059063243003,0.0015360059063243003,0.0,0.0015223083921669088
2023-12-14,0.0004948309045524901,0.0004948309045524901,0.0,0.00048086220451687265
2023-12-15,-0.0006469767165964146,-0.0006469767165964146,0.0,-0.0006610680460125417
2023-12-18,0.0006850405991578601,0.0006850405991578601,0.0,0.0006710214595375003
2023-12-19,0.001157304045670049,0.001157304045670049,0.0,0.001143232329708025
2023-12-20,-0.0016437279549574857,-0.0016437279549574857,0.0,-0.0016580506467389013
2023-12-21,0.0013504819362095688,0.0013504819362095688,0.0,0.001336531466919276
2023-12-22,0.0003317923587824456,0.0003317923587824456,0.0,0.00031752689017805865
2023-12-26,0.0007936722045562838,0.0007936722045562838,0.0,0.0007793151519274481
2023-12-27,0.0003567451324555382,0.0003567451324555382,0.0,0.0003422618881154174
2023-12-28,-0.0001815488292736811,-0.0001815488292736811,0.0,-0.00019612883394997237
2023-12-29,-0.0006667635689686646,-0.0006667635689686646,0.0,-0.0006811698694477145
2024-01-02,-0.0009071622957499414,-0.000819696569835382,0.1749314518291027,-0.000944145091061912
2024-01-03,-0.001514117936680437,-0.001514117936680437,0.0,-0.001551248415244185
2024-01-04,-0.0004407680478563103,-0.0004407680478563103,0.0,-0.0004776395137715951
2024-01-05,0.0001671661832907123,0.0001671661832907123,0.0,0.00013037015062862338
2024-01-08,0.002241863725173765,0.002241863725173765,0.0,0.002204968812368869
2024-01-09,-0.0006869310432718878,-0.0006869310432718878,0.0,-0.0007241384314727598
2024-01-10,0.0010785026876438675,0.0010785026876438675,0.0,0.001041483441690431
2024-01-11,0.00034982730238342086,0.00034982730238342086,0.0,0.00031262434781106717
2024-01-12,0.0004923025598970732,0.0004923025598970732,0.0,0.00045511128537738715
2024-01-16,-0.0016164071497878352,-0.0016164071497878352,0.0,-0.0016536820507371997
2024-01-17,-0.0014042771942226473,-0.0014042771942226473,0.0,-0.0014414188368430175
2024-01-18,0.0010505351183967004,0.0010505351183967004,0.0,0.0010137745016655752
2024-01-19,0.0015128978520138059,0.0015128978520138059,0.0,0.0014759584305961797
2024-01-22,0.000418141558119256,0.000418141558119256,0.0,0.00038094502527264427
2024-01-23,-2.324940059894587e-05,-2.324940059894587e-05,0.0,-6.044557156276417e-05
2024-01-24,-5.810583223941901e-05,-5.810583223941901e-05,0.0,-9.52980611789528e-05
2024-01-25,0.0008407065197377772,0.0008407065197377772,0.0,0.0008035241434355605
2024-01-26,-0.00030163517457326705,-0.00030163517457326705,0.0,-0.0003389599844013321
2024-01-29,0.0013483875375206456,0.0013483875375206456,0.0,0.0013110423039185567
2024-01-30,-0.0005364714307609653,-0.0005364714307609653,0.0,-0.0005739733284511061
2024-01-31,-0.001375306506431584,-0.001375306506431584,0.0,-0.0014127893669903845
2024-02-01,0.0014901305676651155,0.0015805266382489247,0.18079214116782844,0.0014765934979339551
2024-02-02,0.0013517014580353148,0.0013517014580353148,0.0,0.0013380017711108198
2024-02-05,-0.00034420422328962363,-0.00034420422328962363,0.0,-0.0003581388755962343
2024-02-06,-0.0002947118530063353,-0.0002947118530063353,0.0,-0.0003086065466261604
2024-02-07,0.0008861788226266487,0.0008861788226266487,0.0,0.0008723412153043421
2024-02-08,0.0003887373880220313,0.0003887373880220313,0.0,0.0003747282780048244
2024-02-09,0.0006370748816786342,0.0006370748816786342,0.0,0.0006229636384730648
2024-02-12,-0.0001362895678106435,-0.0001362895678106435,0.0,-0.0001504970482525433
2024-02-13,-0.0009176873953736786,-0.0009176873953736786,0.0,-0.0009319227529955026
2024-02-14,0.0006961204529587484,0.0006961204529587484,0.0,0.0006821169309658045
2024-02-15,0.0004712530072570331,0.0004712530072570331,0.0,0.0004571148545035716
2024-02-16,-0.0006107942685290579,-0.0006107942685290579,0.0,-0.0006250507263854171
2024-02-20,0.00012649120964458582,0.00012649120964458582,0.0,0.00011235312275305085
2024-02-21,-0.000299419432852277,-0.000299419432852277,0.0,-0.00031358203044012955
2024-02-22,0.0018336828760761037,0.0018336828760761037,0.0,0.0018195513984397508
2024-02-23,-0.00010053017835598421,-0.00010053017835598421,0.0,-0.00011504470297513254
2024-02-26,1.0642678190064814e-05,1.0642678190064814e-05,0.0,-3.852319933744756e-06
2024-02-27,0.0003943537866015756,0.0003943537866015756,0.0,0.0003798842822780748
2024-02-28,-0.0004276856061623535,-0.0004276856061623535,0.0,-0.00044220382476003686
2024-02-29,0.0003843117628439252,0.0003843117628439252,0.0,0.000369848753269134
2024-03-01,0.0015861380549060389,0.0016447455097023944,0.11721490959260457,0.0015527567078687324
2024-03-04,8.330496671726806e-05,8.330496671726806e-05,0.0,4.965110034413511e-05
2024-03-05,-0.0012027087998627284,-0.0012027087998627284,0.0,-0.0012363129309953557
2024-03-06,0.0014578759621652893,0.0014578759621652893,0.0,0.0014244174245821993
2024-03-07,0.0010079571326380155,0.0010079571326380155,0.0,0.0009742445981120573
2024-03-08,-0.001095661839646045,-0.001095661839646045,0.0,-0.0011295498076392642
2024-03-11,-0.0008235960733466996,-0.0008235960733466996,0.0,-0.0008572931338263793
2024-03-12,0.0015291595647528577,0.0015291595647528577,0.0,0.0014955420922027427
2024-03-13,-0.000382258778473088,-0.000382258778473088,0.0,-0.00041614301153344787
2024-03-14,-0.000709632219615508,-0.000709632219615508,0.0,-0.0007434497424753321
2024-03-15,-1.3769633660065672e-05,-1.3769633660065672e-05,0.0,-4.74632265332339e-05
2024-03-18,0.0009800597849944914,0.0009800597849944914,0.0,0.0009463685968796845
2024-03-19,0.0008083112388546088,0.0008083112388546088,0.0,0.0007745135579700493
2024-03-20,0.0020897570709019764,0.0020897570709019764,0.0,0.0020558187453310704
2024-03-21,0.000506733938060222,0.000506733938060222,0.0,0.0004723672965680487
2024-03-22,-0.00041823675068020094,-0.00041823675068020094,0.0,-0.0004526258742523843
2024-03-25,-0.00015968512251562927,-0.00015968512251562927,0.0,-0.00019393614230215288
2024-03-26,-0.0001153675564911083,-0.0001153675564911083,0.0,-0.00014952546363311732
2024-03-27,0.0014143504689192454,0.0014143504689192454,0.0,0.0013802125209308666
2024-03-28,-5.705609502260067e-05,-5.705609502260067e-05,0.0,-9.150425345705757e-05
2024-04-01,-0.0004434722270472147,-0.00031686658459928463,0.25321128489578015,-0.0004617793306953467
2024-04-02,-0.0013222776833761163,-0.0013222776833761163,0.0,-0.0013405139967980547
2024-04-03,0.00040227605567655367,0.00040227605567655367,0.0,0.0003842898598865841
2024-04-04,-0.0018648392055984342,-0.0018648392055984342,0.0,-0.001882866861958314
2024-04-05,0.0018802574430063501,0.0018802574430063501,0.0,0.0018625145230352796
2024-04-08,0.000954020264413824,0.000954020264413824,0.0,0.0009359211474093986
2024-04-09,0.0007747465114720242,0.0007747465114720242,0.0,0.000756466836585055
2024-04-10,-0.0013887745204852475,-0.0013887745204852475,0.0,-0.001407271173832229
2024-04-11,0.0011796229463061358,0.0011796229463061358,0.0,0.0011613902999495543
2024-04-12,-0.0021269624207141957,-0.0021269624207141957,0.0,-0.002145419049987855
2024-04-15,-0.0009367443213672555,-0.0009367443213672555,0.0,-0.000954796229199514
2024-04-16,-0.0018388172490149124,-0.0018388172490149124,0.0,-0.0018566907446757827
2024-04-17,-0.0012317176441560829,-0.0012317176441560829,0.0,-0.0012492402738037193
2024-04-18,0.0006061245084592048,0.0006061245084592048,0.0,0.0005888371935633236
2024-04-19,0.00010317717889685163,0.00010317717889685163,0.0,8.577413647224341e-05
2024-04-22,0.0010803324570844985,0.0010803324570844985,0.0,0.001063009275557973
2024-04-23,0.0011880786808271537,0.0011880786808271537,0.0,0.0011704499164505498
2024-04-24,0.0007622987913387114,0.0007622987913387114,0.0,0.0007444097141428979
2024-04-25,-0.00123059616162835,-0.00123059616162835,0.0,-0.0012486306059367807
2024-04-26,0.0024360242304060087,0.0024360242304060087,0.0,0.002418258583977409
2024-04-29,-0.0009201625940613578,-0.0009201625940613578,0.0,-0.0009383913398714755
2024-04-30,-0.00265043284410027,-0.00265043284410027,0.0,-0.00266848650167034
2024-05-01,-0.0014598056429174777,-0.0013352834920529189,0.24904430172941788,-0.0014329997548637068
2024-05-02,-0.0009640236628063459,-0.0009640236628063459,0.0,-0.0009370695215527899
2024-05-03,0.000642151814591374,0.000642151814591374,0.0,0.0006693329974114363
2024-05-06,0.0012276983776642325,0.0012276983776642325,0.0,0.00125472842146458
2024-05-07,0.00046150797452382264,0.00046150797452382264,0.0,0.0004882494174027845
2024-05-08,0.0002695217082888668,0.0002695217082888668,0.0,0.000296154712329386
2024-05-09,-0.00016044352224464653,-0.00016044352224464653,0.0,-0.00013387382966895256
2024-05-10,0.0006277582873985832,0.0006277582873985832,0.0,0.0006544163554287129
2024-05-13,-0.0007857868414659075,-0.0007857868414659075,0.0,-0.0007593268476304338
2024-05-14,0.000455172882018573,0.000455172882018573,0.0,0.00048176676676228063
2024-05-15,-0.0003414640484454834,-0.0003414640484454834,0.0,-0.0003149263189519033
2024-05-16,-0.000125039889867673,-0.000125039889867673,0.0,-9.842193295533813e-05
2024-05-17,0.0009664601713355037,0.0009664601713355037,0.0,0.0009931075102052119
2024-05-20,0.0009495860520931654,0.0009495860520931654,0.0,0.000976006510772823
2024-05-21,-0.0004089206543135271,-0.0004089206543135271,0.0,-0.000382722903080556
2024-05-22,-0.00047696971740507355,-0.00047696971740507355,0.0,-0.0004506760223341277
2024-05-23,-0.0002208802497458695,-0.0002208802497458695,0.0,-0.00019442429479203565
2024-05-24,0.0005019104618526615,0.0005019104618526615,0.0,0.0005284183762508377
2024-05-28,0.0013990008366950857,0.0013990008366950857,0.0,0.0014253907418733947
2024-05-29,-0.0003559257953373862,-0.0003559257953373862,0.0,-0.00032986436379032395
2024-05-30,-0.0012765310845841427,-0.0012765310845841427,0.0,-0.0012503860548988385
2024-05-31,-0.00030879932686278533,-0.00030879932686278533,0.0,-0.00028240436459134023
2024-06-03,-0.001144979727695783,-0.0010180023798180837,0.2539546957552123,-0.0011568815452904701
2024-06-04,-0.001540353248904336,-0.001540353248904336,0.0,-0.0015519573177205182
2024-06-05,0.002044033354163366,0.002044033354163366,0.0,0.0020327327854062394
2024-06-06,0.0007853186847104343,0.0007853186847104343,0.0,0.0007736161959485462
2024-06-07,-0.001260311590105312,-0.001260311590105312,0.0,-0.0012721909599246162
2024-06-10,0.0011872681811722074,0.0011872681811722074,0.0,0.001175659329850909
2024-06-11,-0.000495026213119365,-0.000495026213119365,0.0,-0.0005068683521834998
2024-06-12,0.00134257752103073,0.00134257752103073,0.0,0.0013308326984326072
2024-06-13,-0.0011622649180467182,-0.0011622649180467182,0.0,-0.0011742733220817347
2024-06-14,-0.0003884328798511305,-0.0003884328798511305,0.0,-0.0004002128367922428
2024-06-17,0.0010629410474398693,0.0010629410474398693,0.0,0.001051237467960311
2024-06-18,0.00048341843952925956,0.00048341843952925956,0.0,0.0004715287663541546
2024-06-20,0.00038297436098155835,0.00038297436098155835,0.0,0.0003709899609442303
2024-06-21,-0.0008944426089285695,-0.0008944426089285695,0.0,-0.0009064790107174753
2024-06-24,0.000160244889282124,0.000160244889282124,0.0,0.0001483608310052186
2024-06-25,-8.98557812003542e-05,-8.98557812003542e-05,0.0,-0.00010174851140094709
2024-06-26,0.00016801067128602298,0.00016801067128602298,0.0,0.00015611281684589526
2024-06-27,0.0005001876312467068,0.0005001876312467068,0.0,0.00048827961442818074
2024-06-28,0.00018277149575385288,0.00018277149575385288,0.0,0.00017078863099562696
2024-07-01,0.0010591708758249663,0.0011395603562438517,0.1607789608378589,0.001041740710471407
2024-07-02,0.0008541282957132967,0.0008541282957132967,0.0,0.0008366886622248251
2024-07-03,0.0008127324710218709,0.0008127324710218709,0.0,0.0007951302676182529
2024-07-05,0.0005025230140192072,0.0005025230140192072,0.0,0.00048480013232922144
2024-07-08,-0.00038281148750507477,-0.00038281148750507477,0.0,-0.00040062970859569205
2024-07-09,0.00025814037542470913,0.00025814037542470913,0.0,0.00024039480970227038
2024-07-10,0.001418994694874165,0.001418994694874165,0.0,0.0014012001482711005
2024-07-11,-0.0006310032551426481,-0.0006310032551426481,0.0,-0.0006489975914208682
2024-07-12,0.00011550133115156846,0.00011550133115156846,0.0,9.7626173009394e-05
2024-07-15,0.00012496115000759644,0.00012496115000759644,0.0,0.00010709853073835913
2024-07-16,0.0012384776339213754,0.0012384776339213754,0.0,0.0012205914640943604
2024-07-17,-0.002556672750153588,-0.002556672750153588,0.0,-0.0025747920385240544
2024-07-18,-0.0008040637214362656,-0.0008040637214362656,0.0,-0.0008217344509190364
2024-07-19,-0.0013430757719141706,-0.0013430757719141706,0.0,-0.0013605607255558793
2024-07-22,0.0015174405214151143,0.0015174405214151143,0.0,0.0015002427043658716
2024-07-23,-0.0005615510915906174,-0.0005615510915906174,0.0,-0.0005790012110019288
2024-07-24,-0.003179135529710053,-0.003179135529710053,0.0,-0.003196479958957937
2024-07-25,-0.0012217149412671047,-0.0012217149412671047,0.0,-0.0012384267888810808
2024-07-26,0.0012350515633474668,0.0012350515633474668,0.0,0.001218602104519208
2024-07-29,-0.00022945680923536216,-0.00022945680923536216,0.0,-0.00024610622778779373
2024-07-30,-0.000372852390921552,-0.000372852390921552,0.0,-0.00038942648163915175
2024-07-31,0.0018167239140387537,0.0018167239140387537,0.0,0.0018001876104165933
2024-08-01,-0.002413803829365291,-0.0022932376644740904,0.24113232978245452,-0.0024549732389183396
2024-08-02,-0.0030648381857756313,-0.0030648381857756313,0.0,-0.003105142120268872
2024-08-05,-0.004155280857429111,-0.004155280857429111,0.0,-0.004195407965435047
2024-08-06,0.0010008525976958893,0.0010008525976958893,0.0,0.0009614008574050927
2024-08-07,0.00010828335048640447,0.00010828335048640447,0.0,6.866910188104493e-05
2024-08-08,0.002485365881979895,0.002485365881979895,0.0,0.0024457340533237137
2024-08-09,0.0002337845784043946,0.0002337845784043946,0.0,0.00019375024525601986
2024-08-12,0.00020670305881331785,0.00020670305881331785,0.0,0.0001667883277105659
2024-08-13,0.0017936945724126296,0.0017936945724126296,0.0,0.0017538253050278709
2024-08-14,0.00030407000080212576,0.00030407000080212576,0.0,0.0002638332385956374
2024-08-15,0.002059799410452534,0.002059799410452534,0.0,0.002019354804023678
2024-08-16,0.0005042763553511076,0.0005042763553511076,0.0,0.0004635798051990247
2024-08-19,0.0007580815223420245,0.0007580815223420245,0.0,0.0007174644215814722
2024-08-20,-0.00045757345744323885,-0.00045757345744323885,0.0,-0.0004981508716201083
2024-08-21,0.0006853067564498438,0.0006853067564498438,0.0,0.0006449630550888364
2024-08-22,-0.0005952206006776262,-0.0005952206006776262,0.0,-0.0006358342624510384
2024-08-23,0.0014408995411767656,0.0014408995411767656,0.0,0.0014006219888854136
2024-08-26,-0.000443783990130453,-0.000443783990130453,0.0,-0.00048404709358170546
2024-08-27,6.804081615974233e-05,6.804081615974233e-05,0.0,2.784757576136778e-05
2024-08-28,-0.0001926849500731853,-0.0001926849500731853,0.0,-0.00023272743947240298
2024-08-29,0.0004880814736136774,0.0004880814736136774,0.0,0.00044790785992923334
2024-08-30,0.000929799164663514,0.000929799164663514,0.0,0.0008895487422685701
2024-09-03,-0.0022052936516891997,-0.002101649121292848,0.20728906079274179,-0.0022688089984731065
2024-09-04,0.0003833184428694292,0.0003833184428694292,0.0,0.0003200942631156
2024-09-05,0.000715661271917023,0.000715661271917023,0.0,0.0006526410426044061
2024-09-06,-0.0022093640310913987,-0.0022093640310913987,0.0,-0.0022723516196480093
2024-09-09,0.0018534521381003977,0.0018534521381003977,0.0,0.0017912669371125474
2024-09-10,0.0006083313684059899,0.0006083313684059899,0.0,0.0005464128867741305
2024-09-11,0.001042564722876449,0.001042564722876449,0.0,0.000980055554389215
2024-09-12,0.0010953405982194742,0.0010953405982194742,0.0,0.0010332068782608458
2024-09-13,0.0014913108653018536,0.0014913108653018536,0.0,0.001429933382944589
2024-09-16,0.0008461558722530071,0.0008461558722530071,0.0,0.0007849737455281986
2024-09-17,-0.00032708509651369067,-0.00032708509651369067,0.0,-0.000388374856214816
2024-09-18,-0.000686069600104644,-0.000686069600104644,0.0,-0.0007460283056861741
2024-09-19,0.0024618444707524834,0.0024618444707524834,0.0,0.0024024863223381064
2024-09-20,-0.00012144304005334838,-0.00012144304005334838,0.0,-0.00018045758275545234
2024-09-23,0.0004901529081124956,0.0004901529081124956,0.0,0.000431541331844996
2024-09-24,0.0013236680445292137,0.0013236680445292137,0.0,0.0012653856643690432
2024-09-25,-0.0008664498499596496,-0.0008664498499596496,0.0,-0.0009250211121708224
2024-09-26,0.0017672962246779722,0.0017672962246779722,0.0,0.0017089590091436458
2024-09-27,-0.0002883255970717036,-0.0002883255970717036,0.0,-0.0003468749272074732
2024-09-30,-0.0005181278529829969,-0.0005181278529829969,0.0,-0.0005769026330937809
2024-10-01,-0.00085782047991112,-0.0007283701026774558,0.25890075446729927,-0.0009516868469076476
2024-10-02,0.00016327614171118832,0.00016327614171118832,0.0,7.00083161689313e-05
